"fl_binary","pred","year","pred.bin"
0,0.230235576968746,2014,0
0,0.225920444212577,2014,0
0,0.185422051714469,2014,0
0,0.0720670791877662,2014,0
0,0.115519205924699,2014,0
0,0.16414946221302,2014,0
0,0.0650975623734046,2014,0
0,0.0692707202499125,2014,0
0,0.183948684466274,2014,0
0,0.148445223800931,2014,0
0,0.183948684466274,2014,0
0,0.183948684466274,2014,0
0,0.148445223800931,2014,0
0,0.183948684466274,2014,0
0,0.0554946261187944,2014,0
0,0.125484967585477,2014,0
0,0.0641257417808002,2014,0
0,0.15641668373504,2014,0
0,0.182166122925369,2014,0
0,0.174228277488881,2014,0
0,0.054754666074865,2014,0
0,0.054754666074865,2014,0
0,0.165970172283809,2014,0
0,0.0504934912001884,2014,0
0,0.0589711102783826,2014,0
0,0.0443049058439972,2014,0
0,0.136255885596827,2014,0
0,0.0404306945260249,2014,0
0,0.0803427795627762,2014,0
0,0.0409052762630497,2014,0
0,0.118513896614908,2014,0
0,0.118513896614908,2014,0
0,0.119736219688543,2014,0
0,0.0385971711123376,2014,0
0,0.0365834215491045,2014,0
0,0.0393755866929416,2014,0
0,0.045413134637788,2014,0
0,0.0472798196060001,2014,0
0,0.0668007088256163,2014,0
0,0.0430859975313417,2014,0
0,0.0454046845505918,2014,0
0,0.0454046845505918,2014,0
0,0.132233613930037,2014,0
0,0.0409433910802823,2014,0
0,0.0428879981926231,2014,0
0,0.0434229212831518,2014,0
0,0.0756868478907301,2014,0
0,0.0462270338084828,2014,0
0,0.0832317596685472,2014,0
0,0.0497211944931448,2014,0
0,0.1801278423483,2014,0
0,0.0542077194315497,2014,0
0,0.0526464992459967,2014,0
0,0.0602154239486631,2014,0
0,0.0746312638998761,2014,0
0,0.15790220286588,2014,0
0,0.0675405481121516,2014,0
0,0.0675405481121516,2014,0
0,0.0717072995483674,2014,0
0,0.254309652978234,2014,0
0,0.0795267182771779,2014,0
0,0.0705024688817514,2014,0
0,0.0683200381194991,2014,0
0,0.0683200381194991,2014,0
0,0.0683200381194991,2014,0
0,0.153838668112921,2014,0
0,0.186262373714061,2014,0
0,0.233401526007273,2014,0
0,0.0627840368545582,2014,0
0,0.128250709896023,2014,0
0,0.0544362934349044,2014,0
0,0.0571370275596343,2014,0
0,0.046707247713803,2014,0
0,0.046707247713803,2014,0
0,0.046707247713803,2014,0
0,0.108744001453895,2014,0
0,0.158645823427169,2014,0
0,0.150597968311606,2014,0
0,0.0415303415478953,2014,0
0,0.0363490456705236,2014,0
0,0.0364961688458855,2014,0
0,0.0310450333442385,2014,0
0,0.0310450333442385,2014,0
0,0.112020651106076,2014,0
0,0.0931988764985856,2014,0
0,0.0306526776406546,2014,0
0,0.0306634315335002,2014,0
0,0.0306634315335002,2014,0
0,0.10221879613893,2014,0
0,0.0855376035865915,2014,0
0,0.0360757193835716,2014,0
0,0.0360757193835716,2014,0
0,0.0867727326392992,2014,0
0,0.0340256884549163,2014,0
0,0.0348485022192181,2014,0
0,0.0348485022192181,2014,0
0,0.0879468188048018,2014,0
0,0.0412184858002756,2014,0
0,0.028686907929158,2014,0
0,0.0553910474780155,2014,0
0,0.0249093739831981,2014,0
0,0.0249093739831981,2014,0
0,0.0248998349130287,2014,0
0,0.0830493866980847,2014,0
0,0.03748696295384,2014,0
0,0.0163177107205462,2014,0
0,0.0163177107205462,2014,0
0,0.0163177107205462,2014,0
0,0.0163177107205462,2014,0
0,0.0163177107205462,2014,0
0,0.0163177107205462,2014,0
0,0.0163177107205462,2014,0
0,0.0163177107205462,2014,0
0,0.0163177107205462,2014,0
0,0.0209763203300011,2014,0
0,0.0528966770672062,2014,0
0,0.020462982320187,2014,0
0,0.020462982320187,2014,0
0,0.018136156061195,2014,0
0,0.0372258365347421,2014,0
0,0.0198268582825072,2014,0
0,0.0198268582825072,2014,0
0,0.0198268582825072,2014,0
0,0.0198268582825072,2014,0
0,0.0198268582825072,2014,0
0,0.0198268582825072,2014,0
0,0.0198268582825072,2014,0
0,0.0198268582825072,2014,0
0,0.0198268582825072,2014,0
0,0.0198268582825072,2014,0
0,0.0198268582825072,2014,0
0,0.0198268582825072,2014,0
0,0.0198268582825072,2014,0
0,0.0198268582825072,2014,0
0,0.0198268582825072,2014,0
0,0.0198268582825072,2014,0
0,0.0198268582825072,2014,0
0,0.0198268582825072,2014,0
0,0.0198268582825072,2014,0
0,0.0198268582825072,2014,0
0,0.0230440900273626,2014,0
0,0.0488101782463888,2014,0
0,0.0204048781665483,2014,0
0,0.0204048781665483,2014,0
0,0.0309080821639586,2014,0
0,0.0188070232706897,2014,0
0,0.0188070232706897,2014,0
0,0.0188070232706897,2014,0
0,0.0188070232706897,2014,0
0,0.0188070232706897,2014,0
0,0.0188070232706897,2014,0
0,0.0188070232706897,2014,0
0,0.0188070232706897,2014,0
0,0.0188070232706897,2014,0
0,0.0188070232706897,2014,0
0,0.0188070232706897,2014,0
0,0.0188070232706897,2014,0
0,0.0188070232706897,2014,0
0,0.0188070232706897,2014,0
0,0.0188070232706897,2014,0
0,0.0188070232706897,2014,0
0,0.0188070232706897,2014,0
0,0.0188070232706897,2014,0
0,0.01689128498211,2014,0
0,0.0180437636521043,2014,0
0,0.0403881064732443,2014,0
0,0.0156692234813411,2014,0
0,0.0134599764919728,2014,0
0,0.0273896950518713,2014,0
0,0.0147952779912207,2014,0
0,0.0147952779912207,2014,0
0,0.0147952779912207,2014,0
0,0.0147952779912207,2014,0
0,0.0147952779912207,2014,0
0,0.0147952779912207,2014,0
0,0.0147952779912207,2014,0
0,0.0147952779912207,2014,0
0,0.0147952779912207,2014,0
0,0.0147952779912207,2014,0
0,0.0147952779912207,2014,0
0,0.0147952779912207,2014,0
0,0.0147952779912207,2014,0
0,0.0147952779912207,2014,0
0,0.0147952779912207,2014,0
0,0.0147952779912207,2014,0
0,0.0147952779912207,2014,0
0,0.0147952779912207,2014,0
0,0.0171815673627864,2014,0
0,0.0389110862622367,2014,0
0,0.0154237255974428,2014,0
0,0.0154237255974428,2014,0
0,0.0147926700855633,2014,0
0,0.0147926700855633,2014,0
0,0.0147926700855633,2014,0
0,0.0312585567153956,2014,0
0,0.0173964132422978,2014,0
0,0.0173964132422978,2014,0
0,0.0173964132422978,2014,0
0,0.0173964132422978,2014,0
0,0.0173964132422978,2014,0
0,0.0173964132422978,2014,0
0,0.0173964132422978,2014,0
0,0.0173964132422978,2014,0
0,0.0173964132422978,2014,0
0,0.0173964132422978,2014,0
0,0.0173964132422978,2014,0
0,0.0173964132422978,2014,0
0,0.0173964132422978,2014,0
0,0.0173964132422978,2014,0
0,0.0173964132422978,2014,0
0,0.0173964132422978,2014,0
0,0.0173964132422978,2014,0
0,0.0173964132422978,2014,0
0,0.0173964132422978,2014,0
0,0.0173964132422978,2014,0
0,0.0167216563993242,2014,0
0,0.0414559389647563,2014,0
0,0.0149642894933566,2014,0
0,0.0149642894933566,2014,0
0,0.0150735590350559,2014,0
0,0.0150735590350559,2014,0
0,0.0198499872437064,2014,0
0,0.0351642234374672,2014,0
0,0.0197736530504052,2014,0
0,0.0197736530504052,2014,0
0,0.0197736530504052,2014,0
0,0.0197736530504052,2014,0
0,0.0197736530504052,2014,0
0,0.0197736530504052,2014,0
0,0.0197736530504052,2014,0
0,0.0197736530504052,2014,0
0,0.0197736530504052,2014,0
0,0.0197736530504052,2014,0
0,0.0197736530504052,2014,0
0,0.0197736530504052,2014,0
0,0.0197736530504052,2014,0
0,0.0197736530504052,2014,0
0,0.0197736530504052,2014,0
0,0.0197736530504052,2014,0
0,0.0197736530504052,2014,0
0,0.0197736530504052,2014,0
0,0.0197736530504052,2014,0
0,0.0197736530504052,2014,0
0,0.0161931573588826,2014,0
0,0.0376085889747885,2014,0
0,0.0142379996557163,2014,0
0,0.0142379996557163,2014,0
0,0.015932862894853,2014,0
0,0.0192122079559953,2014,0
0,0.0387515121813158,2014,0
0,0.0217025158663731,2014,0
0,0.0217025158663731,2014,0
0,0.0217025158663731,2014,0
0,0.0217025158663731,2014,0
0,0.0217025158663731,2014,0
0,0.0217025158663731,2014,0
0,0.0217025158663731,2014,0
0,0.0217025158663731,2014,0
0,0.0217025158663731,2014,0
0,0.0217025158663731,2014,0
0,0.0217025158663731,2014,0
0,0.0217025158663731,2014,0
0,0.0217025158663731,2014,0
0,0.0217025158663731,2014,0
0,0.0217025158663731,2014,0
0,0.0217025158663731,2014,0
0,0.0217025158663731,2014,0
0,0.0217025158663731,2014,0
0,0.0217025158663731,2014,0
0,0.0217025158663731,2014,0
0,0.0160957533433624,2014,0
0,0.0152820672451589,2014,0
0,0.0353861257434989,2014,0
0,0.0129581668570163,2014,0
0,0.0129581668570163,2014,0
0,0.0164704843478052,2014,0
0,0.0164704843478052,2014,0
0,0.0202107124091859,2014,0
0,0.0170406295152745,2014,0
0,0.032262560152179,2014,0
0,0.0194952723172377,2014,0
0,0.0194952723172377,2014,0
0,0.0194952723172377,2014,0
0,0.0194952723172377,2014,0
0,0.0194952723172377,2014,0
0,0.0194952723172377,2014,0
0,0.0194952723172377,2014,0
0,0.0194952723172377,2014,0
0,0.0194952723172377,2014,0
0,0.0194952723172377,2014,0
0,0.0194952723172377,2014,0
0,0.0194952723172377,2014,0
0,0.0194952723172377,2014,0
0,0.0194952723172377,2014,0
0,0.0194952723172377,2014,0
0,0.0194952723172377,2014,0
0,0.0194952723172377,2014,0
0,0.0194952723172377,2014,0
0,0.0194952723172377,2014,0
0,0.0194952723172377,2014,0
0,0.0126255381024886,2014,0
0,0.0332137115412852,2014,0
0,0.0114271586979871,2014,0
0,0.0114271586979871,2014,0
0,0.0114271586979871,2014,0
0,0.0145735788247094,2014,0
0,0.0145735788247094,2014,0
0,0.0267852337834944,2014,0
0,0.0161104060024257,2014,0
0,0.0161104060024257,2014,0
0,0.0161104060024257,2014,0
0,0.0161104060024257,2014,0
0,0.0161104060024257,2014,0
0,0.0161104060024257,2014,0
0,0.0161104060024257,2014,0
0,0.0161104060024257,2014,0
0,0.0161104060024257,2014,0
0,0.0161104060024257,2014,0
0,0.0161104060024257,2014,0
0,0.0161104060024257,2014,0
0,0.0161104060024257,2014,0
0,0.0161104060024257,2014,0
0,0.0161104060024257,2014,0
0,0.0161104060024257,2014,0
0,0.0161104060024257,2014,0
0,0.0161104060024257,2014,0
0,0.0161104060024257,2014,0
0,0.0161104060024257,2014,0
0,0.0146075779944698,2014,0
0,0.0665444496738661,2014,0
0,0.0143287102714623,2014,0
0,0.0137328660452217,2014,0
0,0.0364248551284375,2014,0
0,0.0146767106277945,2014,0
0,0.0146767106277945,2014,0
0,0.0150494924741987,2014,0
0,0.0131246452707147,2014,0
0,0.0131246452707147,2014,0
0,0.0131246452707147,2014,0
0,0.0150133837926327,2014,0
0,0.0150133837926327,2014,0
0,0.0149857539634208,2014,0
0,0.0298349708242298,2014,0
0,0.0150362349338876,2014,0
0,0.0150362349338876,2014,0
0,0.0150362349338876,2014,0
0,0.0150362349338876,2014,0
0,0.0150362349338876,2014,0
0,0.0150362349338876,2014,0
0,0.0150362349338876,2014,0
0,0.0150362349338876,2014,0
0,0.0150362349338876,2014,0
0,0.0150362349338876,2014,0
0,0.0150362349338876,2014,0
0,0.0150362349338876,2014,0
0,0.0150362349338876,2014,0
0,0.0150362349338876,2014,0
0,0.0150362349338876,2014,0
0,0.0150362349338876,2014,0
0,0.0150362349338876,2014,0
0,0.0150362349338876,2014,0
0,0.0150362349338876,2014,0
0,0.0150362349338876,2014,0
0,0.0152220863997961,2014,0
0,0.0732505113922295,2014,0
0,0.0156576311778756,2014,0
0,0.0217314168759847,2014,0
0,0.0162878073177378,2014,0
0,0.0147761647680633,2014,0
0,0.0400055043868807,2014,0
0,0.0166237584217798,2014,0
0,0.0166237584217798,2014,0
0,0.0166690589909419,2014,0
0,0.0139792124810036,2014,0
0,0.0139792124810036,2014,0
0,0.0139792124810036,2014,0
0,0.0164875848198162,2014,0
0,0.0281005940813782,2014,0
0,0.036384656572985,2014,0
0,0.0181145394020547,2014,0
0,0.0181145394020547,2014,0
0,0.0181145394020547,2014,0
0,0.0181145394020547,2014,0
0,0.0181145394020547,2014,0
0,0.0181145394020547,2014,0
0,0.0181145394020547,2014,0
0,0.0181145394020547,2014,0
0,0.0181145394020547,2014,0
0,0.0181145394020547,2014,0
0,0.0181145394020547,2014,0
0,0.0181145394020547,2014,0
0,0.0181145394020547,2014,0
0,0.0181145394020547,2014,0
0,0.0181145394020547,2014,0
0,0.0181145394020547,2014,0
0,0.0181145394020547,2014,0
0,0.0181145394020547,2014,0
0,0.0800203416057831,2014,0
0,0.024498446361623,2014,0
0,0.0175388621254481,2014,0
0,0.016432627265681,2014,0
0,0.0407923570221695,2014,0
0,0.0176135812501645,2014,0
0,0.0176135812501645,2014,0
0,0.0179898072997887,2014,0
0,0.0179898072997887,2014,0
0,0.0179898072997887,2014,0
0,0.0146516253642768,2014,0
0,0.0146516253642768,2014,0
0,0.0182163851105813,2014,0
0,0.0182163851105813,2014,0
0,0.0377179080829065,2014,0
0,0.0392469547329759,2014,0
0,0.022632856323316,2014,0
0,0.022632856323316,2014,0
0,0.022632856323316,2014,0
0,0.022632856323316,2014,0
0,0.022632856323316,2014,0
0,0.022632856323316,2014,0
0,0.022632856323316,2014,0
0,0.022632856323316,2014,0
0,0.022632856323316,2014,0
0,0.022632856323316,2014,0
0,0.022632856323316,2014,0
0,0.022632856323316,2014,0
0,0.022632856323316,2014,0
0,0.022632856323316,2014,0
0,0.022632856323316,2014,0
0,0.022632856323316,2014,0
0,0.022632856323316,2014,0
0,0.022632856323316,2014,0
0,0.0186444967676021,2014,0
0,0.0794683584591862,2014,0
0,0.0239829071043078,2014,0
0,0.0192365482648817,2014,0
0,0.0192365482648817,2014,0
0,0.0164204057828671,2014,0
0,0.0447069276073938,2014,0
0,0.040730888765671,2014,0
0,0.0447069276073938,2014,0
0,0.0188336498612116,2014,0
0,0.0188336498612116,2014,0
0,0.0188527548909043,2014,0
0,0.0142710214377595,2014,0
0,0.0142710214377595,2014,0
0,0.0187920506947789,2014,0
0,0.0906404789176572,2014,0
0,0.0394664526442527,2014,0
0,0.0222286743766222,2014,0
0,0.0222286743766222,2014,0
0,0.0222286743766222,2014,0
0,0.0222286743766222,2014,0
0,0.0222286743766222,2014,0
0,0.0222286743766222,2014,0
0,0.0222286743766222,2014,0
0,0.0222286743766222,2014,0
0,0.0192627927926566,2014,0
0,0.0192627927926566,2014,0
0,0.0233496388829679,2014,0
0,0.0189756099373855,2014,0
0,0.0156492434452496,2014,0
0,0.0448115044198593,2014,0
0,0.0448115044198593,2014,0
0,0.0418271778755231,2014,0
0,0.0190207496512041,2014,0
0,0.0190207496512041,2014,0
0,0.0146040931754615,2014,0
0,0.0146040931754615,2014,0
0,0.0157794666547186,2014,0
0,0.0157794666547186,2014,0
0,0.0157794666547186,2014,0
0,0.0157794666547186,2014,0
0,0.0200604661582109,2014,0
0,0.0134456966485451,2014,0
0,0.0134456966485451,2014,0
0,0.0134456966485451,2014,0
0,0.0224843429789268,2014,0
0,0.0224843429789268,2014,0
0,0.0224843429789268,2014,0
0,0.0224843429789268,2014,0
0,0.0224843429789268,2014,0
0,0.0208542287423936,2014,0
0,0.0208542287423936,2014,0
0,0.0208542287423936,2014,0
0,0.0983164272255381,2014,0
0,0.0983164272255381,2014,0
0,0.0459226575133516,2014,0
0,0.0960668952587724,2014,0
0,0.0226555775746301,2014,0
0,0.0226555775746301,2014,0
0,0.0226555775746301,2014,0
0,0.0226555775746301,2014,0
0,0.0226555775746301,2014,0
0,0.0226555775746301,2014,0
0,0.0226555775746301,2014,0
0,0.0213381536015791,2014,0
0,0.0212801086378331,2014,0
0,0.0212801086378331,2014,0
0,0.0320225445396345,2014,0
0,0.102956402595186,2014,0
0,0.102956402595186,2014,0
0,0.0189050252193364,2014,0
0,0.0189050252193364,2014,0
0,0.0517978853727997,2014,0
0,0.0517978853727997,2014,0
0,0.0430937343520286,2014,0
0,0.0212409753255952,2014,0
0,0.0212409753255952,2014,0
0,0.0215344545210966,2014,0
0,0.0183046636945198,2014,0
0,0.0183046636945198,2014,0
0,0.0182338256090108,2014,0
0,0.0182338256090108,2014,0
0,0.0182338256090108,2014,0
0,0.0182338256090108,2014,0
0,0.0219382093373104,2014,0
0,0.0162320822142803,2014,0
0,0.0162320822142803,2014,0
0,0.0162320822142803,2014,0
0,0.045466376736728,2014,0
0,0.0239041123847376,2014,0
0,0.0239041123847376,2014,0
0,0.0227351552820994,2014,0
0,0.0227351552820994,2014,0
0,0.0562066257229719,2014,0
0,0.118761396886588,2014,0
0,0.0244526515073478,2014,0
0,0.0244526515073478,2014,0
0,0.0244526515073478,2014,0
0,0.0244526515073478,2014,0
0,0.0244526515073478,2014,0
0,0.0244526515073478,2014,0
0,0.0244526515073478,2014,0
0,0.0244526515073478,2014,0
0,0.0244526515073478,2014,0
0,0.0244526515073478,2014,0
0,0.0244526515073478,2014,0
0,0.0244526515073478,2014,0
0,0.0244526515073478,2014,0
0,0.023122109929125,2014,0
0,0.0232486180818656,2014,0
0,0.0232486180818656,2014,0
0,0.0392799981726269,2014,0
0,0.0237048536514863,2014,0
0,0.11725318554898,2014,0
0,0.11725318554898,2014,0
0,0.021723488707371,2014,0
0,0.021723488707371,2014,0
0,0.0567162727318876,2014,0
0,0.0546585401523295,2014,0
0,0.0567162727318876,2014,0
0,0.0241471605274466,2014,0
0,0.0241471605274466,2014,0
0,0.0252950305080792,2014,0
0,0.0211487056368518,2014,0
0,0.0211487056368518,2014,0
0,0.0194377617707003,2014,0
0,0.0194377617707003,2014,0
0,0.0194377617707003,2014,0
0,0.0250341763231168,2014,0
0,0.0179020444382915,2014,0
0,0.0179020444382915,2014,0
0,0.0179020444382915,2014,0
0,0.051232884915582,2014,0
0,0.0279737668630735,2014,0
0,0.0250512236897553,2014,0
0,0.0250512236897553,2014,0
0,0.0250512236897553,2014,0
0,0.0499308730367678,2014,0
0,0.0582908708264425,2014,0
0,0.123221090396121,2014,0
0,0.0282510550467271,2014,0
0,0.0282510550467271,2014,0
0,0.0282510550467271,2014,0
0,0.0282510550467271,2014,0
0,0.0282510550467271,2014,0
0,0.0282510550467271,2014,0
0,0.0282510550467271,2014,0
0,0.0282510550467271,2014,0
0,0.0282510550467271,2014,0
0,0.0282510550467271,2014,0
0,0.0282510550467271,2014,0
0,0.0282510550467271,2014,0
0,0.0282510550467271,2014,0
0,0.0282510550467271,2014,0
0,0.025175466180292,2014,0
0,0.0254523060473646,2014,0
0,0.0254523060473646,2014,0
0,0.03807099588977,2014,0
0,0.123772393854103,2014,0
0,0.0223205662293838,2014,0
0,0.0223205662293838,2014,0
0,0.0580222284435723,2014,0
0,0.0580222284435723,2014,0
0,0.0548968652703087,2014,0
0,0.0262855793353043,2014,0
0,0.0262855793353043,2014,0
0,0.0265347616988762,2014,0
0,0.0265347616988762,2014,0
0,0.020693584409537,2014,0
0,0.0198916299839118,2014,0
0,0.0198916299839118,2014,0
0,0.0198916299839118,2014,0
0,0.0265161559193986,2014,0
0,0.0265161559193986,2014,0
0,0.0203080689057163,2014,0
0,0.0158149587427923,2014,0
0,0.0158149587427923,2014,0
0,0.0445561000718256,2014,0
0,0.0293469151270131,2014,0
0,0.0293469151270131,2014,0
0,0.0542624006942553,2014,0
0,0.0275331254168491,2014,0
0,0.0275331254168491,2014,0
0,0.0275331254168491,2014,0
0,0.0275331254168491,2014,0
0,0.0275331254168491,2014,0
0,0.0275331254168491,2014,0
0,0.0275331254168491,2014,0
0,0.0275331254168491,2014,0
0,0.0275331254168491,2014,0
0,0.0275331254168491,2014,0
0,0.0275331254168491,2014,0
0,0.0275331254168491,2014,0
0,0.0275331254168491,2014,0
0,0.0275331254168491,2014,0
0,0.0251669907038753,2014,0
0,0.0251669907038753,2014,0
0,0.0476195103245723,2014,0
0,0.0362827543076401,2014,0
0,0.119689252004196,2014,0
0,0.0216605870333172,2014,0
0,0.0547637791306758,2014,0
0,0.0573469687713443,2014,0
0,0.0573469687713443,2014,0
0,0.0256160493946184,2014,0
0,0.0256160493946184,2014,0
0,0.0256160493946184,2014,0
0,0.0254573411984496,2014,0
0,0.0200054602489919,2014,0
0,0.0200054602489919,2014,0
0,0.0199795461177703,2014,0
0,0.0199795461177703,2014,0
0,0.0199795461177703,2014,0
0,0.0199795461177703,2014,0
0,0.0196243541807353,2014,0
0,0.0153925891728659,2014,0
0,0.0153925891728659,2014,0
0,0.0285136011951121,2014,0
0,0.0285136011951121,2014,0
0,0.0285136011951121,2014,0
0,0.0285136011951121,2014,0
0,0.0285136011951121,2014,0
0,0.0257189737245138,2014,0
0,0.0257189737245138,2014,0
0,0.027481085721783,2014,0
0,0.027481085721783,2014,0
0,0.027481085721783,2014,0
0,0.027481085721783,2014,0
0,0.027481085721783,2014,0
0,0.027481085721783,2014,0
0,0.027481085721783,2014,0
0,0.027481085721783,2014,0
0,0.027481085721783,2014,0
0,0.027481085721783,2014,0
0,0.027481085721783,2014,0
0,0.027481085721783,2014,0
0,0.0257293527348743,2014,0
0,0.0257293527348743,2014,0
0,0.0504236571898327,2014,0
0,0.0387176008590018,2014,0
0,0.02561830119855,2014,0
0,0.0221489975394496,2014,0
0,0.0582299166535214,2014,0
0,0.056606496952067,2014,0
0,0.0582299166535214,2014,0
0,0.121459042240152,2014,0
0,0.0256313548095423,2014,0
0,0.0256313548095423,2014,0
0,0.0256313548095423,2014,0
0,0.0252615012257521,2014,0
0,0.0252615012257521,2014,0
0,0.0208991848292074,2014,0
0,0.0208991848292074,2014,0
0,0.0208991848292074,2014,0
0,0.0210246762120659,2014,0
0,0.0210246762120659,2014,0
0,0.0210246762120659,2014,0
0,0.0253788764248284,2014,0
0,0.018102730230721,2014,0
0,0.018102730230721,2014,0
0,0.018102730230721,2014,0
0,0.0269720383584008,2014,0
0,0.0269720383584008,2014,0
0,0.0269720383584008,2014,0
0,0.0269720383584008,2014,0
0,0.0269720383584008,2014,0
0,0.0269720383584008,2014,0
0,0.0269720383584008,2014,0
0,0.026070498381633,2014,0
0,0.0290688162756081,2014,0
0,0.0290688162756081,2014,0
0,0.0290688162756081,2014,0
0,0.0274410559750834,2014,0
0,0.0274410559750834,2014,0
0,0.0413247424914966,2014,0
0,0.0272159349262866,2014,0
0,0.0619105988495676,2014,0
0,0.0619105988495676,2014,0
0,0.0601289554326373,2014,0
0,0.13165144620926,2014,0
0,0.0269955527620036,2014,0
0,0.0269955527620036,2014,0
0,0.0269971388159827,2014,0
0,0.0269971388159827,2014,0
0,0.022983801363941,2014,0
0,0.022983801363941,2014,0
0,0.022983801363941,2014,0
0,0.0228147134861797,2014,0
0,0.0228147134861797,2014,0
0,0.0228147134861797,2014,0
0,0.0228147134861797,2014,0
0,0.0268147621449424,2014,0
0,0.0223270121895833,2014,0
0,0.0223270121895833,2014,0
0,0.0223270121895833,2014,0
0,0.0287293559503378,2014,0
0,0.0287293559503378,2014,0
0,0.0287293559503378,2014,0
0,0.0287293559503378,2014,0
0,0.0287293559503378,2014,0
0,0.0287293559503378,2014,0
0,0.0287293559503378,2014,0
0,0.0287293559503378,2014,0
0,0.0287293559503378,2014,0
0,0.0287293559503378,2014,0
0,0.0287293559503378,2014,0
0,0.0287293559503378,2014,0
0,0.0287293559503378,2014,0
0,0.0287293559503378,2014,0
0,0.0287293559503378,2014,0
0,0.0287293559503378,2014,0
0,0.0621933479688928,2014,0
0,0.0291674122408793,2014,0
0,0.0256955724420657,2014,0
0,0.0342332386873201,2014,0
0,0.0264711901672978,2014,0
0,0.06454893567884,2014,0
0,0.0622020237194644,2014,0
0,0.06454893567884,2014,0
0,0.110848146978734,2014,0
0,0.0264299460857733,2014,0
0,0.0264299460857733,2014,0
0,0.0268884492390971,2014,0
0,0.0268884492390971,2014,0
0,0.0231461225722919,2014,0
0,0.0231461225722919,2014,0
0,0.0231461225722919,2014,0
0,0.0225456365901445,2014,0
0,0.0225456365901445,2014,0
0,0.0225456365901445,2014,0
0,0.0225456365901445,2014,0
0,0.027430881067969,2014,0
0,0.0208139570182754,2014,0
0,0.0208139570182754,2014,0
0,0.0208139570182754,2014,0
0,0.0323035717078665,2014,0
0,0.0323035717078665,2014,0
0,0.0323035717078665,2014,0
0,0.0323035717078665,2014,0
0,0.0323035717078665,2014,0
0,0.0323035717078665,2014,0
0,0.0323035717078665,2014,0
0,0.0323035717078665,2014,0
0,0.0323035717078665,2014,0
0,0.0323035717078665,2014,0
0,0.0323035717078665,2014,0
0,0.0323035717078665,2014,0
0,0.0577153681852527,2014,0
0,0.0312191769521177,2014,0
0,0.0330555634866183,2014,0
0,0.0665969957456605,2014,0
0,0.0701025664920978,2014,0
0,0.0701025664920978,2014,0
0,0.105820653392684,2014,0
0,0.0271261676911856,2014,0
0,0.0271261676911856,2014,0
0,0.0215187336215984,2014,0
0,0.0215187336215984,2014,0
0,0.0168433750052347,2014,0
0,0.0168433750052347,2014,0
0,0.0168433750052347,2014,0
0,0.0266539864241768,2014,0
0,0.0266539864241768,2014,0
0,0.0266539864241768,2014,0
0,0.0266539864241768,2014,0
0,0.0266539864241768,2014,0
0,0.0266539864241768,2014,0
0,0.0266539864241768,2014,0
0,0.0266539864241768,2014,0
0,0.0266539864241768,2014,0
0,0.0270022038873829,2014,0
0,0.0270022038873829,2014,0
0,0.0270022038873829,2014,0
0,0.0270022038873829,2014,0
0,0.0270022038873829,2014,0
0,0.0376828079861645,2014,0
0,0.0265954369912225,2014,0
0,0.0219168928522745,2014,0
0,0.0626617034391845,2014,0
0,0.0626617034391845,2014,0
0,0.0626617034391845,2014,0
0,0.069330879866229,2014,0
0,0.0669375376525106,2014,0
0,0.069330879866229,2014,0
0,0.120179560280183,2014,0
0,0.0276367189859045,2014,0
0,0.0276367189859045,2014,0
0,0.020719922409814,2014,0
0,0.020719922409814,2014,0
0,0.020719922409814,2014,0
0,0.0282285857358797,2014,0
0,0.0282285857358797,2014,0
0,0.0282285857358797,2014,0
0,0.0213594300695992,2014,0
0,0.0213594300695992,2014,0
0,0.0285976855576248,2014,0
0,0.0285976855576248,2014,0
0,0.0316638885852812,2014,0
0,0.0316638885852812,2014,0
0,0.0316638885852812,2014,0
0,0.0316638885852812,2014,0
0,0.0316638885852812,2014,0
0,0.0316638885852812,2014,0
0,0.0316638885852812,2014,0
0,0.0289251894357227,2014,0
0,0.0517874079061825,2014,0
0,0.0521134950546702,2014,0
0,0.0453952363197873,2014,0
0,0.0338262858443108,2014,0
0,0.0338262858443108,2014,0
0,0.0338262858443108,2014,0
0,0.0338262858443108,2014,0
0,0.0338262858443108,2014,0
0,0.0338262858443108,2014,0
0,0.0338262858443108,2014,0
0,0.0338262858443108,2014,0
0,0.0338262858443108,2014,0
0,0.0338262858443108,2014,0
0,0.0300040544106128,2014,0
0,0.0408165969618018,2014,0
0,0.0308199084096641,2014,0
0,0.0247652885950685,2014,0
0,0.0247652885950685,2014,0
0,0.0692468378507745,2014,0
0,0.0692468378507745,2014,0
0,0.0712955723270493,2014,0
0,0.0673524675372376,2014,0
0,0.0712955723270493,2014,0
0,0.134409027752879,2014,0
0,0.0311754563880071,2014,0
0,0.0233765813512316,2014,0
0,0.0233765813512316,2014,0
0,0.0233765813512316,2014,0
0,0.0320350358381743,2014,0
0,0.0320350358381743,2014,0
0,0.0232222834884669,2014,0
0,0.0232222834884669,2014,0
0,0.033610107239069,2014,0
0,0.033610107239069,2014,0
0,0.0422017268252484,2014,0
0,0.0422017268252484,2014,0
0,0.0422017268252484,2014,0
0,0.0422017268252484,2014,0
0,0.0422017268252484,2014,0
0,0.0422017268252484,2014,0
0,0.0341477985917741,2014,0
0,0.0341477985917741,2014,0
0,0.058718224176573,2014,0
0,0.0552393518694738,2014,0
0,0.0475515991898698,2014,0
0,0.0653767522461114,2014,0
0,0.0440316907446071,2014,0
0,0.0440316907446071,2014,0
0,0.0440316907446071,2014,0
0,0.0440316907446071,2014,0
0,0.0440316907446071,2014,0
0,0.0440316907446071,2014,0
0,0.0440316907446071,2014,0
0,0.0440316907446071,2014,0
0,0.0440316907446071,2014,0
0,0.034389994220286,2014,0
0,0.0401901294275744,2014,0
0,0.034041207991119,2014,0
0,0.0269690364239355,2014,0
0,0.0269690364239355,2014,0
0,0.0711635991704886,2014,0
0,0.0711635991704886,2014,0
0,0.0677658971489893,2014,0
0,0.0747791577428757,2014,0
0,0.0747791577428757,2014,0
0,0.137287516964187,2014,0
0,0.0328385565005834,2014,0
0,0.0328385565005834,2014,0
0,0.0252456147083957,2014,0
0,0.0252456147083957,2014,0
0,0.0252456147083957,2014,0
0,0.0316173090300551,2014,0
0,0.0316173090300551,2014,0
0,0.0244591654634621,2014,0
0,0.0244591654634621,2014,0
0,0.0244591654634621,2014,0
0,0.0246309782581627,2014,0
0,0.0302854357623112,2014,0
0,0.0306230816706958,2014,0
0,0.0306230816706958,2014,0
0,0.0237353993622726,2014,0
0,0.0390282349274835,2014,0
0,0.0390282349274835,2014,0
0,0.0390282349274835,2014,0
0,0.0390282349274835,2014,0
0,0.0390282349274835,2014,0
0,0.0390282349274835,2014,0
0,0.0299104295089598,2014,0
0,0.053230299747029,2014,0
0,0.0554900127239933,2014,0
0,0.0451007181719222,2014,0
0,0.0577371038358072,2014,0
0,0.0376435818364053,2014,0
0,0.0376435818364053,2014,0
0,0.0376435818364053,2014,0
0,0.0376435818364053,2014,0
0,0.0376435818364053,2014,0
0,0.0376435818364053,2014,0
0,0.0376435818364053,2014,0
0,0.028934228219434,2014,0
0,0.0322722752543654,2014,0
0,0.0288910513849648,2014,0
0,0.0247242224282886,2014,0
0,0.0247242224282886,2014,0
0,0.0655652383357545,2014,0
0,0.10979250189895,2014,0
0,0.0292425770808645,2014,0
0,0.0288346689734067,2014,0
0,0.0238362576775193,2014,0
0,0.0238362576775193,2014,0
0,0.0238362576775193,2014,0
0,0.0225335471519643,2014,0
0,0.0394959791786821,2014,0
0,0.0394959791786821,2014,0
0,0.0394959791786821,2014,0
0,0.0394959791786821,2014,0
0,0.0394959791786821,2014,0
0,0.0394959791786821,2014,0
0,0.0394959791786821,2014,0
0,0.0519316520865208,2014,0
0,0.0531537528950416,2014,0
0,0.0290922683585615,2014,0
0,0.0373307475931679,2014,0
0,0.0373307475931679,2014,0
0,0.0373307475931679,2014,0
0,0.0373307475931679,2014,0
0,0.0373307475931679,2014,0
0,0.0373307475931679,2014,0
0,0.0373307475931679,2014,0
0,0.0373307475931679,2014,0
0,0.0278396636417323,2014,0
0,0.0267365744786044,2014,0
0,0.0267365744786044,2014,0
0,0.0690282495673688,2014,0
0,0.104591529994564,2014,0
0,0.0277617791527191,2014,0
0,0.0280538278320307,2014,0
0,0.0241516781834473,2014,0
0,0.0271983458599403,2014,0
0,0.0241516781834473,2014,0
0,0.0241516781834473,2014,0
0,0.0223614243575662,2014,0
0,0.0223614243575662,2014,0
0,0.0283442623356705,2014,0
0,0.0185098340436677,2014,0
0,0.0185098340436677,2014,0
0,0.0185098340436677,2014,0
0,0.0339314997740352,2014,0
0,0.0339314997740352,2014,0
0,0.0339314997740352,2014,0
0,0.0339314997740352,2014,0
0,0.0339314997740352,2014,0
0,0.0339314997740352,2014,0
0,0.0339314997740352,2014,0
0,0.0339314997740352,2014,0
0,0.027277494886566,2014,0
0,0.0502383459395788,2014,0
0,0.0625564994946662,2014,0
0,0.0625564994946662,2014,0
0,0.04748569210346,2014,0
0,0.0278599031781877,2014,0
0,0.0327103372868962,2014,0
0,0.0327103372868962,2014,0
0,0.0327103372868962,2014,0
0,0.0327103372868962,2014,0
0,0.0327103372868962,2014,0
0,0.0327103372868962,2014,0
0,0.0327103372868962,2014,0
0,0.0266885481438158,2014,0
0,0.114220287009212,2014,0
0,0.0463014265600661,2014,0
0,0.0377729626684178,2014,0
0,0.0245988922624424,2014,0
0,0.0248564577752687,2014,0
0,0.0248564577752687,2014,0
0,0.0242990990613647,2014,0
0,0.0242990990613647,2014,0
0,0.0646504791838972,2014,0
0,0.0349606580026314,2014,0
0,0.0974035457650832,2014,0
0,0.0241897583836106,2014,0
0,0.0237713925326269,2014,0
0,0.021089344461128,2014,0
0,0.021089344461128,2014,0
0,0.021089344461128,2014,0
0,0.0222812783399365,2014,0
0,0.020182965655411,2014,0
0,0.0233961366456634,2014,0
0,0.0164286721535909,2014,0
0,0.0164286721535909,2014,0
0,0.0164286721535909,2014,0
0,0.0261978886692925,2014,0
0,0.0261978886692925,2014,0
0,0.0261978886692925,2014,0
0,0.0261978886692925,2014,0
0,0.0261978886692925,2014,0
0,0.0261978886692925,2014,0
0,0.0261978886692925,2014,0
0,0.0261978886692925,2014,0
0,0.0442425154339554,2014,0
0,0.0577934830248454,2014,0
0,0.0577934830248454,2014,0
0,0.0455903681931807,2014,0
0,0.0285882847032721,2014,0
0,0.0270589892036477,2014,0
0,0.0270589892036477,2014,0
0,0.0270589892036477,2014,0
0,0.0270589892036477,2014,0
0,0.0270589892036477,2014,0
0,0.0270589892036477,2014,0
0,0.0236993579724031,2014,0
0,0.0266866444425829,2014,0
0,0.0225052269900348,2014,0
0,0.0198611982285088,2014,0
0,0.0198611982285088,2014,0
0,0.0556715902195667,2014,0
0,0.0215855559605971,2014,0
0,0.0542600678606539,2014,0
0,0.0363535438432032,2014,0
0,0.10145380155272,2014,0
0,0.0221436786536622,2014,0
0,0.0183708032603572,2014,0
0,0.0183708032603572,2014,0
0,0.0183708032603572,2014,0
0,0.0183708032603572,2014,0
0,0.0170787416210836,2014,0
0,0.0183863120016519,2014,0
0,0.0183863120016519,2014,0
0,0.0220049273070037,2014,0
0,0.0220049273070037,2014,0
0,0.0220049273070037,2014,0
0,0.0195970942923845,2014,0
0,0.0195970942923845,2014,0
0,0.0195970942923845,2014,0
0,0.0260149001754205,2014,0
0,0.0260149001754205,2014,0
0,0.0260149001754205,2014,0
0,0.0260149001754205,2014,0
0,0.0260149001754205,2014,0
0,0.0260149001754205,2014,0
0,0.0260149001754205,2014,0
0,0.0260149001754205,2014,0
0,0.0455208365378332,2014,0
0,0.0544620651734962,2014,0
0,0.0544620651734962,2014,0
0,0.0524070686485995,2014,0
0,0.0350733464308919,2014,0
0,0.0269710433357153,2014,0
0,0.0269710433357153,2014,0
0,0.0269710433357153,2014,0
0,0.0269710433357153,2014,0
0,0.0269710433357153,2014,0
0,0.0269710433357153,2014,0
0,0.0231672268464816,2014,0
0,0.0353212451301821,2014,0
0,0.0248376236791421,2014,0
0,0.0226444972055645,2014,0
0,0.0226444972055645,2014,0
0,0.0639901065405575,2014,0
0,0.0254721006011865,2014,0
0,0.0433264223383232,2014,0
0,0.13243658214006,2014,0
0,0.0251038023217808,2014,0
0,0.0256058867760943,2014,0
0,0.0216499082058642,2014,0
0,0.022847588646976,2014,0
0,0.022847588646976,2014,0
0,0.022847588646976,2014,0
0,0.022847588646976,2014,0
0,0.0586173933043132,2014,0
0,0.0219593127845213,2014,0
0,0.0219593127845213,2014,0
0,0.0257486307425248,2014,0
0,0.0257486307425248,2014,0
0,0.0223244549346,2014,0
0,0.0223244549346,2014,0
0,0.0223244549346,2014,0
0,0.0323543901725811,2014,0
0,0.0323543901725811,2014,0
0,0.0323543901725811,2014,0
0,0.0323543901725811,2014,0
0,0.0323543901725811,2014,0
0,0.0323543901725811,2014,0
0,0.0539927746821826,2014,0
0,0.0631955394598877,2014,0
0,0.0595471943954028,2014,0
0,0.0439462335435064,2014,0
0,0.0319484078838631,2014,0
0,0.0319484078838631,2014,0
0,0.0319484078838631,2014,0
0,0.0319484078838631,2014,0
0,0.0419926990297139,2014,0
0,0.0286837083467783,2014,0
0,0.0348376387509791,2014,0
0,0.0348376387509791,2014,0
0,0.09003457728664,2014,0
0,0.105924843391021,2014,0
0,0.0562923229710579,2014,0
0,0.0552326203107974,2014,0
0,0.0286817665603965,2014,0
0,0.138412133780003,2014,0
0,0.0290031503703629,2014,0
0,0.0290031503703629,2014,0
0,0.0290031503703629,2014,0
0,0.0331788564649849,2014,0
0,0.0331788564649849,2014,0
0,0.0331788564649849,2014,0
0,0.0218862173261258,2014,0
0,0.0218862173261258,2014,0
0,0.139814421230562,2014,0
0,0.0640319478973139,2014,0
0,0.0358347433200526,2014,0
0,0.0358347433200526,2014,0
0,0.0358347433200526,2014,0
0,0.0358347433200526,2014,0
0,0.0358347433200526,2014,0
0,0.0282927086735387,2014,0
0,0.0343784563971673,2014,0
0,0.105372712269098,2014,0
0,0.0558411451015966,2014,0
0,0.0286233366049238,2014,0
0,0.138374516735192,2014,0
0,0.0977940574834796,2014,0
0,0.0292863513601959,2014,0
0,0.0292863513601959,2014,0
0,0.0292863513601959,2014,0
0,0.034564815372716,2014,0
0,0.034564815372716,2014,0
0,0.034564815372716,2014,0
0,0.0289967936171056,2014,0
0,0.0289967936171056,2014,0
0,0.0326794003879193,2014,0
0,0.0326794003879193,2014,0
0,0.0701217381121062,2014,0
0,0.0366102520792808,2014,0
0,0.0366102520792808,2014,0
0,0.0366102520792808,2014,0
0,0.0366102520792808,2014,0
0,0.0243931060693488,2014,0
0,0.0278032689935754,2014,0
0,0.0270467802275887,2014,0
0,0.0287574878093427,2014,0
0,0.139038971511908,2014,0
0,0.0288581913736409,2014,0
0,0.0254124956632393,2014,0
0,0.0254124956632393,2014,0
0,0.0254124956632393,2014,0
0,0.0254124956632393,2014,0
0,0.0291396141938744,2014,0
0,0.0367173228826197,2014,0
0,0.0367173228826197,2014,0
0,0.0367173228826197,2014,0
0,0.0606317622599794,2014,0
0,0.0413086363205047,2014,0
0,0.0413086363205047,2014,0
0,0.0298913151800961,2014,0
0,0.0298913151800961,2014,0
0,0.0263942527931325,2014,0
0,0.0349199183241856,2014,0
0,0.0349199183241856,2014,0
0,0.0363612428169262,2014,0
0,0.0363612428169262,2014,0
0,0.0238308438845324,2014,0
0,0.0238308438845324,2014,0
0,0.0238308438845324,2014,0
0,0.0238308438845324,2014,0
0,0.0238308438845324,2014,0
0,0.0392074527537829,2014,0
0,0.0392074527537829,2014,0
0,0.0392074527537829,2014,0
0,0.0343152495719582,2014,0
0,0.143887297350377,2014,0
0,0.0412878602781836,2014,0
0,0.0412878602781836,2014,0
0,0.13236186552115,2014,0
0,0.03636395988471,2014,0
0,0.0655529895670973,2014,0
0,0.0655529895670973,2014,0
0,0.0533326837473293,2014,0
0,0.0533326837473293,2014,0
0,0.0543987687148717,2014,0
0,0.0543987687148717,2014,0
0,0.0543987687148717,2014,0
0,0.0335012804603314,2014,0
0,0.0335012804603314,2014,0
0,0.0335012804603314,2014,0
0,0.0535228527704917,2014,0
0,0.0449103247083762,2014,0
0,0.0449103247083762,2014,0
0,0.0449103247083762,2014,0
0,0.0537909940942673,2014,0
0,0.133945469096546,2014,0
0,0.045070101181884,2014,0
0,0.0353829678630972,2014,0
0,0.0685024139622756,2014,0
0,0.0685024139622756,2014,0
0,0.0478513551315311,2014,0
0,0.0478513551315311,2014,0
0,0.0459248847057921,2014,0
0,0.0356508101056328,2014,0
0,0.0356508101056328,2014,0
0,0.0356508101056328,2014,0
0,0.0420298876875753,2014,0
0,0.0343227651846211,2014,0
0,0.0343227651846211,2014,0
0,0.0343227651846211,2014,0
0,0.0385661597361723,2014,0
0,0.0332920763722524,2014,0
0,0.0401575667088901,2014,0
0,0.116000334777753,2014,0
0,0.0405202886870264,2014,0
0,0.0276429468706713,2014,0
0,0.0588206011073104,2014,0
0,0.0588206011073104,2014,0
0,0.0271861176759265,2014,0
0,0.0271861176759265,2014,0
0,0.0271861176759265,2014,0
0,0.0271861176759265,2014,0
0,0.0295268847152361,2014,0
0,0.0306838732978895,2014,0
0,0.0306838732978895,2014,0
0,0.0306838732978895,2014,0
0,0.0301833257913328,2014,0
0,0.027784238576719,2014,0
0,0.0369824599785369,2014,0
0,0.0345694427851972,2014,0
0,0.042108915819167,2014,0
0,0.030582857274443,2014,0
0,0.0605866418893725,2014,0
0,0.0605866418893725,2014,0
0,0.0605866418893725,2014,0
0,0.0605866418893725,2014,0
0,0.0329472185838468,2014,0
0,0.0329472185838468,2014,0
0,0.027477218729698,2014,0
0,0.027477218729698,2014,0
0,0.027477218729698,2014,0
0,0.027477218729698,2014,0
1,0.143598426213676,2014,0
1,0.0393755866929416,2014,0
1,0.020693584409537,2014,0
1,0.0156692234813411,2014,0
1,0.0310450333442385,2014,0
1,0.0146516253642768,2014,0
1,0.0852748721005754,2014,0
1,0.0366102520792808,2014,0
1,0.0429354928488522,2014,0
1,0.0583516010073458,2014,0
1,0.0358347433200526,2014,0
1,0.0364410534490441,2014,0
1,0.0583516010073458,2014,0
1,0.100292120921476,2014,0
1,0.0364410534490441,2014,0
1,0.136255885596827,2014,0
1,0.0364410534490441,2014,0
1,0.0364410534490441,2014,0
1,0.0358347433200526,2014,0
1,0.0413086363205047,2014,0
1,0.0323543901725811,2014,0
1,0.0445872482403282,2014,0
1,0.0323543901725811,2014,0
1,0.0270589892036477,2014,0
1,0.106943539682023,2014,0
1,0.0323543901725811,2014,0
1,0.0310450333442385,2014,0
1,0.0335012804603314,2014,0
1,0.020462982320187,2014,0
1,0.0362123559553034,2014,0
1,0.208034979854094,2014,0
1,0.114063468591479,2014,0
1,0.0660429325245526,2014,0
1,0.114063468591479,2014,0
1,0.0660429325245526,2014,0
1,0.0319484078838631,2014,0
1,0.0496122390619842,2014,0
1,0.0395371693404195,2014,0
1,0.183948684466274,2014,0
1,0.136255885596827,2014,0
1,0.183948684466274,2014,0
1,0.125722033418799,2014,0
1,0.105114476839427,2014,0
1,0.0607058731035114,2014,0
1,0.104764233653819,2014,0
1,0.104764233653819,2014,0
1,0.0256334709125559,2014,0
1,0.155791508495723,2014,0
1,0.142478429426191,2014,0
1,0.0512649267463031,2014,0
1,0.043547685587561,2014,0
1,0.0216605870333172,2014,0
1,0.0242372721153047,2014,0
1,0.12353750745589,2014,0
1,0.0392303116464853,2014,0
1,0.112533236724092,2014,0
1,0.069819652855669,2014,0
1,0.0356525243653672,2014,0
1,0.0305372510581537,2014,0
1,0.0218788897109486,2014,0
1,0.0305372510581537,2014,0
1,0.0263858580698383,2014,0
1,0.0295373749863135,2014,0
1,0.140486277694467,2014,0
1,0.102956402595186,2014,0
1,0.0389309790108046,2014,0
1,0.0887404278792457,2014,0
1,0.0692468378507745,2014,0
1,0.0711635991704886,2014,0
1,0.0330441759811432,2014,0
1,0.0477701300504585,2014,0
1,0.0564178094445515,2014,0
1,0.0405202886870264,2014,0
1,0.0353201589617319,2014,0
1,0.0415948427129004,2014,0
1,0.0588206011073104,2014,0
1,0.0298913151800961,2014,0
1,0.0256955724420657,2014,0
1,0.0720670791877662,2014,0
1,0.0295373749863135,2014,0
1,0.0210146423791317,2014,0
1,0.0270874717484448,2014,0
1,0.0311754563880071,2014,0
1,0.045070101181884,2014,0
1,0.0274855791429192,2014,0
1,0.0625564994946662,2014,0
1,0.0288581913736409,2014,0
0,0.0392909702992647,2015,0
0,0.0282703306914244,2015,0
0,0.0282703306914244,2015,0
0,0.0305349528959729,2015,0
0,0.0305349528959729,2015,0
0,0.0604209582877916,2015,0
0,0.193002374728537,2015,0
0,0.193002374728537,2015,0
0,0.193002374728537,2015,0
0,0.0880955750297598,2015,0
0,0.0665858936064445,2015,0
0,0.0793558740727231,2015,0
0,0.0793558740727231,2015,0
0,0.0793558740727231,2015,0
0,0.0793558740727231,2015,0
0,0.0657631429153532,2015,0
0,0.0657631429153532,2015,0
0,0.0657631429153532,2015,0
0,0.0657631429153532,2015,0
0,0.0657631429153532,2015,0
0,0.0782768799768028,2015,0
0,0.0502341943849383,2015,0
0,0.0502341943849383,2015,0
0,0.0492382482649827,2015,0
0,0.0492382482649827,2015,0
0,0.0873079028972022,2015,0
0,0.0873079028972022,2015,0
0,0.0919759996771366,2015,0
0,0.0625386174414584,2015,0
0,0.0625386174414584,2015,0
0,0.0659556497222848,2015,0
0,0.232941463575522,2015,0
0,0.232941463575522,2015,0
0,0.232941463575522,2015,0
0,0.100744643332199,2015,0
0,0.110346319757528,2015,0
0,0.110346319757528,2015,0
0,0.110346319757528,2015,0
0,0.0836154713817359,2015,0
0,0.11190624319654,2015,0
0,0.11190624319654,2015,0
0,0.11190624319654,2015,0
0,0.0959521376439365,2015,0
0,0.0959521376439365,2015,0
0,0.0959521376439365,2015,0
0,0.0959521376439365,2015,0
0,0.0959521376439365,2015,0
0,0.108534467308134,2015,0
0,0.0684685522327824,2015,0
0,0.0684685522327824,2015,0
0,0.139241291808423,2015,0
0,0.139241291808423,2015,0
0,0.139241291808423,2015,0
0,0.148813324701245,2015,0
0,0.0810451850085549,2015,0
0,0.0757102193336845,2015,0
0,0.1690240533192,2015,0
0,0.116932363533649,2015,0
0,0.116932363533649,2015,0
0,0.0779484210098603,2015,0
0,0.127472077953848,2015,0
0,0.0701731805884869,2015,0
0,0.0687428767778272,2015,0
0,0.0716605802960179,2015,0
0,0.0716605802960179,2015,0
0,0.0716605802960179,2015,0
0,0.0716605802960179,2015,0
0,0.0716605802960179,2015,0
0,0.119055150551972,2015,0
0,0.0567006575512193,2015,0
0,0.162927886835355,2015,0
0,0.125306460360948,2015,0
0,0.125306460360948,2015,0
0,0.125306460360948,2015,0
0,0.125306460360948,2015,0
0,0.125306460360948,2015,0
0,0.125306460360948,2015,0
0,0.141444172790532,2015,0
0,0.152870936942202,2015,0
0,0.066866957380481,2015,0
0,0.0715240998413009,2015,0
0,0.120963374656459,2015,0
0,0.120963374656459,2015,0
0,0.12211263895713,2015,0
0,0.0625166343667029,2015,0
0,0.141259013928012,2015,0
0,0.0572375098340699,2015,0
0,0.0595108155922062,2015,0
0,0.0595108155922062,2015,0
0,0.0595108155922062,2015,0
0,0.0595108155922062,2015,0
0,0.0595108155922062,2015,0
0,0.0615015162294449,2015,0
0,0.0368216182318167,2015,0
0,0.0829776051648914,2015,0
0,0.0829776051648914,2015,0
0,0.0829776051648914,2015,0
0,0.0742198474885771,2015,0
0,0.0742198474885771,2015,0
0,0.0742198474885771,2015,0
0,0.0742198474885771,2015,0
0,0.0742198474885771,2015,0
0,0.0742198474885771,2015,0
0,0.0742198474885771,2015,0
0,0.0742198474885771,2015,0
0,0.0742198474885771,2015,0
0,0.0742198474885771,2015,0
0,0.0742198474885771,2015,0
0,0.0742198474885771,2015,0
0,0.0742198474885771,2015,0
0,0.0790233178462954,2015,0
0,0.0835508640225371,2015,0
0,0.0523294063129702,2015,0
0,0.0842239959517249,2015,0
0,0.0842239959517249,2015,0
0,0.0842239959517249,2015,0
0,0.10381851109439,2015,0
0,0.0519302729504037,2015,0
0,0.0519302729504037,2015,0
0,0.0519302729504037,2015,0
0,0.0519302729504037,2015,0
0,0.0519302729504037,2015,0
0,0.0502656662885766,2015,0
0,0.0418180339272121,2015,0
0,0.0677476063490367,2015,0
0,0.0633075782654539,2015,0
0,0.0633075782654539,2015,0
0,0.0633075782654539,2015,0
0,0.0633075782654539,2015,0
0,0.0633075782654539,2015,0
0,0.0633075782654539,2015,0
0,0.0633075782654539,2015,0
0,0.0633075782654539,2015,0
0,0.0633075782654539,2015,0
0,0.0633075782654539,2015,0
0,0.0633075782654539,2015,0
0,0.0514092999881642,2015,0
0,0.0366219179253883,2015,0
0,0.0705514190364879,2015,0
0,0.0705514190364879,2015,0
0,0.0705514190364879,2015,0
0,0.0422321600208131,2015,0
0,0.0422321600208131,2015,0
0,0.0422321600208131,2015,0
0,0.0422321600208131,2015,0
0,0.0422321600208131,2015,0
0,0.0360612730479271,2015,0
0,0.0365695414171871,2015,0
0,0.0631018131624731,2015,0
0,0.0631018131624731,2015,0
0,0.0662369256455702,2015,0
0,0.0662369256455702,2015,0
0,0.0662369256455702,2015,0
0,0.0662369256455702,2015,0
0,0.0662369256455702,2015,0
0,0.0662369256455702,2015,0
0,0.0662369256455702,2015,0
0,0.0662369256455702,2015,0
0,0.0662369256455702,2015,0
0,0.0662369256455702,2015,0
0,0.0662369256455702,2015,0
0,0.0662369256455702,2015,0
0,0.0682566616870321,2015,0
0,0.244414609408457,2015,0
0,0.0680376292151087,2015,0
0,0.0493639633784601,2015,0
0,0.17435872562155,2015,0
0,0.0442153146049557,2015,0
0,0.0442153146049557,2015,0
0,0.0442153146049557,2015,0
0,0.0442153146049557,2015,0
0,0.0442153146049557,2015,0
0,0.0383615187069188,2015,0
0,0.0300277389739402,2015,0
0,0.0690763695515663,2015,0
0,0.0740230658927378,2015,0
0,0.0740230658927378,2015,0
0,0.0740230658927378,2015,0
0,0.0740230658927378,2015,0
0,0.0740230658927378,2015,0
0,0.0740230658927378,2015,0
0,0.0740230658927378,2015,0
0,0.0740230658927378,2015,0
0,0.0740230658927378,2015,0
0,0.0740230658927378,2015,0
0,0.0740230658927378,2015,0
0,0.0740230658927378,2015,0
0,0.0740230658927378,2015,0
0,0.0932101580412235,2015,0
0,0.241565570404867,2015,0
0,0.0837011635101198,2015,0
0,0.0811375279143439,2015,0
0,0.0811375279143439,2015,0
0,0.0811375279143439,2015,0
0,0.0672715969559962,2015,0
0,0.10578210559423,2015,0
0,0.10578210559423,2015,0
0,0.10578210559423,2015,0
0,0.131390253774236,2015,0
0,0.0695492388254484,2015,0
0,0.0695492388254484,2015,0
0,0.0695492388254484,2015,0
0,0.0695492388254484,2015,0
0,0.0695492388254484,2015,0
0,0.101551567278041,2015,0
0,0.10152879998896,2015,0
0,0.10152879998896,2015,0
0,0.10152879998896,2015,0
0,0.10152879998896,2015,0
0,0.10152879998896,2015,0
0,0.10152879998896,2015,0
0,0.10152879998896,2015,0
0,0.10152879998896,2015,0
0,0.10152879998896,2015,0
0,0.10152879998896,2015,0
0,0.10152879998896,2015,0
0,0.10152879998896,2015,0
0,0.10152879998896,2015,0
0,0.120106083918473,2015,0
0,0.0540278859977383,2015,0
0,0.0540278859977383,2015,0
0,0.0949868715615365,2015,0
0,0.087101397312439,2015,0
0,0.087101397312439,2015,0
0,0.087101397312439,2015,0
0,0.0704047925991673,2015,0
0,0.12615516978361,2015,0
0,0.116026887945952,2015,0
0,0.116026887945952,2015,0
0,0.116026887945952,2015,0
0,0.143649416096745,2015,0
0,0.059118587201757,2015,0
0,0.059118587201757,2015,0
0,0.059118587201757,2015,0
0,0.059118587201757,2015,0
0,0.059118587201757,2015,0
0,0.0813201271496794,2015,0
0,0.0732533119561208,2015,0
0,0.0732533119561208,2015,0
0,0.0732533119561208,2015,0
0,0.0732533119561208,2015,0
0,0.0732533119561208,2015,0
0,0.0732533119561208,2015,0
0,0.0732533119561208,2015,0
0,0.0732533119561208,2015,0
0,0.0732533119561208,2015,0
0,0.0732533119561208,2015,0
0,0.0732533119561208,2015,0
0,0.0732533119561208,2015,0
0,0.0903742391209044,2015,0
0,0.0407606107334354,2015,0
0,0.03046103401384,2015,0
0,0.0577896016420243,2015,0
0,0.0444188767714319,2015,0
0,0.0712006895321586,2015,0
0,0.0396074329276437,2015,0
0,0.0396074329276437,2015,0
0,0.0396074329276437,2015,0
0,0.0396074329276437,2015,0
0,0.0526782272391003,2015,0
0,0.0526782272391003,2015,0
0,0.0551378274548174,2015,0
0,0.0551378274548174,2015,0
0,0.0551378274548174,2015,0
0,0.0551378274548174,2015,0
0,0.0551378274548174,2015,0
0,0.0551378274548174,2015,0
0,0.038964075051739,2015,0
0,0.0330109395695792,2015,0
0,0.0330109395695792,2015,0
0,0.0330109395695792,2015,0
0,0.0330109395695792,2015,0
0,0.0484000782954573,2015,0
0,0.0484000782954573,2015,0
0,0.0484000782954573,2015,0
0,0.0484000782954573,2015,0
0,0.0484000782954573,2015,0
0,0.0467040646800688,2015,0
0,0.0467040646800688,2015,0
0,0.0467040646800688,2015,0
0,0.0467040646800688,2015,0
0,0.0467040646800688,2015,0
0,0.0467040646800688,2015,0
0,0.0467040646800688,2015,0
0,0.0338792601552953,2015,0
0,0.0742004349464943,2015,0
0,0.0742004349464943,2015,0
0,0.030006362720951,2015,0
0,0.030006362720951,2015,0
0,0.030006362720951,2015,0
0,0.030006362720951,2015,0
0,0.0397272058207704,2015,0
0,0.0377377645829735,2015,0
0,0.0377377645829735,2015,0
0,0.0377377645829735,2015,0
0,0.0377377645829735,2015,0
0,0.0377377645829735,2015,0
0,0.0377377645829735,2015,0
0,0.0377377645829735,2015,0
0,0.0377377645829735,2015,0
0,0.0377377645829735,2015,0
0,0.0377377645829735,2015,0
0,0.0314787354185155,2015,0
0,0.0190694592986515,2015,0
0,0.028502871024264,2015,0
0,0.025271804605946,2015,0
0,0.025271804605946,2015,0
0,0.025271804605946,2015,0
0,0.025271804605946,2015,0
0,0.031134748115026,2015,0
0,0.030893166483898,2015,0
0,0.0313667944170602,2015,0
0,0.0313667944170602,2015,0
0,0.0313667944170602,2015,0
0,0.0313667944170602,2015,0
0,0.0313667944170602,2015,0
0,0.0313667944170602,2015,0
0,0.0313667944170602,2015,0
0,0.0313667944170602,2015,0
0,0.0313667944170602,2015,0
0,0.0313667944170602,2015,0
0,0.0196633571040968,2015,0
0,0.0246071609279114,2015,0
0,0.0317311972144238,2015,0
0,0.0203926874099681,2015,0
0,0.0264102016244005,2015,0
0,0.0207833641499913,2015,0
0,0.0236280161867475,2015,0
0,0.0236280161867475,2015,0
0,0.0236280161867475,2015,0
0,0.0370151863560157,2015,0
0,0.0370151863560157,2015,0
0,0.0370151863560157,2015,0
0,0.0228256606339474,2015,0
0,0.034727001341112,2015,0
0,0.0391849188592667,2015,0
0,0.0391849188592667,2015,0
0,0.0391849188592667,2015,0
0,0.0391849188592667,2015,0
0,0.0391849188592667,2015,0
0,0.0391849188592667,2015,0
0,0.0391849188592667,2015,0
0,0.0391849188592667,2015,0
0,0.0391849188592667,2015,0
0,0.0391849188592667,2015,0
0,0.0391849188592667,2015,0
0,0.0391849188592667,2015,0
0,0.0391849188592667,2015,0
0,0.0240674285167638,2015,0
0,0.0234780232530204,2015,0
0,0.0427269805347621,2015,0
0,0.0257391031087287,2015,0
0,0.0281710958169815,2015,0
0,0.0266288492063717,2015,0
0,0.0246598773724066,2015,0
0,0.0246598773724066,2015,0
0,0.0443147341244721,2015,0
0,0.0397370194510557,2015,0
0,0.0436325513974884,2015,0
0,0.0436325513974884,2015,0
0,0.0436325513974884,2015,0
0,0.0436325513974884,2015,0
0,0.0436325513974884,2015,0
0,0.0436325513974884,2015,0
0,0.0436325513974884,2015,0
0,0.0436325513974884,2015,0
0,0.0436325513974884,2015,0
0,0.0436325513974884,2015,0
0,0.0436325513974884,2015,0
0,0.0436325513974884,2015,0
0,0.0436325513974884,2015,0
0,0.0436325513974884,2015,0
0,0.0436325513974884,2015,0
0,0.0436325513974884,2015,0
0,0.0272694409810048,2015,0
0,0.0216908870452634,2015,0
0,0.043158664402993,2015,0
0,0.0278423519710189,2015,0
0,0.0284226649883679,2015,0
0,0.0465034014664417,2015,0
0,0.0276945688642421,2015,0
0,0.0374562310976692,2015,0
0,0.0307314708507529,2015,0
0,0.0354611044426127,2015,0
0,0.0354611044426127,2015,0
0,0.0354611044426127,2015,0
0,0.0354611044426127,2015,0
0,0.0354611044426127,2015,0
0,0.0354611044426127,2015,0
0,0.0354611044426127,2015,0
0,0.0354611044426127,2015,0
0,0.0241948503547363,2015,0
0,0.0205804353218489,2015,0
0,0.0263563171098225,2015,0
0,0.0573980436735397,2015,0
0,0.0465080817407269,2015,0
0,0.0465080817407269,2015,0
0,0.039959245483329,2015,0
0,0.0465080817407269,2015,0
0,0.0465080817407269,2015,0
0,0.0465080817407269,2015,0
0,0.0465080817407269,2015,0
0,0.0487853856294135,2015,0
0,0.0451150632147396,2015,0
0,0.0610127534318298,2015,0
0,0.0603527467303256,2015,0
0,0.0105478420980259,2015,0
0,0.0105478420980259,2015,0
0,0.0311974060876113,2015,0
0,0.0311974060876113,2015,0
0,0.0311974060876113,2015,0
0,0.0311974060876113,2015,0
0,0.0311974060876113,2015,0
0,0.0311974060876113,2015,0
0,0.0311974060876113,2015,0
0,0.0311974060876113,2015,0
0,0.0311974060876113,2015,0
0,0.0311974060876113,2015,0
0,0.0311974060876113,2015,0
0,0.0266842383030767,2015,0
0,0.0305094561578413,2015,0
0,0.0305094561578413,2015,0
0,0.0305094561578413,2015,0
0,0.0305094561578413,2015,0
0,0.0305094561578413,2015,0
0,0.0305094561578413,2015,0
0,0.0305094561578413,2015,0
0,0.0305094561578413,2015,0
0,0.022794642755259,2015,0
0,0.0179956074572372,2015,0
0,0.0179956074572372,2015,0
0,0.023691334294782,2015,0
0,0.0509002090421371,2015,0
0,0.0391388859946413,2015,0
0,0.0391388859946413,2015,0
0,0.0391388859946413,2015,0
0,0.0332740033971268,2015,0
0,0.0391388859946413,2015,0
0,0.0391388859946413,2015,0
0,0.0391388859946413,2015,0
0,0.0371156132885809,2015,0
0,0.050618492359138,2015,0
0,0.0405031557455344,2015,0
0,0.0511749898260245,2015,0
0,0.01741048466941,2015,0
0,0.0171863455497518,2015,0
0,0.0171863455497518,2015,0
0,0.0173836031553328,2015,0
0,0.00933285124353221,2015,0
0,0.00933285124353221,2015,0
0,0.0271054665638604,2015,0
0,0.02402114378892,2015,0
0,0.02402114378892,2015,0
0,0.02402114378892,2015,0
0,0.02402114378892,2015,0
0,0.02402114378892,2015,0
0,0.02402114378892,2015,0
0,0.02402114378892,2015,0
0,0.02402114378892,2015,0
0,0.0186695360729438,2015,0
0,0.0178144216015532,2015,0
0,0.0178144216015532,2015,0
0,0.0178144216015532,2015,0
0,0.0207274010337673,2015,0
0,0.0439569586922659,2015,0
0,0.0358338430484945,2015,0
0,0.0358338430484945,2015,0
0,0.0358338430484945,2015,0
0,0.0358338430484945,2015,0
0,0.032222161538795,2015,0
0,0.0358338430484945,2015,0
0,0.0358338430484945,2015,0
0,0.0427856630705901,2015,0
0,0.0430097070516156,2015,0
0,0.0359265640783938,2015,0
0,0.0401126591537654,2015,0
0,0.0174661316815262,2015,0
0,0.0167344554325662,2015,0
0,0.0167344554325662,2015,0
0,0.0167344554325662,2015,0
0,0.0159573200082321,2015,0
0,0.00821047975491299,2015,0
0,0.00821047975491299,2015,0
0,0.0234815182468169,2015,0
0,0.0158581405644612,2015,0
0,0.0158581405644612,2015,0
0,0.0158581405644612,2015,0
0,0.0158581405644612,2015,0
0,0.0158581405644612,2015,0
0,0.0158581405644612,2015,0
0,0.0158581405644612,2015,0
0,0.0158581405644612,2015,0
0,0.0158581405644612,2015,0
0,0.0158581405644612,2015,0
0,0.0158581405644612,2015,0
0,0.0158581405644612,2015,0
0,0.0158581405644612,2015,0
0,0.0158581405644612,2015,0
0,0.0158581405644612,2015,0
0,0.0158581405644612,2015,0
0,0.0158581405644612,2015,0
0,0.0158581405644612,2015,0
0,0.0170073634805623,2015,0
0,0.013692098958841,2015,0
0,0.013692098958841,2015,0
0,0.013692098958841,2015,0
0,0.013692098958841,2015,0
0,0.0181367723584073,2015,0
0,0.0391494593229143,2015,0
0,0.03363797953034,2015,0
0,0.03363797953034,2015,0
0,0.03363797953034,2015,0
0,0.03363797953034,2015,0
0,0.0307547755412227,2015,0
0,0.03363797953034,2015,0
0,0.03363797953034,2015,0
0,0.03363797953034,2015,0
0,0.0361633694450856,2015,0
0,0.0385510170039245,2015,0
0,0.0419832694566551,2015,0
0,0.0385510170039245,2015,0
0,0.0417912652019715,2015,0
0,0.0404825275213584,2015,0
0,0.0328014175247778,2015,0
0,0.0131367762867165,2015,0
0,0.0131367762867165,2015,0
0,0.0131367762867165,2015,0
0,0.0131367762867165,2015,0
0,0.012684139788984,2015,0
0,0.00714423469873247,2015,0
0,0.00714423469873247,2015,0
0,0.0150741767283257,2015,0
0,0.0290206615979866,2015,0
0,0.0208892767675372,2015,0
0,0.0148949746798652,2015,0
0,0.0148949746798652,2015,0
0,0.0148949746798652,2015,0
0,0.0148949746798652,2015,0
0,0.0148949746798652,2015,0
0,0.0148949746798652,2015,0
0,0.0148949746798652,2015,0
0,0.0148949746798652,2015,0
0,0.0148949746798652,2015,0
0,0.0148949746798652,2015,0
0,0.0148949746798652,2015,0
0,0.0148949746798652,2015,0
0,0.0148949746798652,2015,0
0,0.0148949746798652,2015,0
0,0.0148949746798652,2015,0
0,0.0148949746798652,2015,0
0,0.0148949746798652,2015,0
0,0.0148949746798652,2015,0
0,0.0127460868806154,2015,0
0,0.0155738858936781,2015,0
0,0.0127470972397381,2015,0
0,0.0170764772315618,2015,0
0,0.0355756968858848,2015,0
0,0.0298907067044564,2015,0
0,0.0298907067044564,2015,0
0,0.0298907067044564,2015,0
0,0.0298907067044564,2015,0
0,0.0261698833106749,2015,0
0,0.0298907067044564,2015,0
0,0.0298907067044564,2015,0
0,0.0298907067044564,2015,0
0,0.038416498670358,2015,0
0,0.0343941993125309,2015,0
0,0.0327413836411789,2015,0
0,0.0293979011393067,2015,0
0,0.0343941993125309,2015,0
0,0.0380876978356666,2015,0
0,0.0289410992995736,2015,0
0,0.0133280089202171,2015,0
0,0.0133280089202171,2015,0
0,0.0133280089202171,2015,0
0,0.0133280089202171,2015,0
0,0.0138447032832693,2015,0
0,0.0309339675316982,2015,0
0,0.0233874310566415,2015,0
0,0.0204506617227912,2015,0
0,0.0204506617227912,2015,0
0,0.0204506617227912,2015,0
0,0.0204506617227912,2015,0
0,0.0204506617227912,2015,0
0,0.0204506617227912,2015,0
0,0.0204506617227912,2015,0
0,0.0204506617227912,2015,0
0,0.0204506617227912,2015,0
0,0.0204506617227912,2015,0
0,0.0204506617227912,2015,0
0,0.0204506617227912,2015,0
0,0.0204506617227912,2015,0
0,0.0149226854679932,2015,0
0,0.0173186754254552,2015,0
0,0.016175278791292,2015,0
0,0.0337099543289035,2015,0
0,0.0333976281516706,2015,0
0,0.0203034730979196,2015,0
0,0.0408389851888531,2015,0
0,0.0246126439366024,2015,0
0,0.0246126439366024,2015,0
0,0.0246126439366024,2015,0
0,0.0246126439366024,2015,0
0,0.0246126439366024,2015,0
0,0.0246126439366024,2015,0
0,0.0246126439366024,2015,0
0,0.0246126439366024,2015,0
0,0.0246126439366024,2015,0
0,0.0325255138214733,2015,0
0,0.0325255138214733,2015,0
0,0.0325255138214733,2015,0
0,0.0282550843132704,2015,0
0,0.0325255138214733,2015,0
0,0.0325255138214733,2015,0
0,0.0325255138214733,2015,0
0,0.0325255138214733,2015,0
0,0.0404487016084309,2015,0
0,0.0363865506762243,2015,0
0,0.0363865506762243,2015,0
0,0.0408506507719758,2015,0
0,0.0337308502150237,2015,0
0,0.03047930830785,2015,0
0,0.0309060567085232,2015,0
0,0.0164116990275924,2015,0
0,0.0169315442751717,2015,0
0,0.0169315442751717,2015,0
0,0.0169315442751717,2015,0
0,0.0169315442751717,2015,0
0,0.0169315442751717,2015,0
0,0.0194222732630455,2015,0
0,0.0194222732630455,2015,0
0,0.0175670042376372,2015,0
0,0.0175670042376372,2015,0
0,0.0178330067230856,2015,0
0,0.0369575134507101,2015,0
0,0.0369575134507101,2015,0
0,0.0298939688304161,2015,0
0,0.0275923540766755,2015,0
0,0.0235195057420349,2015,0
0,0.0235195057420349,2015,0
0,0.0235195057420349,2015,0
0,0.0235195057420349,2015,0
0,0.0235195057420349,2015,0
0,0.0235195057420349,2015,0
0,0.0235195057420349,2015,0
0,0.0235195057420349,2015,0
0,0.0235195057420349,2015,0
0,0.0235195057420349,2015,0
0,0.0235195057420349,2015,0
0,0.0235195057420349,2015,0
0,0.0235195057420349,2015,0
0,0.0235195057420349,2015,0
0,0.0181899411341467,2015,0
0,0.0206804822117885,2015,0
0,0.0280829505956222,2015,0
0,0.0280829505956222,2015,0
0,0.0197308168491894,2015,0
0,0.0197308168491894,2015,0
0,0.0245778716457764,2015,0
0,0.0509741360140515,2015,0
0,0.0317057573982875,2015,0
0,0.0317057573982875,2015,0
0,0.0317057573982875,2015,0
0,0.0317057573982875,2015,0
0,0.0317057573982875,2015,0
0,0.0317057573982875,2015,0
0,0.0317057573982875,2015,0
0,0.0317057573982875,2015,0
0,0.0415342136691499,2015,0
0,0.0415342136691499,2015,0
0,0.0415342136691499,2015,0
0,0.0415342136691499,2015,0
0,0.0415342136691499,2015,0
0,0.0369355912487657,2015,0
0,0.0415342136691499,2015,0
0,0.0531820032650553,2015,0
0,0.0483599282756291,2015,0
0,0.0536929269083676,2015,0
0,0.04203200059107,2015,0
0,0.045889218883604,2015,0
0,0.0483599282756291,2015,0
0,0.0391358311755827,2015,0
0,0.0202389043536314,2015,0
0,0.02065839741198,2015,0
0,0.02065839741198,2015,0
0,0.02065839741198,2015,0
0,0.02065839741198,2015,0
0,0.02065839741198,2015,0
0,0.0223211166859438,2015,0
0,0.0223211166859438,2015,0
0,0.0212034712955714,2015,0
0,0.0274455776658435,2015,0
0,0.0217078442003117,2015,0
0,0.0444992673225252,2015,0
0,0.0444992673225252,2015,0
0,0.0341981333175918,2015,0
0,0.0338489956144891,2015,0
0,0.0266674499572952,2015,0
0,0.0266674499572952,2015,0
0,0.0266674499572952,2015,0
0,0.0266674499572952,2015,0
0,0.0266674499572952,2015,0
0,0.0266674499572952,2015,0
0,0.0266674499572952,2015,0
0,0.0266674499572952,2015,0
0,0.0266674499572952,2015,0
0,0.0266674499572952,2015,0
0,0.0266674499572952,2015,0
0,0.0219218663368286,2015,0
0,0.0212170147196313,2015,0
0,0.0382412045848875,2015,0
0,0.0382412045848875,2015,0
0,0.0216320845458929,2015,0
0,0.0216320845458929,2015,0
0,0.0216320845458929,2015,0
0,0.0244661719555149,2015,0
0,0.0524461131163612,2015,0
0,0.0298897984499937,2015,0
0,0.0298897984499937,2015,0
0,0.0298897984499937,2015,0
0,0.0298897984499937,2015,0
0,0.0298897984499937,2015,0
0,0.0298897984499937,2015,0
0,0.0298897984499937,2015,0
0,0.0298897984499937,2015,0
0,0.0298897984499937,2015,0
0,0.0428809074601615,2015,0
0,0.0391327554583753,2015,0
0,0.0428809074601615,2015,0
0,0.0428809074601615,2015,0
0,0.0428809074601615,2015,0
0,0.0428809074601615,2015,0
0,0.0428809074601615,2015,0
0,0.0519125484466313,2015,0
0,0.0432951879633683,2015,0
0,0.0522923813197943,2015,0
0,0.0475961305647265,2015,0
0,0.0476544908862121,2015,0
0,0.0476544908862121,2015,0
0,0.0413932993866913,2015,0
0,0.0213714069943763,2015,0
0,0.0212289132082883,2015,0
0,0.0212289132082883,2015,0
0,0.0212289132082883,2015,0
0,0.0211462833203395,2015,0
0,0.0211462833203395,2015,0
0,0.0211753940190618,2015,0
0,0.0211753940190618,2015,0
0,0.0448952202807429,2015,0
0,0.0241883658448713,2015,0
0,0.0241883658448713,2015,0
0,0.0241883658448713,2015,0
0,0.0241883658448713,2015,0
0,0.0211156153759817,2015,0
0,0.0437420970448938,2015,0
0,0.0365208546366001,2015,0
0,0.024329132469944,2015,0
0,0.024329132469944,2015,0
0,0.024329132469944,2015,0
0,0.024329132469944,2015,0
0,0.024329132469944,2015,0
0,0.024329132469944,2015,0
0,0.024329132469944,2015,0
0,0.024329132469944,2015,0
0,0.024329132469944,2015,0
0,0.024329132469944,2015,0
0,0.0208489525308981,2015,0
0,0.0204387850797664,2015,0
0,0.0419823173965754,2015,0
0,0.0419823173965754,2015,0
0,0.0200501362478755,2015,0
0,0.0200501362478755,2015,0
0,0.0200501362478755,2015,0
0,0.0229045289848379,2015,0
0,0.05167916892179,2015,0
0,0.0273513789763458,2015,0
0,0.0273513789763458,2015,0
0,0.0273513789763458,2015,0
0,0.0273513789763458,2015,0
0,0.0273513789763458,2015,0
0,0.0273513789763458,2015,0
0,0.0273513789763458,2015,0
0,0.0273513789763458,2015,0
0,0.0273513789763458,2015,0
0,0.0405829493085899,2015,0
0,0.0405829493085899,2015,0
0,0.0405829493085899,2015,0
0,0.0405829493085899,2015,0
0,0.0405829493085899,2015,0
0,0.0405829493085899,2015,0
0,0.0405829493085899,2015,0
0,0.0372983708242623,2015,0
0,0.0466485569813542,2015,0
0,0.0463539200659915,2015,0
0,0.0392200006533227,2015,0
0,0.0434742875962994,2015,0
0,0.0425911885849663,2015,0
0,0.0425911885849663,2015,0
0,0.0388468293162789,2015,0
0,0.0197922865071064,2015,0
0,0.0197922865071064,2015,0
0,0.0195768612072427,2015,0
0,0.0195768612072427,2015,0
0,0.0195768612072427,2015,0
0,0.0204852573407678,2015,0
0,0.0204852573407678,2015,0
0,0.019350566896353,2015,0
0,0.019350566896353,2015,0
0,0.019350566896353,2015,0
0,0.0230456759422427,2015,0
0,0.0230456759422427,2015,0
0,0.0230456759422427,2015,0
0,0.0230456759422427,2015,0
0,0.0230456759422427,2015,0
0,0.0372616954728548,2015,0
0,0.0493858541019517,2015,0
0,0.0493858541019517,2015,0
0,0.0344991891913574,2015,0
0,0.0234891832747494,2015,0
0,0.0234891832747494,2015,0
0,0.0234891832747494,2015,0
0,0.0234891832747494,2015,0
0,0.0234891832747494,2015,0
0,0.0234891832747494,2015,0
0,0.0234891832747494,2015,0
0,0.0234891832747494,2015,0
0,0.0234891832747494,2015,0
0,0.0193571668693183,2015,0
0,0.0196994102043976,2015,0
0,0.0310686476114766,2015,0
0,0.0310686476114766,2015,0
0,0.0199867512375455,2015,0
0,0.0199867512375455,2015,0
0,0.021863618058053,2015,0
0,0.0501955907663194,2015,0
0,0.0297677137702213,2015,0
0,0.0297677137702213,2015,0
0,0.0297677137702213,2015,0
0,0.0297677137702213,2015,0
0,0.0297677137702213,2015,0
0,0.0297677137702213,2015,0
0,0.0297677137702213,2015,0
0,0.0297677137702213,2015,0
0,0.0409733079669393,2015,0
0,0.0409733079669393,2015,0
0,0.0409733079669393,2015,0
0,0.0409733079669393,2015,0
0,0.0365584040089606,2015,0
0,0.0409733079669393,2015,0
0,0.0409733079669393,2015,0
0,0.0409733079669393,2015,0
0,0.0479744030309705,2015,0
0,0.0431363573464604,2015,0
0,0.0475331308441999,2015,0
0,0.0411742045150141,2015,0
0,0.0431363573464604,2015,0
0,0.0374622165368398,2015,0
0,0.038575543432534,2015,0
0,0.0203728087522505,2015,0
0,0.020798807462078,2015,0
0,0.020798807462078,2015,0
0,0.020798807462078,2015,0
0,0.0195375912698612,2015,0
0,0.0195375912698612,2015,0
0,0.0195375912698612,2015,0
0,0.0212736113722667,2015,0
0,0.0212736113722667,2015,0
0,0.0212736113722667,2015,0
0,0.0290693675674943,2015,0
0,0.0290693675674943,2015,0
0,0.0290693675674943,2015,0
0,0.0290693675674943,2015,0
0,0.0290693675674943,2015,0
0,0.0290693675674943,2015,0
0,0.0290693675674943,2015,0
0,0.0290693675674943,2015,0
0,0.0290693675674943,2015,0
0,0.0214949327785811,2015,0
0,0.036910138329258,2015,0
0,0.0347621425807056,2015,0
0,0.0287372493622842,2015,0
0,0.0287372493622842,2015,0
0,0.0287372493622842,2015,0
0,0.0287372493622842,2015,0
0,0.0287372493622842,2015,0
0,0.0287372493622842,2015,0
0,0.0214292020019304,2015,0
0,0.107028243171515,2015,0
0,0.0191484015496569,2015,0
0,0.029983273194827,2015,0
0,0.029983273194827,2015,0
0,0.0220001030146956,2015,0
0,0.0220001030146956,2015,0
0,0.0220001030146956,2015,0
0,0.048963727359083,2015,0
0,0.0307549209610387,2015,0
0,0.0307549209610387,2015,0
0,0.0307549209610387,2015,0
0,0.0307549209610387,2015,0
0,0.0307549209610387,2015,0
0,0.0307549209610387,2015,0
0,0.0419663914773442,2015,0
0,0.0419663914773442,2015,0
0,0.0419663914773442,2015,0
0,0.0419663914773442,2015,0
0,0.0370814736657799,2015,0
0,0.0419663914773442,2015,0
0,0.0419663914773442,2015,0
0,0.0419663914773442,2015,0
0,0.0443836885594803,2015,0
0,0.0377794491836929,2015,0
0,0.0443836885594803,2015,0
0,0.049047814155489,2015,0
0,0.0413831169154681,2015,0
0,0.0495392205746732,2015,0
0,0.0407479318361997,2015,0
0,0.0698563943170525,2015,0
0,0.0486983960138609,2015,0
0,0.0226846550912767,2015,0
0,0.0226925261292388,2015,0
0,0.0226925261292388,2015,0
0,0.0226925261292388,2015,0
0,0.0198280237424866,2015,0
0,0.0198280237424866,2015,0
0,0.0198280237424866,2015,0
0,0.0198280237424866,2015,0
0,0.0222110101772276,2015,0
0,0.0222110101772276,2015,0
0,0.0222110101772276,2015,0
0,0.0460554362828372,2015,0
0,0.010379260861973,2015,0
0,0.010379260861973,2015,0
0,0.010379260861973,2015,0
0,0.029213189385023,2015,0
0,0.029213189385023,2015,0
0,0.029213189385023,2015,0
0,0.029213189385023,2015,0
0,0.029213189385023,2015,0
0,0.029213189385023,2015,0
0,0.029213189385023,2015,0
0,0.029213189385023,2015,0
0,0.029213189385023,2015,0
0,0.029213189385023,2015,0
0,0.029213189385023,2015,0
0,0.029213189385023,2015,0
0,0.0221995040268792,2015,0
0,0.0221995040268792,2015,0
0,0.0364676547793756,2015,0
0,0.0288158663719045,2015,0
0,0.0288158663719045,2015,0
0,0.0288158663719045,2015,0
0,0.0288158663719045,2015,0
0,0.0288158663719045,2015,0
0,0.0288158663719045,2015,0
0,0.0288158663719045,2015,0
0,0.02221514857046,2015,0
0,0.110822242032364,2015,0
0,0.0200499407069116,2015,0
0,0.0377541785821152,2015,0
0,0.0377541785821152,2015,0
0,0.0221009383172594,2015,0
0,0.0221009383172594,2015,0
0,0.0221009383172594,2015,0
0,0.0221009383172594,2015,0
0,0.0529899229770594,2015,0
0,0.0307483993970753,2015,0
0,0.0307483993970753,2015,0
0,0.0446923989166274,2015,0
0,0.0446923989166274,2015,0
0,0.0446923989166274,2015,0
0,0.0446923989166274,2015,0
0,0.040812006790876,2015,0
0,0.0446923989166274,2015,0
0,0.0446923989166274,2015,0
0,0.0446923989166274,2015,0
0,0.0462231387211559,2015,0
0,0.0464829395742747,2015,0
0,0.0510579320358741,2015,0
0,0.0464829395742747,2015,0
0,0.0419900948093332,2015,0
0,0.0506876446917469,2015,0
0,0.0449437785223849,2015,0
0,0.0604778736956362,2015,0
0,0.0620035505708072,2015,0
0,0.0226103996679265,2015,0
0,0.0532895187604756,2015,0
0,0.0225383042002441,2015,0
0,0.0225383042002441,2015,0
0,0.0225383042002441,2015,0
0,0.0235593546265698,2015,0
0,0.0235593546265698,2015,0
0,0.0235593546265698,2015,0
0,0.0235593546265698,2015,0
0,0.0235593546265698,2015,0
0,0.0224494223987221,2015,0
0,0.0224494223987221,2015,0
0,0.0224494223987221,2015,0
0,0.0498352578191046,2015,0
0,0.0110603215848827,2015,0
0,0.0110603215848827,2015,0
0,0.0110603215848827,2015,0
0,0.0239096612240967,2015,0
0,0.0239096612240967,2015,0
0,0.0239096612240967,2015,0
0,0.0239096612240967,2015,0
0,0.0239096612240967,2015,0
0,0.0239096612240967,2015,0
0,0.0239096612240967,2015,0
0,0.0239096612240967,2015,0
0,0.0239096612240967,2015,0
0,0.0239096612240967,2015,0
0,0.0239096612240967,2015,0
0,0.0239096612240967,2015,0
0,0.0239096612240967,2015,0
0,0.0357924327780133,2015,0
0,0.0402822502381373,2015,0
0,0.0231969942523568,2015,0
0,0.120945572179363,2015,0
0,0.0229611790411628,2015,0
0,0.0398780566052505,2015,0
0,0.0398780566052505,2015,0
0,0.023620415970157,2015,0
0,0.023620415970157,2015,0
0,0.023620415970157,2015,0
0,0.0593435996654497,2015,0
0,0.0325084243184448,2015,0
0,0.0325084243184448,2015,0
0,0.046430404862022,2015,0
0,0.0496349139868315,2015,0
0,0.0496349139868315,2015,0
0,0.0496349139868315,2015,0
0,0.0496349139868315,2015,0
0,0.0496349139868315,2015,0
0,0.0496349139868315,2015,0
0,0.0496349139868315,2015,0
0,0.0552978280032989,2015,0
0,0.051195738525892,2015,0
0,0.051195738525892,2015,0
0,0.0482405861791476,2015,0
0,0.0556254155921122,2015,0
0,0.0530338427167268,2015,0
0,0.050424143400512,2015,0
0,0.0237184503892411,2015,0
0,0.057309935374154,2015,0
0,0.057309935374154,2015,0
0,0.0240020734352825,2015,0
0,0.0240020734352825,2015,0
0,0.0240020734352825,2015,0
0,0.0260716317888346,2015,0
0,0.0260716317888346,2015,0
0,0.0260716317888346,2015,0
0,0.0260716317888346,2015,0
0,0.0260716317888346,2015,0
0,0.0260716317888346,2015,0
0,0.0247096378633268,2015,0
0,0.0247096378633268,2015,0
0,0.0247096378633268,2015,0
0,0.0247096378633268,2015,0
0,0.0546865292233779,2015,0
0,0.0546865292233779,2015,0
0,0.0135649647782648,2015,0
0,0.0135649647782648,2015,0
0,0.0135649647782648,2015,0
0,0.0281558635502607,2015,0
0,0.0281558635502607,2015,0
0,0.0281558635502607,2015,0
0,0.0281558635502607,2015,0
0,0.0281558635502607,2015,0
0,0.0281558635502607,2015,0
0,0.0281558635502607,2015,0
0,0.0281558635502607,2015,0
0,0.0281558635502607,2015,0
0,0.0281558635502607,2015,0
0,0.0281558635502607,2015,0
0,0.0422677274811471,2015,0
0,0.0473096312613496,2015,0
0,0.0255407292059856,2015,0
0,0.0255407292059856,2015,0
0,0.128347669000893,2015,0
0,0.0397251972067618,2015,0
0,0.0397251972067618,2015,0
0,0.0257861049171253,2015,0
0,0.0257861049171253,2015,0
0,0.0628123233282886,2015,0
0,0.0384034078650053,2015,0
0,0.0384034078650053,2015,0
0,0.0536708963360739,2015,0
0,0.0536708963360739,2015,0
0,0.0536708963360739,2015,0
0,0.0536708963360739,2015,0
0,0.0485554843481113,2015,0
0,0.0536708963360739,2015,0
0,0.0536708963360739,2015,0
0,0.0536708963360739,2015,0
0,0.063655052026902,2015,0
0,0.0577114550796422,2015,0
0,0.0550596917191635,2015,0
0,0.0577114550796422,2015,0
0,0.0630667320083319,2015,0
0,0.0508521838001385,2015,0
0,0.0533921361608057,2015,0
0,0.0258920583010449,2015,0
0,0.0597959482661355,2015,0
0,0.0597959482661355,2015,0
0,0.0261728061810913,2015,0
0,0.0261728061810913,2015,0
0,0.0261728061810913,2015,0
0,0.0280708675701452,2015,0
0,0.0280708675701452,2015,0
0,0.0280708675701452,2015,0
0,0.0280708675701452,2015,0
0,0.0280708675701452,2015,0
0,0.0280708675701452,2015,0
0,0.0280708675701452,2015,0
0,0.0263300733228717,2015,0
0,0.0263300733228717,2015,0
0,0.0163485728373272,2015,0
0,0.0348918911789305,2015,0
0,0.0348918911789305,2015,0
0,0.0348918911789305,2015,0
0,0.0348918911789305,2015,0
0,0.0348918911789305,2015,0
0,0.0348918911789305,2015,0
0,0.0511279879533814,2015,0
0,0.0494442151667603,2015,0
0,0.0360338256284337,2015,0
0,0.0360338256284337,2015,0
0,0.0360338256284337,2015,0
0,0.0360338256284337,2015,0
0,0.0360338256284337,2015,0
0,0.0360338256284337,2015,0
0,0.0360338256284337,2015,0
0,0.0360338256284337,2015,0
0,0.0360338256284337,2015,0
0,0.0265167831537592,2015,0
0,0.0265167831537592,2015,0
0,0.12854616952355,2015,0
0,0.0245669291053191,2015,0
0,0.0367660195291348,2015,0
0,0.0367660195291348,2015,0
0,0.0261456712707271,2015,0
0,0.0261456712707271,2015,0
0,0.0621769253102061,2015,0
0,0.0550934805643361,2015,0
0,0.0485498072873188,2015,0
0,0.0550934805643361,2015,0
0,0.0550934805643361,2015,0
0,0.0550934805643361,2015,0
0,0.0550934805643361,2015,0
0,0.0550934805643361,2015,0
0,0.055035059858886,2015,0
0,0.0513166020090527,2015,0
0,0.0613374078166282,2015,0
0,0.0676399857065646,2015,0
0,0.0684323458877827,2015,0
0,0.0613374078166282,2015,0
0,0.0548652254015097,2015,0
0,0.0627467781765646,2015,0
0,0.0627467781765646,2015,0
0,0.0627467781765646,2015,0
0,0.0627467781765646,2015,0
0,0.0627467781765646,2015,0
0,0.0627467781765646,2015,0
0,0.0627467781765646,2015,0
0,0.0627467781765646,2015,0
0,0.0581182830698809,2015,0
0,0.0627467781765646,2015,0
0,0.0487054973585417,2015,0
0,0.0627467781765646,2015,0
0,0.0627467781765646,2015,0
0,0.0627467781765646,2015,0
0,0.0244536998852963,2015,0
0,0.0257076868500381,2015,0
0,0.0243383941633445,2015,0
0,0.0243383941633445,2015,0
0,0.0580076905481563,2015,0
0,0.0258342351060016,2015,0
0,0.0258342351060016,2015,0
0,0.0258342351060016,2015,0
0,0.0258342351060016,2015,0
0,0.0279273718203569,2015,0
0,0.0279273718203569,2015,0
0,0.0279273718203569,2015,0
0,0.0279273718203569,2015,0
0,0.0279273718203569,2015,0
0,0.0279273718203569,2015,0
0,0.0279273718203569,2015,0
0,0.0258434228411659,2015,0
0,0.0258434228411659,2015,0
0,0.0223970967042595,2015,0
0,0.0332036770345961,2015,0
0,0.0332036770345961,2015,0
0,0.0332036770345961,2015,0
0,0.0332036770345961,2015,0
0,0.0332036770345961,2015,0
0,0.0332036770345961,2015,0
0,0.0513927068563747,2015,0
0,0.0513927068563747,2015,0
0,0.0499608898655715,2015,0
0,0.042444988177161,2015,0
0,0.0219470975698478,2015,0
0,0.0325620094383511,2015,0
0,0.0325620094383511,2015,0
0,0.0325620094383511,2015,0
0,0.0325620094383511,2015,0
0,0.0325620094383511,2015,0
0,0.0325620094383511,2015,0
0,0.0325620094383511,2015,0
0,0.0325620094383511,2015,0
0,0.0325620094383511,2015,0
0,0.0325620094383511,2015,0
0,0.0325620094383511,2015,0
0,0.0325620094383511,2015,0
0,0.0325620094383511,2015,0
0,0.0325620094383511,2015,0
0,0.0253642007247974,2015,0
0,0.0253642007247974,2015,0
0,0.021303241611374,2015,0
0,0.123831515444564,2015,0
0,0.0224074001039658,2015,0
0,0.0207096066427082,2015,0
0,0.0333756350985842,2015,0
0,0.0333756350985842,2015,0
0,0.0247779804305722,2015,0
0,0.0247779804305722,2015,0
0,0.0586196458844307,2015,0
0,0.0521974240496227,2015,0
0,0.0521974240496227,2015,0
0,0.0521974240496227,2015,0
0,0.0462293455079446,2015,0
0,0.0521974240496227,2015,0
0,0.0521974240496227,2015,0
0,0.0480234611944492,2015,0
0,0.0622631131615822,2015,0
0,0.0518780753871363,2015,0
0,0.0629223307897806,2015,0
0,0.0521416777165608,2015,0
0,0.0917861241439142,2015,0
0,0.0617288542465187,2015,0
0,0.0464285788886058,2015,0
0,0.0617288542465187,2015,0
0,0.0617288542465187,2015,0
0,0.0617288542465187,2015,0
0,0.0617288542465187,2015,0
0,0.0617288542465187,2015,0
0,0.0617288542465187,2015,0
0,0.0617288542465187,2015,0
0,0.0617288542465187,2015,0
0,0.0617288542465187,2015,0
0,0.0575948493725854,2015,0
0,0.0617288542465187,2015,0
0,0.0617288542465187,2015,0
0,0.0196716030376795,2015,0
0,0.0245491530973627,2015,0
0,0.0193912993644116,2015,0
0,0.0193912993644116,2015,0
0,0.0193912993644116,2015,0
0,0.0193912993644116,2015,0
0,0.0522711158305912,2015,0
0,0.024580272883946,2015,0
0,0.024580272883946,2015,0
0,0.024580272883946,2015,0
0,0.024580272883946,2015,0
0,0.0247507595276893,2015,0
0,0.0247507595276893,2015,0
0,0.0247507595276893,2015,0
0,0.0247507595276893,2015,0
0,0.0247507595276893,2015,0
0,0.0247507595276893,2015,0
0,0.0247507595276893,2015,0
0,0.0243569947359509,2015,0
0,0.0243569947359509,2015,0
0,0.0195684277418587,2015,0
0,0.0195684277418587,2015,0
0,0.0330343037431098,2015,0
0,0.0330343037431098,2015,0
0,0.0330343037431098,2015,0
0,0.0330343037431098,2015,0
0,0.0330343037431098,2015,0
0,0.0330343037431098,2015,0
0,0.0481952807146544,2015,0
0,0.0481952807146544,2015,0
0,0.0481952807146544,2015,0
0,0.0481952807146544,2015,0
0,0.0260977501237759,2015,0
0,0.0260977501237759,2015,0
0,0.0444042522541396,2015,0
0,0.0388211560189707,2015,0
0,0.0195758133482102,2015,0
0,0.0327999878863788,2015,0
0,0.0327999878863788,2015,0
0,0.0327999878863788,2015,0
0,0.0327999878863788,2015,0
0,0.0327999878863788,2015,0
0,0.0327999878863788,2015,0
0,0.0327999878863788,2015,0
0,0.0327999878863788,2015,0
0,0.0327999878863788,2015,0
0,0.0327999878863788,2015,0
0,0.0327999878863788,2015,0
0,0.0327999878863788,2015,0
0,0.0327999878863788,2015,0
0,0.0327999878863788,2015,0
0,0.0240767663441225,2015,0
0,0.0240767663441225,2015,0
0,0.0196935587217272,2015,0
0,0.114378341446123,2015,0
0,0.0224280898279803,2015,0
0,0.0198969391185339,2015,0
0,0.029254290991022,2015,0
0,0.029254290991022,2015,0
0,0.0235331976620961,2015,0
0,0.0235331976620961,2015,0
0,0.0599421731786504,2015,0
0,0.0512118130574671,2015,0
0,0.0512118130574671,2015,0
0,0.0455411529014547,2015,0
0,0.0512118130574671,2015,0
0,0.0512118130574671,2015,0
0,0.0512118130574671,2015,0
0,0.0501784190049877,2015,0
0,0.0589987439280131,2015,0
0,0.059564928749011,2015,0
0,0.0462020529845703,2015,0
0,0.049571284190349,2015,0
0,0.0793790730871005,2015,0
0,0.0580365000726079,2015,0
0,0.0580365000726079,2015,0
0,0.0580365000726079,2015,0
0,0.0580365000726079,2015,0
0,0.0580365000726079,2015,0
0,0.0580365000726079,2015,0
0,0.0580365000726079,2015,0
0,0.0544295553455567,2015,0
0,0.0580365000726079,2015,0
0,0.0580365000726079,2015,0
0,0.0580365000726079,2015,0
0,0.0580365000726079,2015,0
0,0.0419462886013607,2015,0
0,0.0580365000726079,2015,0
0,0.0580365000726079,2015,0
0,0.0201803183856987,2015,0
0,0.0201803183856987,2015,0
0,0.0236733484878474,2015,0
0,0.0236733484878474,2015,0
0,0.0208544324411083,2015,0
0,0.0208544324411083,2015,0
0,0.0208544324411083,2015,0
0,0.0509013521620715,2015,0
0,0.0238783395877709,2015,0
0,0.0238783395877709,2015,0
0,0.0238783395877709,2015,0
0,0.0238783395877709,2015,0
0,0.0257834638890499,2015,0
0,0.0257834638890499,2015,0
0,0.0257834638890499,2015,0
0,0.0257834638890499,2015,0
0,0.0257834638890499,2015,0
0,0.0257834638890499,2015,0
0,0.0257834638890499,2015,0
0,0.0238644004426219,2015,0
0,0.0238644004426219,2015,0
0,0.0225735198959385,2015,0
0,0.0225735198959385,2015,0
0,0.0347991119385167,2015,0
0,0.0347991119385167,2015,0
0,0.0347991119385167,2015,0
0,0.0347991119385167,2015,0
0,0.0347991119385167,2015,0
0,0.0486024407797783,2015,0
0,0.0486024407797783,2015,0
0,0.0486024407797783,2015,0
0,0.0266123803249674,2015,0
0,0.0266123803249674,2015,0
0,0.0447392024590516,2015,0
0,0.0424743849351852,2015,0
0,0.0357433775276141,2015,0
0,0.0357433775276141,2015,0
0,0.0357433775276141,2015,0
0,0.0357433775276141,2015,0
0,0.0244503173936171,2015,0
0,0.0253654854714682,2015,0
0,0.119804133569789,2015,0
0,0.0254384108372068,2015,0
0,0.0324897326654879,2015,0
0,0.0324897326654879,2015,0
0,0.0266957556879324,2015,0
0,0.0266957556879324,2015,0
0,0.0667115499765865,2015,0
0,0.0557006252665172,2015,0
0,0.0557006252665172,2015,0
0,0.0492295843196706,2015,0
0,0.0557006252665172,2015,0
0,0.0557006252665172,2015,0
0,0.0557006252665172,2015,0
0,0.0557006252665172,2015,0
0,0.0516354908861094,2015,0
0,0.0678024103247239,2015,0
0,0.0670850866775839,2015,0
0,0.055548050078078,2015,0
0,0.0529240970357886,2015,0
0,0.060439166171501,2015,0
0,0.060439166171501,2015,0
0,0.060439166171501,2015,0
0,0.0449805727837646,2015,0
0,0.060439166171501,2015,0
0,0.060439166171501,2015,0
0,0.060439166171501,2015,0
0,0.060439166171501,2015,0
0,0.060439166171501,2015,0
0,0.05648339008175,2015,0
0,0.060439166171501,2015,0
0,0.060439166171501,2015,0
0,0.060439166171501,2015,0
0,0.060439166171501,2015,0
0,0.060439166171501,2015,0
0,0.0258564389550555,2015,0
0,0.0269577365456815,2015,0
0,0.0263394613057913,2015,0
0,0.0263394613057913,2015,0
0,0.0269861234507342,2015,0
0,0.0299362188496938,2015,0
0,0.0299362188496938,2015,0
0,0.0299362188496938,2015,0
0,0.0299362188496938,2015,0
0,0.0299362188496938,2015,0
0,0.0299362188496938,2015,0
0,0.0299362188496938,2015,0
0,0.0277136575509191,2015,0
0,0.0277136575509191,2015,0
0,0.0277136575509191,2015,0
0,0.0277136575509191,2015,0
0,0.026613864507921,2015,0
0,0.0390895202170758,2015,0
0,0.0390895202170758,2015,0
0,0.0390895202170758,2015,0
0,0.0390895202170758,2015,0
0,0.0390895202170758,2015,0
0,0.0390895202170758,2015,0
0,0.0390895202170758,2015,0
0,0.0390895202170758,2015,0
0,0.0390895202170758,2015,0
0,0.0276127613337983,2015,0
0,0.0550762432985043,2015,0
0,0.0550762432985043,2015,0
0,0.0550762432985043,2015,0
0,0.0319837862329284,2015,0
0,0.0319837862329284,2015,0
0,0.0500047040797201,2015,0
0,0.0460207962020116,2015,0
0,0.0391783140232438,2015,0
0,0.0391783140232438,2015,0
0,0.0391783140232438,2015,0
0,0.0391783140232438,2015,0
0,0.0391783140232438,2015,0
0,0.0273827845135006,2015,0
0,0.126357037101747,2015,0
0,0.0265767432604252,2015,0
0,0.0521917352633766,2015,0
0,0.0330900585770674,2015,0
0,0.0330900585770674,2015,0
0,0.0279118335312378,2015,0
0,0.0279118335312378,2015,0
0,0.0669368450214622,2015,0
0,0.0461158953161379,2015,0
0,0.0461158953161379,2015,0
0,0.0556122484487487,2015,0
0,0.0486562228586633,2015,0
0,0.0556122484487487,2015,0
0,0.0556122484487487,2015,0
0,0.0556122484487487,2015,0
0,0.0556122484487487,2015,0
0,0.0693770492764561,2015,0
0,0.0523402259769179,2015,0
0,0.0701579074469107,2015,0
0,0.0561323886251436,2015,0
0,0.0528716065124471,2015,0
0,0.0570854593242432,2015,0
0,0.0611115474956562,2015,0
0,0.0611115474956562,2015,0
0,0.0611115474956562,2015,0
0,0.045969393912697,2015,0
0,0.0611115474956562,2015,0
0,0.0611115474956562,2015,0
0,0.0611115474956562,2015,0
0,0.0611115474956562,2015,0
0,0.0611115474956562,2015,0
0,0.0611115474956562,2015,0
0,0.0611115474956562,2015,0
0,0.0611115474956562,2015,0
0,0.0611115474956562,2015,0
0,0.0611115474956562,2015,0
0,0.0271357426311464,2015,0
0,0.028344615933116,2015,0
0,0.028344615933116,2015,0
0,0.0284856478064207,2015,0
0,0.0284856478064207,2015,0
0,0.0284856478064207,2015,0
0,0.0271214569448947,2015,0
0,0.0271214569448947,2015,0
0,0.0293628834879272,2015,0
0,0.0293628834879272,2015,0
0,0.0293628834879272,2015,0
0,0.0293628834879272,2015,0
0,0.0293628834879272,2015,0
0,0.0293628834879272,2015,0
0,0.0293628834879272,2015,0
0,0.0281032920828014,2015,0
0,0.0281032920828014,2015,0
0,0.0281032920828014,2015,0
0,0.0281032920828014,2015,0
0,0.0281032920828014,2015,0
0,0.0281032920828014,2015,0
0,0.0281032920828014,2015,0
0,0.0263700140801197,2015,0
0,0.0353008359637483,2015,0
0,0.0353008359637483,2015,0
0,0.0353008359637483,2015,0
0,0.0353008359637483,2015,0
0,0.0353008359637483,2015,0
0,0.0353008359637483,2015,0
0,0.0353008359637483,2015,0
0,0.0353008359637483,2015,0
0,0.0281846388021379,2015,0
0,0.0564194765288613,2015,0
0,0.0337745845607177,2015,0
0,0.0337745845607177,2015,0
0,0.0455594239969345,2015,0
0,0.0457767748844961,2015,0
0,0.0263518504345464,2015,0
0,0.0349608773950609,2015,0
0,0.0349608773950609,2015,0
0,0.0349608773950609,2015,0
0,0.0349608773950609,2015,0
0,0.0349608773950609,2015,0
0,0.0349608773950609,2015,0
0,0.0349608773950609,2015,0
0,0.0349608773950609,2015,0
0,0.0283631183929862,2015,0
0,0.02787252441114,2015,0
0,0.128251547420076,2015,0
0,0.0628247600766682,2015,0
0,0.0259572731874053,2015,0
0,0.0530331216627466,2015,0
0,0.0325578876476178,2015,0
0,0.0325578876476178,2015,0
0,0.0270719151276279,2015,0
0,0.0270719151276279,2015,0
0,0.0629369070207048,2015,0
0,0.0397106023085255,2015,0
0,0.0397106023085255,2015,0
0,0.0397106023085255,2015,0
0,0.0397106023085255,2015,0
0,0.0397106023085255,2015,0
0,0.0520280687927483,2015,0
0,0.0520280687927483,2015,0
0,0.0520280687927483,2015,0
0,0.0520280687927483,2015,0
0,0.0520280687927483,2015,0
0,0.047066357347609,2015,0
0,0.0572642168571856,2015,0
0,0.0648858441899604,2015,0
0,0.0643602747059276,2015,0
0,0.0662486383220759,2015,0
0,0.0527862269920457,2015,0
0,0.0662486383220759,2015,0
0,0.0512791477917887,2015,0
0,0.0431537040332361,2015,0
0,0.0611271882632619,2015,0
0,0.0611271882632619,2015,0
0,0.0611271882632619,2015,0
0,0.0611271882632619,2015,0
0,0.0611271882632619,2015,0
0,0.0611271882632619,2015,0
0,0.0611271882632619,2015,0
0,0.0611271882632619,2015,0
0,0.0611271882632619,2015,0
0,0.0611271882632619,2015,0
0,0.0611271882632619,2015,0
0,0.0611271882632619,2015,0
0,0.0611271882632619,2015,0
0,0.0611271882632619,2015,0
0,0.0611271882632619,2015,0
0,0.0611271882632619,2015,0
0,0.0611271882632619,2015,0
0,0.0611271882632619,2015,0
0,0.0611271882632619,2015,0
0,0.0431537040332361,2015,0
0,0.0611271882632619,2015,0
0,0.0579276137612006,2015,0
0,0.0611271882632619,2015,0
0,0.0611271882632619,2015,0
0,0.0611271882632619,2015,0
0,0.0611271882632619,2015,0
0,0.0611271882632619,2015,0
0,0.0265103700330208,2015,0
0,0.0270395387628572,2015,0
0,0.0270395387628572,2015,0
0,0.0270395387628572,2015,0
0,0.0209621922571111,2015,0
0,0.0209621922571111,2015,0
0,0.0209621922571111,2015,0
0,0.0271655771765768,2015,0
0,0.0253728246948676,2015,0
0,0.0253728246948676,2015,0
0,0.0253728246948676,2015,0
0,0.0253728246948676,2015,0
0,0.0253728246948676,2015,0
0,0.0253728246948676,2015,0
0,0.0253728246948676,2015,0
0,0.0262266524372942,2015,0
0,0.0262266524372942,2015,0
0,0.0262266524372942,2015,0
0,0.0262266524372942,2015,0
0,0.0262266524372942,2015,0
0,0.0262266524372942,2015,0
0,0.0163495718641874,2015,0
0,0.0263026091523047,2015,0
0,0.0337353915200456,2015,0
0,0.0337353915200456,2015,0
0,0.0337353915200456,2015,0
0,0.0337353915200456,2015,0
0,0.0337353915200456,2015,0
0,0.0337353915200456,2015,0
0,0.0259321924023088,2015,0
0,0.0516707565482254,2015,0
0,0.0294866627828139,2015,0
0,0.0294866627828139,2015,0
0,0.042613762742124,2015,0
0,0.0339119626967144,2015,0
0,0.0339119626967144,2015,0
0,0.0339119626967144,2015,0
0,0.0339119626967144,2015,0
0,0.0339119626967144,2015,0
0,0.0339119626967144,2015,0
0,0.0339119626967144,2015,0
0,0.0339119626967144,2015,0
0,0.0339119626967144,2015,0
0,0.026099067780447,2015,0
0,0.0259352720671485,2015,0
0,0.123287535052471,2015,0
0,0.0278513600985545,2015,0
0,0.0586968132513622,2015,0
0,0.0586968132513622,2015,0
0,0.0371422749187414,2015,0
0,0.0371422749187414,2015,0
0,0.0262923630032219,2015,0
0,0.0262923630032219,2015,0
0,0.0580227750860175,2015,0
0,0.0597864362889433,2015,0
0,0.0357561028717172,2015,0
0,0.0357561028717172,2015,0
0,0.0357561028717172,2015,0
0,0.0357561028717172,2015,0
0,0.0357561028717172,2015,0
0,0.0357561028717172,2015,0
0,0.0488271257538795,2015,0
0,0.0488271257538795,2015,0
0,0.0488271257538795,2015,0
0,0.0488271257538795,2015,0
0,0.0488271257538795,2015,0
0,0.0488271257538795,2015,0
0,0.0601438607180614,2015,0
0,0.0597084498199624,2015,0
0,0.0432846837110288,2015,0
0,0.0609889875822532,2015,0
0,0.0609889875822532,2015,0
0,0.0609889875822532,2015,0
0,0.0609889875822532,2015,0
0,0.0609889875822532,2015,0
0,0.0609889875822532,2015,0
0,0.0609889875822532,2015,0
0,0.0609889875822532,2015,0
0,0.0609889875822532,2015,0
0,0.0425033851150845,2015,0
0,0.0609889875822532,2015,0
0,0.0609889875822532,2015,0
0,0.0609889875822532,2015,0
0,0.0578464583831861,2015,0
0,0.0609889875822532,2015,0
0,0.0609889875822532,2015,0
0,0.0425033851150845,2015,0
0,0.0609889875822532,2015,0
0,0.0609889875822532,2015,0
0,0.0609889875822532,2015,0
0,0.0609889875822532,2015,0
0,0.0609889875822532,2015,0
0,0.0609889875822532,2015,0
0,0.0609889875822532,2015,0
0,0.0609889875822532,2015,0
0,0.0609889875822532,2015,0
0,0.0609889875822532,2015,0
0,0.0609889875822532,2015,0
0,0.0609889875822532,2015,0
0,0.0281299367466241,2015,0
0,0.0268151463329878,2015,0
0,0.0268151463329878,2015,0
0,0.0268151463329878,2015,0
0,0.0176234231548975,2015,0
0,0.0176234231548975,2015,0
0,0.0176234231548975,2015,0
0,0.0281201582096804,2015,0
0,0.0263605626657536,2015,0
0,0.0231842092198653,2015,0
0,0.0231842092198653,2015,0
0,0.0231842092198653,2015,0
0,0.0231842092198653,2015,0
0,0.0231842092198653,2015,0
0,0.0231842092198653,2015,0
0,0.0231842092198653,2015,0
0,0.0262471775649831,2015,0
0,0.0262471775649831,2015,0
0,0.0262471775649831,2015,0
0,0.0262471775649831,2015,0
0,0.0262471775649831,2015,0
0,0.0262471775649831,2015,0
0,0.0266319117006353,2015,0
0,0.0374875901045209,2015,0
0,0.0374875901045209,2015,0
0,0.0374875901045209,2015,0
0,0.0374875901045209,2015,0
0,0.0374875901045209,2015,0
0,0.0374875901045209,2015,0
0,0.0505165961118271,2015,0
0,0.0411311350070716,2015,0
0,0.0423153523798309,2015,0
0,0.067653093000016,2015,0
0,0.0369998772794122,2015,0
0,0.0369998772794122,2015,0
0,0.0369998772794122,2015,0
0,0.0369998772794122,2015,0
0,0.0369998772794122,2015,0
0,0.0369998772794122,2015,0
0,0.0369998772794122,2015,0
0,0.0369998772794122,2015,0
0,0.0369998772794122,2015,0
0,0.0369998772794122,2015,0
0,0.0244881472198656,2015,0
0,0.0251739607771933,2015,0
0,0.124853910295745,2015,0
0,0.0233760987246446,2015,0
0,0.0572979388066468,2015,0
0,0.0572979388066468,2015,0
0,0.0341874239686759,2015,0
0,0.0341874239686759,2015,0
0,0.0250549794503683,2015,0
0,0.0250549794503683,2015,0
0,0.0566646991812786,2015,0
0,0.036504223633474,2015,0
0,0.036504223633474,2015,0
0,0.036504223633474,2015,0
0,0.036504223633474,2015,0
0,0.036504223633474,2015,0
0,0.036504223633474,2015,0
0,0.046842700248325,2015,0
0,0.046842700248325,2015,0
0,0.046842700248325,2015,0
0,0.046842700248325,2015,0
0,0.046842700248325,2015,0
0,0.0561087775619468,2015,0
0,0.0377471461267273,2015,0
0,0.0530092506772744,2015,0
0,0.0530092506772744,2015,0
0,0.0530092506772744,2015,0
0,0.0530092506772744,2015,0
0,0.0530092506772744,2015,0
0,0.0530092506772744,2015,0
0,0.0530092506772744,2015,0
0,0.0530092506772744,2015,0
0,0.0530092506772744,2015,0
0,0.0494602822011596,2015,0
0,0.0530092506772744,2015,0
0,0.0530092506772744,2015,0
0,0.0530092506772744,2015,0
0,0.0530092506772744,2015,0
0,0.0530092506772744,2015,0
0,0.0530092506772744,2015,0
0,0.0530092506772744,2015,0
0,0.0530092506772744,2015,0
0,0.0530092506772744,2015,0
0,0.0530092506772744,2015,0
0,0.0530092506772744,2015,0
0,0.0530092506772744,2015,0
0,0.0530092506772744,2015,0
0,0.0530092506772744,2015,0
0,0.0530092506772744,2015,0
0,0.0530092506772744,2015,0
0,0.0530092506772744,2015,0
0,0.0377471461267273,2015,0
0,0.0247444452645375,2015,0
0,0.0247444452645375,2015,0
0,0.0247444452645375,2015,0
0,0.0192090302770628,2015,0
0,0.0192090302770628,2015,0
0,0.0192090302770628,2015,0
0,0.022265484816039,2015,0
0,0.0480537826086872,2015,0
0,0.0231913318025057,2015,0
0,0.0231913318025057,2015,0
0,0.0231913318025057,2015,0
0,0.0231913318025057,2015,0
0,0.0231913318025057,2015,0
0,0.0231913318025057,2015,0
0,0.0231913318025057,2015,0
0,0.0246614058366604,2015,0
0,0.0246614058366604,2015,0
0,0.0246614058366604,2015,0
0,0.0229173089217844,2015,0
0,0.0365728252657801,2015,0
0,0.0609859028052495,2015,0
0,0.0366950113885179,2015,0
0,0.0366950113885179,2015,0
0,0.0366950113885179,2015,0
0,0.0366950113885179,2015,0
0,0.0366950113885179,2015,0
0,0.0366950113885179,2015,0
0,0.0366950113885179,2015,0
0,0.0366950113885179,2015,0
0,0.0366950113885179,2015,0
0,0.0366950113885179,2015,0
0,0.0366950113885179,2015,0
0,0.0366950113885179,2015,0
0,0.0582515547008024,2015,0
0,0.0582515547008024,2015,0
0,0.0549937912605228,2015,0
0,0.0549937912605228,2015,0
0,0.0314737342509788,2015,0
0,0.0314737342509788,2015,0
0,0.0241879582990679,2015,0
0,0.0241879582990679,2015,0
0,0.0586301491964659,2015,0
0,0.035413250551435,2015,0
0,0.035413250551435,2015,0
0,0.035413250551435,2015,0
0,0.035413250551435,2015,0
0,0.04701577077231,2015,0
0,0.04701577077231,2015,0
0,0.04701577077231,2015,0
0,0.0579911325352681,2015,0
0,0.0501316070085733,2015,0
0,0.0529704310894623,2015,0
0,0.0529704310894623,2015,0
0,0.0529704310894623,2015,0
0,0.0529704310894623,2015,0
0,0.0529704310894623,2015,0
0,0.0529704310894623,2015,0
0,0.0529704310894623,2015,0
0,0.0365521857382107,2015,0
0,0.0365521857382107,2015,0
0,0.0529704310894623,2015,0
0,0.0529704310894623,2015,0
0,0.0529704310894623,2015,0
0,0.0529704310894623,2015,0
0,0.0529704310894623,2015,0
0,0.0529704310894623,2015,0
0,0.0529704310894623,2015,0
0,0.0529704310894623,2015,0
0,0.0529704310894623,2015,0
0,0.0529704310894623,2015,0
0,0.0529704310894623,2015,0
0,0.0529704310894623,2015,0
0,0.0529704310894623,2015,0
0,0.0529704310894623,2015,0
0,0.0529704310894623,2015,0
0,0.0529704310894623,2015,0
0,0.0529704310894623,2015,0
0,0.0497725163407177,2015,0
0,0.0529704310894623,2015,0
0,0.0529704310894623,2015,0
0,0.0529704310894623,2015,0
0,0.0529704310894623,2015,0
0,0.0233278065169024,2015,0
0,0.0233278065169024,2015,0
0,0.0233278065169024,2015,0
0,0.0233278065169024,2015,0
0,0.023874104021396,2015,0
0,0.0470529077634175,2015,0
0,0.023875160762816,2015,0
0,0.023875160762816,2015,0
0,0.023875160762816,2015,0
0,0.023875160762816,2015,0
0,0.023875160762816,2015,0
0,0.023875160762816,2015,0
0,0.023875160762816,2015,0
0,0.0241987183060929,2015,0
0,0.0241987183060929,2015,0
0,0.0241987183060929,2015,0
0,0.0241987183060929,2015,0
0,0.0241987183060929,2015,0
0,0.0191391205635126,2015,0
0,0.0191391205635126,2015,0
0,0.0243044405960971,2015,0
0,0.0281054583044953,2015,0
0,0.031995602227523,2015,0
0,0.031995602227523,2015,0
0,0.031995602227523,2015,0
0,0.031995602227523,2015,0
0,0.031995602227523,2015,0
0,0.031995602227523,2015,0
0,0.031995602227523,2015,0
0,0.031995602227523,2015,0
0,0.031995602227523,2015,0
0,0.031995602227523,2015,0
0,0.031995602227523,2015,0
0,0.031995602227523,2015,0
0,0.031995602227523,2015,0
0,0.031995602227523,2015,0
0,0.031995602227523,2015,0
0,0.031995602227523,2015,0
0,0.031995602227523,2015,0
0,0.031995602227523,2015,0
0,0.031995602227523,2015,0
0,0.0241294748425328,2015,0
0,0.0584589927923101,2015,0
0,0.0584589927923101,2015,0
0,0.0510169990146019,2015,0
0,0.0510169990146019,2015,0
0,0.0237654948710675,2015,0
0,0.0272060909791224,2015,0
0,0.0338880280637144,2015,0
0,0.0338880280637144,2015,0
0,0.0338880280637144,2015,0
0,0.0338880280637144,2015,0
0,0.0603090133025751,2015,0
0,0.0571145960366209,2015,0
0,0.0603090133025751,2015,0
0,0.0603090133025751,2015,0
0,0.0603090133025751,2015,0
0,0.0603090133025751,2015,0
0,0.0603090133025751,2015,0
0,0.0603090133025751,2015,0
0,0.0603090133025751,2015,0
0,0.0603090133025751,2015,0
0,0.0603090133025751,2015,0
0,0.0418622795623469,2015,0
0,0.0603090133025751,2015,0
0,0.0603090133025751,2015,0
0,0.0603090133025751,2015,0
0,0.0603090133025751,2015,0
0,0.0603090133025751,2015,0
0,0.0603090133025751,2015,0
0,0.0603090133025751,2015,0
0,0.0603090133025751,2015,0
0,0.0603090133025751,2015,0
0,0.0603090133025751,2015,0
0,0.0603090133025751,2015,0
0,0.0603090133025751,2015,0
0,0.0418622795623469,2015,0
0,0.0603090133025751,2015,0
0,0.0603090133025751,2015,0
0,0.0603090133025751,2015,0
0,0.0603090133025751,2015,0
0,0.0603090133025751,2015,0
0,0.0603090133025751,2015,0
0,0.0603090133025751,2015,0
0,0.0603090133025751,2015,0
0,0.0237014677561152,2015,0
0,0.0237014677561152,2015,0
0,0.0237014677561152,2015,0
0,0.023725397132202,2015,0
0,0.0445961222865305,2015,0
0,0.0225058439709785,2015,0
0,0.0225058439709785,2015,0
0,0.0225058439709785,2015,0
0,0.0225058439709785,2015,0
0,0.0225058439709785,2015,0
0,0.0225058439709785,2015,0
0,0.0225058439709785,2015,0
0,0.0239263227304047,2015,0
0,0.0239263227304047,2015,0
0,0.0239263227304047,2015,0
0,0.0239263227304047,2015,0
0,0.011506143488715,2015,0
0,0.019696185577136,2015,0
0,0.019696185577136,2015,0
0,0.0318343185739489,2015,0
0,0.0318343185739489,2015,0
0,0.0318343185739489,2015,0
0,0.0318343185739489,2015,0
0,0.0318343185739489,2015,0
0,0.0318343185739489,2015,0
0,0.0318343185739489,2015,0
0,0.0318343185739489,2015,0
0,0.0318343185739489,2015,0
0,0.0318343185739489,2015,0
0,0.0318343185739489,2015,0
0,0.0318343185739489,2015,0
0,0.0318343185739489,2015,0
0,0.0318343185739489,2015,0
0,0.0318343185739489,2015,0
0,0.0318343185739489,2015,0
0,0.0318343185739489,2015,0
0,0.0318343185739489,2015,0
0,0.0318343185739489,2015,0
0,0.0242048697886136,2015,0
0,0.0202211033529658,2015,0
0,0.0616893466019749,2015,0
0,0.0565700219631794,2015,0
0,0.0565700219631794,2015,0
0,0.0242924502768657,2015,0
0,0.0311413011864324,2015,0
0,0.0374679251614049,2015,0
0,0.0374679251614049,2015,0
0,0.0374679251614049,2015,0
0,0.168325328566559,2015,0
0,0.0641642585849378,2015,0
0,0.0641642585849378,2015,0
0,0.0641642585849378,2015,0
0,0.0641642585849378,2015,0
0,0.0641642585849378,2015,0
0,0.0641642585849378,2015,0
0,0.0641642585849378,2015,0
0,0.0641642585849378,2015,0
0,0.0641642585849378,2015,0
0,0.0641642585849378,2015,0
0,0.0641642585849378,2015,0
0,0.0641642585849378,2015,0
0,0.0602821930624748,2015,0
0,0.0641642585849378,2015,0
0,0.0641642585849378,2015,0
0,0.0641642585849378,2015,0
0,0.0641642585849378,2015,0
0,0.0468146023170972,2015,0
0,0.0641642585849378,2015,0
0,0.0641642585849378,2015,0
0,0.0468146023170972,2015,0
0,0.0641642585849378,2015,0
0,0.0641642585849378,2015,0
0,0.0641642585849378,2015,0
0,0.0238197019765179,2015,0
0,0.0238197019765179,2015,0
0,0.0128786986073887,2015,0
0,0.0231323412709912,2015,0
0,0.0231323412709912,2015,0
0,0.0231323412709912,2015,0
0,0.02537917976264,2015,0
0,0.02537917976264,2015,0
0,0.02537917976264,2015,0
0,0.02537917976264,2015,0
0,0.02537917976264,2015,0
0,0.02537917976264,2015,0
0,0.02537917976264,2015,0
0,0.0229031778201321,2015,0
0,0.0229031778201321,2015,0
0,0.0229031778201321,2015,0
0,0.0229031778201321,2015,0
0,0.0229031778201321,2015,0
0,0.0132832599440932,2015,0
0,0.0218188450262917,2015,0
0,0.0457447018369366,2015,0
0,0.040584365324771,2015,0
0,0.0366628638732822,2015,0
0,0.0366628638732822,2015,0
0,0.0366628638732822,2015,0
0,0.0366628638732822,2015,0
0,0.0366628638732822,2015,0
0,0.0366628638732822,2015,0
0,0.0366628638732822,2015,0
0,0.0366628638732822,2015,0
0,0.0366628638732822,2015,0
0,0.0366628638732822,2015,0
0,0.0366628638732822,2015,0
0,0.0366628638732822,2015,0
0,0.0366628638732822,2015,0
0,0.0366628638732822,2015,0
0,0.0366628638732822,2015,0
0,0.0366628638732822,2015,0
0,0.0366628638732822,2015,0
0,0.0366628638732822,2015,0
0,0.0366628638732822,2015,0
0,0.0226713008555171,2015,0
0,0.0246910685207463,2015,0
0,0.0626071112547711,2015,0
0,0.0626352501448004,2015,0
0,0.0626352501448004,2015,0
0,0.0226551960386573,2015,0
0,0.0400441074999391,2015,0
0,0.0655765902981367,2015,0
0,0.0655765902981367,2015,0
0,0.0655765902981367,2015,0
0,0.0655765902981367,2015,0
0,0.0655765902981367,2015,0
0,0.0655765902981367,2015,0
0,0.0655765902981367,2015,0
0,0.0655765902981367,2015,0
0,0.0655765902981367,2015,0
0,0.0655765902981367,2015,0
0,0.0618001544884633,2015,0
0,0.0655765902981367,2015,0
0,0.0655765902981367,2015,0
0,0.0473902578137632,2015,0
0,0.0473902578137632,2015,0
0,0.0226613713515539,2015,0
0,0.0450354489183585,2015,0
0,0.0450354489183585,2015,0
0,0.0450354489183585,2015,0
0,0.0224004148405573,2015,0
0,0.0224004148405573,2015,0
0,0.028682437551835,2015,0
0,0.028682437551835,2015,0
0,0.028682437551835,2015,0
0,0.028682437551835,2015,0
0,0.028682437551835,2015,0
0,0.028682437551835,2015,0
0,0.028682437551835,2015,0
0,0.0226406586201055,2015,0
0,0.0226406586201055,2015,0
0,0.0226406586201055,2015,0
0,0.0226406586201055,2015,0
0,0.0226406586201055,2015,0
0,0.0139598047324009,2015,0
0,0.0231419012742917,2015,0
0,0.0459326328348338,2015,0
0,0.0412045081910568,2015,0
0,0.0396293029793422,2015,0
0,0.0396293029793422,2015,0
0,0.0396293029793422,2015,0
0,0.0396293029793422,2015,0
0,0.0396293029793422,2015,0
0,0.0396293029793422,2015,0
0,0.0396293029793422,2015,0
0,0.0396293029793422,2015,0
0,0.0396293029793422,2015,0
0,0.0396293029793422,2015,0
0,0.0396293029793422,2015,0
0,0.0396293029793422,2015,0
0,0.0396293029793422,2015,0
0,0.0396293029793422,2015,0
0,0.0396293029793422,2015,0
0,0.0396293029793422,2015,0
0,0.0396293029793422,2015,0
0,0.0396293029793422,2015,0
0,0.0232827976994833,2015,0
0,0.0638834520987957,2015,0
0,0.0254056172378952,2015,0
0,0.036005587827277,2015,0
0,0.036005587827277,2015,0
0,0.036005587827277,2015,0
0,0.036005587827277,2015,0
0,0.036005587827277,2015,0
0,0.036005587827277,2015,0
0,0.036005587827277,2015,0
0,0.036005587827277,2015,0
0,0.036005587827277,2015,0
0,0.0520915257826807,2015,0
0,0.189445491267673,2015,0
0,0.0533003727511657,2015,0
0,0.0533003727511657,2015,0
0,0.0616049306218861,2015,0
0,0.0616049306218861,2015,0
0,0.0616049306218861,2015,0
0,0.0249486054093668,2015,0
0,0.0488561488855541,2015,0
0,0.0488561488855541,2015,0
0,0.0488561488855541,2015,0
0,0.0252772213629457,2015,0
0,0.0252772213629457,2015,0
0,0.0252772213629457,2015,0
0,0.0312639771801053,2015,0
0,0.0312639771801053,2015,0
0,0.0312639771801053,2015,0
0,0.0312639771801053,2015,0
0,0.0312639771801053,2015,0
0,0.0312639771801053,2015,0
0,0.0312639771801053,2015,0
0,0.203575722815395,2015,0
0,0.0255843239946908,2015,0
0,0.0255843239946908,2015,0
0,0.0255843239946908,2015,0
0,0.0151931272192114,2015,0
0,0.0350210911671408,2015,0
0,0.0350210911671408,2015,0
0,0.0350210911671408,2015,0
0,0.0350210911671408,2015,0
0,0.0496698636096402,2015,0
0,0.0307779840167641,2015,0
0,0.0392795489268364,2015,0
0,0.0470972757600603,2015,0
0,0.0347150396810592,2015,0
0,0.0347150396810592,2015,0
0,0.0347150396810592,2015,0
0,0.0347150396810592,2015,0
0,0.0347150396810592,2015,0
0,0.0347150396810592,2015,0
0,0.0347150396810592,2015,0
0,0.0347150396810592,2015,0
0,0.0347150396810592,2015,0
0,0.0347150396810592,2015,0
0,0.0347150396810592,2015,0
0,0.0347150396810592,2015,0
0,0.0347150396810592,2015,0
0,0.0347150396810592,2015,0
0,0.0254966264104885,2015,0
0,0.0254966264104885,2015,0
0,0.0254966264104885,2015,0
0,0.0237603699504184,2015,0
0,0.0314888280496078,2015,0
0,0.0312624364952011,2015,0
0,0.0725788498099985,2015,0
0,0.0288227030881031,2015,0
0,0.0365857554589322,2015,0
0,0.0365857554589322,2015,0
0,0.0365857554589322,2015,0
0,0.0365857554589322,2015,0
0,0.0365857554589322,2015,0
0,0.0365857554589322,2015,0
0,0.0365857554589322,2015,0
0,0.0365857554589322,2015,0
0,0.0533101258898057,2015,0
0,0.213879802559115,2015,0
0,0.0566127793175745,2015,0
0,0.0566127793175745,2015,0
0,0.060280873951137,2015,0
0,0.060280873951137,2015,0
0,0.0309848536832267,2015,0
0,0.0573340179080672,2015,0
0,0.0573340179080672,2015,0
0,0.0316105202779535,2015,0
0,0.0316105202779535,2015,0
0,0.0316105202779535,2015,0
0,0.0544967844367975,2015,0
0,0.0352399567253644,2015,0
0,0.0352399567253644,2015,0
0,0.0352399567253644,2015,0
0,0.0352399567253644,2015,0
0,0.0352399567253644,2015,0
0,0.0352399567253644,2015,0
0,0.0352399567253644,2015,0
0,0.234566135733592,2015,0
0,0.0313131192970422,2015,0
0,0.0313131192970422,2015,0
0,0.0313131192970422,2015,0
0,0.0203188973046781,2015,0
0,0.0397603755507014,2015,0
0,0.0397603755507014,2015,0
0,0.0397603755507014,2015,0
0,0.0397603755507014,2015,0
0,0.0362008599553676,2015,0
0,0.0417475518958985,2015,0
0,0.0540713938029165,2015,0
0,0.0374121692677132,2015,0
0,0.0374121692677132,2015,0
0,0.0374121692677132,2015,0
0,0.0374121692677132,2015,0
0,0.0374121692677132,2015,0
0,0.0374121692677132,2015,0
0,0.0374121692677132,2015,0
0,0.0374121692677132,2015,0
0,0.0374121692677132,2015,0
0,0.0374121692677132,2015,0
0,0.0374121692677132,2015,0
0,0.0374121692677132,2015,0
0,0.0374121692677132,2015,0
0,0.0374121692677132,2015,0
0,0.0294987563451021,2015,0
0,0.0238755396756664,2015,0
0,0.0335144077954236,2015,0
0,0.0303118815514362,2015,0
0,0.0291776286157733,2015,0
0,0.0693157388814035,2015,0
0,0.0362290294685021,2015,0
0,0.0362290294685021,2015,0
0,0.0362290294685021,2015,0
0,0.0362290294685021,2015,0
0,0.0362290294685021,2015,0
0,0.0362290294685021,2015,0
0,0.0362290294685021,2015,0
0,0.195452726302118,2015,0
0,0.182719137994502,2015,0
0,0.0540351725292202,2015,0
0,0.0540351725292202,2015,0
0,0.0295981016709046,2015,0
0,0.0575127357712337,2015,0
0,0.0575127357712337,2015,0
0,0.0290346884449027,2015,0
0,0.0290346884449027,2015,0
0,0.0290346884449027,2015,0
0,0.0567530594731389,2015,0
0,0.0318450665610648,2015,0
0,0.0318450665610648,2015,0
0,0.0318450665610648,2015,0
0,0.0318450665610648,2015,0
0,0.0318450665610648,2015,0
0,0.0318450665610648,2015,0
0,0.0318450665610648,2015,0
0,0.203918124960275,2015,0
0,0.0284285609387301,2015,0
0,0.0284285609387301,2015,0
0,0.0284285609387301,2015,0
0,0.0556685631009887,2015,0
0,0.0197590030938236,2015,0
0,0.039891936851171,2015,0
0,0.039891936851171,2015,0
0,0.039891936851171,2015,0
0,0.0407688938352814,2015,0
0,0.0613514580278873,2015,0
0,0.0434833741594688,2015,0
0,0.0434833741594688,2015,0
0,0.0434833741594688,2015,0
0,0.0434833741594688,2015,0
0,0.0434833741594688,2015,0
0,0.0434833741594688,2015,0
0,0.0434833741594688,2015,0
0,0.0434833741594688,2015,0
0,0.0434833741594688,2015,0
0,0.0434833741594688,2015,0
0,0.0434833741594688,2015,0
0,0.0434833741594688,2015,0
0,0.0434833741594688,2015,0
0,0.0309119459513099,2015,0
0,0.0276988745970285,2015,0
0,0.0326456466649586,2015,0
0,0.0292107915614196,2015,0
0,0.0555867967080051,2015,0
0,0.070432104582317,2015,0
0,0.0421099636860987,2015,0
0,0.0421099636860987,2015,0
0,0.0421099636860987,2015,0
0,0.0421099636860987,2015,0
0,0.0421099636860987,2015,0
0,0.0421099636860987,2015,0
0,0.206907011359876,2015,0
0,0.0271663069513189,2015,0
0,0.0524476187144384,2015,0
0,0.0524476187144384,2015,0
0,0.067595780329012,2015,0
0,0.0266342193266422,2015,0
0,0.0511654346608586,2015,0
0,0.030278454226735,2015,0
0,0.030278454226735,2015,0
0,0.030278454226735,2015,0
0,0.030278454226735,2015,0
0,0.030278454226735,2015,0
0,0.030278454226735,2015,0
0,0.030278454226735,2015,0
0,0.205134698872504,2015,0
0,0.0269776296710676,2015,0
0,0.0269776296710676,2015,0
0,0.0269776296710676,2015,0
0,0.0512360756829822,2015,0
0,0.0396929160534399,2015,0
0,0.0396929160534399,2015,0
0,0.0396929160534399,2015,0
0,0.0413472384790123,2015,0
0,0.0405873891639279,2015,0
0,0.0405873891639279,2015,0
0,0.0405873891639279,2015,0
0,0.0405873891639279,2015,0
0,0.0405873891639279,2015,0
0,0.0405873891639279,2015,0
0,0.0405873891639279,2015,0
0,0.0278611802127061,2015,0
0,0.0324611384242666,2015,0
0,0.03084907464968,2015,0
0,0.0288547515288632,2015,0
0,0.0726141311240722,2015,0
0,0.0401325932400771,2015,0
0,0.0401325932400771,2015,0
0,0.0401325932400771,2015,0
0,0.0401325932400771,2015,0
0,0.0401325932400771,2015,0
0,0.0401325932400771,2015,0
0,0.0401325932400771,2015,0
0,0.0401325932400771,2015,0
0,0.051828107536516,2015,0
0,0.208778324974453,2015,0
0,0.029024181909104,2015,0
0,0.029024181909104,2015,0
0,0.0528542274164927,2015,0
0,0.0528542274164927,2015,0
0,0.0731790553568468,2015,0
0,0.0276161530901724,2015,0
0,0.0276161530901724,2015,0
0,0.0276161530901724,2015,0
0,0.0276161530901724,2015,0
0,0.0276161530901724,2015,0
0,0.214461891843319,2015,0
0,0.0284935339067079,2015,0
0,0.0284935339067079,2015,0
0,0.0355075095953851,2015,0
0,0.0355075095953851,2015,0
0,0.0355075095953851,2015,0
0,0.0335732906384432,2015,0
0,0.031745992465887,2015,0
0,0.031745992465887,2015,0
0,0.031745992465887,2015,0
0,0.031745992465887,2015,0
0,0.031745992465887,2015,0
0,0.031745992465887,2015,0
0,0.031745992465887,2015,0
0,0.0250385229285373,2015,0
0,0.0250385229285373,2015,0
0,0.0230297834000696,2015,0
0,0.02308187445794,2015,0
0,0.0389311485446486,2015,0
0,0.0238388636180576,2015,0
0,0.0210986594360462,2015,0
0,0.0637588861502588,2015,0
0,0.0304998943559062,2015,0
0,0.0304998943559062,2015,0
0,0.0304998943559062,2015,0
0,0.0304998943559062,2015,0
0,0.0304998943559062,2015,0
0,0.0304998943559062,2015,0
0,0.0304998943559062,2015,0
0,0.0304998943559062,2015,0
0,0.182324214389102,2015,0
0,0.182324214389102,2015,0
0,0.182324214389102,2015,0
0,0.168671977989392,2015,0
0,0.0242048917503687,2015,0
0,0.0242048917503687,2015,0
0,0.0242048917503687,2015,0
0,0.0242048917503687,2015,0
0,0.0477066080902411,2015,0
0,0.0630071574830897,2015,0
0,0.0479819019347178,2015,0
0,0.0221376770905663,2015,0
0,0.0221376770905663,2015,0
0,0.0221376770905663,2015,0
0,0.182950892682449,2015,0
0,0.0250384413135604,2015,0
0,0.0250384413135604,2015,0
0,0.0346392349997125,2015,0
0,0.0346392349997125,2015,0
0,0.0376672933332867,2015,0
0,0.0371388332448489,2015,0
0,0.0371388332448489,2015,0
0,0.0371388332448489,2015,0
0,0.0371388332448489,2015,0
0,0.0371388332448489,2015,0
0,0.0270302088232157,2015,0
0,0.0264899224541176,2015,0
0,0.024899320175071,2015,0
0,0.0510279826819621,2015,0
0,0.0270697327067126,2015,0
0,0.0285929990654093,2015,0
0,0.0670523464800805,2015,0
0,0.0342443476468036,2015,0
0,0.0342443476468036,2015,0
0,0.0342443476468036,2015,0
0,0.0342443476468036,2015,0
0,0.204224321597536,2015,0
0,0.204224321597536,2015,0
0,0.204224321597536,2015,0
0,0.191972021359872,2015,0
0,0.0512479118485585,2015,0
0,0.0286512211308622,2015,0
0,0.0286512211308622,2015,0
0,0.0286512211308622,2015,0
0,0.0542100288938475,2015,0
0,0.0713333267101134,2015,0
0,0.0703722309476927,2015,0
0,0.0355193134102357,2015,0
0,0.0355193134102357,2015,0
0,0.0355193134102357,2015,0
0,0.24026384665943,2015,0
0,0.0614445575867038,2015,0
0,0.0614445575867038,2015,0
0,0.0748793121760737,2015,0
0,0.0726199880198871,2015,0
0,0.0726199880198871,2015,0
0,0.0726199880198871,2015,0
0,0.0408146765224904,2015,0
0,0.054176493863705,2015,0
0,0.051719345509372,2015,0
0,0.110860860212635,2015,0
0,0.0442124971832889,2015,0
0,0.0723389155057352,2015,0
0,0.114104856886047,2015,0
0,0.0652608367548246,2015,0
0,0.0652608367548246,2015,0
0,0.0652608367548246,2015,0
0,0.329267029661831,2015,0
0,0.329267029661831,2015,0
0,0.323677473533928,2015,0
0,0.13415607215445,2015,0
0,0.0434313340959859,2015,0
0,0.0731985080170225,2015,0
0,0.0436013257493887,2015,0
0,0.0993575980340801,2015,0
0,0.0582330718033272,2015,0
0,0.0582330718033272,2015,0
0,0.0582330718033272,2015,0
0,0.329506917694166,2015,0
0,0.0736141755357745,2015,0
0,0.0736141755357745,2015,0
0,0.0713266768962926,2015,0
1,0.127472077953848,2015,0
1,0.11190624319654,2015,0
1,0.0652608367548246,2015,0
1,0.0757251952379059,2015,0
1,0.035413250551435,2015,0
1,0.0421099636860987,2015,0
1,0.0757251952379059,2015,0
1,0.0342443476468036,2015,0
1,0.0253889698273204,2015,0
1,0.035507323975355,2015,0
1,0.0204852573407678,2015,0
1,0.0258669128522558,2015,0
1,0.0221376770905663,2015,0
1,0.0257834638890499,2015,0
1,0.0276161530901724,2015,0
1,0.0282703306914244,2015,0
1,0.0896562975993789,2015,0
1,0.0174129972371304,2015,0
1,0.0371388332448489,2015,0
1,0.0337353915200456,2015,0
1,0.0396929160534399,2015,0
1,0.0396293029793422,2015,0
1,0.0753814393794889,2015,0
1,0.0405873891639279,2015,0
1,0.0655011136655834,2015,0
1,0.10152879998896,2015,0
1,0.0434833741594688,2015,0
1,0.0726199880198871,2015,0
1,0.0349608773950609,2015,0
1,0.0371388332448489,2015,0
1,0.0726199880198871,2015,0
1,0.0604209582877916,2015,0
1,0.0302558469610225,2015,0
1,0.0589200773792413,2015,0
1,0.0604484585504038,2015,0
1,0.0589200773792413,2015,0
1,0.0917861241439142,2015,0
1,0.0371388332448489,2015,0
1,0.0690763695515663,2015,0
1,0.0318343185739489,2015,0
1,0.0221376770905663,2015,0
1,0.0258669128522558,2015,0
1,0.0450926097288134,2015,0
1,0.0565864231811478,2015,0
1,0.0565864231811478,2015,0
1,0.0753814393794889,2015,0
1,0.0391936130207459,2015,0
1,0.0552589782555003,2015,0
1,0.11190624319654,2015,0
1,0.0421099636860987,2015,0
1,0.0253009138948282,2015,0
1,0.0237654948710675,2015,0
1,0.026099067780447,2015,0
1,0.0443491572135227,2015,0
1,0.0293779224624551,2015,0
1,0.0629450012022401,2015,0
1,0.0220378864750695,2015,0
1,0.0694387794559087,2015,0
1,0.0487196494622739,2015,0
1,0.0550934805643361,2015,0
1,0.0521974240496227,2015,0
1,0.0694387794559087,2015,0
1,0.046842700248325,2015,0
1,0.0694387794559087,2015,0
1,0.04701577077231,2015,0
1,0.0855663938566221,2015,0
1,0.0487196494622739,2015,0
1,0.10578210559423,2015,0
1,0.04701577077231,2015,0
1,0.0589406777170891,2015,0
1,0.0545359172856263,2015,0
1,0.113197476185243,2015,0
1,0.116932363533649,2015,0
1,0.113197476185243,2015,0
1,0.086563183880604,2015,0
1,0.0914903728335048,2015,0
1,0.0448533391877132,2015,0
1,0.0573833893697609,2015,0
1,0.256529442514561,2015,0
1,0.0979532623712092,2015,0
1,0.056657749008065,2015,0
1,0.081352499829002,2015,0
1,0.0506374547128092,2015,0
1,0.100892783195702,2015,0
1,0.0562424612829747,2015,0
1,0.0573060363001997,2015,0
1,0.0484895499496865,2015,0
1,0.0276161530901724,2015,0
1,0.0221376770905663,2015,0
1,0.0604778736956362,2015,0
1,0.0578210004996632,2015,0
1,0.0493858541019517,2015,0
1,0.0580076905481563,2015,0
1,0.0688065537909644,2015,0
1,0.0276572844605969,2015,0
1,0.0535237862503061,2015,0
1,0.0271655771765768,2015,0
1,0.0399985949597332,2015,0
1,0.061377324720402,2015,0
1,0.061377324720402,2015,0
1,0.225325603228838,2015,0
1,0.329267029661831,2015,0
1,0.173076135212716,2015,0
1,0.0397927924500402,2015,0
1,0.0744756753965505,2015,0
1,0.0680461227189397,2015,0
1,0.0609889875822532,2015,0
1,0.0540351725292202,2015,0
1,0.0611271882632619,2015,0
1,0.0609889875822532,2015,0
1,0.0611115474956562,2015,0
1,0.0540351725292202,2015,0
1,0.0540351725292202,2015,0
1,0.060280873951137,2015,0
1,0.0626071112547711,2015,0
1,0.0528650972781459,2015,0
1,0.0258574875830852,2015,0
1,0.0311120467269408,2015,0
1,0.0311120467269408,2015,0
1,0.115525109061155,2015,0
0,0.0458724110223693,2016,0
0,0.0679476922106184,2016,0
0,0.0679476922106184,2016,0
0,0.0464574172445708,2016,0
0,0.157142855395227,2016,0
0,0.0526590146663859,2016,0
0,0.24306805322892,2016,0
0,0.167698362794373,2016,0
0,0.158842481343348,2016,0
0,0.0815755524073731,2016,0
0,0.0815755524073731,2016,0
0,0.418679511678903,2016,0
0,0.419558666334209,2016,0
0,0.419558666334209,2016,0
0,0.26770884101182,2016,0
0,0.0542948309891339,2016,0
0,0.136244801585976,2016,0
0,0.136244801585976,2016,0
0,0.136244801585976,2016,0
0,0.136244801585976,2016,0
0,0.136244801585976,2016,0
0,0.101812001471723,2016,0
0,0.101812001471723,2016,0
0,0.050672107029917,2016,0
0,0.050672107029917,2016,0
0,0.0933953858276698,2016,0
0,0.0616846116413092,2016,0
0,0.0616846116413092,2016,0
0,0.0485615125931497,2016,0
0,0.132362458504669,2016,0
0,0.0477117985173981,2016,0
0,0.104569757270821,2016,0
0,0.104569757270821,2016,0
0,0.218542698389724,2016,0
0,0.156948254347743,2016,0
0,0.0781156599747961,2016,0
0,0.381328782697654,2016,0
0,0.381328782697654,2016,0
0,0.0501273893726414,2016,0
0,0.120394570021525,2016,0
0,0.120394570021525,2016,0
0,0.120394570021525,2016,0
0,0.120394570021525,2016,0
0,0.101548234864595,2016,0
0,0.0528021964289869,2016,0
0,0.0528021964289869,2016,0
0,0.0687848436163061,2016,0
0,0.0528262968682888,2016,0
0,0.103704800485181,2016,0
0,0.159423382452821,2016,0
0,0.0543003865231298,2016,0
0,0.0667871379356929,2016,0
0,0.0667871379356929,2016,0
0,0.179182083783104,2016,0
0,0.0805053117898877,2016,0
0,0.375004734106125,2016,0
0,0.375004734106125,2016,0
0,0.0540078422633453,2016,0
0,0.0597856923864634,2016,0
0,0.0597856923864634,2016,0
0,0.0884889308068702,2016,0
0,0.0451176237904955,2016,0
0,0.0451176237904955,2016,0
0,0.0558490668936845,2016,0
0,0.0442769245350085,2016,0
0,0.293829293388149,2016,0
0,0.0810392548157143,2016,0
0,0.0475543443256367,2016,0
0,0.0947575411640669,2016,0
0,0.0416988614644964,2016,0
0,0.0391934411561532,2016,0
0,0.0391934411561532,2016,0
0,0.121318020591807,2016,0
0,0.0901813205650676,2016,0
0,0.0628042130228011,2016,0
0,0.0628042130228011,2016,0
0,0.106760361229669,2016,0
0,0.106760361229669,2016,0
0,0.106760361229669,2016,0
0,0.313232035967804,2016,0
0,0.313232035967804,2016,0
0,0.313232035967804,2016,0
0,0.313232035967804,2016,0
0,0.0405391201793978,2016,0
0,0.0405391201793978,2016,0
0,0.0698699311336673,2016,0
0,0.0422895558108728,2016,0
0,0.0422895558108728,2016,0
0,0.0359174368885508,2016,0
0,0.0421337288728343,2016,0
0,0.0421337288728343,2016,0
0,0.0357733438509918,2016,0
0,0.0357733438509918,2016,0
0,0.246276238421738,2016,0
0,0.0703606934938797,2016,0
0,0.0605716230370228,2016,0
0,0.0605716230370228,2016,0
0,0.0332907194908611,2016,0
0,0.0831687187207489,2016,0
0,0.0549659060451809,2016,0
0,0.306763070164906,2016,0
0,0.306763070164906,2016,0
0,0.306763070164906,2016,0
0,0.306763070164906,2016,0
0,0.0472696048109854,2016,0
0,0.0472696048109854,2016,0
0,0.0472696048109854,2016,0
0,0.0472696048109854,2016,0
0,0.0596113696972376,2016,0
0,0.0596113696972376,2016,0
0,0.0448716112959574,2016,0
0,0.0448716112959574,2016,0
0,0.0670494030337099,2016,0
0,0.0492124401611929,2016,0
0,0.0492124401611929,2016,0
0,0.137382554175091,2016,0
0,0.137382554175091,2016,0
0,0.0549763981556262,2016,0
0,0.0921660167504671,2016,0
0,0.440639162989679,2016,0
0,0.0772064207063446,2016,0
0,0.0772064207063446,2016,0
0,0.0772064207063446,2016,0
0,0.0819910588187921,2016,0
0,0.0819910588187921,2016,0
0,0.0819910588187921,2016,0
0,0.0549914593413114,2016,0
0,0.0549914593413114,2016,0
0,0.0549914593413114,2016,0
0,0.0515120057971221,2016,0
0,0.0515120057971221,2016,0
0,0.0761312013974827,2016,0
0,0.0761312013974827,2016,0
0,0.0761312013974827,2016,0
0,0.145629682134037,2016,0
0,0.10242768261016,2016,0
0,0.10242768261016,2016,0
0,0.0471774539043211,2016,0
0,0.0471774539043211,2016,0
0,0.0925631334223092,2016,0
0,0.0539949559462176,2016,0
0,0.0539949559462176,2016,0
0,0.0539949559462176,2016,0
0,0.0539949559462176,2016,0
0,0.0422389230426435,2016,0
0,0.0422389230426435,2016,0
0,0.0295978226521921,2016,0
0,0.0295978226521921,2016,0
0,0.0295978226521921,2016,0
0,0.0295978226521921,2016,0
0,0.0295978226521921,2016,0
0,0.0353137414969307,2016,0
0,0.0353137414969307,2016,0
0,0.0353137414969307,2016,0
0,0.0353137414969307,2016,0
0,0.0257836780605349,2016,0
0,0.0257836780605349,2016,0
0,0.0287925157685786,2016,0
0,0.0287925157685786,2016,0
0,0.0287925157685786,2016,0
0,0.021992300873758,2016,0
0,0.021992300873758,2016,0
0,0.0442424296223398,2016,0
0,0.028771955652861,2016,0
0,0.028771955652861,2016,0
0,0.028771955652861,2016,0
0,0.028771955652861,2016,0
0,0.0253406480385863,2016,0
0,0.0253406480385863,2016,0
0,0.0183332994275302,2016,0
0,0.0183332994275302,2016,0
0,0.0183332994275302,2016,0
0,0.0183332994275302,2016,0
0,0.025771802591521,2016,0
0,0.025771802591521,2016,0
0,0.025771802591521,2016,0
0,0.025771802591521,2016,0
0,0.018307298230309,2016,0
0,0.018307298230309,2016,0
0,0.0232230385368338,2016,0
0,0.0232230385368338,2016,0
0,0.0232230385368338,2016,0
0,0.0386410536982685,2016,0
0,0.0174111061827286,2016,0
0,0.0403816402565481,2016,0
0,0.0225358606052771,2016,0
0,0.0225358606052771,2016,0
0,0.0225358606052771,2016,0
0,0.0225358606052771,2016,0
0,0.0225358606052771,2016,0
0,0.0223069377339652,2016,0
0,0.0223069377339652,2016,0
0,0.0223069377339652,2016,0
0,0.0172267004947612,2016,0
0,0.0172267004947612,2016,0
0,0.0172267004947612,2016,0
0,0.0172267004947612,2016,0
0,0.0231122192442849,2016,0
0,0.0231122192442849,2016,0
0,0.0231122192442849,2016,0
0,0.0231122192442849,2016,0
0,0.0176477986995801,2016,0
0,0.0514088136471274,2016,0
0,0.0181084329739373,2016,0
0,0.0223438556694934,2016,0
0,0.0223438556694934,2016,0
0,0.0223438556694934,2016,0
0,0.0223438556694934,2016,0
0,0.0221377007528738,2016,0
0,0.0221377007528738,2016,0
0,0.0221377007528738,2016,0
0,0.0221377007528738,2016,0
0,0.0172417666090896,2016,0
0,0.0172417666090896,2016,0
0,0.0172417666090896,2016,0
0,0.0203989956333395,2016,0
0,0.0203989956333395,2016,0
0,0.0203989956333395,2016,0
0,0.0203989956333395,2016,0
0,0.0161952847955299,2016,0
0,0.0278931602770828,2016,0
0,0.0278931602770828,2016,0
0,0.0105222663532377,2016,0
0,0.0233407965406314,2016,0
0,0.0233407965406314,2016,0
0,0.0171968468763305,2016,0
0,0.0171968468763305,2016,0
0,0.0171968468763305,2016,0
0,0.0171968468763305,2016,0
0,0.00974481967937235,2016,0
0,0.0112214169150336,2016,0
0,0.0112214169150336,2016,0
0,0.0112214169150336,2016,0
0,0.0112214169150336,2016,0
0,0.0112214169150336,2016,0
0,0.0099885421382801,2016,0
0,0.0243243439659792,2016,0
0,0.0115494260989297,2016,0
0,0.0115494260989297,2016,0
0,0.0115494260989297,2016,0
0,0.0115494260989297,2016,0
0,0.0115494260989297,2016,0
0,0.0115494260989297,2016,0
0,0.0115494260989297,2016,0
0,0.0115494260989297,2016,0
0,0.0115494260989297,2016,0
0,0.0115494260989297,2016,0
0,0.0103316550400462,2016,0
0,0.0251602129589102,2016,0
0,0.0113257996390871,2016,0
0,0.0185756906086699,2016,0
0,0.0185756906086699,2016,0
0,0.0185756906086699,2016,0
0,0.0185756906086699,2016,0
0,0.0121247072012225,2016,0
0,0.0122415921091457,2016,0
0,0.0122415921091457,2016,0
0,0.0122415921091457,2016,0
0,0.0122415921091457,2016,0
0,0.0122415921091457,2016,0
0,0.0235005174716452,2016,0
0,0.0118765092459499,2016,0
0,0.0118765092459499,2016,0
0,0.0118765092459499,2016,0
0,0.0118765092459499,2016,0
0,0.0118765092459499,2016,0
0,0.0118765092459499,2016,0
0,0.0118765092459499,2016,0
0,0.0118765092459499,2016,0
0,0.0118765092459499,2016,0
0,0.0118765092459499,2016,0
0,0.0118765092459499,2016,0
0,0.0118765092459499,2016,0
0,0.0115169567764788,2016,0
0,0.0270755104097119,2016,0
0,0.0121470089674579,2016,0
0,0.0204190514664489,2016,0
0,0.0204190514664489,2016,0
0,0.0204190514664489,2016,0
0,0.0123839139158813,2016,0
0,0.0130326172316011,2016,0
0,0.0130326172316011,2016,0
0,0.0250305372540093,2016,0
0,0.013279843543398,2016,0
0,0.013279843543398,2016,0
0,0.013279843543398,2016,0
0,0.013279843543398,2016,0
0,0.013279843543398,2016,0
0,0.013279843543398,2016,0
0,0.013279843543398,2016,0
0,0.013279843543398,2016,0
0,0.013279843543398,2016,0
0,0.013279843543398,2016,0
0,0.013279843543398,2016,0
0,0.013279843543398,2016,0
0,0.0123569317325884,2016,0
0,0.0307709780397904,2016,0
0,0.0307709780397904,2016,0
0,0.0119326792349875,2016,0
0,0.0119326792349875,2016,0
0,0.0180356850043848,2016,0
0,0.0195881915287937,2016,0
0,0.0195881915287937,2016,0
0,0.0195881915287937,2016,0
0,0.0111370005384729,2016,0
0,0.011544439618631,2016,0
0,0.011544439618631,2016,0
0,0.0106925654484344,2016,0
0,0.0175648251817401,2016,0
0,0.0113456197473666,2016,0
0,0.0113456197473666,2016,0
0,0.0113456197473666,2016,0
0,0.0113456197473666,2016,0
0,0.0113456197473666,2016,0
0,0.0113456197473666,2016,0
0,0.0113456197473666,2016,0
0,0.0113456197473666,2016,0
0,0.0113456197473666,2016,0
0,0.0113456197473666,2016,0
0,0.0113456197473666,2016,0
0,0.0113456197473666,2016,0
0,0.010692037783411,2016,0
0,0.0107200990587402,2016,0
0,0.0258016519939591,2016,0
0,0.0258016519939591,2016,0
0,0.0105392181965468,2016,0
0,0.0105392181965468,2016,0
0,0.0163134921993964,2016,0
0,0.0161779896749047,2016,0
0,0.0161779896749047,2016,0
0,0.0161779896749047,2016,0
0,0.0161779896749047,2016,0
0,0.0161779896749047,2016,0
0,0.0103712811599372,2016,0
0,0.010525571618262,2016,0
0,0.010525571618262,2016,0
0,0.010525571618262,2016,0
0,0.00995243361710621,2016,0
0,0.0150965530056744,2016,0
0,0.00989822905056625,2016,0
0,0.00989822905056625,2016,0
0,0.00989822905056625,2016,0
0,0.00989822905056625,2016,0
0,0.00989822905056625,2016,0
0,0.00989822905056625,2016,0
0,0.00989822905056625,2016,0
0,0.00989822905056625,2016,0
0,0.00989822905056625,2016,0
0,0.00989822905056625,2016,0
0,0.00989822905056625,2016,0
0,0.00989822905056625,2016,0
0,0.00989822905056625,2016,0
0,0.00935374561407297,2016,0
0,0.00857590454815191,2016,0
0,0.0219345749391227,2016,0
0,0.0219345749391227,2016,0
0,0.00813584737935637,2016,0
0,0.00813584737935637,2016,0
0,0.0259192186760669,2016,0
0,0.0259192186760669,2016,0
0,0.0074824308199332,2016,0
0,0.0123412174838546,2016,0
0,0.012014044336288,2016,0
0,0.012014044336288,2016,0
0,0.012014044336288,2016,0
0,0.012014044336288,2016,0
0,0.012014044336288,2016,0
0,0.00722561022172427,2016,0
0,0.00837612196883173,2016,0
0,0.00837612196883173,2016,0
0,0.00837612196883173,2016,0
0,0.00837612196883173,2016,0
0,0.00738940889894674,2016,0
0,0.0157002163094177,2016,0
0,0.00852606952012073,2016,0
0,0.00852606952012073,2016,0
0,0.00852606952012073,2016,0
0,0.00852606952012073,2016,0
0,0.00852606952012073,2016,0
0,0.00852606952012073,2016,0
0,0.00852606952012073,2016,0
0,0.00852606952012073,2016,0
0,0.00852606952012073,2016,0
0,0.00852606952012073,2016,0
0,0.00852606952012073,2016,0
0,0.00852606952012073,2016,0
0,0.00852606952012073,2016,0
0,0.00750155291239332,2016,0
0,0.0212047472890405,2016,0
0,0.0212047472890405,2016,0
0,0.00779461992077603,2016,0
0,0.0276575697348183,2016,0
0,0.00801599040752363,2016,0
0,0.0120838354529862,2016,0
0,0.0120172850059921,2016,0
0,0.0120172850059921,2016,0
0,0.0120172850059921,2016,0
0,0.00796810943299533,2016,0
0,0.00954162658524313,2016,0
0,0.00845821876608743,2016,0
0,0.0161495209670159,2016,0
0,0.00991774241848988,2016,0
0,0.00991774241848988,2016,0
0,0.00991774241848988,2016,0
0,0.00991774241848988,2016,0
0,0.00991774241848988,2016,0
0,0.00991774241848988,2016,0
0,0.00991774241848988,2016,0
0,0.00991774241848988,2016,0
0,0.00991774241848988,2016,0
0,0.00991774241848988,2016,0
0,0.00991774241848988,2016,0
0,0.00991774241848988,2016,0
0,0.00991774241848988,2016,0
0,0.00991774241848988,2016,0
0,0.008765307644538,2016,0
0,0.00944991836513373,2016,0
0,0.0239371435562273,2016,0
0,0.0239371435562273,2016,0
0,0.00998155797493433,2016,0
0,0.0114211853640789,2016,0
0,0.0114211853640789,2016,0
0,0.0114211853640789,2016,0
0,0.0114211853640789,2016,0
0,0.0148294871494992,2016,0
0,0.0148826616110801,2016,0
0,0.0148826616110801,2016,0
0,0.0148826616110801,2016,0
0,0.0119371220477566,2016,0
0,0.0119371220477566,2016,0
0,0.0145989167179795,2016,0
0,0.0145989167179795,2016,0
0,0.0124586638731723,2016,0
0,0.0124586638731723,2016,0
0,0.0177743480911591,2016,0
0,0.0150244533200033,2016,0
0,0.0150244533200033,2016,0
0,0.0150244533200033,2016,0
0,0.0150244533200033,2016,0
0,0.0150244533200033,2016,0
0,0.0150244533200033,2016,0
0,0.0150244533200033,2016,0
0,0.0150244533200033,2016,0
0,0.0150244533200033,2016,0
0,0.0150244533200033,2016,0
0,0.0150244533200033,2016,0
0,0.0150244533200033,2016,0
0,0.0150244533200033,2016,0
0,0.0150244533200033,2016,0
0,0.0150244533200033,2016,0
0,0.0150244533200033,2016,0
0,0.0126469757941016,2016,0
0,0.0125620082359421,2016,0
0,0.0131094745415048,2016,0
0,0.0140078699437095,2016,0
0,0.0140078699437095,2016,0
0,0.0140078699437095,2016,0
0,0.0140078699437095,2016,0
0,0.0140078699437095,2016,0
0,0.0155297504043076,2016,0
0,0.0155297504043076,2016,0
0,0.0167949545037037,2016,0
0,0.0167949545037037,2016,0
0,0.0167949545037037,2016,0
0,0.0142155742213973,2016,0
0,0.0142155742213973,2016,0
0,0.0168427182501256,2016,0
0,0.0168427182501256,2016,0
0,0.0168427182501256,2016,0
0,0.0145559429420437,2016,0
0,0.0145559429420437,2016,0
0,0.0145559429420437,2016,0
0,0.0202514179006766,2016,0
0,0.0169420483948758,2016,0
0,0.0169420483948758,2016,0
0,0.0169420483948758,2016,0
0,0.0169420483948758,2016,0
0,0.0169420483948758,2016,0
0,0.0169420483948758,2016,0
0,0.0169420483948758,2016,0
0,0.0169420483948758,2016,0
0,0.0169420483948758,2016,0
0,0.0149947469578636,2016,0
0,0.015149334732612,2016,0
0,0.0151581908327351,2016,0
0,0.0151581908327351,2016,0
0,0.0404508484659303,2016,0
0,0.014690247546566,2016,0
0,0.014690247546566,2016,0
0,0.014690247546566,2016,0
0,0.014690247546566,2016,0
0,0.014690247546566,2016,0
0,0.0146916566080435,2016,0
0,0.0146916566080435,2016,0
0,0.0162599265205735,2016,0
0,0.0162599265205735,2016,0
0,0.0162599265205735,2016,0
0,0.0149312039903983,2016,0
0,0.0149312039903983,2016,0
0,0.0173956351291419,2016,0
0,0.0159551816144206,2016,0
0,0.0159551816144206,2016,0
0,0.0159551816144206,2016,0
0,0.0159551816144206,2016,0
0,0.0159551816144206,2016,0
0,0.0159551816144206,2016,0
0,0.0146558995048976,2016,0
0,0.0146558995048976,2016,0
0,0.0146558995048976,2016,0
0,0.0194190905894044,2016,0
0,0.0163887917843908,2016,0
0,0.0163887917843908,2016,0
0,0.0163887917843908,2016,0
0,0.0150251730351933,2016,0
0,0.0156532645816676,2016,0
0,0.0156376953370572,2016,0
0,0.0156376953370572,2016,0
0,0.0375331708918828,2016,0
0,0.0375331708918828,2016,0
0,0.0404425707592585,2016,0
0,0.0404425707592585,2016,0
0,0.0455305454385622,2016,0
0,0.0155187987373695,2016,0
0,0.0155187987373695,2016,0
0,0.0155187987373695,2016,0
0,0.0148186624720053,2016,0
0,0.0148186624720053,2016,0
0,0.0165596937815732,2016,0
0,0.0165596937815732,2016,0
0,0.0165596937815732,2016,0
0,0.0157363409394494,2016,0
0,0.0172129956943021,2016,0
0,0.0172129956943021,2016,0
0,0.0155811152490063,2016,0
0,0.0155811152490063,2016,0
0,0.0155811152490063,2016,0
0,0.0202948790738822,2016,0
0,0.0172266360942483,2016,0
0,0.0172266360942483,2016,0
0,0.0172266360942483,2016,0
0,0.0153184885928707,2016,0
0,0.0152092417112741,2016,0
0,0.0156523264570765,2016,0
0,0.0156523264570765,2016,0
0,0.0437496596142697,2016,0
0,0.0437496596142697,2016,0
0,0.0437496596142697,2016,0
0,0.0437496596142697,2016,0
0,0.0437496596142697,2016,0
0,0.0437496596142697,2016,0
0,0.0383084416600766,2016,0
0,0.0383084416600766,2016,0
0,0.0371238712517711,2016,0
0,0.0317792762644011,2016,0
0,0.0538124243428993,2016,0
0,0.0162657894238229,2016,0
0,0.0162657894238229,2016,0
0,0.0162657894238229,2016,0
0,0.0156915372961968,2016,0
0,0.0156915372961968,2016,0
0,0.0156915372961968,2016,0
0,0.0181472302343279,2016,0
0,0.0181472302343279,2016,0
0,0.0181472302343279,2016,0
0,0.0160669875961279,2016,0
0,0.0160669875961279,2016,0
0,0.00916926562181902,2016,0
0,0.00916926562181902,2016,0
0,0.016484441010335,2016,0
0,0.016484441010335,2016,0
0,0.016484441010335,2016,0
0,0.016484441010335,2016,0
0,0.0159982344860373,2016,0
0,0.0159982344860373,2016,0
0,0.0159982344860373,2016,0
0,0.0159982344860373,2016,0
0,0.0159982344860373,2016,0
0,0.0159982344860373,2016,0
0,0.0159982344860373,2016,0
0,0.0235605122849538,2016,0
0,0.0161002545860999,2016,0
0,0.0161002545860999,2016,0
0,0.0161002545860999,2016,0
0,0.0161002545860999,2016,0
0,0.0161002545860999,2016,0
0,0.0161002545860999,2016,0
0,0.0161002545860999,2016,0
0,0.0161002545860999,2016,0
0,0.0156332038155041,2016,0
0,0.0153833488030005,2016,0
0,0.0151736233918144,2016,0
0,0.0151736233918144,2016,0
0,0.0370621231702622,2016,0
0,0.020924635817291,2016,0
0,0.020924635817291,2016,0
0,0.020924635817291,2016,0
0,0.020924635817291,2016,0
0,0.020924635817291,2016,0
0,0.020924635817291,2016,0
0,0.020924635817291,2016,0
0,0.020924635817291,2016,0
0,0.020924635817291,2016,0
0,0.0419663468805016,2016,0
0,0.0475536212578192,2016,0
0,0.0475536212578192,2016,0
0,0.0475536212578192,2016,0
0,0.0475536212578192,2016,0
0,0.0475536212578192,2016,0
0,0.0475536212578192,2016,0
0,0.0371590577014868,2016,0
0,0.0469048477632535,2016,0
0,0.0471384439714714,2016,0
0,0.0483427088089155,2016,0
0,0.0374717035033408,2016,0
0,0.0483427088089155,2016,0
0,0.0422447090676866,2016,0
0,0.0426494455095016,2016,0
0,0.0426494455095016,2016,0
0,0.044893149247516,2016,0
0,0.0550421949902124,2016,0
0,0.0402538839695465,2016,0
0,0.0145221688638908,2016,0
0,0.0154899675720387,2016,0
0,0.0154899675720387,2016,0
0,0.0154899675720387,2016,0
0,0.0407246776431169,2016,0
0,0.0160623722439576,2016,0
0,0.0160623722439576,2016,0
0,0.0160623722439576,2016,0
0,0.0183607501928047,2016,0
0,0.0183607501928047,2016,0
0,0.0183607501928047,2016,0
0,0.0160022444700182,2016,0
0,0.0160022444700182,2016,0
0,0.0160022444700182,2016,0
0,0.0094937790283458,2016,0
0,0.0094937790283458,2016,0
0,0.0178237898887235,2016,0
0,0.0178237898887235,2016,0
0,0.0178237898887235,2016,0
0,0.0178237898887235,2016,0
0,0.0178237898887235,2016,0
0,0.0178237898887235,2016,0
0,0.016451776162447,2016,0
0,0.016451776162447,2016,0
0,0.016451776162447,2016,0
0,0.016451776162447,2016,0
0,0.016451776162447,2016,0
0,0.016451776162447,2016,0
0,0.0274493772774615,2016,0
0,0.0179912698152722,2016,0
0,0.0179912698152722,2016,0
0,0.0179912698152722,2016,0
0,0.0179912698152722,2016,0
0,0.0179912698152722,2016,0
0,0.0179912698152722,2016,0
0,0.0179912698152722,2016,0
0,0.0179912698152722,2016,0
0,0.0168680224538658,2016,0
0,0.0168680224538658,2016,0
0,0.017131441883424,2016,0
0,0.0176869593715475,2016,0
0,0.0176869593715475,2016,0
0,0.0395856931101069,2016,0
0,0.0222292559399111,2016,0
0,0.0222292559399111,2016,0
0,0.0222292559399111,2016,0
0,0.0222292559399111,2016,0
0,0.0222292559399111,2016,0
0,0.0222292559399111,2016,0
0,0.0222292559399111,2016,0
0,0.0222292559399111,2016,0
0,0.0222292559399111,2016,0
0,0.0497244648449507,2016,0
0,0.0497244648449507,2016,0
0,0.0519341346196432,2016,0
0,0.0497244648449507,2016,0
0,0.0497244648449507,2016,0
0,0.0497244648449507,2016,0
0,0.0439026986779156,2016,0
0,0.0497244648449507,2016,0
0,0.0419697944613908,2016,0
0,0.0365948638336618,2016,0
0,0.0470196464464068,2016,0
0,0.036917665862608,2016,0
0,0.0425482318989218,2016,0
0,0.0425482318989218,2016,0
0,0.0485588395702778,2016,0
0,0.0473033185239736,2016,0
0,0.0485588395702778,2016,0
0,0.0477515288258919,2016,0
0,0.0614087361263057,2016,0
0,0.0190702952683439,2016,0
0,0.0187389263639162,2016,0
0,0.0187389263639162,2016,0
0,0.0187389263639162,2016,0
0,0.046902845175579,2016,0
0,0.046902845175579,2016,0
0,0.0197179624441261,2016,0
0,0.0197179624441261,2016,0
0,0.0197179624441261,2016,0
0,0.0239615253370338,2016,0
0,0.0239615253370338,2016,0
0,0.0239615253370338,2016,0
0,0.0197879425540073,2016,0
0,0.0197879425540073,2016,0
0,0.0197879425540073,2016,0
0,0.0112515096412298,2016,0
0,0.0112515096412298,2016,0
0,0.022156608142407,2016,0
0,0.022156608142407,2016,0
0,0.022156608142407,2016,0
0,0.022156608142407,2016,0
0,0.022156608142407,2016,0
0,0.022156608142407,2016,0
0,0.022156608142407,2016,0
0,0.022156608142407,2016,0
0,0.0208535203945994,2016,0
0,0.0208535203945994,2016,0
0,0.0208535203945994,2016,0
0,0.0208535203945994,2016,0
0,0.0208535203945994,2016,0
0,0.0208535203945994,2016,0
0,0.0208535203945994,2016,0
0,0.0208535203945994,2016,0
0,0.0380908995004003,2016,0
0,0.0227865603814358,2016,0
0,0.0227865603814358,2016,0
0,0.0227865603814358,2016,0
0,0.0227865603814358,2016,0
0,0.0227865603814358,2016,0
0,0.0227865603814358,2016,0
0,0.0217474632564493,2016,0
0,0.0217474632564493,2016,0
0,0.0218876956424107,2016,0
0,0.0596685072075999,2016,0
0,0.0223075046387796,2016,0
0,0.0223075046387796,2016,0
0,0.0546946953425038,2016,0
0,0.0292998608085817,2016,0
0,0.0292998608085817,2016,0
0,0.0292998608085817,2016,0
0,0.0292998608085817,2016,0
0,0.0292998608085817,2016,0
0,0.0292998608085817,2016,0
0,0.0292998608085817,2016,0
0,0.0292998608085817,2016,0
0,0.0292998608085817,2016,0
0,0.0643658898847919,2016,0
0,0.0643658898847919,2016,0
0,0.0643658898847919,2016,0
0,0.0643658898847919,2016,0
0,0.0643658898847919,2016,0
0,0.0579136065783651,2016,0
0,0.0643658898847919,2016,0
0,0.0662698658838831,2016,0
0,0.0594007280335926,2016,0
0,0.0545940034521338,2016,0
0,0.0545940034521338,2016,0
0,0.0596521092244145,2016,0
0,0.0493550480305714,2016,0
0,0.0547563905441412,2016,0
0,0.0487264328875491,2016,0
0,0.0610059728134795,2016,0
0,0.0610059728134795,2016,0
0,0.0613912364095033,2016,0
0,0.0871930746385516,2016,0
0,0.0755837446076275,2016,0
0,0.0552714482988844,2016,0
0,0.025759894874089,2016,0
0,0.02297771266973,2016,0
0,0.02297771266973,2016,0
0,0.02297771266973,2016,0
0,0.0229091125392794,2016,0
0,0.0229091125392794,2016,0
0,0.0229091125392794,2016,0
0,0.0298369275021387,2016,0
0,0.0298369275021387,2016,0
0,0.0298369275021387,2016,0
0,0.0298369275021387,2016,0
0,0.0298369275021387,2016,0
0,0.0228979931181133,2016,0
0,0.0228979931181133,2016,0
0,0.0228979931181133,2016,0
0,0.013563994854855,2016,0
0,0.013563994854855,2016,0
0,0.0233570880291869,2016,0
0,0.0233570880291869,2016,0
0,0.0233570880291869,2016,0
0,0.0233570880291869,2016,0
0,0.0233570880291869,2016,0
0,0.0233570880291869,2016,0
0,0.0233570880291869,2016,0
0,0.0233570880291869,2016,0
0,0.0233570880291869,2016,0
0,0.0227452056628342,2016,0
0,0.0227452056628342,2016,0
0,0.0227452056628342,2016,0
0,0.0227452056628342,2016,0
0,0.0227452056628342,2016,0
0,0.0227452056628342,2016,0
0,0.0227452056628342,2016,0
0,0.0227452056628342,2016,0
0,0.0227452056628342,2016,0
0,0.046102781097756,2016,0
0,0.0240587602035393,2016,0
0,0.0240587602035393,2016,0
0,0.0240587602035393,2016,0
0,0.0240587602035393,2016,0
0,0.0240587602035393,2016,0
0,0.0227217028113811,2016,0
0,0.0227217028113811,2016,0
0,0.0229844103988733,2016,0
0,0.0624718470100251,2016,0
0,0.0227896826684491,2016,0
0,0.0227896826684491,2016,0
0,0.0542059413580565,2016,0
0,0.0287512955050398,2016,0
0,0.0287512955050398,2016,0
0,0.0287512955050398,2016,0
0,0.0287512955050398,2016,0
0,0.0287512955050398,2016,0
0,0.0287512955050398,2016,0
0,0.0287512955050398,2016,0
0,0.0287512955050398,2016,0
0,0.0287512955050398,2016,0
0,0.0635328131183323,2016,0
0,0.0635328131183323,2016,0
0,0.0650182096555937,2016,0
0,0.0635328131183323,2016,0
0,0.0635328131183323,2016,0
0,0.0635328131183323,2016,0
0,0.0571777766888119,2016,0
0,0.0635328131183323,2016,0
0,0.0586512756615577,2016,0
0,0.0584613355459183,2016,0
0,0.0497920793975524,2016,0
0,0.0538711325330884,2016,0
0,0.0599605010304134,2016,0
0,0.0599605010304134,2016,0
0,0.0482443018632849,2016,0
0,0.0538711325330884,2016,0
0,0.0544176255236907,2016,0
0,0.060458089003505,2016,0
0,0.0707798577165046,2016,0
0,0.0549912145813636,2016,0
0,0.025203755502076,2016,0
0,0.0227943400425501,2016,0
0,0.0227943400425501,2016,0
0,0.0227943400425501,2016,0
0,0.0228257013598826,2016,0
0,0.0228257013598826,2016,0
0,0.0228257013598826,2016,0
0,0.0277681499419633,2016,0
0,0.0277681499419633,2016,0
0,0.0277681499419633,2016,0
0,0.0277681499419633,2016,0
0,0.0277681499419633,2016,0
0,0.0277681499419633,2016,0
0,0.0193126670737188,2016,0
0,0.0222876953831216,2016,0
0,0.0222876953831216,2016,0
0,0.0222876953831216,2016,0
0,0.0129106480184834,2016,0
0,0.0129106480184834,2016,0
0,0.0129106480184834,2016,0
0,0.0250248195021603,2016,0
0,0.0250248195021603,2016,0
0,0.0250248195021603,2016,0
0,0.0250248195021603,2016,0
0,0.0250248195021603,2016,0
0,0.0250248195021603,2016,0
0,0.0250248195021603,2016,0
0,0.0250248195021603,2016,0
0,0.0250248195021603,2016,0
0,0.0217602762068885,2016,0
0,0.0217602762068885,2016,0
0,0.0217602762068885,2016,0
0,0.0217602762068885,2016,0
0,0.0217602762068885,2016,0
0,0.0217602762068885,2016,0
0,0.0217602762068885,2016,0
0,0.0404849345011938,2016,0
0,0.0246940907721628,2016,0
0,0.0246940907721628,2016,0
0,0.0246940907721628,2016,0
0,0.0215530774677244,2016,0
0,0.0215530774677244,2016,0
0,0.0216116053362631,2016,0
0,0.0511274943363954,2016,0
0,0.0216657904287422,2016,0
0,0.0216657904287422,2016,0
0,0.0216657904287422,2016,0
0,0.052483583764906,2016,0
0,0.0488794069224383,2016,0
0,0.0274466083197687,2016,0
0,0.0274466083197687,2016,0
0,0.0274466083197687,2016,0
0,0.0274466083197687,2016,0
0,0.0274466083197687,2016,0
0,0.0274466083197687,2016,0
0,0.0274466083197687,2016,0
0,0.0554639870389476,2016,0
0,0.0587078173088906,2016,0
0,0.0491423819455243,2016,0
0,0.0554639870389476,2016,0
0,0.0554639870389476,2016,0
0,0.0554639870389476,2016,0
0,0.0554639870389476,2016,0
0,0.0554639870389476,2016,0
0,0.0458151635649519,2016,0
0,0.0515140123104361,2016,0
0,0.0373281665563116,2016,0
0,0.0529550698467038,2016,0
0,0.0510666839221399,2016,0
0,0.0446676580966081,2016,0
0,0.0458151635649519,2016,0
0,0.0529550698467038,2016,0
0,0.0395647258190408,2016,0
0,0.0526945801715782,2016,0
0,0.0524284788637892,2016,0
0,0.0218780637583806,2016,0
0,0.0218780637583806,2016,0
0,0.0218780637583806,2016,0
0,0.0239256014140146,2016,0
0,0.0239256014140146,2016,0
0,0.0239256014140146,2016,0
0,0.0281695228709173,2016,0
0,0.0281695228709173,2016,0
0,0.0281695228709173,2016,0
0,0.0281695228709173,2016,0
0,0.0281695228709173,2016,0
0,0.0281695228709173,2016,0
0,0.0186763708375169,2016,0
0,0.0220330941434437,2016,0
0,0.0220330941434437,2016,0
0,0.0220330941434437,2016,0
0,0.0373156776946241,2016,0
0,0.012447971476081,2016,0
0,0.012447971476081,2016,0
0,0.012447971476081,2016,0
0,0.0253102643381397,2016,0
0,0.0253102643381397,2016,0
0,0.0253102643381397,2016,0
0,0.0253102643381397,2016,0
0,0.0253102643381397,2016,0
0,0.0253102643381397,2016,0
0,0.0253102643381397,2016,0
0,0.0253102643381397,2016,0
0,0.0224732560172732,2016,0
0,0.0224732560172732,2016,0
0,0.0224732560172732,2016,0
0,0.0224732560172732,2016,0
0,0.0224732560172732,2016,0
0,0.0224732560172732,2016,0
0,0.0224732560172732,2016,0
0,0.0390292624366687,2016,0
0,0.025529363136927,2016,0
0,0.025529363136927,2016,0
0,0.025529363136927,2016,0
0,0.0229360545626776,2016,0
0,0.0229360545626776,2016,0
0,0.0233926803242623,2016,0
0,0.0577510637610926,2016,0
0,0.023860391999245,2016,0
0,0.023860391999245,2016,0
0,0.023860391999245,2016,0
0,0.057783885684403,2016,0
0,0.057783885684403,2016,0
0,0.0561044638133016,2016,0
0,0.03206162504112,2016,0
0,0.03206162504112,2016,0
0,0.03206162504112,2016,0
0,0.03206162504112,2016,0
0,0.03206162504112,2016,0
0,0.03206162504112,2016,0
0,0.03206162504112,2016,0
0,0.0647606738269206,2016,0
0,0.0647606738269206,2016,0
0,0.0647606738269206,2016,0
0,0.0647606738269206,2016,0
0,0.0580485422083801,2016,0
0,0.0647606738269206,2016,0
0,0.0647606738269206,2016,0
0,0.0530456060147651,2016,0
0,0.0606339324890585,2016,0
0,0.0606339324890585,2016,0
0,0.0440248243810517,2016,0
0,0.0519882956787384,2016,0
0,0.0530456060147651,2016,0
0,0.0591104343140649,2016,0
0,0.0464723320649573,2016,0
0,0.0610304329648544,2016,0
0,0.0253015393995968,2016,0
0,0.0253015393995968,2016,0
0,0.0253015393995968,2016,0
0,0.0281229090448361,2016,0
0,0.0281229090448361,2016,0
0,0.0281229090448361,2016,0
0,0.0337470246454577,2016,0
0,0.0337470246454577,2016,0
0,0.0337470246454577,2016,0
0,0.0337470246454577,2016,0
0,0.0337470246454577,2016,0
0,0.0337470246454577,2016,0
0,0.0226176245863427,2016,0
0,0.0259881317315367,2016,0
0,0.0259881317315367,2016,0
0,0.0259881317315367,2016,0
0,0.0259881317315367,2016,0
0,0.120404111946855,2016,0
0,0.0141778865253408,2016,0
0,0.0141778865253408,2016,0
0,0.0141778865253408,2016,0
0,0.0296675869039425,2016,0
0,0.0296675869039425,2016,0
0,0.0296675869039425,2016,0
0,0.0296675869039425,2016,0
0,0.0296675869039425,2016,0
0,0.0296675869039425,2016,0
0,0.0296675869039425,2016,0
0,0.0296675869039425,2016,0
0,0.0270095997682164,2016,0
0,0.0270095997682164,2016,0
0,0.0270095997682164,2016,0
0,0.0270095997682164,2016,0
0,0.0270095997682164,2016,0
0,0.0270095997682164,2016,0
0,0.0270095997682164,2016,0
0,0.0433935065606576,2016,0
0,0.0307654483912831,2016,0
0,0.0307654483912831,2016,0
0,0.0307654483912831,2016,0
0,0.0307654483912831,2016,0
0,0.0307654483912831,2016,0
0,0.0277669146294439,2016,0
0,0.0277669146294439,2016,0
0,0.0283780766982447,2016,0
0,0.0286724289446786,2016,0
0,0.0286724289446786,2016,0
0,0.0286724289446786,2016,0
0,0.0690407919884368,2016,0
0,0.0690407919884368,2016,0
0,0.0628073918397002,2016,0
0,0.0374975895823697,2016,0
0,0.0374975895823697,2016,0
0,0.0374975895823697,2016,0
0,0.0374975895823697,2016,0
0,0.0374975895823697,2016,0
0,0.0374975895823697,2016,0
0,0.0374975895823697,2016,0
0,0.0753206543711605,2016,0
0,0.0753206543711605,2016,0
0,0.0753206543711605,2016,0
0,0.0682072270961749,2016,0
0,0.0753206543711605,2016,0
0,0.0753206543711605,2016,0
0,0.0753206543711605,2016,0
0,0.0614738160691565,2016,0
0,0.0555478405649484,2016,0
0,0.0521675969423818,2016,0
0,0.062572595530472,2016,0
0,0.0693120622544736,2016,0
0,0.0709737116148695,2016,0
0,0.0709737116148695,2016,0
0,0.062572595530472,2016,0
0,0.031093566690553,2016,0
0,0.031093566690553,2016,0
0,0.0282940734751858,2016,0
0,0.0289934355881814,2016,0
0,0.072257600909612,2016,0
0,0.197119871839245,2016,0
0,0.0950023065356258,2016,0
0,0.0950023065356258,2016,0
0,0.0286642562924118,2016,0
0,0.0286642562924118,2016,0
0,0.0286642562924118,2016,0
0,0.0295691019340225,2016,0
0,0.0295691019340225,2016,0
0,0.0295691019340225,2016,0
0,0.0334761046739739,2016,0
0,0.0334761046739739,2016,0
0,0.0334761046739739,2016,0
0,0.0334761046739739,2016,0
0,0.0334761046739739,2016,0
0,0.0334761046739739,2016,0
0,0.0230123494248579,2016,0
0,0.0281585702150104,2016,0
0,0.0281585702150104,2016,0
0,0.0281585702150104,2016,0
0,0.0281585702150104,2016,0
0,0.127520373140373,2016,0
0,0.0297129626705323,2016,0
0,0.0297129626705323,2016,0
0,0.0297129626705323,2016,0
0,0.0297129626705323,2016,0
0,0.0297129626705323,2016,0
0,0.0297129626705323,2016,0
0,0.0297129626705323,2016,0
0,0.0297129626705323,2016,0
0,0.0297129626705323,2016,0
0,0.0297129626705323,2016,0
0,0.0279099284787456,2016,0
0,0.0279099284787456,2016,0
0,0.0279099284787456,2016,0
0,0.0279099284787456,2016,0
0,0.0279099284787456,2016,0
0,0.0279099284787456,2016,0
0,0.0434791444337206,2016,0
0,0.0295707439197811,2016,0
0,0.0295707439197811,2016,0
0,0.0295707439197811,2016,0
0,0.0295707439197811,2016,0
0,0.0295707439197811,2016,0
0,0.0295707439197811,2016,0
0,0.0279743654165619,2016,0
0,0.0279743654165619,2016,0
0,0.0286456903862736,2016,0
0,0.0293536908880439,2016,0
0,0.0293536908880439,2016,0
0,0.0715173124150519,2016,0
0,0.0607648428293062,2016,0
0,0.0371572207137139,2016,0
0,0.0371572207137139,2016,0
0,0.0371572207137139,2016,0
0,0.0371572207137139,2016,0
0,0.0371572207137139,2016,0
0,0.0371572207137139,2016,0
0,0.0371572207137139,2016,0
0,0.0741662910495883,2016,0
0,0.0741662910495883,2016,0
0,0.0670313143229285,2016,0
0,0.0782681960003836,2016,0
0,0.0741662910495883,2016,0
0,0.0741662910495883,2016,0
0,0.0741662910495883,2016,0
0,0.0741662910495883,2016,0
0,0.0617213536366115,2016,0
0,0.0558954025372522,2016,0
0,0.0716920803596623,2016,0
0,0.069396707923963,2016,0
0,0.0519504387803386,2016,0
0,0.0716920803596623,2016,0
0,0.0700017136815702,2016,0
0,0.063078324268362,2016,0
0,0.063078324268362,2016,0
0,0.0319312043495225,2016,0
0,0.0292412016555722,2016,0
0,0.0280952651016493,2016,0
0,0.0319312043495225,2016,0
0,0.0725213862710523,2016,0
0,0.0296117588821194,2016,0
0,0.0296117588821194,2016,0
0,0.0305218190044428,2016,0
0,0.0305218190044428,2016,0
0,0.0305218190044428,2016,0
0,0.0329237606016296,2016,0
0,0.0329237606016296,2016,0
0,0.0329237606016296,2016,0
0,0.0329237606016296,2016,0
0,0.0329237606016296,2016,0
0,0.0329237606016296,2016,0
0,0.0227248295099082,2016,0
0,0.0152487675701263,2016,0
0,0.0152487675701263,2016,0
0,0.0152487675701263,2016,0
0,0.0299358654404048,2016,0
0,0.0299358654404048,2016,0
0,0.0299358654404048,2016,0
0,0.0299358654404048,2016,0
0,0.0328153902921249,2016,0
0,0.0328153902921249,2016,0
0,0.0328153902921249,2016,0
0,0.0328153902921249,2016,0
0,0.0328153902921249,2016,0
0,0.0328153902921249,2016,0
0,0.0328153902921249,2016,0
0,0.0328153902921249,2016,0
0,0.0328153902921249,2016,0
0,0.0298948872112094,2016,0
0,0.0298948872112094,2016,0
0,0.0298948872112094,2016,0
0,0.0298948872112094,2016,0
0,0.0298948872112094,2016,0
0,0.0298948872112094,2016,0
0,0.0298948872112094,2016,0
0,0.0298948872112094,2016,0
0,0.0462591512505288,2016,0
0,0.0323076934534909,2016,0
0,0.0323076934534909,2016,0
0,0.0323076934534909,2016,0
0,0.0323076934534909,2016,0
0,0.0323076934534909,2016,0
0,0.0323076934534909,2016,0
0,0.0294615914457098,2016,0
0,0.0441448319186812,2016,0
0,0.029746983115037,2016,0
0,0.0299070627765887,2016,0
0,0.0299070627765887,2016,0
0,0.13685964437563,2016,0
0,0.0703107572966324,2016,0
0,0.0608163875333549,2016,0
0,0.037142037343404,2016,0
0,0.037142037343404,2016,0
0,0.037142037343404,2016,0
0,0.037142037343404,2016,0
0,0.037142037343404,2016,0
0,0.037142037343404,2016,0
0,0.037142037343404,2016,0
0,0.037142037343404,2016,0
0,0.0726147758418339,2016,0
0,0.0655041700074137,2016,0
0,0.077100855593841,2016,0
0,0.0726147758418339,2016,0
0,0.0726147758418339,2016,0
0,0.0726147758418339,2016,0
0,0.0726147758418339,2016,0
0,0.0682625792399477,2016,0
0,0.0612195494602808,2016,0
0,0.0593782791954536,2016,0
0,0.0699608034368625,2016,0
0,0.0699608034368625,2016,0
0,0.0612195494602808,2016,0
0,0.0492097414600767,2016,0
0,0.067607890869178,2016,0
0,0.053865821075143,2016,0
0,0.0285928331705337,2016,0
0,0.0317602363071424,2016,0
0,0.0317602363071424,2016,0
0,0.0270752910584643,2016,0
0,0.0689508463715621,2016,0
0,0.180412549513179,2016,0
0,0.0315380879395962,2016,0
0,0.0315380879395962,2016,0
0,0.0329247605564023,2016,0
0,0.0329247605564023,2016,0
0,0.0329247605564023,2016,0
0,0.0343195060531214,2016,0
0,0.0343195060531214,2016,0
0,0.0343195060531214,2016,0
0,0.0343195060531214,2016,0
0,0.0343195060531214,2016,0
0,0.0343195060531214,2016,0
0,0.0343195060531214,2016,0
0,0.0226489543737545,2016,0
0,0.0484520740221111,2016,0
0,0.0155874825131604,2016,0
0,0.0155874825131604,2016,0
0,0.0327408631568184,2016,0
0,0.0327408631568184,2016,0
0,0.0327408631568184,2016,0
0,0.0327408631568184,2016,0
0,0.0327408631568184,2016,0
0,0.0530096631622644,2016,0
0,0.0334528709295859,2016,0
0,0.0406186447323859,2016,0
0,0.0406186447323859,2016,0
0,0.0406186447323859,2016,0
0,0.0406186447323859,2016,0
0,0.0406186447323859,2016,0
0,0.0406186447323859,2016,0
0,0.0332122676506632,2016,0
0,0.0332122676506632,2016,0
0,0.0332122676506632,2016,0
0,0.0332122676506632,2016,0
0,0.0332122676506632,2016,0
0,0.0332122676506632,2016,0
0,0.0332122676506632,2016,0
0,0.148993329392653,2016,0
0,0.0592384046064759,2016,0
0,0.0465457739036208,2016,0
0,0.0405614939538731,2016,0
0,0.0405614939538731,2016,0
0,0.0405614939538731,2016,0
0,0.0405614939538731,2016,0
0,0.0405614939538731,2016,0
0,0.0405614939538731,2016,0
0,0.0405614939538731,2016,0
0,0.0330469448418015,2016,0
0,0.0453143715405653,2016,0
0,0.0323421890421302,2016,0
0,0.0317280670028502,2016,0
0,0.0317280670028502,2016,0
0,0.0720374044010553,2016,0
0,0.0645675149813766,2016,0
0,0.0417166718849093,2016,0
0,0.0417166718849093,2016,0
0,0.0417166718849093,2016,0
0,0.0417166718849093,2016,0
0,0.0417166718849093,2016,0
0,0.0417166718849093,2016,0
0,0.0417166718849093,2016,0
0,0.0417166718849093,2016,0
0,0.0749725257300815,2016,0
0,0.0675978588199127,2016,0
0,0.0749725257300815,2016,0
0,0.0749725257300815,2016,0
0,0.0749725257300815,2016,0
0,0.0749725257300815,2016,0
0,0.0597810244374621,2016,0
0,0.0712935254565088,2016,0
0,0.0731566432587996,2016,0
0,0.0549044982144487,2016,0
0,0.0731566432587996,2016,0
0,0.0631806644031161,2016,0
0,0.0471110536291184,2016,0
0,0.0703831681832171,2016,0
0,0.0320178067656526,2016,0
0,0.0287395101456966,2016,0
0,0.0375616735451018,2016,0
0,0.0375616735451018,2016,0
0,0.0710164830984302,2016,0
0,0.183512989981209,2016,0
0,0.193239368248869,2016,0
0,0.0315498858100442,2016,0
0,0.0315498858100442,2016,0
0,0.0315498858100442,2016,0
0,0.0328934782198847,2016,0
0,0.0328934782198847,2016,0
0,0.0331430592752789,2016,0
0,0.0331430592752789,2016,0
0,0.0331430592752789,2016,0
0,0.0331430592752789,2016,0
0,0.0331430592752789,2016,0
0,0.0331430592752789,2016,0
0,0.0331430592752789,2016,0
0,0.0215709011384506,2016,0
0,0.0144106515249043,2016,0
0,0.0144106515249043,2016,0
0,0.031830393973029,2016,0
0,0.031830393973029,2016,0
0,0.031830393973029,2016,0
0,0.031830393973029,2016,0
0,0.031830393973029,2016,0
0,0.0527352174911234,2016,0
0,0.0316094094224032,2016,0
0,0.0377414641554439,2016,0
0,0.0377414641554439,2016,0
0,0.0377414641554439,2016,0
0,0.0377414641554439,2016,0
0,0.0377414641554439,2016,0
0,0.0377414641554439,2016,0
0,0.0319412447271617,2016,0
0,0.0319412447271617,2016,0
0,0.0319412447271617,2016,0
0,0.0319412447271617,2016,0
0,0.0319412447271617,2016,0
0,0.0319412447271617,2016,0
0,0.0319412447271617,2016,0
0,0.0319412447271617,2016,0
0,0.144169345847341,2016,0
0,0.0566384083882176,2016,0
0,0.045324080953965,2016,0
0,0.0387148963811812,2016,0
0,0.0387148963811812,2016,0
0,0.0387148963811812,2016,0
0,0.0387148963811812,2016,0
0,0.0387148963811812,2016,0
0,0.0387148963811812,2016,0
0,0.0387148963811812,2016,0
0,0.0387148963811812,2016,0
0,0.0322973043708922,2016,0
0,0.0322973043708922,2016,0
0,0.0457999977466105,2016,0
0,0.0322093496609993,2016,0
0,0.0321821202150033,2016,0
0,0.0321821202150033,2016,0
0,0.0720653256848939,2016,0
0,0.0720653256848939,2016,0
0,0.0336367162032452,2016,0
0,0.0648131612369403,2016,0
0,0.0429713501860955,2016,0
0,0.0429713501860955,2016,0
0,0.0429713501860955,2016,0
0,0.0429713501860955,2016,0
0,0.0429713501860955,2016,0
0,0.0429713501860955,2016,0
0,0.0429713501860955,2016,0
0,0.0429713501860955,2016,0
0,0.076785537379585,2016,0
0,0.076785537379585,2016,0
0,0.076785537379585,2016,0
0,0.0694208527426562,2016,0
0,0.076785537379585,2016,0
0,0.076785537379585,2016,0
0,0.0753584632723339,2016,0
0,0.0615945448731473,2016,0
0,0.0569654248334036,2016,0
0,0.0487133025972979,2016,0
0,0.0725900081052227,2016,0
0,0.073521080318052,2016,0
0,0.0753584632723339,2016,0
0,0.0296178565647277,2016,0
0,0.0332872295262857,2016,0
0,0.0392920554830496,2016,0
0,0.0392920554830496,2016,0
0,0.0740586495758251,2016,0
0,0.194301792308433,2016,0
0,0.044438789152659,2016,0
0,0.0310534534378155,2016,0
0,0.0310534534378155,2016,0
0,0.0310534534378155,2016,0
0,0.042687825062316,2016,0
0,0.0328229859427671,2016,0
0,0.0328229859427671,2016,0
0,0.03307314228546,2016,0
0,0.03307314228546,2016,0
0,0.03307314228546,2016,0
0,0.03307314228546,2016,0
0,0.03307314228546,2016,0
0,0.0151967013497258,2016,0
0,0.0151967013497258,2016,0
0,0.0151967013497258,2016,0
0,0.0305890260314596,2016,0
0,0.0305890260314596,2016,0
0,0.0305890260314596,2016,0
0,0.0305890260314596,2016,0
0,0.0305890260314596,2016,0
0,0.0506659762759204,2016,0
0,0.0357341204494838,2016,0
0,0.0357341204494838,2016,0
0,0.0357341204494838,2016,0
0,0.0357341204494838,2016,0
0,0.0357341204494838,2016,0
0,0.0357341204494838,2016,0
0,0.0357341204494838,2016,0
0,0.0357341204494838,2016,0
0,0.0357341204494838,2016,0
0,0.0302651502126634,2016,0
0,0.0302651502126634,2016,0
0,0.0302651502126634,2016,0
0,0.0302651502126634,2016,0
0,0.0302651502126634,2016,0
0,0.0302651502126634,2016,0
0,0.0302651502126634,2016,0
0,0.0302651502126634,2016,0
0,0.132747231663908,2016,0
0,0.0502194782186606,2016,0
0,0.0434458997946161,2016,0
0,0.0359724571093454,2016,0
0,0.0359724571093454,2016,0
0,0.0359724571093454,2016,0
0,0.0359724571093454,2016,0
0,0.0359724571093454,2016,0
0,0.0359724571093454,2016,0
0,0.0359724571093454,2016,0
0,0.0359724571093454,2016,0
0,0.0359724571093454,2016,0
0,0.0359724571093454,2016,0
0,0.0302580084236386,2016,0
0,0.0302580084236386,2016,0
0,0.0464128777926149,2016,0
0,0.0309006953892486,2016,0
0,0.0310365277237184,2016,0
0,0.0310365277237184,2016,0
0,0.0691533181734941,2016,0
0,0.0691533181734941,2016,0
0,0.0626217659829327,2016,0
0,0.0412825596176593,2016,0
0,0.0412825596176593,2016,0
0,0.0412825596176593,2016,0
0,0.0412825596176593,2016,0
0,0.0412825596176593,2016,0
0,0.0412825596176593,2016,0
0,0.0412825596176593,2016,0
0,0.0412825596176593,2016,0
0,0.070075961673752,2016,0
0,0.0772406887219416,2016,0
0,0.0772406887219416,2016,0
0,0.0772406887219416,2016,0
0,0.0772406887219416,2016,0
0,0.0772406887219416,2016,0
0,0.0581900714032982,2016,0
0,0.063136554047677,2016,0
0,0.0518304728083016,2016,0
0,0.0734744690723854,2016,0
0,0.0727100807270136,2016,0
0,0.0751855328526291,2016,0
0,0.0751855328526291,2016,0
0,0.0326720703099286,2016,0
0,0.0371170056640974,2016,0
0,0.0371170056640974,2016,0
0,0.0300522127670935,2016,0
0,0.0760034111442265,2016,0
0,0.199940605753495,2016,0
0,0.040091848068289,2016,0
0,0.0204169751210313,2016,0
0,0.0204169751210313,2016,0
0,0.0301679873216799,2016,0
0,0.0301679873216799,2016,0
0,0.0301679873216799,2016,0
0,0.0303934361609421,2016,0
0,0.0303934361609421,2016,0
0,0.0303934361609421,2016,0
0,0.0322962346899814,2016,0
0,0.0322962346899814,2016,0
0,0.0322962346899814,2016,0
0,0.0322962346899814,2016,0
0,0.0322962346899814,2016,0
0,0.0151977305013334,2016,0
0,0.0151977305013334,2016,0
0,0.0197661754238861,2016,0
0,0.0293677283929124,2016,0
0,0.0293677283929124,2016,0
0,0.0293677283929124,2016,0
0,0.0471542503087042,2016,0
0,0.0193511105229056,2016,0
0,0.0342384478649466,2016,0
0,0.0342384478649466,2016,0
0,0.0342384478649466,2016,0
0,0.0342384478649466,2016,0
0,0.0342384478649466,2016,0
0,0.0342384478649466,2016,0
0,0.0342384478649466,2016,0
0,0.0342384478649466,2016,0
0,0.0342384478649466,2016,0
0,0.0342384478649466,2016,0
0,0.0290916768615344,2016,0
0,0.0290916768615344,2016,0
0,0.0290916768615344,2016,0
0,0.0290916768615344,2016,0
0,0.0290916768615344,2016,0
0,0.0290916768615344,2016,0
0,0.0290916768615344,2016,0
0,0.0290916768615344,2016,0
0,0.0401434233489232,2016,0
0,0.0192325739631654,2016,0
0,0.0328417275747398,2016,0
0,0.0328417275747398,2016,0
0,0.0328417275747398,2016,0
0,0.0328417275747398,2016,0
0,0.0328417275747398,2016,0
0,0.0328417275747398,2016,0
0,0.0328417275747398,2016,0
0,0.0328417275747398,2016,0
0,0.0328417275747398,2016,0
0,0.0286907119594061,2016,0
0,0.0286907119594061,2016,0
0,0.019117859710212,2016,0
0,0.0445793684835909,2016,0
0,0.0289349327989391,2016,0
0,0.0287087564377015,2016,0
0,0.0287087564377015,2016,0
0,0.0298348012684118,2016,0
0,0.0627337605941607,2016,0
0,0.0405906537790022,2016,0
0,0.0405906537790022,2016,0
0,0.0405906537790022,2016,0
0,0.0405906537790022,2016,0
0,0.0405906537790022,2016,0
0,0.0405906537790022,2016,0
0,0.0405906537790022,2016,0
0,0.0405906537790022,2016,0
0,0.0791853007436886,2016,0
0,0.0791853007436886,2016,0
0,0.0722054402670234,2016,0
0,0.0791853007436886,2016,0
0,0.0791853007436886,2016,0
0,0.0791853007436886,2016,0
0,0.0661921285391729,2016,0
0,0.0576316046920127,2016,0
0,0.0752894755460268,2016,0
0,0.0752894755460268,2016,0
0,0.0604752636476246,2016,0
0,0.0737415988212434,2016,0
0,0.0732433139256056,2016,0
0,0.0335181451483655,2016,0
0,0.0335181451483655,2016,0
0,0.0314823384092556,2016,0
0,0.0306946777761678,2016,0
0,0.0785895582370263,2016,0
0,0.204226169858669,2016,0
0,0.112896126271854,2016,0
0,0.112896126271854,2016,0
0,0.0347271177057795,2016,0
0,0.0214669642725774,2016,0
0,0.0214669642725774,2016,0
0,0.0300902354379873,2016,0
0,0.0300902354379873,2016,0
0,0.0300902354379873,2016,0
0,0.0383058243739956,2016,0
0,0.0317004873545875,2016,0
0,0.036782894390018,2016,0
0,0.036782894390018,2016,0
0,0.036782894390018,2016,0
0,0.036782894390018,2016,0
0,0.036782894390018,2016,0
0,0.036782894390018,2016,0
0,0.0191008531442604,2016,0
0,0.0309927607264563,2016,0
0,0.0309927607264563,2016,0
0,0.0309927607264563,2016,0
0,0.0512985328020395,2016,0
0,0.0247478045804476,2016,0
0,0.038565748658713,2016,0
0,0.038565748658713,2016,0
0,0.038565748658713,2016,0
0,0.038565748658713,2016,0
0,0.038565748658713,2016,0
0,0.038565748658713,2016,0
0,0.038565748658713,2016,0
0,0.038565748658713,2016,0
0,0.038565748658713,2016,0
0,0.038565748658713,2016,0
0,0.0322210537428319,2016,0
0,0.0322210537428319,2016,0
0,0.0322210537428319,2016,0
0,0.0322210537428319,2016,0
0,0.0322210537428319,2016,0
0,0.0322210537428319,2016,0
0,0.0322210537428319,2016,0
0,0.0520220091677917,2016,0
0,0.025177515137517,2016,0
0,0.0406814379286722,2016,0
0,0.0406814379286722,2016,0
0,0.0406814379286722,2016,0
0,0.0406814379286722,2016,0
0,0.0406814379286722,2016,0
0,0.0406814379286722,2016,0
0,0.0406814379286722,2016,0
0,0.0406814379286722,2016,0
0,0.0335095066653621,2016,0
0,0.0335095066653621,2016,0
0,0.0335095066653621,2016,0
0,0.0647328712190831,2016,0
0,0.0259154614644221,2016,0
0,0.0259154614644221,2016,0
0,0.0333946577718018,2016,0
0,0.0333828201985616,2016,0
0,0.0333828201985616,2016,0
0,0.0444162246289351,2016,0
0,0.0815478337999291,2016,0
0,0.0507764680859869,2016,0
0,0.0507764680859869,2016,0
0,0.0507764680859869,2016,0
0,0.0507764680859869,2016,0
0,0.0507764680859869,2016,0
0,0.0507764680859869,2016,0
0,0.0507764680859869,2016,0
0,0.0507764680859869,2016,0
0,0.0913340610322693,2016,0
0,0.0913340610322693,2016,0
0,0.0913340610322693,2016,0
0,0.0913340610322693,2016,0
0,0.0913340610322693,2016,0
0,0.0913340610322693,2016,0
0,0.0837895258700628,2016,0
0,0.0899722040953991,2016,0
0,0.0872418037558561,2016,0
0,0.0645512283283594,2016,0
0,0.071803857964197,2016,0
0,0.0880899635114691,2016,0
0,0.0899722040953991,2016,0
0,0.077476358630534,2016,0
0,0.0425635464495742,2016,0
0,0.0360381368212536,2016,0
0,0.0425635464495742,2016,0
0,0.0384519603490262,2016,0
0,0.0901825165148715,2016,0
0,0.234717310126327,2016,0
0,0.13517575521748,2016,0
0,0.0294938989543179,2016,0
0,0.0335822694458008,2016,0
0,0.0335822694458008,2016,0
0,0.0335822694458008,2016,0
0,0.0528559692291593,2016,0
0,0.0528559692291593,2016,0
0,0.0391068526712743,2016,0
0,0.046486505135985,2016,0
0,0.046486505135985,2016,0
0,0.046486505135985,2016,0
0,0.046486505135985,2016,0
0,0.046486505135985,2016,0
0,0.046486505135985,2016,0
0,0.0242126478306763,2016,0
0,0.0334791682326973,2016,0
0,0.0334791682326973,2016,0
0,0.0334791682326973,2016,0
0,0.0311268808711227,2016,0
0,0.0581611900679126,2016,0
0,0.0242943528220523,2016,0
0,0.0306922093675209,2016,0
0,0.0421594456319286,2016,0
0,0.0421594456319286,2016,0
0,0.0421594456319286,2016,0
0,0.0421594456319286,2016,0
0,0.0421594456319286,2016,0
0,0.0421594456319286,2016,0
0,0.0421594456319286,2016,0
0,0.0421594456319286,2016,0
0,0.0421594456319286,2016,0
0,0.0340110114460691,2016,0
0,0.0340110114460691,2016,0
0,0.0340110114460691,2016,0
0,0.0340110114460691,2016,0
0,0.0340110114460691,2016,0
0,0.0340110114460691,2016,0
0,0.0340110114460691,2016,0
0,0.0573095744367646,2016,0
0,0.0306783788737194,2016,0
0,0.043094583396269,2016,0
0,0.043094583396269,2016,0
0,0.043094583396269,2016,0
0,0.043094583396269,2016,0
0,0.043094583396269,2016,0
0,0.043094583396269,2016,0
0,0.043094583396269,2016,0
0,0.043094583396269,2016,0
0,0.043094583396269,2016,0
0,0.0348016764419558,2016,0
0,0.0348016764419558,2016,0
0,0.0348016764419558,2016,0
0,0.0307634484651877,2016,0
0,0.0307634484651877,2016,0
0,0.0349823547000614,2016,0
0,0.035700124109165,2016,0
0,0.035700124109165,2016,0
0,0.0588487528764153,2016,0
0,0.0588487528764153,2016,0
0,0.0158892564938393,2016,0
0,0.0472088067889942,2016,0
0,0.086054286683522,2016,0
0,0.0541212210634493,2016,0
0,0.0541212210634493,2016,0
0,0.0541212210634493,2016,0
0,0.0541212210634493,2016,0
0,0.0541212210634493,2016,0
0,0.0541212210634493,2016,0
0,0.0541212210634493,2016,0
0,0.0915616295339287,2016,0
0,0.0915616295339287,2016,0
0,0.0915616295339287,2016,0
0,0.0915616295339287,2016,0
0,0.0915616295339287,2016,0
0,0.0837738067178107,2016,0
0,0.0915616295339287,2016,0
0,0.0766088060623696,2016,0
0,0.0717213571391185,2016,0
0,0.0923381327478266,2016,0
0,0.0923381327478266,2016,0
0,0.0902758034234308,2016,0
0,0.0891316072957767,2016,0
0,0.0607686859119368,2016,0
0,0.0408786734783921,2016,0
0,0.0363300887662993,2016,0
0,0.0479012401825459,2016,0
0,0.0898071831297605,2016,0
0,0.238845496054948,2016,0
0,0.149848970884959,2016,0
0,0.0610368751939743,2016,0
0,0.0610368751939743,2016,0
0,0.0354106039337755,2016,0
0,0.0354106039337755,2016,0
0,0.0354106039337755,2016,0
0,0.0575686393015373,2016,0
0,0.0575686393015373,2016,0
0,0.0575686393015373,2016,0
0,0.038630195560344,2016,0
0,0.0431996475775156,2016,0
0,0.0431996475775156,2016,0
0,0.0431996475775156,2016,0
0,0.0431996475775156,2016,0
0,0.0431996475775156,2016,0
0,0.0431996475775156,2016,0
0,0.0218428341741177,2016,0
0,0.0218428341741177,2016,0
0,0.0340868623871635,2016,0
0,0.0340868623871635,2016,0
0,0.0340868623871635,2016,0
0,0.0340868623871635,2016,0
0,0.0279533547788006,2016,0
0,0.0589563145901877,2016,0
0,0.0208999647816102,2016,0
0,0.0303064652090872,2016,0
0,0.0386529046653551,2016,0
0,0.0386529046653551,2016,0
0,0.0386529046653551,2016,0
0,0.0386529046653551,2016,0
0,0.0386529046653551,2016,0
0,0.0386529046653551,2016,0
0,0.0386529046653551,2016,0
0,0.0386529046653551,2016,0
0,0.0386529046653551,2016,0
0,0.0327870866477663,2016,0
0,0.0327870866477663,2016,0
0,0.0327870866477663,2016,0
0,0.0327870866477663,2016,0
0,0.0327870866477663,2016,0
0,0.0327870866477663,2016,0
0,0.0327870866477663,2016,0
0,0.0327870866477663,2016,0
0,0.0506974454101135,2016,0
0,0.0318176630819439,2016,0
0,0.0375080004021927,2016,0
0,0.0375080004021927,2016,0
0,0.0375080004021927,2016,0
0,0.0375080004021927,2016,0
0,0.0375080004021927,2016,0
0,0.0375080004021927,2016,0
0,0.0375080004021927,2016,0
0,0.0375080004021927,2016,0
0,0.0375080004021927,2016,0
0,0.0322827010388425,2016,0
0,0.0322827010388425,2016,0
0,0.0322827010388425,2016,0
0,0.0315033396567133,2016,0
0,0.0315033396567133,2016,0
0,0.0315033396567133,2016,0
0,0.0322012982972757,2016,0
0,0.0301146763456521,2016,0
0,0.0496216722419031,2016,0
0,0.0321726306148026,2016,0
0,0.0321726306148026,2016,0
0,0.0451873848171231,2016,0
0,0.0343551315089253,2016,0
0,0.0723355573440377,2016,0
0,0.0478648205025414,2016,0
0,0.0478648205025414,2016,0
0,0.0478648205025414,2016,0
0,0.0478648205025414,2016,0
0,0.0842680962253318,2016,0
0,0.0842680962253318,2016,0
0,0.0842680962253318,2016,0
0,0.0842680962253318,2016,0
0,0.0842680962253318,2016,0
0,0.0798723369079088,2016,0
0,0.0789722098171347,2016,0
0,0.0634176663473339,2016,0
0,0.0681791515260722,2016,0
0,0.0552933082237308,2016,0
0,0.0816822258085423,2016,0
0,0.0816822258085423,2016,0
0,0.0423345535681911,2016,0
0,0.0366141161666613,2016,0
0,0.0329818234522236,2016,0
0,0.0823519384258941,2016,0
0,0.217663446284358,2016,0
0,0.0443838751271702,2016,0
0,0.0443838751271702,2016,0
0,0.0316273230601728,2016,0
0,0.0316273230601728,2016,0
0,0.0316273230601728,2016,0
0,0.0336712322095965,2016,0
0,0.0348121621232245,2016,0
0,0.0348121621232245,2016,0
0,0.0348121621232245,2016,0
0,0.0348121621232245,2016,0
0,0.0348121621232245,2016,0
0,0.0348121621232245,2016,0
0,0.0192143069031608,2016,0
0,0.0192143069031608,2016,0
0,0.027373777691719,2016,0
0,0.0313626311376977,2016,0
0,0.0313626311376977,2016,0
0,0.0313626311376977,2016,0
0,0.0313626311376977,2016,0
0,0.0534438757376269,2016,0
0,0.0189665569980084,2016,0
0,0.0271307316106373,2016,0
0,0.0349071970725457,2016,0
0,0.0349071970725457,2016,0
0,0.0349071970725457,2016,0
0,0.0349071970725457,2016,0
0,0.0349071970725457,2016,0
0,0.0349071970725457,2016,0
0,0.0349071970725457,2016,0
0,0.0349071970725457,2016,0
0,0.0349071970725457,2016,0
0,0.0349071970725457,2016,0
0,0.0349071970725457,2016,0
0,0.0306128500053719,2016,0
0,0.0306128500053719,2016,0
0,0.0306128500053719,2016,0
0,0.0306128500053719,2016,0
0,0.0306128500053719,2016,0
0,0.0306128500053719,2016,0
0,0.0357977582678373,2016,0
0,0.0357977582678373,2016,0
0,0.0357977582678373,2016,0
0,0.0357977582678373,2016,0
0,0.0357977582678373,2016,0
0,0.0357977582678373,2016,0
0,0.0357977582678373,2016,0
0,0.0290521263989266,2016,0
0,0.0290521263989266,2016,0
0,0.0309308107178427,2016,0
0,0.0299133895308318,2016,0
0,0.0322907341460279,2016,0
0,0.0322907341460279,2016,0
0,0.0486094394033767,2016,0
0,0.0345035920693476,2016,0
0,0.071729979967162,2016,0
0,0.0482776182529562,2016,0
0,0.0482776182529562,2016,0
0,0.0482776182529562,2016,0
0,0.0860152902312303,2016,0
0,0.0860152902312303,2016,0
0,0.0860152902312303,2016,0
0,0.0860152902312303,2016,0
0,0.0860152902312303,2016,0
0,0.0691835154677893,2016,0
0,0.082637322089598,2016,0
0,0.0808549853722146,2016,0
0,0.082637322089598,2016,0
0,0.0799663249055986,2016,0
0,0.0434964220400824,2016,0
0,0.0846781703381302,2016,0
0,0.221110210272889,2016,0
0,0.0504244632931252,2016,0
0,0.0504244632931252,2016,0
0,0.0504244632931252,2016,0
0,0.0504244632931252,2016,0
0,0.0347645131656672,2016,0
0,0.0347645131656672,2016,0
0,0.0347645131656672,2016,0
0,0.0362702836646186,2016,0
0,0.0385210722902887,2016,0
0,0.0385210722902887,2016,0
0,0.0385210722902887,2016,0
0,0.0385210722902887,2016,0
0,0.0385210722902887,2016,0
0,0.0385210722902887,2016,0
0,0.0256657274601228,2016,0
0,0.0358886249204752,2016,0
0,0.0358886249204752,2016,0
0,0.0358886249204752,2016,0
0,0.0276644121065755,2016,0
0,0.0333477255404195,2016,0
0,0.0446854931314968,2016,0
0,0.0446854931314968,2016,0
0,0.0446854931314968,2016,0
0,0.0446854931314968,2016,0
0,0.0446854931314968,2016,0
0,0.0446854931314968,2016,0
0,0.0446854931314968,2016,0
0,0.0446854931314968,2016,0
0,0.0446854931314968,2016,0
0,0.0446854931314968,2016,0
0,0.0446854931314968,2016,0
0,0.0372325059015442,2016,0
0,0.0372325059015442,2016,0
0,0.0372325059015442,2016,0
0,0.0372325059015442,2016,0
0,0.0372325059015442,2016,0
0,0.0372325059015442,2016,0
0,0.0461095595574764,2016,0
0,0.0461095595574764,2016,0
0,0.0461095595574764,2016,0
0,0.0461095595574764,2016,0
0,0.0461095595574764,2016,0
0,0.0461095595574764,2016,0
0,0.0640919978844501,2016,0
0,0.0370924183713279,2016,0
0,0.0370924183713279,2016,0
0,0.0370924183713279,2016,0
0,0.0396651288573144,2016,0
0,0.0410860605009305,2016,0
0,0.0410860605009305,2016,0
0,0.17660309656592,2016,0
0,0.0721150034635563,2016,0
0,0.0439393019402873,2016,0
0,0.0508719504516698,2016,0
0,0.0508719504516698,2016,0
0,0.0508719504516698,2016,0
0,0.0508719504516698,2016,0
0,0.0508719504516698,2016,0
0,0.0876456571147942,2016,0
0,0.235517874455407,2016,0
0,0.1712424983718,2016,0
0,0.0770713691294791,2016,0
0,0.0770713691294791,2016,0
0,0.0770713691294791,2016,0
0,0.0438761982100855,2016,0
0,0.0438761982100855,2016,0
0,0.0819379806170947,2016,0
0,0.0819379806170947,2016,0
0,0.0588372357139957,2016,0
0,0.0419719611257998,2016,0
0,0.0478555798386734,2016,0
0,0.0478555798386734,2016,0
0,0.0478555798386734,2016,0
0,0.0478555798386734,2016,0
0,0.0478555798386734,2016,0
0,0.0478555798386734,2016,0
0,0.0482095489619373,2016,0
0,0.0446574647689625,2016,0
0,0.0446574647689625,2016,0
0,0.0446574647689625,2016,0
0,0.0440760077988925,2016,0
0,0.0408099171574843,2016,0
0,0.0408099171574843,2016,0
0,0.0408099171574843,2016,0
0,0.0487018522259796,2016,0
0,0.0545067625767697,2016,0
0,0.0545067625767697,2016,0
0,0.0545067625767697,2016,0
0,0.0545067625767697,2016,0
0,0.0545067625767697,2016,0
0,0.0545067625767697,2016,0
0,0.0545067625767697,2016,0
0,0.0545067625767697,2016,0
0,0.0545067625767697,2016,0
0,0.0545067625767697,2016,0
0,0.0545067625767697,2016,0
0,0.0445455836885441,2016,0
0,0.0445455836885441,2016,0
0,0.0445455836885441,2016,0
0,0.0445455836885441,2016,0
0,0.0445455836885441,2016,0
0,0.0445455836885441,2016,0
0,0.0445455836885441,2016,0
0,0.0445455836885441,2016,0
0,0.0445455836885441,2016,0
0,0.0477890274796397,2016,0
0,0.0523719689603317,2016,0
0,0.0523719689603317,2016,0
0,0.0523719689603317,2016,0
0,0.0523719689603317,2016,0
0,0.0523719689603317,2016,0
0,0.0523719689603317,2016,0
0,0.0446051973471129,2016,0
0,0.0446051973471129,2016,0
0,0.0414413007636854,2016,0
0,0.0388499158199186,2016,0
0,0.0388499158199186,2016,0
0,0.169570157203881,2016,0
0,0.0701901129900799,2016,0
0,0.0473960464931909,2016,0
0,0.0510905821475438,2016,0
0,0.0510905821475438,2016,0
0,0.0510905821475438,2016,0
0,0.0801221757569455,2016,0
0,0.0873712757625594,2016,0
0,0.241113112497086,2016,0
0,0.16846986381737,2016,0
0,0.064579037704058,2016,0
0,0.064579037704058,2016,0
0,0.0349380695391818,2016,0
0,0.0349380695391818,2016,0
0,0.0543246636846627,2016,0
0,0.0386518080634978,2016,0
0,0.0440779626994648,2016,0
0,0.0440779626994648,2016,0
0,0.0440779626994648,2016,0
0,0.0440779626994648,2016,0
0,0.0440779626994648,2016,0
0,0.0440779626994648,2016,0
0,0.0340007723831547,2016,0
0,0.0340305451736799,2016,0
0,0.0340305451736799,2016,0
0,0.0340305451736799,2016,0
0,0.0297818737644607,2016,0
0,0.0388972287104078,2016,0
0,0.0388972287104078,2016,0
0,0.0388972287104078,2016,0
0,0.0388972287104078,2016,0
0,0.0388972287104078,2016,0
0,0.0388972287104078,2016,0
0,0.0388972287104078,2016,0
0,0.0388972287104078,2016,0
0,0.0388972287104078,2016,0
0,0.0388972287104078,2016,0
0,0.0324840216983485,2016,0
0,0.0324840216983485,2016,0
0,0.0324840216983485,2016,0
0,0.0324840216983485,2016,0
0,0.0324840216983485,2016,0
0,0.0324840216983485,2016,0
0,0.0324840216983485,2016,0
0,0.0324840216983485,2016,0
0,0.0324840216983485,2016,0
0,0.0266668852977183,2016,0
0,0.0360174057735323,2016,0
0,0.0360174057735323,2016,0
0,0.0360174057735323,2016,0
0,0.0360174057735323,2016,0
0,0.0360174057735323,2016,0
0,0.024632567799918,2016,0
0,0.024632567799918,2016,0
0,0.0292978628722776,2016,0
0,0.0279751429686863,2016,0
0,0.129785148224547,2016,0
0,0.0447438122463237,2016,0
0,0.0447438122463237,2016,0
0,0.0391214621384338,2016,0
0,0.0466447354191708,2016,0
0,0.0466447354191708,2016,0
0,0.0466447354191708,2016,0
0,0.081580838084491,2016,0
0,0.233867301705812,2016,0
0,0.141665233626059,2016,0
0,0.0274443725188123,2016,0
0,0.0432311751689076,2016,0
0,0.0432311751689076,2016,0
0,0.0273140392678502,2016,0
0,0.0273140392678502,2016,0
0,0.0273140392678502,2016,0
0,0.0518438918633703,2016,0
0,0.0341025198789226,2016,0
0,0.0404841069173678,2016,0
0,0.0404841069173678,2016,0
0,0.0404841069173678,2016,0
0,0.0404841069173678,2016,0
0,0.0404841069173678,2016,0
0,0.0201852576201277,2016,0
0,0.0201852576201277,2016,0
0,0.0283096869297238,2016,0
0,0.0283096869297238,2016,0
0,0.0283096869297238,2016,0
0,0.0177347315058689,2016,0
0,0.0177347315058689,2016,0
0,0.0335934477012747,2016,0
0,0.0335934477012747,2016,0
0,0.0335934477012747,2016,0
0,0.0335934477012747,2016,0
0,0.0335934477012747,2016,0
0,0.0335934477012747,2016,0
0,0.0335934477012747,2016,0
0,0.0335934477012747,2016,0
0,0.0288322436429092,2016,0
0,0.0288322436429092,2016,0
0,0.0288322436429092,2016,0
0,0.0288322436429092,2016,0
0,0.0288322436429092,2016,0
0,0.0288322436429092,2016,0
0,0.0288322436429092,2016,0
0,0.0288322436429092,2016,0
0,0.0288322436429092,2016,0
0,0.0209225222188048,2016,0
0,0.0349330559779796,2016,0
0,0.0349330559779796,2016,0
0,0.0349330559779796,2016,0
0,0.0349330559779796,2016,0
0,0.0349330559779796,2016,0
0,0.0213064473341219,2016,0
0,0.0213064473341219,2016,0
0,0.0673158784652163,2016,0
0,0.0673158784652163,2016,0
0,0.0673158784652163,2016,0
0,0.0673158784652163,2016,0
0,0.0301683391944728,2016,0
0,0.136114143602536,2016,0
0,0.0477756271922387,2016,0
0,0.0477756271922387,2016,0
0,0.0405093880354956,2016,0
0,0.0557643703809729,2016,0
0,0.0557643703809729,2016,0
0,0.0557643703809729,2016,0
0,0.0557643703809729,2016,0
0,0.0857997611618298,2016,0
0,0.142438727504785,2016,0
0,0.0466853001999382,2016,0
0,0.0541398367018775,2016,0
0,0.0347525712879734,2016,0
0,0.0422332339407949,2016,0
0,0.0422332339407949,2016,0
0,0.0422332339407949,2016,0
0,0.0422332339407949,2016,0
0,0.0422332339407949,2016,0
0,0.021930033569339,2016,0
0,0.021930033569339,2016,0
0,0.021930033569339,2016,0
0,0.0312221538985195,2016,0
0,0.0312221538985195,2016,0
0,0.0312221538985195,2016,0
0,0.0360705015281116,2016,0
0,0.0360705015281116,2016,0
0,0.0360705015281116,2016,0
0,0.0360706344427606,2016,0
0,0.0360706344427606,2016,0
0,0.0360706344427606,2016,0
0,0.0319689148147072,2016,0
0,0.0319689148147072,2016,0
0,0.0319689148147072,2016,0
0,0.0319689148147072,2016,0
0,0.0319689148147072,2016,0
0,0.0319689148147072,2016,0
0,0.0319689148147072,2016,0
0,0.0319689148147072,2016,0
0,0.0319689148147072,2016,0
0,0.0231077731859389,2016,0
0,0.0363858743902062,2016,0
0,0.0363858743902062,2016,0
0,0.0232117194890607,2016,0
0,0.0232117194890607,2016,0
0,0.0412805906042921,2016,0
0,0.0412805906042921,2016,0
0,0.174607020766009,2016,0
0,0.0621335653144805,2016,0
0,0.0547741591328039,2016,0
0,0.0547741591328039,2016,0
0,0.0547741591328039,2016,0
0,0.0547741591328039,2016,0
0,0.0883419024339533,2016,0
0,0.140073847023729,2016,0
0,0.0629641099774186,2016,0
0,0.0372700910469791,2016,0
0,0.0385007016678956,2016,0
0,0.0600374201032487,2016,0
0,0.0391330040642396,2016,0
0,0.0472683400583807,2016,0
0,0.0472683400583807,2016,0
0,0.0472683400583807,2016,0
0,0.0472683400583807,2016,0
0,0.0472683400583807,2016,0
0,0.0472683400583807,2016,0
0,0.0442570215989985,2016,0
0,0.0442570215989985,2016,0
0,0.0442570215989985,2016,0
0,0.0442570215989985,2016,0
0,0.0442570215989985,2016,0
0,0.0375858004002098,2016,0
0,0.0375858004002098,2016,0
0,0.0375858004002098,2016,0
0,0.0375858004002098,2016,0
0,0.029838092737308,2016,0
0,0.0910703661787857,2016,0
0,0.0910703661787857,2016,0
0,0.0538186961103596,2016,0
0,0.0538186961103596,2016,0
0,0.0538186961103596,2016,0
0,0.0538186961103596,2016,0
0,0.0538186961103596,2016,0
0,0.0358195911161064,2016,0
0,0.0358195911161064,2016,0
0,0.0358195911161064,2016,0
0,0.0358195911161064,2016,0
0,0.0358195911161064,2016,0
0,0.0358195911161064,2016,0
0,0.0358195911161064,2016,0
0,0.0358195911161064,2016,0
0,0.0358195911161064,2016,0
0,0.0714633097326668,2016,0
0,0.0714633097326668,2016,0
0,0.0714633097326668,2016,0
0,0.0479478032759692,2016,0
0,0.0566862119175186,2016,0
0,0.0566862119175186,2016,0
0,0.0566862119175186,2016,0
0,0.0499861414891438,2016,0
0,0.166803682378261,2016,0
0,0.0558861544560434,2016,0
0,0.0558861544560434,2016,0
0,0.0558861544560434,2016,0
0,0.086528276228163,2016,0
0,0.124184191138097,2016,0
0,0.141397193107406,2016,0
0,0.0577191021733971,2016,0
0,0.0339000677125389,2016,0
0,0.0339000677125389,2016,0
0,0.0339000677125389,2016,0
0,0.0403579251951735,2016,0
0,0.0403579251951735,2016,0
0,0.0403579251951735,2016,0
0,0.0403579251951735,2016,0
0,0.0403579251951735,2016,0
0,0.0403579251951735,2016,0
0,0.0409903797824178,2016,0
0,0.0409903797824178,2016,0
0,0.0205924203313574,2016,0
0,0.03445244310318,2016,0
0,0.03445244310318,2016,0
0,0.03445244310318,2016,0
0,0.03445244310318,2016,0
0,0.03445244310318,2016,0
0,0.0277821456733347,2016,0
0,0.0209101506442654,2016,0
0,0.0913212938421025,2016,0
0,0.0555945418783078,2016,0
0,0.0555945418783078,2016,0
0,0.0555945418783078,2016,0
0,0.0555945418783078,2016,0
0,0.0555945418783078,2016,0
0,0.0351072137930104,2016,0
0,0.0351072137930104,2016,0
0,0.0351072137930104,2016,0
0,0.0351072137930104,2016,0
0,0.0351072137930104,2016,0
0,0.0351072137930104,2016,0
0,0.0351072137930104,2016,0
0,0.0351072137930104,2016,0
0,0.0351072137930104,2016,0
0,0.0351072137930104,2016,0
0,0.0436725202606853,2016,0
0,0.0578606642640336,2016,0
0,0.0468229956234723,2016,0
0,0.0233490749844954,2016,0
0,0.0703989932615127,2016,0
0,0.0703989932615127,2016,0
0,0.0540590341910129,2016,0
0,0.0540590341910129,2016,0
0,0.0823382656532771,2016,0
0,0.0661322131828375,2016,0
0,0.0374246471971879,2016,0
0,0.0374246471971879,2016,0
0,0.0374246471971879,2016,0
0,0.0448287261257567,2016,0
0,0.0448287261257567,2016,0
0,0.0448287261257567,2016,0
0,0.0448287261257567,2016,0
0,0.0448287261257567,2016,0
0,0.0448287261257567,2016,0
0,0.05912799788475,2016,0
0,0.0288291900929386,2016,0
0,0.0396984762940909,2016,0
0,0.0396984762940909,2016,0
0,0.0396984762940909,2016,0
0,0.0400561602691496,2016,0
0,0.0748156567678258,2016,0
0,0.0748156567678258,2016,0
0,0.0748156567678258,2016,0
0,0.0438932665986278,2016,0
0,0.0438932665986278,2016,0
0,0.0438932665986278,2016,0
0,0.0438932665986278,2016,0
0,0.0438932665986278,2016,0
0,0.0438932665986278,2016,0
0,0.0438932665986278,2016,0
0,0.0438932665986278,2016,0
0,0.0438932665986278,2016,0
0,0.0661746671321752,2016,0
0,0.0787597131649562,2016,0
0,0.0630605444595314,2016,0
0,0.0326907687761469,2016,0
0,0.0823989669837083,2016,0
0,0.0823989669837083,2016,0
0,0.0662184085696984,2016,0
0,0.0591973205282076,2016,0
0,0.0591973205282076,2016,0
0,0.0922229200729939,2016,0
0,0.0774759326811415,2016,0
0,0.0837912298190724,2016,0
0,0.0732407093322842,2016,0
0,0.0469715682770744,2016,0
0,0.0483698952055155,2016,0
0,0.0483698952055155,2016,0
0,0.0483698952055155,2016,0
0,0.0619128653678788,2016,0
0,0.0619128653678788,2016,0
0,0.0619128653678788,2016,0
0,0.0619128653678788,2016,0
0,0.0619128653678788,2016,0
0,0.0619128653678788,2016,0
0,0.0785697180605692,2016,0
0,0.0340106610319447,2016,0
0,0.0490104840202838,2016,0
0,0.0490104840202838,2016,0
0,0.0490104840202838,2016,0
0,0.0834497911959166,2016,0
0,0.0834497911959166,2016,0
0,0.0834497911959166,2016,0
0,0.0503722321067149,2016,0
0,0.0503722321067149,2016,0
0,0.0503722321067149,2016,0
0,0.0503722321067149,2016,0
0,0.0503722321067149,2016,0
0,0.0503722321067149,2016,0
0,0.0503722321067149,2016,0
0,0.0503722321067149,2016,0
0,0.0503722321067149,2016,0
0,0.0503722321067149,2016,0
0,0.0503722321067149,2016,0
0,0.080350712746058,2016,0
0,0.079220210809437,2016,0
0,0.031948489582466,2016,0
0,0.0896254825186977,2016,0
0,0.0821655935132511,2016,0
0,0.0896254825186977,2016,0
0,0.0781303343286217,2016,0
0,0.0315631423264482,2016,0
0,0.0549040624382368,2016,0
0,0.0549040624382368,2016,0
0,0.0957183239658809,2016,0
0,0.301202816122166,2016,0
0,0.0925083625062198,2016,0
0,0.077724768153922,2016,0
0,0.0527064634525331,2016,0
0,0.04991699335574,2016,0
0,0.04991699335574,2016,0
0,0.04991699335574,2016,0
0,0.0680781013712188,2016,0
0,0.0680781013712188,2016,0
0,0.0680781013712188,2016,0
0,0.0680781013712188,2016,0
0,0.0680781013712188,2016,0
0,0.0680781013712188,2016,0
0,0.0764184247797256,2016,0
0,0.0320662442611869,2016,0
0,0.0535685966063044,2016,0
0,0.0535685966063044,2016,0
0,0.0535685966063044,2016,0
0,0.120508890312145,2016,0
0,0.07655138428438,2016,0
0,0.07655138428438,2016,0
0,0.07655138428438,2016,0
0,0.0526101419198976,2016,0
0,0.0526101419198976,2016,0
0,0.0526101419198976,2016,0
0,0.0526101419198976,2016,0
0,0.0526101419198976,2016,0
0,0.0526101419198976,2016,0
0,0.0526101419198976,2016,0
0,0.0526101419198976,2016,0
0,0.0526101419198976,2016,0
0,0.0526101419198976,2016,0
0,0.0526101419198976,2016,0
0,0.123635216662027,2016,0
0,0.104285779731034,2016,0
0,0.0834471210772266,2016,0
0,0.0316072038276771,2016,0
0,0.09502313204619,2016,0
0,0.09502313204619,2016,0
0,0.0873099300177955,2016,0
0,0.086052365217474,2016,0
0,0.0328647050481501,2016,0
0,0.0682006796938668,2016,0
0,0.0682006796938668,2016,0
0,0.114879279202039,2016,0
0,0.115891404668291,2016,0
0,0.0921281390606973,2016,0
0,0.0536260128084547,2016,0
0,0.0512706493812781,2016,0
0,0.0512706493812781,2016,0
0,0.0512706493812781,2016,0
0,0.0645859654560906,2016,0
0,0.0645859654560906,2016,0
0,0.0645859654560906,2016,0
0,0.0645859654560906,2016,0
0,0.0645859654560906,2016,0
0,0.0645859654560906,2016,0
0,0.0890767185707942,2016,0
0,0.0890767185707942,2016,0
0,0.0331054098101209,2016,0
0,0.0516274430144797,2016,0
0,0.090543756314405,2016,0
0,0.104638482563524,2016,0
0,0.0739139035409046,2016,0
0,0.0739139035409046,2016,0
0,0.0505978069460035,2016,0
0,0.0505978069460035,2016,0
0,0.0505978069460035,2016,0
0,0.0505978069460035,2016,0
0,0.0505978069460035,2016,0
0,0.0505978069460035,2016,0
0,0.0505978069460035,2016,0
0,0.0505978069460035,2016,0
0,0.0505978069460035,2016,0
0,0.0337379933743448,2016,0
0,0.10737684108247,2016,0
0,0.0963997213281694,2016,0
0,0.036084330230363,2016,0
0,0.135006350755047,2016,0
0,0.0824731348903726,2016,0
0,0.0998909785492537,2016,0
0,0.0376277220783261,2016,0
0,0.0860866542477503,2016,0
0,0.0789771480009014,2016,0
0,0.0789771480009014,2016,0
0,0.0498823226828994,2016,0
0,0.104127344331481,2016,0
0,0.113292547896301,2016,0
0,0.0514339902510253,2016,0
0,0.0514339902510253,2016,0
0,0.0500855958422051,2016,0
0,0.0500855958422051,2016,0
0,0.0500855958422051,2016,0
0,0.0606035903971157,2016,0
0,0.0606035903971157,2016,0
0,0.0606035903971157,2016,0
0,0.0606035903971157,2016,0
0,0.126143944219055,2016,0
0,0.126143944219055,2016,0
0,0.037521182896251,2016,0
0,0.0492835651630263,2016,0
0,0.140273961171357,2016,0
0,0.109375530578549,2016,0
0,0.0789584026520508,2016,0
0,0.0481941857277398,2016,0
0,0.0481941857277398,2016,0
0,0.0481941857277398,2016,0
0,0.0481941857277398,2016,0
0,0.15688488028848,2016,0
0,0.107983775627587,2016,0
1,0.0549659060451809,2016,0
1,0.0508719504516698,2016,0
1,0.0427067141421443,2016,0
1,0.0482776182529562,2016,0
1,0.0510905821475438,2016,0
1,0.0541212210634493,2016,0
1,0.0508719504516698,2016,0
1,0.03307314228546,2016,0
1,0.0256657274601228,2016,0
1,0.0363858743902062,2016,0
1,0.0789584026520508,2016,0
1,0.0360706344427606,2016,0
1,0.0739139035409046,2016,0
1,0.0461095595574764,2016,0
1,0.0578606642640336,2016,0
1,0.0360174057735323,2016,0
1,0.0555945418783078,2016,0
1,0.0335934477012747,2016,0
1,0.0687848436163061,2016,0
1,0.0363858743902062,2016,0
1,0.0406186447323859,2016,0
1,0.0679476922106184,2016,0
1,0.0739139035409046,2016,0
1,0.0748156567678258,2016,0
1,0.0812949754113677,2016,0
1,0.0363858743902062,2016,0
1,0.0812949754113677,2016,0
1,0.0812186986677786,2016,0
1,0.0748156567678258,2016,0
1,0.0204190514664489,2016,0
1,0.0224734800439872,2016,0
1,0.0631806644031161,2016,0
1,0.065426614206242,2016,0
1,0.160182429502195,2016,0
1,0.0471877055676242,2016,0
1,0.0733136476570904,2016,0
1,0.0172267004947612,2016,0
1,0.0307170292397329,2016,0
1,0.0279751429686863,2016,0
1,0.144468655919291,2016,0
1,0.0540590341910129,2016,0
1,0.0815755524073731,2016,0
1,0.0591973205282076,2016,0
1,0.0357733438509918,2016,0
1,0.0494359509788301,2016,0
1,0.0372325059015442,2016,0
1,0.0524701434412038,2016,0
1,0.0379082569382599,2016,0
1,0.0358195911161064,2016,0
1,0.0448716112959574,2016,0
1,0.0876456571147942,2016,0
1,0.0726147758418339,2016,0
1,0.0876456571147942,2016,0
1,0.0876456571147942,2016,0
1,0.0876456571147942,2016,0
1,0.0842680962253318,2016,0
1,0.0876456571147942,2016,0
1,0.0477117985173981,2016,0
1,0.0176477986995801,2016,0
1,0.0359174368885508,2016,0
1,0.0347279573194368,2016,0
1,0.0591554502174322,2016,0
1,0.0352606848060142,2016,0
1,0.0720374044010553,2016,0
1,0.0768349403682229,2016,0
1,0.0860953127511029,2016,0
1,0.0645002778697571,2016,0
1,0.0586344864517653,2016,0
1,0.0816600322058365,2016,0
1,0.0895161421872938,2016,0
1,0.0863386343673863,2016,0
1,0.0606035903971157,2016,0
1,0.0606035903971157,2016,0
1,0.13101295911042,2016,0
1,0.0879063082139011,2016,0
1,0.0879063082139011,2016,0
1,0.183381250267716,2016,0
1,0.380256585421355,2016,0
1,0.168302993332913,2016,0
1,0.183381250267716,2016,0
1,0.418579789200079,2016,0
1,0.172761668792937,2016,0
1,0.0224734800439872,2016,0
1,0.0647374219072004,2016,0
1,0.0496875276930819,2016,0
1,0.106760361229669,2016,0
1,0.0314656035999547,2016,0
1,0.0340548967613188,2016,0
1,0.0564066450562416,2016,0
1,0.0486098868191963,2016,0
1,0.149848970884959,2016,0
1,0.0322827010388425,2016,0
1,0.0437076869708848,2016,0
1,0.044716015071158,2016,0
1,0.0479012401825459,2016,0
1,0.121623597862246,2016,0
1,0.0377632086478714,2016,0
1,0.0681079194438085,2016,0
1,0.0317004873545875,2016,0
1,0.0317004873545875,2016,0
1,0.136029096717629,2016,0
1,0.13517575521748,2016,0
1,0.0606295882498893,2016,0
1,0.077500158006188,2016,0
1,0.0577191021733971,2016,0
1,0.0770713691294791,2016,0
1,0.044438789152659,2016,0
1,0.0770713691294791,2016,0
1,0.0804721735701189,2016,0
1,0.0414903714566355,2016,0
1,0.0340007723831547,2016,0
1,0.0305866930016892,2016,0
1,0.05912799788475,2016,0
1,0.0446051973471129,2016,0
1,0.0275766731916048,2016,0
1,0.0192363161732088,2016,0
1,0.0230849859132234,2016,0
1,0.0580987969684553,2016,0
1,0.030276592313639,2016,0
1,0.0213064473341219,2016,0
1,0.0213064473341219,2016,0
1,0.0609250272702735,2016,0
1,0.0338695967605905,2016,0
1,0.0338695967605905,2016,0
1,0.0560332475960775,2016,0
1,0.078962201152326,2016,0
1,0.0347934640429205,2016,0
1,0.0490104840202838,2016,0
1,0.0638142107047951,2016,0
1,0.129223188808376,2016,0
0,0.369025580013439,2017,0
0,0.0421368018181925,2017,0
0,0.0807486852107869,2017,0
0,0.130904980442889,2017,0
0,0.0454335590523937,2017,0
0,0.0540167445796502,2017,0
0,0.092246179908561,2017,0
0,0.0924369108719547,2017,0
0,0.0924369108719547,2017,0
0,0.0564921420012874,2017,0
0,0.148109255620452,2017,0
0,0.441441661834085,2017,0
0,0.0608014148309902,2017,0
0,0.0608014148309902,2017,0
0,0.060522459876132,2017,0
0,0.060522459876132,2017,0
0,0.0641743379159125,2017,0
0,0.0641743379159125,2017,0
0,0.0641743379159125,2017,0
0,0.0641743379159125,2017,0
0,0.453278648016232,2017,0
0,0.453278648016232,2017,0
0,0.0640270779438679,2017,0
0,0.0658641039193514,2017,0
0,0.0658641039193514,2017,0
0,0.0658641039193514,2017,0
0,0.468238546607883,2017,0
0,0.0565595103655484,2017,0
0,0.0999565039185432,2017,0
0,0.0562395498348624,2017,0
0,0.0674700382432406,2017,0
0,0.109036974490176,2017,0
0,0.111986125411978,2017,0
0,0.0671456027956832,2017,0
0,0.0671456027956832,2017,0
0,0.0671456027956832,2017,0
0,0.0671456027956832,2017,0
0,0.0684033584705164,2017,0
0,0.0684033584705164,2017,0
0,0.0754191104243848,2017,0
0,0.0754191104243848,2017,0
0,0.0754191104243848,2017,0
0,0.0754191104243848,2017,0
0,0.103773473482682,2017,0
0,0.103773473482682,2017,0
0,0.103773473482682,2017,0
0,0.463305176883807,2017,0
0,0.463305176883807,2017,0
0,0.0611768115168964,2017,0
0,0.0707759690485797,2017,0
0,0.0707759690485797,2017,0
0,0.0707759690485797,2017,0
0,0.0714921078879076,2017,0
0,0.0714921078879076,2017,0
0,0.0714921078879076,2017,0
0,0.437488405153491,2017,0
0,0.153170665510096,2017,0
0,0.0592148191134453,2017,0
0,0.0592148191134453,2017,0
0,0.0592148191134453,2017,0
0,0.257702425049773,2017,0
0,0.105870003998804,2017,0
0,0.206947748990152,2017,0
0,0.0549002149737489,2017,0
0,0.0639620297275105,2017,0
0,0.110130909136192,2017,0
0,0.138888335693682,2017,0
0,0.138888335693682,2017,0
0,0.0528430335416558,2017,0
0,0.136681020975234,2017,0
0,0.0622704436886221,2017,0
0,0.0622704436886221,2017,0
0,0.0622704436886221,2017,0
0,0.0622704436886221,2017,0
0,0.0622704436886221,2017,0
0,0.0702945376187425,2017,0
0,0.0702945376187425,2017,0
0,0.0850248394022836,2017,0
0,0.0850248394022836,2017,0
0,0.0850248394022836,2017,0
0,0.0850248394022836,2017,0
0,0.0850248394022836,2017,0
0,0.10220715001887,2017,0
0,0.10220715001887,2017,0
0,0.403858622814888,2017,0
0,0.0520243515573905,2017,0
0,0.062352495427853,2017,0
0,0.062352495427853,2017,0
0,0.062352495427853,2017,0
0,0.0624938247282674,2017,0
0,0.0624938247282674,2017,0
0,0.0624938247282674,2017,0
0,0.158183642288566,2017,0
0,0.169180663513789,2017,0
0,0.0472393621000405,2017,0
0,0.0472393621000405,2017,0
0,0.0472393621000405,2017,0
0,0.217906402269727,2017,0
0,0.104786410340185,2017,0
0,0.0448809455090719,2017,0
0,0.0545959370165489,2017,0
0,0.133571046467278,2017,0
0,0.133571046467278,2017,0
0,0.167903731045393,2017,0
0,0.468950618166031,2017,0
0,0.468950618166031,2017,0
0,0.0508861849361112,2017,0
0,0.0508861849361112,2017,0
0,0.0508861849361112,2017,0
0,0.0508861849361112,2017,0
0,0.0508861849361112,2017,0
0,0.0813973935996495,2017,0
0,0.0813973935996495,2017,0
0,0.0931306506345429,2017,0
0,0.0931306506345429,2017,0
0,0.0931306506345429,2017,0
0,0.0931306506345429,2017,0
0,0.0931306506345429,2017,0
0,0.132738493622006,2017,0
0,0.132738493622006,2017,0
0,0.0390745056553016,2017,0
0,0.0467772394132178,2017,0
0,0.0467772394132178,2017,0
0,0.0467772394132178,2017,0
0,0.0437216573138481,2017,0
0,0.0437216573138481,2017,0
0,0.0343706132231265,2017,0
0,0.0343706132231265,2017,0
0,0.157741901404069,2017,0
0,0.0355882733309518,2017,0
0,0.0881800845427871,2017,0
0,0.0331018793867551,2017,0
0,0.0331018793867551,2017,0
0,0.0331018793867551,2017,0
0,0.0331018793867551,2017,0
0,0.0331018793867551,2017,0
0,0.0588042932188736,2017,0
0,0.0588042932188736,2017,0
0,0.0631986527451102,2017,0
0,0.0631986527451102,2017,0
0,0.0631986527451102,2017,0
0,0.0631986527451102,2017,0
0,0.0631986527451102,2017,0
0,0.032114564106758,2017,0
0,0.0327253342407322,2017,0
0,0.0327253342407322,2017,0
0,0.0327253342407322,2017,0
0,0.0329332566417637,2017,0
0,0.0363010490031369,2017,0
0,0.0363010490031369,2017,0
0,0.172137217428502,2017,0
0,0.124345639684685,2017,0
0,0.0386070619490173,2017,0
0,0.0870872735639331,2017,0
0,0.0420971897775106,2017,0
0,0.0420971897775106,2017,0
0,0.0420971897775106,2017,0
0,0.0420971897775106,2017,0
0,0.0420971897775106,2017,0
0,0.0647836859023037,2017,0
0,0.0647836859023037,2017,0
0,0.0696250276303429,2017,0
0,0.0696250276303429,2017,0
0,0.0696250276303429,2017,0
0,0.0696250276303429,2017,0
0,0.0696250276303429,2017,0
0,0.0423090116051923,2017,0
0,0.0453554664866219,2017,0
0,0.0453554664866219,2017,0
0,0.0453554664866219,2017,0
0,0.0503283602838752,2017,0
0,0.0510070795003193,2017,0
0,0.0510070795003193,2017,0
0,0.0956743336764973,2017,0
0,0.127884167737808,2017,0
0,0.0615725287046758,2017,0
0,0.0615725287046758,2017,0
0,0.0615725287046758,2017,0
0,0.0615725287046758,2017,0
0,0.102315072507578,2017,0
0,0.102315072507578,2017,0
0,0.107735076602752,2017,0
0,0.107735076602752,2017,0
0,0.107735076602752,2017,0
0,0.107735076602752,2017,0
0,0.107735076602752,2017,0
0,0.0476635762617619,2017,0
0,0.0572877049064816,2017,0
0,0.0572877049064816,2017,0
0,0.0572877049064816,2017,0
0,0.0530887415504483,2017,0
0,0.0419604970880287,2017,0
0,0.0419604970880287,2017,0
0,0.091286831312997,2017,0
0,0.123358975350124,2017,0
0,0.239751475932448,2017,0
0,0.0524251478285267,2017,0
0,0.0524251478285267,2017,0
0,0.0524251478285267,2017,0
0,0.0524251478285267,2017,0
0,0.126692950968779,2017,0
0,0.126692950968779,2017,0
0,0.123955024375285,2017,0
0,0.123955024375285,2017,0
0,0.123955024375285,2017,0
0,0.123955024375285,2017,0
0,0.123955024375285,2017,0
0,0.0323842733706394,2017,0
0,0.0494020114226931,2017,0
0,0.0494020114226931,2017,0
0,0.0494020114226931,2017,0
0,0.0455665688020154,2017,0
0,0.0256912666514634,2017,0
0,0.0256912666514634,2017,0
0,0.0789285969474119,2017,0
0,0.111830974553671,2017,0
0,0.117260115880333,2017,0
0,0.0696531809781492,2017,0
0,0.159207784675523,2017,0
0,0.0406494439701042,2017,0
0,0.0406494439701042,2017,0
0,0.0881335482728755,2017,0
0,0.0881335482728755,2017,0
0,0.0811207739979391,2017,0
0,0.0811207739979391,2017,0
0,0.0811207739979391,2017,0
0,0.0811207739979391,2017,0
0,0.0811207739979391,2017,0
0,0.0631668180284192,2017,0
0,0.0809126473557617,2017,0
0,0.0228304296521038,2017,0
0,0.0427323080521795,2017,0
0,0.0427323080521795,2017,0
0,0.0777652066487366,2017,0
0,0.0447443882923689,2017,0
0,0.0727126095383656,2017,0
0,0.0205952882893519,2017,0
0,0.0205952882893519,2017,0
0,0.0662840888293482,2017,0
0,0.0521474072797902,2017,0
0,0.0774053953252692,2017,0
0,0.0735692716017208,2017,0
0,0.0327043726984548,2017,0
0,0.0397004041205182,2017,0
0,0.0397004041205182,2017,0
0,0.0372501845234632,2017,0
0,0.0372501845234632,2017,0
0,0.0372501845234632,2017,0
0,0.0372501845234632,2017,0
0,0.0372501845234632,2017,0
0,0.0315511211525307,2017,0
0,0.0178601376899565,2017,0
0,0.0336631842734481,2017,0
0,0.0504453801316733,2017,0
0,0.0335260881196343,2017,0
0,0.048161034319985,2017,0
0,0.048161034319985,2017,0
0,0.0164170591887407,2017,0
0,0.0164170591887407,2017,0
0,0.05926920183877,2017,0
0,0.0704631547365837,2017,0
0,0.0279334450783734,2017,0
0,0.0686355090401779,2017,0
0,0.0354798593138447,2017,0
0,0.0354798593138447,2017,0
0,0.0354798593138447,2017,0
0,0.0333715021153323,2017,0
0,0.0333715021153323,2017,0
0,0.0333715021153323,2017,0
0,0.0333715021153323,2017,0
0,0.0333715021153323,2017,0
0,0.0444781999077914,2017,0
0,0.0444781999077914,2017,0
0,0.0444781999077914,2017,0
0,0.0444781999077914,2017,0
0,0.0267632294043745,2017,0
0,0.0453725852769026,2017,0
0,0.0129263441434175,2017,0
0,0.0129263441434175,2017,0
0,0.0742651760058788,2017,0
0,0.056444584779139,2017,0
0,0.0228444046505613,2017,0
0,0.0330157429700232,2017,0
0,0.0330157429700232,2017,0
0,0.0330157429700232,2017,0
0,0.0346009611110097,2017,0
0,0.0346009611110097,2017,0
0,0.0346009611110097,2017,0
0,0.0346009611110097,2017,0
0,0.0212889706459864,2017,0
0,0.0315899997477606,2017,0
0,0.00943641333173064,2017,0
0,0.00943641333173064,2017,0
0,0.0754492112390243,2017,0
0,0.0766248418037003,2017,0
0,0.0185427158553484,2017,0
0,0.0331670638915353,2017,0
0,0.0331670638915353,2017,0
0,0.0331670638915353,2017,0
0,0.0251335428331524,2017,0
0,0.0251335428331524,2017,0
0,0.0180421780678689,2017,0
0,0.0233446069762582,2017,0
0,0.0233446069762582,2017,0
0,0.00660822105829032,2017,0
0,0.00660822105829032,2017,0
0,0.0634016657688952,2017,0
0,0.0634016657688952,2017,0
0,0.0708096131685622,2017,0
0,0.0165450903122749,2017,0
0,0.0285389409107709,2017,0
0,0.0285389409107709,2017,0
0,0.0285389409107709,2017,0
0,0.0189071599752804,2017,0
0,0.0189071599752804,2017,0
0,0.0158817142977763,2017,0
0,0.0191418811626294,2017,0
0,0.0191418811626294,2017,0
0,0.0191418811626294,2017,0
0,0.0056990009706673,2017,0
0,0.0056990009706673,2017,0
0,0.0146558151913656,2017,0
0,0.0485900096926911,2017,0
0,0.0485900096926911,2017,0
0,0.0569916918391537,2017,0
0,0.0569916918391537,2017,0
0,0.0155977272363761,2017,0
0,0.0254561337778375,2017,0
0,0.0254561337778375,2017,0
0,0.0254561337778375,2017,0
0,0.0178993844634271,2017,0
0,0.0146334080147279,2017,0
0,0.0208676168808783,2017,0
0,0.0176237667719037,2017,0
0,0.0176237667719037,2017,0
0,0.0176237667719037,2017,0
0,0.00614161304229834,2017,0
0,0.00614161304229834,2017,0
0,0.0449638498955764,2017,0
0,0.0381783894017066,2017,0
0,0.0292812578470211,2017,0
0,0.0381783894017066,2017,0
0,0.0317895036634243,2017,0
0,0.0449638498955764,2017,0
0,0.0436794385342876,2017,0
0,0.0361915314711212,2017,0
0,0.0129252650935315,2017,0
0,0.0203204352216406,2017,0
0,0.0203204352216406,2017,0
0,0.0203204352216406,2017,0
0,0.0148418321204131,2017,0
0,0.0148418321204131,2017,0
0,0.0117833312153553,2017,0
0,0.0212741889734642,2017,0
0,0.0143007684738426,2017,0
0,0.0143007684738426,2017,0
0,0.0112536147094647,2017,0
0,0.00589230491656068,2017,0
0,0.00589230491656068,2017,0
0,0.0366649211243794,2017,0
0,0.0415901511305177,2017,0
0,0.0352279446873713,2017,0
0,0.0415901511305177,2017,0
0,0.0352279446873713,2017,0
0,0.0403757967635959,2017,0
0,0.0398199992668949,2017,0
0,0.0289306409580504,2017,0
0,0.0265597441449235,2017,0
0,0.0342307015889991,2017,0
0,0.0114124087277297,2017,0
0,0.0115993182961826,2017,0
0,0.0197188347783792,2017,0
0,0.0197188347783792,2017,0
0,0.0197188347783792,2017,0
0,0.0173001202343353,2017,0
0,0.0173001202343353,2017,0
0,0.0127288501716684,2017,0
0,0.0225168979992885,2017,0
0,0.0174403392249471,2017,0
0,0.0174403392249471,2017,0
0,0.0174403392249471,2017,0
0,0.0174403392249471,2017,0
0,0.0126961466700436,2017,0
0,0.00569626606949309,2017,0
0,0.00569626606949309,2017,0
0,0.0333496819776485,2017,0
0,0.0129384683782732,2017,0
0,0.0390133892598191,2017,0
0,0.0363375373876523,2017,0
0,0.0457291398736379,2017,0
0,0.0392212825023973,2017,0
0,0.0302626405303895,2017,0
0,0.0457291398736379,2017,0
0,0.0439312058390311,2017,0
0,0.0392212825023973,2017,0
0,0.0328316183698955,2017,0
0,0.044488233642043,2017,0
0,0.0259047124440822,2017,0
0,0.083142742570405,2017,0
0,0.0446291448577813,2017,0
0,0.083142742570405,2017,0
0,0.0579240260874329,2017,0
0,0.040000331255826,2017,0
0,0.0140153461438902,2017,0
0,0.0140153461438902,2017,0
0,0.0273343313733816,2017,0
0,0.0147800987579791,2017,0
0,0.0226886933332639,2017,0
0,0.0226886933332639,2017,0
0,0.0226886933332639,2017,0
0,0.0120779569379611,2017,0
0,0.0162271431966808,2017,0
0,0.0172213319166853,2017,0
0,0.0172213319166853,2017,0
0,0.0246569465236625,2017,0
0,0.0254018112757096,2017,0
0,0.0254018112757096,2017,0
0,0.0254018112757096,2017,0
0,0.0254018112757096,2017,0
0,0.0254018112757096,2017,0
0,0.0254018112757096,2017,0
0,0.0177951490948992,2017,0
0,0.00732128892092761,2017,0
0,0.00732128892092761,2017,0
0,0.013656848457554,2017,0
0,0.0423765528459153,2017,0
0,0.0412705310997359,2017,0
0,0.0412476185497713,2017,0
0,0.0476907052527495,2017,0
0,0.0412476185497713,2017,0
0,0.0459241579125267,2017,0
0,0.035575164317379,2017,0
0,0.0327518838256073,2017,0
0,0.0464572299960215,2017,0
0,0.0476907052527495,2017,0
0,0.0285837939551869,2017,0
0,0.084644655023962,2017,0
0,0.0621100832267494,2017,0
0,0.049919587625332,2017,0
0,0.084644655023962,2017,0
0,0.0430616445611341,2017,0
0,0.0184310059762642,2017,0
0,0.0184310059762642,2017,0
0,0.0334859070692365,2017,0
0,0.017677242833324,2017,0
0,0.017677242833324,2017,0
0,0.017677242833324,2017,0
0,0.0224979430172591,2017,0
0,0.0224979430172591,2017,0
0,0.0224979430172591,2017,0
0,0.0124689108905545,2017,0
0,0.0170098993236214,2017,0
0,0.0170098993236214,2017,0
0,0.0170098993236214,2017,0
0,0.0170098993236214,2017,0
0,0.0228458016283895,2017,0
0,0.0228458016283895,2017,0
0,0.0169267574015356,2017,0
0,0.0169267574015356,2017,0
0,0.022601951866838,2017,0
0,0.023423117397141,2017,0
0,0.023423117397141,2017,0
0,0.023423117397141,2017,0
0,0.023423117397141,2017,0
0,0.00726402478561405,2017,0
0,0.0132831163690914,2017,0
0,0.0162261402020721,2017,0
0,0.0410552390980053,2017,0
0,0.0422067864801375,2017,0
0,0.034035266295656,2017,0
0,0.0441377138398495,2017,0
0,0.0430015911631454,2017,0
0,0.0383100226552944,2017,0
0,0.0383100226552944,2017,0
0,0.0441377138398495,2017,0
0,0.0425614003345526,2017,0
0,0.0278722589098372,2017,0
0,0.0310418496134669,2017,0
0,0.0559947155852075,2017,0
0,0.0718995655782005,2017,0
0,0.0475576387118774,2017,0
0,0.0718995655782005,2017,0
0,0.0407997508959934,2017,0
0,0.0157641080958772,2017,0
0,0.0157641080958772,2017,0
0,0.0260669663700762,2017,0
0,0.0260669663700762,2017,0
0,0.0157344761472098,2017,0
0,0.0157344761472098,2017,0
0,0.0157344761472098,2017,0
0,0.0157344761472098,2017,0
0,0.0170076990857345,2017,0
0,0.0170076990857345,2017,0
0,0.0170076990857345,2017,0
0,0.0108251491723163,2017,0
0,0.0149513432828288,2017,0
0,0.0149513432828288,2017,0
0,0.0149513432828288,2017,0
0,0.0149513432828288,2017,0
0,0.0149513432828288,2017,0
0,0.0149513432828288,2017,0
0,0.0149513432828288,2017,0
0,0.0177944358331385,2017,0
0,0.0144575403607291,2017,0
0,0.0144575403607291,2017,0
0,0.0144575403607291,2017,0
0,0.0182342900624357,2017,0
0,0.0175057787487024,2017,0
0,0.0175057787487024,2017,0
0,0.0175057787487024,2017,0
0,0.0175057787487024,2017,0
0,0.0143521267891824,2017,0
0,0.0143521267891824,2017,0
0,0.00649216490981242,2017,0
0,0.0137046953264303,2017,0
0,0.0137046953264303,2017,0
0,0.0137046953264303,2017,0
0,0.0384149778945481,2017,0
0,0.0406086921409485,2017,0
0,0.0304010576884095,2017,0
0,0.0400423518060505,2017,0
0,0.0337150858975925,2017,0
0,0.0289829777129588,2017,0
0,0.0361496076090898,2017,0
0,0.0361496076090898,2017,0
0,0.0397540969705116,2017,0
0,0.0410296919849842,2017,0
0,0.0410296919849842,2017,0
0,0.0538590297403353,2017,0
0,0.0538590297403353,2017,0
0,0.0440669445928643,2017,0
0,0.0468945688217911,2017,0
0,0.0401203364846798,2017,0
0,0.0135687710125341,2017,0
0,0.0135687710125341,2017,0
0,0.0190585886942255,2017,0
0,0.0190585886942255,2017,0
0,0.0136876897493234,2017,0
0,0.0136876897493234,2017,0
0,0.0136876897493234,2017,0
0,0.0136876897493234,2017,0
0,0.012609263941514,2017,0
0,0.012609263941514,2017,0
0,0.012609263941514,2017,0
0,0.00926717966314031,2017,0
0,0.0138113420177993,2017,0
0,0.0138113420177993,2017,0
0,0.0138113420177993,2017,0
0,0.0138113420177993,2017,0
0,0.0150761257492858,2017,0
0,0.0150761257492858,2017,0
0,0.0132024762070665,2017,0
0,0.0132024762070665,2017,0
0,0.0132024762070665,2017,0
0,0.0187100650586184,2017,0
0,0.0142102542084907,2017,0
0,0.0142102542084907,2017,0
0,0.0142102542084907,2017,0
0,0.0142102542084907,2017,0
0,0.0142102542084907,2017,0
0,0.0142102542084907,2017,0
0,0.0127308800735797,2017,0
0,0.00903797143559726,2017,0
0,0.0128542823455664,2017,0
0,0.0128542823455664,2017,0
0,0.0375377151920683,2017,0
0,0.0409921414721991,2017,0
0,0.0396084008024062,2017,0
0,0.0396084008024062,2017,0
0,0.0387548980818332,2017,0
0,0.0323917950920674,2017,0
0,0.0388197106455535,2017,0
0,0.0360384048739716,2017,0
0,0.0360384048739716,2017,0
0,0.0341905343864284,2017,0
0,0.0363802548796935,2017,0
0,0.0385090240782673,2017,0
0,0.0425355143228677,2017,0
0,0.0385090240782673,2017,0
0,0.0393496243398016,2017,0
0,0.0413913251900994,2017,0
0,0.0130371091641454,2017,0
0,0.0130371091641454,2017,0
0,0.0130371091641454,2017,0
0,0.0157308945511551,2017,0
0,0.0157308945511551,2017,0
0,0.0130782679129358,2017,0
0,0.0130782679129358,2017,0
0,0.0130782679129358,2017,0
0,0.0130782679129358,2017,0
0,0.0122039776948466,2017,0
0,0.0122039776948466,2017,0
0,0.0122039776948466,2017,0
0,0.0133374187185258,2017,0
0,0.0133374187185258,2017,0
0,0.0133374187185258,2017,0
0,0.0133374187185258,2017,0
0,0.0204478220630884,2017,0
0,0.0145479469750329,2017,0
0,0.0145479469750329,2017,0
0,0.0145479469750329,2017,0
0,0.0145479469750329,2017,0
0,0.0145479469750329,2017,0
0,0.0134516962786232,2017,0
0,0.0134516962786232,2017,0
0,0.0134516962786232,2017,0
0,0.0134516962786232,2017,0
0,0.0243053054634493,2017,0
0,0.0142809964990551,2017,0
0,0.0142809964990551,2017,0
0,0.0142809964990551,2017,0
0,0.0142809964990551,2017,0
0,0.0142809964990551,2017,0
0,0.0142809964990551,2017,0
0,0.0142809964990551,2017,0
0,0.0142809964990551,2017,0
0,0.0135881441041441,2017,0
0,0.0121403348914046,2017,0
0,0.0143935450245012,2017,0
0,0.0143935450245012,2017,0
0,0.0143935450245012,2017,0
0,0.0121671302017098,2017,0
0,0.0420121578635048,2017,0
0,0.0247297054386925,2017,0
0,0.0507888603304443,2017,0
0,0.0507888603304443,2017,0
0,0.0507888603304443,2017,0
0,0.0507888603304443,2017,0
0,0.0462652735367067,2017,0
0,0.0507888603304443,2017,0
0,0.0507888603304443,2017,0
0,0.0507888603304443,2017,0
0,0.0412298493651543,2017,0
0,0.039724789389141,2017,0
0,0.0442175948698056,2017,0
0,0.0450565461806834,2017,0
0,0.0412298493651543,2017,0
0,0.0441395923288858,2017,0
0,0.0378501995772967,2017,0
0,0.0422212198995542,2017,0
0,0.0450565461806834,2017,0
0,0.0443428260572288,2017,0
0,0.0477114387643139,2017,0
0,0.0434170172119784,2017,0
0,0.0434170172119784,2017,0
0,0.0519041001378222,2017,0
0,0.0466681924180184,2017,0
0,0.0519041001378222,2017,0
0,0.0519041001378222,2017,0
0,0.0143293769230678,2017,0
0,0.0143293769230678,2017,0
0,0.0168689995813397,2017,0
0,0.0168689995813397,2017,0
0,0.014242761779847,2017,0
0,0.014242761779847,2017,0
0,0.014242761779847,2017,0
0,0.0167923546002985,2017,0
0,0.013478851041074,2017,0
0,0.013478851041074,2017,0
0,0.013478851041074,2017,0
0,0.0144100987239622,2017,0
0,0.0144100987239622,2017,0
0,0.0144100987239622,2017,0
0,0.0144100987239622,2017,0
0,0.0144100987239622,2017,0
0,0.0142306882876678,2017,0
0,0.0142306882876678,2017,0
0,0.0142306882876678,2017,0
0,0.0142306882876678,2017,0
0,0.0142306882876678,2017,0
0,0.0142306882876678,2017,0
0,0.0142306882876678,2017,0
0,0.0142306882876678,2017,0
0,0.0142306882876678,2017,0
0,0.0148422585149256,2017,0
0,0.0148422585149256,2017,0
0,0.0148422585149256,2017,0
0,0.0148422585149256,2017,0
0,0.0148422585149256,2017,0
0,0.0273461705531019,2017,0
0,0.0244232606744041,2017,0
0,0.0144203489296187,2017,0
0,0.0144203489296187,2017,0
0,0.0144203489296187,2017,0
0,0.0144203489296187,2017,0
0,0.0144203489296187,2017,0
0,0.0144203489296187,2017,0
0,0.0150861058394183,2017,0
0,0.0117337808165881,2017,0
0,0.0404656425236357,2017,0
0,0.0157249873717248,2017,0
0,0.0157249873717248,2017,0
0,0.0157249873717248,2017,0
0,0.0124391076874129,2017,0
0,0.043974646062967,2017,0
0,0.0289653226534708,2017,0
0,0.0516331081270093,2017,0
0,0.0516331081270093,2017,0
0,0.0516331081270093,2017,0
0,0.0516331081270093,2017,0
0,0.0516331081270093,2017,0
0,0.0460508350906704,2017,0
0,0.0516331081270093,2017,0
0,0.0516331081270093,2017,0
0,0.0425793222291886,2017,0
0,0.035143702167278,2017,0
0,0.0469873921301329,2017,0
0,0.0410066077993871,2017,0
0,0.0466313830423665,2017,0
0,0.0425793222291886,2017,0
0,0.0372073899109892,2017,0
0,0.0480816564613075,2017,0
0,0.0480816564613075,2017,0
0,0.0550075419372169,2017,0
0,0.0465141562720618,2017,0
0,0.0550075419372169,2017,0
0,0.0550075419372169,2017,0
0,0.016194031255868,2017,0
0,0.016194031255868,2017,0
0,0.016194031255868,2017,0
0,0.0390820750073126,2017,0
0,0.0221185806654193,2017,0
0,0.0221185806654193,2017,0
0,0.0165370793578411,2017,0
0,0.0165370793578411,2017,0
0,0.0165370793578411,2017,0
0,0.0225448028879226,2017,0
0,0.016790069950764,2017,0
0,0.016790069950764,2017,0
0,0.016790069950764,2017,0
0,0.0168112600143798,2017,0
0,0.0168112600143798,2017,0
0,0.0168112600143798,2017,0
0,0.0168112600143798,2017,0
0,0.0168112600143798,2017,0
0,0.0175612709260049,2017,0
0,0.0175612709260049,2017,0
0,0.0175612709260049,2017,0
0,0.0175612709260049,2017,0
0,0.0175612709260049,2017,0
0,0.0175612709260049,2017,0
0,0.0175612709260049,2017,0
0,0.0170693603714352,2017,0
0,0.0170693603714352,2017,0
0,0.0170693603714352,2017,0
0,0.0170693603714352,2017,0
0,0.0170693603714352,2017,0
0,0.0290647709693931,2017,0
0,0.0264438471232994,2017,0
0,0.0180573224314795,2017,0
0,0.0180573224314795,2017,0
0,0.0180573224314795,2017,0
0,0.0180573224314795,2017,0
0,0.0180573224314795,2017,0
0,0.0180573224314795,2017,0
0,0.0180573224314795,2017,0
0,0.017201822736517,2017,0
0,0.0108567625307151,2017,0
0,0.0412411682397108,2017,0
0,0.017342994485324,2017,0
0,0.017342994485324,2017,0
0,0.017342994485324,2017,0
0,0.013165161193385,2017,0
0,0.0452702975082729,2017,0
0,0.0309465661690336,2017,0
0,0.0309465661690336,2017,0
0,0.0416517621842283,2017,0
0,0.0378948694258984,2017,0
0,0.0478118370704345,2017,0
0,0.0435653604256981,2017,0
0,0.0435653604256981,2017,0
0,0.049350253202077,2017,0
0,0.049350253202077,2017,0
0,0.0482116905765502,2017,0
0,0.0479789272869469,2017,0
0,0.0569870937978491,2017,0
0,0.0569870937978491,2017,0
0,0.0569870937978491,2017,0
0,0.0178127810833782,2017,0
0,0.0178127810833782,2017,0
0,0.0232813558822841,2017,0
0,0.0232813558822841,2017,0
0,0.0185486746396595,2017,0
0,0.0185486746396595,2017,0
0,0.0185486746396595,2017,0
0,0.0243761569688937,2017,0
0,0.0177769789153056,2017,0
0,0.0177769789153056,2017,0
0,0.0177769789153056,2017,0
0,0.0190474347731774,2017,0
0,0.0190474347731774,2017,0
0,0.0190474347731774,2017,0
0,0.0190474347731774,2017,0
0,0.0190474347731774,2017,0
0,0.0190474347731774,2017,0
0,0.0211520661783821,2017,0
0,0.0211520661783821,2017,0
0,0.0211520661783821,2017,0
0,0.0211520661783821,2017,0
0,0.0211520661783821,2017,0
0,0.0211520661783821,2017,0
0,0.0211520661783821,2017,0
0,0.0195914137321345,2017,0
0,0.0195914137321345,2017,0
0,0.0195914137321345,2017,0
0,0.0195914137321345,2017,0
0,0.0195914137321345,2017,0
0,0.0375073807990968,2017,0
0,0.0222416295132779,2017,0
0,0.0222416295132779,2017,0
0,0.0222416295132779,2017,0
0,0.0222416295132779,2017,0
0,0.0222416295132779,2017,0
0,0.0222416295132779,2017,0
0,0.0222416295132779,2017,0
0,0.0222416295132779,2017,0
0,0.0202011917140597,2017,0
0,0.0507034295951251,2017,0
0,0.0204055234432294,2017,0
0,0.0204055234432294,2017,0
0,0.0204055234432294,2017,0
0,0.0157789813127202,2017,0
0,0.0504440659567493,2017,0
0,0.0334414131058828,2017,0
0,0.0334414131058828,2017,0
0,0.0483756565752334,2017,0
0,0.0540768038172,2017,0
0,0.0540768038172,2017,0
0,0.0483756565752334,2017,0
0,0.0529464117808814,2017,0
0,0.052580936529256,2017,0
0,0.043020979587469,2017,0
0,0.0470944377656254,2017,0
0,0.0545882286677727,2017,0
0,0.0202138047599704,2017,0
0,0.0202138047599704,2017,0
0,0.0202138047599704,2017,0
0,0.0238972195006823,2017,0
0,0.0238972195006823,2017,0
0,0.0238972195006823,2017,0
0,0.0206931563224822,2017,0
0,0.0206931563224822,2017,0
0,0.0206931563224822,2017,0
0,0.0206931563224822,2017,0
0,0.0253513998537526,2017,0
0,0.0188485114736736,2017,0
0,0.0188485114736736,2017,0
0,0.0188485114736736,2017,0
0,0.0240527197718086,2017,0
0,0.03473648307952,2017,0
0,0.0210661824145207,2017,0
0,0.0210661824145207,2017,0
0,0.0210661824145207,2017,0
0,0.0224651995365767,2017,0
0,0.0224651995365767,2017,0
0,0.0224651995365767,2017,0
0,0.0224651995365767,2017,0
0,0.0224651995365767,2017,0
0,0.0224651995365767,2017,0
0,0.0224651995365767,2017,0
0,0.0215450364467464,2017,0
0,0.0215450364467464,2017,0
0,0.0215450364467464,2017,0
0,0.0215450364467464,2017,0
0,0.050964810152948,2017,0
0,0.0380101253182161,2017,0
0,0.0424409127185946,2017,0
0,0.041847052821778,2017,0
0,0.0347367686675873,2017,0
0,0.022527942318497,2017,0
0,0.022527942318497,2017,0
0,0.022527942318497,2017,0
0,0.022527942318497,2017,0
0,0.022527942318497,2017,0
0,0.022527942318497,2017,0
0,0.022527942318497,2017,0
0,0.022527942318497,2017,0
0,0.0216548054535039,2017,0
0,0.0223774423386312,2017,0
0,0.0223774423386312,2017,0
0,0.0223774423386312,2017,0
0,0.0178530984486347,2017,0
0,0.0525945883176491,2017,0
0,0.035425439943917,2017,0
0,0.035425439943917,2017,0
0,0.0558101261241099,2017,0
0,0.0480321862850268,2017,0
0,0.0500122390758119,2017,0
0,0.0561765664594867,2017,0
0,0.0440694372824592,2017,0
0,0.0410114192489276,2017,0
0,0.0500122390758119,2017,0
0,0.0545356354776249,2017,0
0,0.0549751276930551,2017,0
0,0.0561765664594867,2017,0
0,0.0569129177298562,2017,0
0,0.0225152724187341,2017,0
0,0.0225152724187341,2017,0
0,0.0225152724187341,2017,0
0,0.0281173483082698,2017,0
0,0.0281173483082698,2017,0
0,0.0281173483082698,2017,0
0,0.0281173483082698,2017,0
0,0.022379001254456,2017,0
0,0.022379001254456,2017,0
0,0.022379001254456,2017,0
0,0.022379001254456,2017,0
0,0.022379001254456,2017,0
0,0.022379001254456,2017,0
0,0.0280039256394295,2017,0
0,0.0207091973670538,2017,0
0,0.0207091973670538,2017,0
0,0.0153687016510206,2017,0
0,0.0153687016510206,2017,0
0,0.0153687016510206,2017,0
0,0.0222649110448072,2017,0
0,0.0222649110448072,2017,0
0,0.0222649110448072,2017,0
0,0.0222649110448072,2017,0
0,0.0238884007605232,2017,0
0,0.0238884007605232,2017,0
0,0.0238884007605232,2017,0
0,0.0238884007605232,2017,0
0,0.0238884007605232,2017,0
0,0.0238884007605232,2017,0
0,0.0238884007605232,2017,0
0,0.0238884007605232,2017,0
0,0.0238884007605232,2017,0
0,0.0224396626350519,2017,0
0,0.0224396626350519,2017,0
0,0.0224396626350519,2017,0
0,0.0224396626350519,2017,0
0,0.0224396626350519,2017,0
0,0.0377400539766531,2017,0
0,0.0421531426948819,2017,0
0,0.0418466459772256,2017,0
0,0.0315494733876839,2017,0
0,0.0239375773738634,2017,0
0,0.0239375773738634,2017,0
0,0.0239375773738634,2017,0
0,0.0239375773738634,2017,0
0,0.0239375773738634,2017,0
0,0.0239375773738634,2017,0
0,0.0239375773738634,2017,0
0,0.0239375773738634,2017,0
0,0.0239375773738634,2017,0
0,0.0226890860814234,2017,0
0,0.0226890860814234,2017,0
0,0.0882476114947114,2017,0
0,0.0882476114947114,2017,0
0,0.0232962800444835,2017,0
0,0.0232962800444835,2017,0
0,0.0232962800444835,2017,0
0,0.0186167021330985,2017,0
0,0.0551426496227373,2017,0
0,0.0383830824705832,2017,0
0,0.0596802551266265,2017,0
0,0.0523795793775326,2017,0
0,0.0584526988481454,2017,0
0,0.0584526988481454,2017,0
0,0.0572638831180679,2017,0
0,0.0523795793775326,2017,0
0,0.0438014077396903,2017,0
0,0.0568473421606621,2017,0
0,0.0506538295983249,2017,0
0,0.0465649533976221,2017,0
0,0.0603524307381209,2017,0
0,0.0236454280220576,2017,0
0,0.0236454280220576,2017,0
0,0.0315426459436134,2017,0
0,0.0315426459436134,2017,0
0,0.0315426459436134,2017,0
0,0.0315426459436134,2017,0
0,0.0315426459436134,2017,0
0,0.0668110920581271,2017,0
0,0.0153088781028915,2017,0
0,0.0232280093582246,2017,0
0,0.0232280093582246,2017,0
0,0.0232280093582246,2017,0
0,0.0232280093582246,2017,0
0,0.0232280093582246,2017,0
0,0.0305783444206567,2017,0
0,0.0661086759748952,2017,0
0,0.0217277461966694,2017,0
0,0.0217277461966694,2017,0
0,0.0145395473161312,2017,0
0,0.0145395473161312,2017,0
0,0.0145395473161312,2017,0
0,0.0225205142240828,2017,0
0,0.0225205142240828,2017,0
0,0.0225205142240828,2017,0
0,0.0225205142240828,2017,0
0,0.0226177082083472,2017,0
0,0.0226177082083472,2017,0
0,0.0226177082083472,2017,0
0,0.0226177082083472,2017,0
0,0.0226177082083472,2017,0
0,0.0226177082083472,2017,0
0,0.0226177082083472,2017,0
0,0.0226177082083472,2017,0
0,0.0226177082083472,2017,0
0,0.0217862975357443,2017,0
0,0.0217862975357443,2017,0
0,0.0217862975357443,2017,0
0,0.0217862975357443,2017,0
0,0.0382450162511441,2017,0
0,0.0426683108437593,2017,0
0,0.0417600193032887,2017,0
0,0.0349076280408697,2017,0
0,0.0235984531377669,2017,0
0,0.0235984531377669,2017,0
0,0.0235984531377669,2017,0
0,0.0235984531377669,2017,0
0,0.0235984531377669,2017,0
0,0.0235984531377669,2017,0
0,0.0235984531377669,2017,0
0,0.0235984531377669,2017,0
0,0.0221621752114587,2017,0
0,0.0221621752114587,2017,0
0,0.0221621752114587,2017,0
0,0.085038166393488,2017,0
0,0.0694267450694278,2017,0
0,0.0694267450694278,2017,0
0,0.035782408104102,2017,0
0,0.0223502200092885,2017,0
0,0.0223502200092885,2017,0
0,0.0223502200092885,2017,0
0,0.0193754763649271,2017,0
0,0.0554964621064451,2017,0
0,0.0377738988296829,2017,0
0,0.0576625244698699,2017,0
0,0.0580481546197551,2017,0
0,0.0534169760835255,2017,0
0,0.058502659569524,2017,0
0,0.0473007791809752,2017,0
0,0.0597276009861063,2017,0
0,0.0597276009861063,2017,0
0,0.0534169760835255,2017,0
0,0.0513364955665473,2017,0
0,0.0589190123888875,2017,0
0,0.0225316270286788,2017,0
0,0.0225316270286788,2017,0
0,0.0373830157481958,2017,0
0,0.0373830157481958,2017,0
0,0.0373830157481958,2017,0
0,0.0373830157481958,2017,0
0,0.0362952177348344,2017,0
0,0.0163103316684228,2017,0
0,0.0228578965529915,2017,0
0,0.0228578965529915,2017,0
0,0.0228578965529915,2017,0
0,0.0400379621333709,2017,0
0,0.0267858494271351,2017,0
0,0.0238052157726884,2017,0
0,0.0238052157726884,2017,0
0,0.0238052157726884,2017,0
0,0.0174290084542058,2017,0
0,0.0174290084542058,2017,0
0,0.0227134897951564,2017,0
0,0.0227134897951564,2017,0
0,0.0227134897951564,2017,0
0,0.0227134897951564,2017,0
0,0.0227134897951564,2017,0
0,0.0306393739378068,2017,0
0,0.0306393739378068,2017,0
0,0.0306393739378068,2017,0
0,0.0306393739378068,2017,0
0,0.0306393739378068,2017,0
0,0.0306393739378068,2017,0
0,0.0306393739378068,2017,0
0,0.0306393739378068,2017,0
0,0.0306393739378068,2017,0
0,0.0306393739378068,2017,0
0,0.0228579480643191,2017,0
0,0.0228579480643191,2017,0
0,0.0228579480643191,2017,0
0,0.0228579480643191,2017,0
0,0.0377423091167514,2017,0
0,0.0418607047039776,2017,0
0,0.0410314998899441,2017,0
0,0.0346291896648869,2017,0
0,0.032081757771911,2017,0
0,0.032081757771911,2017,0
0,0.032081757771911,2017,0
0,0.032081757771911,2017,0
0,0.032081757771911,2017,0
0,0.032081757771911,2017,0
0,0.032081757771911,2017,0
0,0.032081757771911,2017,0
0,0.023121250603487,2017,0
0,0.023121250603487,2017,0
0,0.0935765369071956,2017,0
0,0.0129041050487531,2017,0
0,0.0129041050487531,2017,0
0,0.0609310008601801,2017,0
0,0.0524548709105005,2017,0
0,0.0230085161042643,2017,0
0,0.0230085161042643,2017,0
0,0.0230085161042643,2017,0
0,0.0205977166556267,2017,0
0,0.0532853567298421,2017,0
0,0.0388481261748457,2017,0
0,0.0388481261748457,2017,0
0,0.0593343723424892,2017,0
0,0.0423735151183544,2017,0
0,0.0593343723424892,2017,0
0,0.0511663816960853,2017,0
0,0.0578271424382947,2017,0
0,0.0455658067444534,2017,0
0,0.0570419648459434,2017,0
0,0.0543386246015483,2017,0
0,0.0227560173960739,2017,0
0,0.0227560173960739,2017,0
0,0.0227560173960739,2017,0
0,0.0561261150912548,2017,0
0,0.0474138123986507,2017,0
0,0.0474138123986507,2017,0
0,0.0474138123986507,2017,0
0,0.0474138123986507,2017,0
0,0.0103662054750113,2017,0
0,0.0136821095045602,2017,0
0,0.0226661312484468,2017,0
0,0.0226661312484468,2017,0
0,0.0226661312484468,2017,0
0,0.0226661312484468,2017,0
0,0.0226661312484468,2017,0
0,0.0476109265569559,2017,0
0,0.0101450231677236,2017,0
0,0.0270443493362708,2017,0
0,0.0270443493362708,2017,0
0,0.0270443493362708,2017,0
0,0.0392200760420712,2017,0
0,0.0194227773749039,2017,0
0,0.0194227773749039,2017,0
0,0.023161120482428,2017,0
0,0.023161120482428,2017,0
0,0.023161120482428,2017,0
0,0.023161120482428,2017,0
0,0.0378976585076522,2017,0
0,0.0378976585076522,2017,0
0,0.0378976585076522,2017,0
0,0.0378976585076522,2017,0
0,0.0378976585076522,2017,0
0,0.0378976585076522,2017,0
0,0.0378976585076522,2017,0
0,0.0378976585076522,2017,0
0,0.0238835056306427,2017,0
0,0.0238835056306427,2017,0
0,0.0238835056306427,2017,0
0,0.0351420991195139,2017,0
0,0.0390929849443222,2017,0
0,0.0391633840911427,2017,0
0,0.0309751971178999,2017,0
0,0.0353225807956931,2017,0
0,0.0353225807956931,2017,0
0,0.0353225807956931,2017,0
0,0.0353225807956931,2017,0
0,0.0353225807956931,2017,0
0,0.0353225807956931,2017,0
0,0.0353225807956931,2017,0
0,0.0353225807956931,2017,0
0,0.023189429978802,2017,0
0,0.023189429978802,2017,0
0,0.0948169369670605,2017,0
0,0.0118401805115103,2017,0
0,0.0552217585918325,2017,0
0,0.0227516041134184,2017,0
0,0.0227516041134184,2017,0
0,0.0227516041134184,2017,0
0,0.0227516041134184,2017,0
0,0.0182718160231181,2017,0
0,0.0538892680030336,2017,0
0,0.0414101335540417,2017,0
0,0.0414101335540417,2017,0
0,0.0416713305444915,2017,0
0,0.0571959552823736,2017,0
0,0.0586927166697518,2017,0
0,0.0586927166697518,2017,0
0,0.0564194853416547,2017,0
0,0.0565956874583948,2017,0
0,0.0224439233843284,2017,0
0,0.0224439233843284,2017,0
0,0.0364756863987149,2017,0
0,0.0364756863987149,2017,0
0,0.0364756863987149,2017,0
0,0.0364756863987149,2017,0
0,0.0364756863987149,2017,0
0,0.0240913340005295,2017,0
0,0.0221342253228373,2017,0
0,0.0221342253228373,2017,0
0,0.0221342253228373,2017,0
0,0.0221342253228373,2017,0
0,0.034196932118923,2017,0
0,0.0286378132865706,2017,0
0,0.0243342842425024,2017,0
0,0.0243342842425024,2017,0
0,0.0243342842425024,2017,0
0,0.0453474158569928,2017,0
0,0.0453474158569928,2017,0
0,0.0453474158569928,2017,0
0,0.0155543440829341,2017,0
0,0.0155543440829341,2017,0
0,0.0521698688731054,2017,0
0,0.0271122121711928,2017,0
0,0.0222927459677289,2017,0
0,0.0222927459677289,2017,0
0,0.0222927459677289,2017,0
0,0.0222927459677289,2017,0
0,0.0267519828033633,2017,0
0,0.0267519828033633,2017,0
0,0.0267519828033633,2017,0
0,0.0267519828033633,2017,0
0,0.0267519828033633,2017,0
0,0.0267519828033633,2017,0
0,0.0267519828033633,2017,0
0,0.0267519828033633,2017,0
0,0.0220584797966033,2017,0
0,0.0220584797966033,2017,0
0,0.0302963182616674,2017,0
0,0.0342799168334016,2017,0
0,0.0350947341179136,2017,0
0,0.0274914948759643,2017,0
0,0.0339098478800717,2017,0
0,0.0339098478800717,2017,0
0,0.0339098478800717,2017,0
0,0.0416421348104991,2017,0
0,0.0250006433294069,2017,0
0,0.0250006433294069,2017,0
0,0.0250006433294069,2017,0
0,0.0250006433294069,2017,0
0,0.0250006433294069,2017,0
0,0.0250006433294069,2017,0
0,0.021640213393732,2017,0
0,0.021640213393732,2017,0
0,0.0838979269454106,2017,0
0,0.0754739477070504,2017,0
0,0.0484631999348292,2017,0
0,0.0446030772483934,2017,0
0,0.0217410347352689,2017,0
0,0.0217410347352689,2017,0
0,0.0217410347352689,2017,0
0,0.0217410347352689,2017,0
0,0.0476368956075194,2017,0
0,0.0167426506302509,2017,0
0,0.0556268474712187,2017,0
0,0.0401069177860157,2017,0
0,0.0401069177860157,2017,0
0,0.0615432072802439,2017,0
0,0.0471185172471791,2017,0
0,0.0583536508275885,2017,0
0,0.0435650748839076,2017,0
0,0.0600746739450434,2017,0
0,0.0588306894448261,2017,0
0,0.0600746739450434,2017,0
0,0.0620261330196353,2017,0
0,0.0222902608295282,2017,0
0,0.0222902608295282,2017,0
0,0.0282845929004234,2017,0
0,0.0282845929004234,2017,0
0,0.0282845929004234,2017,0
0,0.0282845929004234,2017,0
0,0.0282845929004234,2017,0
0,0.0922198599686476,2017,0
0,0.0224317932293596,2017,0
0,0.0224317932293596,2017,0
0,0.0224317932293596,2017,0
0,0.0224317932293596,2017,0
0,0.124423499123241,2017,0
0,0.0207329252348306,2017,0
0,0.0207329252348306,2017,0
0,0.0207329252348306,2017,0
0,0.0512395106809835,2017,0
0,0.0512395106809835,2017,0
0,0.0512395106809835,2017,0
0,0.0512395106809835,2017,0
0,0.0149386999834441,2017,0
0,0.0149386999834441,2017,0
0,0.048240039517932,2017,0
0,0.0290731393339054,2017,0
0,0.0226199671503188,2017,0
0,0.0226199671503188,2017,0
0,0.0226199671503188,2017,0
0,0.0226199671503188,2017,0
0,0.0226199671503188,2017,0
0,0.0238445223483051,2017,0
0,0.0238445223483051,2017,0
0,0.0238445223483051,2017,0
0,0.0238445223483051,2017,0
0,0.0238445223483051,2017,0
0,0.0238445223483051,2017,0
0,0.0238445223483051,2017,0
0,0.0238445223483051,2017,0
0,0.0226375964274772,2017,0
0,0.0226375964274772,2017,0
0,0.0354510664104758,2017,0
0,0.0396542577978686,2017,0
0,0.0394853200505595,2017,0
0,0.0287714270555365,2017,0
0,0.0354497145367877,2017,0
0,0.0354497145367877,2017,0
0,0.0428414904458581,2017,0
0,0.0243368598750374,2017,0
0,0.0243368598750374,2017,0
0,0.0243368598750374,2017,0
0,0.0243368598750374,2017,0
0,0.0243368598750374,2017,0
0,0.0243368598750374,2017,0
0,0.0230782777165913,2017,0
0,0.0230782777165913,2017,0
0,0.0875192035434232,2017,0
0,0.164411565729231,2017,0
0,0.0856799220808671,2017,0
0,0.0463137296872242,2017,0
0,0.0232722529143036,2017,0
0,0.0232722529143036,2017,0
0,0.0232722529143036,2017,0
0,0.0187676678546506,2017,0
0,0.0591603073497452,2017,0
0,0.0420297701275132,2017,0
0,0.0420297701275132,2017,0
0,0.0665221531331038,2017,0
0,0.0517722966606298,2017,0
0,0.0551102593562412,2017,0
0,0.0657378040592488,2017,0
0,0.0674482895808049,2017,0
0,0.0594101323978022,2017,0
0,0.0661999767659468,2017,0
0,0.0609921126518687,2017,0
0,0.0674166046029131,2017,0
0,0.0233123094209969,2017,0
0,0.0233123094209969,2017,0
0,0.0233123094209969,2017,0
0,0.0282594458127747,2017,0
0,0.0282594458127747,2017,0
0,0.186976906807192,2017,0
0,0.0234033258052252,2017,0
0,0.0234033258052252,2017,0
0,0.0234033258052252,2017,0
0,0.22817254641744,2017,0
0,0.0193716250400671,2017,0
0,0.0193716250400671,2017,0
0,0.0193716250400671,2017,0
0,0.0551408027549432,2017,0
0,0.0551408027549432,2017,0
0,0.0551408027549432,2017,0
0,0.0166935973659019,2017,0
0,0.0166935973659019,2017,0
0,0.0528702137599475,2017,0
0,0.023759354716378,2017,0
0,0.023759354716378,2017,0
0,0.023759354716378,2017,0
0,0.023759354716378,2017,0
0,0.023759354716378,2017,0
0,0.0227652011184951,2017,0
0,0.0227652011184951,2017,0
0,0.0227652011184951,2017,0
0,0.0227652011184951,2017,0
0,0.0227652011184951,2017,0
0,0.0227652011184951,2017,0
0,0.0227652011184951,2017,0
0,0.0227652011184951,2017,0
0,0.0237161985348922,2017,0
0,0.0237161985348922,2017,0
0,0.0237161985348922,2017,0
0,0.0430338063435493,2017,0
0,0.0386862624756779,2017,0
0,0.0418480086888149,2017,0
0,0.0340597471983404,2017,0
0,0.0338900350581234,2017,0
0,0.0338900350581234,2017,0
0,0.0456937580648518,2017,0
0,0.0228172245944193,2017,0
0,0.0228172245944193,2017,0
0,0.0228172245944193,2017,0
0,0.0228172245944193,2017,0
0,0.0228172245944193,2017,0
0,0.0228172245944193,2017,0
0,0.0235531022851761,2017,0
0,0.0235531022851761,2017,0
0,0.0900205971832752,2017,0
0,0.171555455144104,2017,0
0,0.0951293316394226,2017,0
0,0.0473722711273574,2017,0
0,0.0235823782247668,2017,0
0,0.0235823782247668,2017,0
0,0.0235823782247668,2017,0
0,0.0193791866829648,2017,0
0,0.0584747072138156,2017,0
0,0.0412730067238471,2017,0
0,0.0412730067238471,2017,0
0,0.0645189738364636,2017,0
0,0.0486253654171287,2017,0
0,0.0570609791722777,2017,0
0,0.0224644965434409,2017,0
0,0.0224644965434409,2017,0
0,0.0224644965434409,2017,0
0,0.0261158401979032,2017,0
0,0.194812245288611,2017,0
0,0.0221333372675356,2017,0
0,0.0221333372675356,2017,0
0,0.0221333372675356,2017,0
0,0.0221333372675356,2017,0
0,0.0257102735534647,2017,0
0,0.194015044037436,2017,0
0,0.0187800332332834,2017,0
0,0.0187800332332834,2017,0
0,0.0490891390187588,2017,0
0,0.0490891390187588,2017,0
0,0.0490891390187588,2017,0
0,0.0490891390187588,2017,0
0,0.015625010029527,2017,0
0,0.015625010029527,2017,0
0,0.015625010029527,2017,0
0,0.051012348884906,2017,0
0,0.0217995553560265,2017,0
0,0.0217995553560265,2017,0
0,0.0217995553560265,2017,0
0,0.0217995553560265,2017,0
0,0.0217995553560265,2017,0
0,0.0201031119213332,2017,0
0,0.0201031119213332,2017,0
0,0.0201031119213332,2017,0
0,0.0201031119213332,2017,0
0,0.0201031119213332,2017,0
0,0.0201031119213332,2017,0
0,0.0201031119213332,2017,0
0,0.0201031119213332,2017,0
0,0.0219297451103367,2017,0
0,0.0219297451103367,2017,0
0,0.0219297451103367,2017,0
0,0.0219297451103367,2017,0
0,0.0374544449875611,2017,0
0,0.0331640271962994,2017,0
0,0.0380506415891891,2017,0
0,0.032181134761829,2017,0
0,0.0317805430677758,2017,0
0,0.0207515550048307,2017,0
0,0.0207515550048307,2017,0
0,0.0207515550048307,2017,0
0,0.0207515550048307,2017,0
0,0.0207515550048307,2017,0
0,0.0207515550048307,2017,0
0,0.0207515550048307,2017,0
0,0.0207515550048307,2017,0
0,0.0216847445040712,2017,0
0,0.0216847445040712,2017,0
0,0.128114772404899,2017,0
0,0.0441426609518516,2017,0
0,0.0214636562734292,2017,0
0,0.0214636562734292,2017,0
0,0.0214636562734292,2017,0
0,0.0510367209434021,2017,0
0,0.0510367209434021,2017,0
0,0.0510367209434021,2017,0
0,0.0510367209434021,2017,0
0,0.056639930640748,2017,0
0,0.0372863562905855,2017,0
0,0.0372863562905855,2017,0
0,0.0598333421205359,2017,0
0,0.0603417052985472,2017,0
0,0.0442019385882631,2017,0
0,0.0216233978140916,2017,0
0,0.0216233978140916,2017,0
0,0.0216233978140916,2017,0
0,0.0216233978140916,2017,0
0,0.0293027807864201,2017,0
0,0.0293027807864201,2017,0
0,0.0818033083440551,2017,0
0,0.0218508245453976,2017,0
0,0.0218508245453976,2017,0
0,0.0218508245453976,2017,0
0,0.0218508245453976,2017,0
0,0.0218508245453976,2017,0
0,0.0317306556422066,2017,0
0,0.0638963914556388,2017,0
0,0.0222354853253945,2017,0
0,0.0222354853253945,2017,0
0,0.0163373420101658,2017,0
0,0.0163373420101658,2017,0
0,0.0163373420101658,2017,0
0,0.0456372297662892,2017,0
0,0.0215539469477063,2017,0
0,0.0215539469477063,2017,0
0,0.0215539469477063,2017,0
0,0.0215539469477063,2017,0
0,0.0252645567302375,2017,0
0,0.0252645567302375,2017,0
0,0.0252645567302375,2017,0
0,0.0252645567302375,2017,0
0,0.0252645567302375,2017,0
0,0.0252645567302375,2017,0
0,0.0252645567302375,2017,0
0,0.021656393927794,2017,0
0,0.021656393927794,2017,0
0,0.0353880490436869,2017,0
0,0.0257514120377127,2017,0
0,0.0330695668053948,2017,0
0,0.0255725395624222,2017,0
0,0.0255725395624222,2017,0
0,0.0255725395624222,2017,0
0,0.0255725395624222,2017,0
0,0.0255725395624222,2017,0
0,0.0255725395624222,2017,0
0,0.0255725395624222,2017,0
0,0.0255725395624222,2017,0
0,0.0255725395624222,2017,0
0,0.021715889206324,2017,0
0,0.0406837964607358,2017,0
0,0.021265258079385,2017,0
0,0.021265258079385,2017,0
0,0.021265258079385,2017,0
0,0.0519018251924433,2017,0
0,0.0519018251924433,2017,0
0,0.0519018251924433,2017,0
0,0.0519018251924433,2017,0
0,0.0579641549296981,2017,0
0,0.0438070413557137,2017,0
0,0.0438070413557137,2017,0
0,0.0633257275300469,2017,0
0,0.0489715611662688,2017,0
0,0.0638249746492874,2017,0
0,0.0462873560075711,2017,0
0,0.021894876237386,2017,0
0,0.021894876237386,2017,0
0,0.021894876237386,2017,0
0,0.021894876237386,2017,0
0,0.021894876237386,2017,0
0,0.0331178359738847,2017,0
0,0.0331178359738847,2017,0
0,0.0331178359738847,2017,0
0,0.0661586004650424,2017,0
0,0.0223148186642193,2017,0
0,0.0223148186642193,2017,0
0,0.0223148186642193,2017,0
0,0.0223148186642193,2017,0
0,0.0223148186642193,2017,0
0,0.0223148186642193,2017,0
0,0.0223148186642193,2017,0
0,0.035552451008756,2017,0
0,0.0449498215617513,2017,0
0,0.0262187535831206,2017,0
0,0.0262187535831206,2017,0
0,0.0163537095350049,2017,0
0,0.0163537095350049,2017,0
0,0.0163537095350049,2017,0
0,0.0414176471819425,2017,0
0,0.0223970990857368,2017,0
0,0.0223970990857368,2017,0
0,0.0223970990857368,2017,0
0,0.0223970990857368,2017,0
0,0.0267921531291279,2017,0
0,0.0267921531291279,2017,0
0,0.0267921531291279,2017,0
0,0.0267921531291279,2017,0
0,0.0267921531291279,2017,0
0,0.0267921531291279,2017,0
0,0.0267921531291279,2017,0
0,0.0219067739734055,2017,0
0,0.0219067739734055,2017,0
0,0.0362995746268244,2017,0
0,0.024698304764478,2017,0
0,0.0332320240198042,2017,0
0,0.0262089203088667,2017,0
0,0.0262089203088667,2017,0
0,0.0262089203088667,2017,0
0,0.0262089203088667,2017,0
0,0.0262089203088667,2017,0
0,0.0262089203088667,2017,0
0,0.0262089203088667,2017,0
0,0.0262089203088667,2017,0
0,0.0262089203088667,2017,0
0,0.0219506927729342,2017,0
0,0.0415504732848101,2017,0
0,0.0360943619153943,2017,0
0,0.0215672851295684,2017,0
0,0.0909803481154398,2017,0
0,0.0214031607417956,2017,0
0,0.0214031607417956,2017,0
0,0.0214031607417956,2017,0
0,0.0515629798964474,2017,0
0,0.0515629798964474,2017,0
0,0.0515629798964474,2017,0
0,0.0432996049952127,2017,0
0,0.0432996049952127,2017,0
0,0.0618891379753707,2017,0
0,0.0500394644531964,2017,0
0,0.0591387630689626,2017,0
0,0.0620773356777921,2017,0
0,0.0213893261868451,2017,0
0,0.0213893261868451,2017,0
0,0.0213893261868451,2017,0
0,0.0327878421394684,2017,0
0,0.0327878421394684,2017,0
0,0.0327878421394684,2017,0
0,0.0723209209472488,2017,0
0,0.0213390705348183,2017,0
0,0.0213390705348183,2017,0
0,0.0213390705348183,2017,0
0,0.0213390705348183,2017,0
0,0.0213390705348183,2017,0
0,0.0213390705348183,2017,0
0,0.0327404667143058,2017,0
0,0.0722690614200208,2017,0
0,0.0236083501726188,2017,0
0,0.0236083501726188,2017,0
0,0.0145699867455408,2017,0
0,0.0145699867455408,2017,0
0,0.0145699867455408,2017,0
0,0.0429725809611393,2017,0
0,0.0216992261376807,2017,0
0,0.0216992261376807,2017,0
0,0.0216992261376807,2017,0
0,0.0237974156822496,2017,0
0,0.0237974156822496,2017,0
0,0.0237974156822496,2017,0
0,0.0237974156822496,2017,0
0,0.0237974156822496,2017,0
0,0.0237974156822496,2017,0
0,0.0237974156822496,2017,0
0,0.0237974156822496,2017,0
0,0.0220374602320527,2017,0
0,0.0220374602320527,2017,0
0,0.0220374602320527,2017,0
0,0.0358195241398715,2017,0
0,0.0399832366380904,2017,0
0,0.0295701321083265,2017,0
0,0.034456412057821,2017,0
0,0.0252558056988767,2017,0
0,0.0252558056988767,2017,0
0,0.0252558056988767,2017,0
0,0.0252558056988767,2017,0
0,0.0252558056988767,2017,0
0,0.0252558056988767,2017,0
0,0.0252558056988767,2017,0
0,0.0252558056988767,2017,0
0,0.0252558056988767,2017,0
0,0.0228858223703636,2017,0
0,0.050308005400193,2017,0
0,0.0243772033736617,2017,0
0,0.0974645666855277,2017,0
0,0.0246223106626807,2017,0
0,0.0246223106626807,2017,0
0,0.0246223106626807,2017,0
0,0.0579828180127523,2017,0
0,0.0579828180127523,2017,0
0,0.0579828180127523,2017,0
0,0.044848286492895,2017,0
0,0.044848286492895,2017,0
0,0.0248902276282327,2017,0
0,0.0248902276282327,2017,0
0,0.0455623402736739,2017,0
0,0.0455623402736739,2017,0
0,0.0455623402736739,2017,0
0,0.0455623402736739,2017,0
0,0.0455623402736739,2017,0
0,0.035167266555646,2017,0
0,0.0248422492480915,2017,0
0,0.0248422492480915,2017,0
0,0.0248422492480915,2017,0
0,0.0248422492480915,2017,0
0,0.0248422492480915,2017,0
0,0.0248422492480915,2017,0
0,0.0447211849774716,2017,0
0,0.0466111210900722,2017,0
0,0.0287230969617469,2017,0
0,0.0287230969617469,2017,0
0,0.0175493496152414,2017,0
0,0.0175493496152414,2017,0
0,0.0175493496152414,2017,0
0,0.0501365476289155,2017,0
0,0.0246044266743058,2017,0
0,0.0246044266743058,2017,0
0,0.0246044266743058,2017,0
0,0.0246044266743058,2017,0
0,0.0604884434875148,2017,0
0,0.026144723667754,2017,0
0,0.026144723667754,2017,0
0,0.026144723667754,2017,0
0,0.026144723667754,2017,0
0,0.026144723667754,2017,0
0,0.026144723667754,2017,0
0,0.026144723667754,2017,0
0,0.026144723667754,2017,0
0,0.0248234139994053,2017,0
0,0.0248234139994053,2017,0
0,0.0248234139994053,2017,0
0,0.0248234139994053,2017,0
0,0.0403404921711625,2017,0
0,0.0439554387271362,2017,0
0,0.0317012997825414,2017,0
0,0.0360962676409698,2017,0
0,0.0264486503923567,2017,0
0,0.0264486503923567,2017,0
0,0.0264486503923567,2017,0
0,0.0264486503923567,2017,0
0,0.0264486503923567,2017,0
0,0.0264486503923567,2017,0
0,0.0264486503923567,2017,0
0,0.0264486503923567,2017,0
0,0.0252709662595488,2017,0
0,0.0977664562946273,2017,0
0,0.0766705490540705,2017,0
0,0.0521671722043613,2017,0
0,0.0261878055403533,2017,0
0,0.115985883638719,2017,0
0,0.0262077376228234,2017,0
0,0.0262077376228234,2017,0
0,0.0505605556607267,2017,0
0,0.0505605556607267,2017,0
0,0.0263014007232228,2017,0
0,0.0263014007232228,2017,0
0,0.0263014007232228,2017,0
0,0.0263014007232228,2017,0
0,0.044581492776806,2017,0
0,0.044581492776806,2017,0
0,0.044581492776806,2017,0
0,0.044581492776806,2017,0
0,0.0535166421254868,2017,0
0,0.026560964041585,2017,0
0,0.026560964041585,2017,0
0,0.026560964041585,2017,0
0,0.026560964041585,2017,0
0,0.026560964041585,2017,0
0,0.0454037184621511,2017,0
0,0.0501029023059482,2017,0
0,0.0321483288454774,2017,0
0,0.0321483288454774,2017,0
0,0.0183560731294809,2017,0
0,0.0183560731294809,2017,0
0,0.0183560731294809,2017,0
0,0.0265155094365205,2017,0
0,0.0265155094365205,2017,0
0,0.0265155094365205,2017,0
0,0.0265155094365205,2017,0
0,0.0265155094365205,2017,0
0,0.0284756949669278,2017,0
0,0.0284756949669278,2017,0
0,0.0284756949669278,2017,0
0,0.0284756949669278,2017,0
0,0.0284756949669278,2017,0
0,0.0284756949669278,2017,0
0,0.0258400625215347,2017,0
0,0.0258400625215347,2017,0
0,0.0258400625215347,2017,0
0,0.0258400625215347,2017,0
0,0.090435392008462,2017,0
0,0.0365157213557182,2017,0
0,0.026337259413641,2017,0
0,0.0354578528876718,2017,0
0,0.0260916336110777,2017,0
0,0.0260916336110777,2017,0
0,0.0260916336110777,2017,0
0,0.0260916336110777,2017,0
0,0.0260916336110777,2017,0
0,0.0260916336110777,2017,0
0,0.0246318444991987,2017,0
0,0.076569884745354,2017,0
0,0.0411802392063378,2017,0
0,0.023577574883249,2017,0
0,0.0233331482704491,2017,0
0,0.0233331482704491,2017,0
0,0.088771926455364,2017,0
0,0.047447020165849,2017,0
0,0.02340193312774,2017,0
0,0.02340193312774,2017,0
0,0.02340193312774,2017,0
0,0.02340193312774,2017,0
0,0.02340193312774,2017,0
0,0.02340193312774,2017,0
0,0.02340193312774,2017,0
0,0.0372518691734542,2017,0
0,0.0372518691734542,2017,0
0,0.0372518691734542,2017,0
0,0.0372518691734542,2017,0
0,0.0778404831324994,2017,0
0,0.0561068032079535,2017,0
0,0.042891800835978,2017,0
0,0.0238225627477482,2017,0
0,0.0238225627477482,2017,0
0,0.0238225627477482,2017,0
0,0.0238225627477482,2017,0
0,0.065165538029382,2017,0
0,0.0248270872984833,2017,0
0,0.0248270872984833,2017,0
0,0.0159192233009886,2017,0
0,0.0159192233009886,2017,0
0,0.0159192233009886,2017,0
0,0.0241412757644762,2017,0
0,0.0241412757644762,2017,0
0,0.0241412757644762,2017,0
0,0.0208786968373802,2017,0
0,0.0287337120879714,2017,0
0,0.0287337120879714,2017,0
0,0.0287337120879714,2017,0
0,0.0287337120879714,2017,0
0,0.0287337120879714,2017,0
0,0.0287337120879714,2017,0
0,0.023903619051072,2017,0
0,0.023903619051072,2017,0
0,0.023903619051072,2017,0
0,0.0262122094065685,2017,0
0,0.0368405273268793,2017,0
0,0.0327753199460116,2017,0
0,0.0244227889716986,2017,0
0,0.0355843562958479,2017,0
0,0.0281752209213902,2017,0
0,0.0281752209213902,2017,0
0,0.0281752209213902,2017,0
0,0.0281752209213902,2017,0
0,0.0281752209213902,2017,0
0,0.0281752209213902,2017,0
0,0.0235809231512447,2017,0
0,0.0235809231512447,2017,0
0,0.0443879589441122,2017,0
0,0.0401385940020033,2017,0
0,0.0232946556772757,2017,0
0,0.0240053182243443,2017,0
0,0.0240053182243443,2017,0
0,0.0243152416899456,2017,0
0,0.0243152416899456,2017,0
0,0.0243152416899456,2017,0
0,0.0243152416899456,2017,0
0,0.0409346895011206,2017,0
0,0.0409346895011206,2017,0
0,0.0409346895011206,2017,0
0,0.0409346895011206,2017,0
0,0.0970802182029282,2017,0
0,0.045757528905806,2017,0
0,0.0238400925742139,2017,0
0,0.0238400925742139,2017,0
0,0.0238400925742139,2017,0
0,0.0238400925742139,2017,0
0,0.133300872418044,2017,0
0,0.0216075251321066,2017,0
0,0.0216075251321066,2017,0
0,0.0170230418417796,2017,0
0,0.0170230418417796,2017,0
0,0.0170230418417796,2017,0
0,0.0500076753261797,2017,0
0,0.023767765584756,2017,0
0,0.023767765584756,2017,0
0,0.023767765584756,2017,0
0,0.0196480087570468,2017,0
0,0.0271759397333359,2017,0
0,0.0271759397333359,2017,0
0,0.0271759397333359,2017,0
0,0.0271759397333359,2017,0
0,0.0271759397333359,2017,0
0,0.0271759397333359,2017,0
0,0.0271759397333359,2017,0
0,0.0242343044429703,2017,0
0,0.0242343044429703,2017,0
0,0.0242343044429703,2017,0
0,0.020197009664895,2017,0
0,0.039567998009722,2017,0
0,0.0354230430765804,2017,0
0,0.0353127403321819,2017,0
0,0.0381667206317272,2017,0
0,0.0285337464508923,2017,0
0,0.0285337464508923,2017,0
0,0.0285337464508923,2017,0
0,0.0285337464508923,2017,0
0,0.0246476009884966,2017,0
0,0.0246476009884966,2017,0
0,0.0246476009884966,2017,0
0,0.048132336194286,2017,0
0,0.0240163858768422,2017,0
0,0.0242526850622734,2017,0
0,0.0242526850622734,2017,0
0,0.0242526850622734,2017,0
0,0.0242526850622734,2017,0
0,0.0257643269362596,2017,0
0,0.0257643269362596,2017,0
0,0.0257643269362596,2017,0
0,0.0642493419734491,2017,0
0,0.0405071009174209,2017,0
0,0.0405071009174209,2017,0
0,0.0405071009174209,2017,0
0,0.0405071009174209,2017,0
0,0.0405071009174209,2017,0
0,0.192336022214,2017,0
0,0.0520724873859689,2017,0
0,0.0273840302593573,2017,0
0,0.0273840302593573,2017,0
0,0.0273840302593573,2017,0
0,0.0273840302593573,2017,0
0,0.0273840302593573,2017,0
0,0.208405600635624,2017,0
0,0.0233635823506944,2017,0
0,0.0233635823506944,2017,0
0,0.0715129005647287,2017,0
0,0.0297485568184325,2017,0
0,0.0297485568184325,2017,0
0,0.0297485568184325,2017,0
0,0.0211718858592452,2017,0
0,0.0386701185940264,2017,0
0,0.0386701185940264,2017,0
0,0.0386701185940264,2017,0
0,0.0386701185940264,2017,0
0,0.0386701185940264,2017,0
0,0.0386701185940264,2017,0
0,0.0308789017464872,2017,0
0,0.0308789017464872,2017,0
0,0.0308789017464872,2017,0
0,0.0619728857319892,2017,0
0,0.057821735988919,2017,0
0,0.0481014955079065,2017,0
0,0.0519099959765414,2017,0
0,0.0400994883457722,2017,0
0,0.0400994883457722,2017,0
0,0.0400994883457722,2017,0
0,0.0400994883457722,2017,0
0,0.0313326933193717,2017,0
0,0.0313326933193717,2017,0
0,0.0313326933193717,2017,0
0,0.150965222674352,2017,0
0,0.111358965307767,2017,0
0,0.111358965307767,2017,0
0,0.0622404550002538,2017,0
0,0.0319275444725186,2017,0
0,0.0311322812671245,2017,0
0,0.0311322812671245,2017,0
0,0.0311322812671245,2017,0
0,0.0311322812671245,2017,0
0,0.0306803641253657,2017,0
0,0.0306803641253657,2017,0
0,0.0306803641253657,2017,0
0,0.0725807224759673,2017,0
0,0.0518886530494043,2017,0
0,0.0518886530494043,2017,0
0,0.0518886530494043,2017,0
0,0.0518886530494043,2017,0
0,0.117591418087607,2017,0
0,0.0424519797728692,2017,0
0,0.0308097258306069,2017,0
0,0.0308097258306069,2017,0
0,0.105205841262599,2017,0
0,0.0297975307856126,2017,0
0,0.0833874540413785,2017,0
0,0.0309144361906365,2017,0
0,0.0309144361906365,2017,0
0,0.0309144361906365,2017,0
0,0.0309144361906365,2017,0
0,0.0455265543271912,2017,0
0,0.0455265543271912,2017,0
0,0.0455265543271912,2017,0
0,0.0455265543271912,2017,0
0,0.0455265543271912,2017,0
0,0.0455265543271912,2017,0
0,0.0302698908633648,2017,0
0,0.0302698908633648,2017,0
0,0.0302698908633648,2017,0
0,0.0676488481289164,2017,0
0,0.0638898368408696,2017,0
0,0.0460820438211247,2017,0
0,0.0519887490583826,2017,0
0,0.046489711696926,2017,0
0,0.046489711696926,2017,0
0,0.046489711696926,2017,0
0,0.046489711696926,2017,0
0,0.046489711696926,2017,0
0,0.0304156861507098,2017,0
0,0.0304156861507098,2017,0
0,0.0304156861507098,2017,0
0,0.115194462946552,2017,0
0,0.115194462946552,2017,0
0,0.115194462946552,2017,0
0,0.0283538241451703,2017,0
0,0.0283538241451703,2017,0
0,0.0283538241451703,2017,0
0,0.0308442287732156,2017,0
0,0.0724715876149618,2017,0
0,0.0538342031003369,2017,0
0,0.0538342031003369,2017,0
0,0.0538342031003369,2017,0
0,0.0538342031003369,2017,0
0,0.171563993018982,2017,0
0,0.0769537374115677,2017,0
0,0.0338585806405793,2017,0
0,0.0338585806405793,2017,0
0,0.0351904413948654,2017,0
0,0.0853116489911962,2017,0
0,0.0359844930761115,2017,0
0,0.0359844930761115,2017,0
0,0.0608455206010744,2017,0
0,0.057521312536027,2017,0
0,0.057521312536027,2017,0
0,0.057521312536027,2017,0
0,0.057521312536027,2017,0
0,0.057521312536027,2017,0
0,0.0392543046903379,2017,0
0,0.0392543046903379,2017,0
0,0.0392543046903379,2017,0
0,0.114466625294597,2017,0
0,0.130284878887515,2017,0
0,0.145278452914193,2017,0
0,0.0679226879557426,2017,0
0,0.0717692044002095,2017,0
0,0.0739221921800694,2017,0
0,0.0598171658868054,2017,0
0,0.0585594753025198,2017,0
0,0.0600649940387266,2017,0
0,0.0600649940387266,2017,0
0,0.0600649940387266,2017,0
0,0.0600649940387266,2017,0
0,0.0422236896080794,2017,0
0,0.0422236896080794,2017,0
0,0.0422236896080794,2017,0
0,0.0801541345996037,2017,0
0,0.0423353662985682,2017,0
0,0.108015473580867,2017,0
0,0.0993869825759702,2017,0
0,0.0993869825759702,2017,0
0,0.0993869825759702,2017,0
0,0.0993869825759702,2017,0
0,0.0829228694607276,2017,0
0,0.0421486060532328,2017,0
0,0.0589592240265624,2017,0
0,0.0998065546649286,2017,0
0,0.041065885153538,2017,0
0,0.041065885153538,2017,0
0,0.0792914127148911,2017,0
0,0.0634077109401321,2017,0
0,0.0634077109401321,2017,0
0,0.0634077109401321,2017,0
0,0.0634077109401321,2017,0
0,0.0404642852889867,2017,0
0,0.0404642852889867,2017,0
0,0.0404642852889867,2017,0
0,0.0404642852889867,2017,0
0,0.200353809569921,2017,0
0,0.0614624889462876,2017,0
0,0.0668185141210036,2017,0
0,0.0705302016666007,2017,0
0,0.0702166801655193,2017,0
0,0.0551679101782271,2017,0
0,0.0589597622360942,2017,0
0,0.063826054588537,2017,0
0,0.063826054588537,2017,0
0,0.063826054588537,2017,0
0,0.063826054588537,2017,0
0,0.0401431522914946,2017,0
0,0.124062538718896,2017,0
0,0.0707027112495138,2017,0
0,0.0720362164601071,2017,0
0,0.0720362164601071,2017,0
0,0.038280138106697,2017,0
0,0.038280138106697,2017,0
0,0.0796729072578795,2017,0
0,0.0964536956375217,2017,0
0,0.0854792217189135,2017,0
0,0.0854792217189135,2017,0
0,0.0317336818717785,2017,0
0,0.0317336818717785,2017,0
0,0.0448016687120391,2017,0
0,0.0714931635673909,2017,0
0,0.0288248624255709,2017,0
0,0.0359780758570157,2017,0
0,0.0359780758570157,2017,0
0,0.0438984616524603,2017,0
0,0.0479574687583077,2017,0
0,0.0418604569841044,2017,0
0,0.0385766514638714,2017,0
0,0.0325465438602155,2017,0
0,0.0325465438602155,2017,0
0,0.0325465438602155,2017,0
0,0.0325465438602155,2017,0
0,0.0325465438602155,2017,0
0,0.0818536381662169,2017,0
0,0.0818536381662169,2017,0
0,0.063665367361474,2017,0
0,0.0614167067263665,2017,0
0,0.066950129394707,2017,0
0,0.066950129394707,2017,0
0,0.0663800915591655,2017,0
0,0.0440027222426659,2017,0
0,0.0706593081925008,2017,0
0,0.0515076502756411,2017,0
0,0.264513041223513,2017,0
0,0.026424144478041,2017,0
0,0.0798021981295545,2017,0
0,0.0278117938860869,2017,0
0,0.0314618460551969,2017,0
0,0.0314618460551969,2017,0
0,0.0314618460551969,2017,0
0,0.0367719011651979,2017,0
0,0.0367719011651979,2017,0
0,0.0559903312890427,2017,0
0,0.051129441010313,2017,0
0,0.0433396700800112,2017,0
0,0.0360113601100154,2017,0
0,0.0360113601100154,2017,0
0,0.0301467638736581,2017,0
0,0.080607990158281,2017,0
0,0.0838315691694127,2017,0
0,0.0860683037985589,2017,0
0,0.0838315691694127,2017,0
0,0.0860683037985589,2017,0
0,0.0317066156718702,2017,0
0,0.0317066156718702,2017,0
0,0.0317066156718702,2017,0
0,0.06541227716636,2017,0
0,0.06541227716636,2017,0
0,0.0528016856120131,2017,0
0,0.0327192127984628,2017,0
0,0.0327192127984628,2017,0
0,0.0831101268972872,2017,0
0,0.0622427856076804,2017,0
0,0.196826808060323,2017,0
0,0.0382723165330473,2017,0
0,0.0382723165330473,2017,0
0,0.0382723165330473,2017,0
0,0.0508471683210067,2017,0
0,0.0508471683210067,2017,0
0,0.0508471683210067,2017,0
0,0.0368346825752088,2017,0
0,0.0368346825752088,2017,0
0,0.109697879155002,2017,0
0,0.109697879155002,2017,0
0,0.0725367218209772,2017,0
0,0.0710016473620822,2017,0
0,0.0590796000312674,2017,0
0,0.0559445282852743,2017,0
0,0.0961736394563713,2017,0
0,0.0990009942836261,2017,0
0,0.0951188448567186,2017,0
0,0.0990009942836261,2017,0
0,0.0399972683162157,2017,0
0,0.0399972683162157,2017,0
0,0.0777572511803813,2017,0
0,0.0777572511803813,2017,0
0,0.0839822235754173,2017,0
0,0.0413978352352487,2017,0
0,0.0413978352352487,2017,0
0,0.105831738971275,2017,0
0,0.0955846955330544,2017,0
0,0.0705761404946319,2017,0
0,0.0705761404946319,2017,0
0,0.0705761404946319,2017,0
0,0.0653641153919318,2017,0
0,0.0653641153919318,2017,0
0,0.0430966247833484,2017,0
0,0.0430966247833484,2017,0
0,0.0430966247833484,2017,0
0,0.172403737026461,2017,0
0,0.172403737026461,2017,0
0,0.118088776484804,2017,0
0,0.12722207686808,2017,0
0,0.122188254090002,2017,0
0,0.124436702261564,2017,0
0,0.11758567755652,2017,0
0,0.124436702261564,2017,0
0,0.0433870685558738,2017,0
0,0.0934781195124971,2017,0
0,0.046592480918404,2017,0
0,0.046592480918404,2017,0
0,0.046592480918404,2017,0
0,0.13296522549698,2017,0
0,0.142510271609896,2017,0
0,0.0489056145594851,2017,0
0,0.0489056145594851,2017,0
0,0.141134105399852,2017,0
0,0.141134105399852,2017,0
0,0.141134105399852,2017,0
0,0.0824960333698363,2017,0
0,0.0824960333698363,2017,0
0,0.0824960333698363,2017,0
0,0.051798633748721,2017,0
0,0.051798633748721,2017,0
0,0.051798633748721,2017,0
0,0.263831147356634,2017,0
0,0.263831147356634,2017,0
0,0.230828517477647,2017,0
0,0.0608006094585435,2017,0
1,0.0848203777886592,2017,0
1,0.10220715001887,2017,0
1,0.0267921531291279,2017,0
1,0.0653641153919318,2017,0
1,0.0284756949669278,2017,0
1,0.0360113601100154,2017,0
1,0.0285337464508923,2017,0
1,0.0634077109401321,2017,0
1,0.0653655151826201,2017,0
1,0.0281752209213902,2017,0
1,0.0360113601100154,2017,0
1,0.0559445282852743,2017,0
1,0.0260916336110777,2017,0
1,0.130018705646094,2017,0
1,0.0367719011651979,2017,0
1,0.0508976472885816,2017,0
1,0.050590294753406,2017,0
1,0.0511663816960853,2017,0
1,0.0455404195193484,2017,0
1,0.0448094984432443,2017,0
1,0.0839456712634551,2017,0
1,0.0443306510698324,2017,0
1,0.0329332566417637,2017,0
1,0.0327043726984548,2017,0
1,0.0331018793867551,2017,0
1,0.0406494439701042,2017,0
1,0.0524251478285267,2017,0
1,0.0308097258306069,2017,0
1,0.0217862975357443,2017,0
1,0.0406494439701042,2017,0
1,0.038280138106697,2017,0
1,0.0658641039193514,2017,0
1,0.0427323080521795,2017,0
1,0.0317336818717785,2017,0
1,0.0402795492688589,2017,0
1,0.0278117938860869,2017,0
1,0.0615725287046758,2017,0
1,0.023189429978802,2017,0
1,0.0515629798964474,2017,0
1,0.0510367209434021,2017,0
1,0.0650188506068372,2017,0
1,0.0529638976715984,2017,0
1,0.0644782667587515,2017,0
1,0.0550206672701178,2017,0
1,0.0648064213414667,2017,0
1,0.0663330146326254,2017,0
1,0.0674482895808049,2017,0
1,0.0187800332332834,2017,0
1,0.0304807315731624,2017,0
1,0.060522459876132,2017,0
1,0.0297975307856126,2017,0
1,0.0233708288012217,2017,0
1,0.0390093511925396,2017,0
1,0.0282594458127747,2017,0
1,0.0261158401979032,2017,0
1,0.0282594458127747,2017,0
1,0.0373830157481958,2017,0
1,0.170801079898598,2017,0
1,0.0854792217189135,2017,0
1,0.239751475932448,2017,0
1,0.460251005972129,2017,0
1,0.10757894991106,2017,0
1,0.283510117281049,2017,0
1,0.0889703294122714,2017,0
1,0.154697354309753,2017,0
1,0.0244112821250513,2017,0
1,0.0343706132231265,2017,0
1,0.0129263441434175,2017,0
1,0.108533272366988,2017,0
1,0.0643284212750431,2017,0
1,0.0187749221790733,2017,0
1,0.0437216573138481,2017,0
1,0.0804006509843266,2017,0
1,0.10403488400982,2017,0
1,0.15055362209661,2017,0
1,0.0872509651387715,2017,0
1,0.0393020470084591,2017,0
1,0.0380363704113138,2017,0
1,0.0248104291762364,2017,0
1,0.0733438750708321,2017,0
1,0.0599971734476663,2017,0
1,0.0597807319979328,2017,0
1,0.102905745464338,2017,0
1,0.0359844930761115,2017,0
1,0.0308442287732156,2017,0
1,0.0144100987239622,2017,0
1,0.0226199671503188,2017,0
1,0.0217995553560265,2017,0
1,0.038280138106697,2017,0
1,0.1153489679761,2017,0
0,0.238015062232183,2018,0
0,0.156327070446131,2018,0
0,0.156327070446131,2018,0
0,0.144412747906404,2018,0
0,0.144412747906404,2018,0
0,0.125852212857113,2018,0
0,0.0738353430524521,2018,0
0,0.0791645619430767,2018,0
0,0.117802432115128,2018,0
0,0.117802432115128,2018,0
0,0.117802432115128,2018,0
0,0.115014580722467,2018,0
0,0.115014580722467,2018,0
0,0.115014580722467,2018,0
0,0.0823064414295363,2018,0
0,0.0823064414295363,2018,0
0,0.0823064414295363,2018,0
0,0.0823064414295363,2018,0
0,0.0823064414295363,2018,0
0,0.0823064414295363,2018,0
0,0.305388973006448,2018,0
0,0.0860731379164756,2018,0
0,0.0893250508369326,2018,0
0,0.0893250508369326,2018,0
0,0.0893250508369326,2018,0
0,0.251255862601794,2018,0
0,0.176940666207907,2018,0
0,0.162854355151064,2018,0
0,0.162854355151064,2018,0
0,0.176940666207907,2018,0
0,0.0907702331615666,2018,0
0,0.1377171324396,2018,0
0,0.1377171324396,2018,0
0,0.132882960055767,2018,0
0,0.136703984498585,2018,0
0,0.132882960055767,2018,0
0,0.118144141646516,2018,0
0,0.136703984498585,2018,0
0,0.132882960055767,2018,0
0,0.136703984498585,2018,0
0,0.136703984498585,2018,0
0,0.0949060776020989,2018,0
0,0.0981702218431126,2018,0
0,0.0938966788956416,2018,0
0,0.0938966788956416,2018,0
0,0.0938966788956416,2018,0
0,0.12510237702052,2018,0
0,0.12510237702052,2018,0
0,0.0980145810715031,2018,0
0,0.0980145810715031,2018,0
0,0.0980145810715031,2018,0
0,0.0980145810715031,2018,0
0,0.0980145810715031,2018,0
0,0.267654469068904,2018,0
0,0.150745074408692,2018,0
0,0.118578418864195,2018,0
0,0.0937044526432534,2018,0
0,0.0937044526432534,2018,0
0,0.0877541948824092,2018,0
0,0.0877541948824092,2018,0
0,0.0877541948824092,2018,0
0,0.423028078556878,2018,0
0,0.0872366219904869,2018,0
0,0.0872366219904869,2018,0
0,0.131318116332874,2018,0
0,0.132460921764147,2018,0
0,0.132460921764147,2018,0
0,0.132460921764147,2018,0
0,0.128836534121352,2018,0
0,0.128836534121352,2018,0
0,0.132460921764147,2018,0
0,0.114817191155497,2018,0
0,0.128836534121352,2018,0
0,0.0828491788638097,2018,0
0,0.100199210452923,2018,0
0,0.079129876943892,2018,0
0,0.0731677986533685,2018,0
0,0.0731677986533685,2018,0
0,0.097898214413809,2018,0
0,0.0774687408666006,2018,0
0,0.0774687408666006,2018,0
0,0.0774687408666006,2018,0
0,0.0774687408666006,2018,0
0,0.0774687408666006,2018,0
0,0.210056107588819,2018,0
0,0.158198209757607,2018,0
0,0.0794318564888167,2018,0
0,0.0794318564888167,2018,0
0,0.0832480539642306,2018,0
0,0.0832480539642306,2018,0
0,0.0832480539642306,2018,0
0,0.448029649207674,2018,0
0,0.0860252169599683,2018,0
0,0.0860252169599683,2018,0
0,0.131618930328204,2018,0
0,0.460762160456036,2018,0
0,0.155652623528086,2018,0
0,0.155652623528086,2018,0
0,0.150918285148861,2018,0
0,0.155652623528086,2018,0
0,0.150918285148861,2018,0
0,0.150918285148861,2018,0
0,0.133090976448783,2018,0
0,0.155652623528086,2018,0
0,0.150918285148861,2018,0
0,0.0863663753236878,2018,0
0,0.0897424442765629,2018,0
0,0.0850078422618751,2018,0
0,0.0767845281149925,2018,0
0,0.0767845281149925,2018,0
0,0.0832973184161448,2018,0
0,0.0832973184161448,2018,0
0,0.0832973184161448,2018,0
0,0.0832973184161448,2018,0
0,0.0832973184161448,2018,0
0,0.0832973184161448,2018,0
0,0.241311403186084,2018,0
0,0.197432969000295,2018,0
0,0.0843742283085136,2018,0
0,0.0843742283085136,2018,0
0,0.0867022445591958,2018,0
0,0.0867022445591958,2018,0
0,0.0867022445591958,2018,0
0,0.0840455781098667,2018,0
0,0.132547848501495,2018,0
0,0.0680508054459158,2018,0
0,0.1180446916092,2018,0
0,0.50028477697982,2018,1
0,0.163105823294573,2018,0
0,0.168478597989374,2018,0
0,0.168478597989374,2018,0
0,0.168478597989374,2018,0
0,0.168478597989374,2018,0
0,0.163105823294573,2018,0
0,0.163105823294573,2018,0
0,0.2129159357726,2018,0
0,0.143094271818997,2018,0
0,0.150320979494848,2018,0
0,0.0791896772399379,2018,0
0,0.0811787206668333,2018,0
0,0.0803008480654213,2018,0
0,0.0818129008248,2018,0
0,0.0818129008248,2018,0
0,0.0818129008248,2018,0
0,0.199983002691294,2018,0
0,0.0823006661429612,2018,0
0,0.0823006661429612,2018,0
0,0.0812821243238827,2018,0
0,0.0812821243238827,2018,0
0,0.0812821243238827,2018,0
0,0.12069654299692,2018,0
0,0.0805579786595907,2018,0
0,0.129162168844933,2018,0
0,0.0727968763123352,2018,0
0,0.470410857888481,2018,0
0,0.186273367520798,2018,0
0,0.143669588729833,2018,0
0,0.143669588729833,2018,0
0,0.122620934517372,2018,0
0,0.149534865947257,2018,0
0,0.139346223320896,2018,0
0,0.143669588729833,2018,0
0,0.139346223320896,2018,0
0,0.117516065462698,2018,0
0,0.0798600884125762,2018,0
0,0.10244960759281,2018,0
0,0.0775120683763575,2018,0
0,0.0779078076311724,2018,0
0,0.0779078076311724,2018,0
0,0.0779078076311724,2018,0
0,0.172641610061318,2018,0
0,0.0778844991106174,2018,0
0,0.0778844991106174,2018,0
0,0.0752441925174272,2018,0
0,0.0752441925174272,2018,0
0,0.0752441925174272,2018,0
0,0.159958708863627,2018,0
0,0.159958708863627,2018,0
0,0.0725083167742335,2018,0
0,0.120665425533281,2018,0
0,0.0646853725148687,2018,0
0,0.106065575049974,2018,0
0,0.0918045417377254,2018,0
0,0.103333821532158,2018,0
0,0.106065575049974,2018,0
0,0.106065575049974,2018,0
0,0.142603684627772,2018,0
0,0.103333821532158,2018,0
0,0.0663340479188632,2018,0
0,0.082815327441805,2018,0
0,0.102110747799873,2018,0
0,0.0526944602910539,2018,0
0,0.0598823914740629,2018,0
0,0.0598823914740629,2018,0
0,0.0598823914740629,2018,0
0,0.116152357630456,2018,0
0,0.0555370254411092,2018,0
0,0.0528108986195799,2018,0
0,0.0528108986195799,2018,0
0,0.0528108986195799,2018,0
0,0.112750056018576,2018,0
0,0.120215272761088,2018,0
0,0.0494991737305751,2018,0
0,0.0969811371891788,2018,0
0,0.0994403023243099,2018,0
0,0.134473934240378,2018,0
0,0.0994403023243099,2018,0
0,0.0863669505594774,2018,0
0,0.0446614754301104,2018,0
0,0.0608585976331797,2018,0
0,0.101389284223744,2018,0
0,0.0379020013230613,2018,0
0,0.0379020013230613,2018,0
0,0.0451524731880497,2018,0
0,0.0451524731880497,2018,0
0,0.116403389680328,2018,0
0,0.0453944165007509,2018,0
0,0.0469261125324995,2018,0
0,0.0469261125324995,2018,0
0,0.0469261125324995,2018,0
0,0.152246112889461,2018,0
0,0.152246112889461,2018,0
0,0.164910017341561,2018,0
0,0.0474628094185437,2018,0
0,0.107010461806145,2018,0
0,0.125631795017214,2018,0
0,0.167277852473741,2018,0
0,0.144505585370244,2018,0
0,0.121952241840142,2018,0
0,0.125631795017214,2018,0
0,0.132395403402901,2018,0
0,0.137132729633904,2018,0
0,0.0489507848569879,2018,0
0,0.0739944514334585,2018,0
0,0.11287934885471,2018,0
0,0.0420180022820845,2018,0
0,0.0420180022820845,2018,0
0,0.046881275248935,2018,0
0,0.135119385477878,2018,0
0,0.12962225261973,2018,0
0,0.045809133111393,2018,0
0,0.045809133111393,2018,0
0,0.045809133111393,2018,0
0,0.0446198215631288,2018,0
0,0.145918656876575,2018,0
0,0.145918656876575,2018,0
0,0.157666238758137,2018,0
0,0.157666238758137,2018,0
0,0.157666238758137,2018,0
0,0.0436259469513046,2018,0
0,0.0762683049134414,2018,0
0,0.101118574833832,2018,0
0,0.103884175262972,2018,0
0,0.101118574833832,2018,0
0,0.0892309870277522,2018,0
0,0.103884175262972,2018,0
0,0.101118574833832,2018,0
0,0.122420130532376,2018,0
0,0.142229818119854,2018,0
0,0.0426549174494259,2018,0
0,0.0569580765559256,2018,0
0,0.0412962755456235,2018,0
0,0.126380930384149,2018,0
0,0.107576415739871,2018,0
0,0.0388051534363264,2018,0
0,0.0388051534363264,2018,0
0,0.0388051534363264,2018,0
0,0.0998502818111972,2018,0
0,0.0364985614611874,2018,0
0,0.0748452013148604,2018,0
0,0.0778078601940972,2018,0
0,0.0748452013148604,2018,0
0,0.0316217482983856,2018,0
0,0.0566317097754536,2018,0
0,0.0586498058822471,2018,0
0,0.057771581839383,2018,0
0,0.0832173613810555,2018,0
0,0.0586498058822471,2018,0
0,0.057771581839383,2018,0
0,0.0528548799830097,2018,0
0,0.0724731911615105,2018,0
0,0.0722780462934976,2018,0
0,0.0722780462934976,2018,0
0,0.0306623072137155,2018,0
0,0.0306623072137155,2018,0
0,0.0403694077502485,2018,0
0,0.0403694077502485,2018,0
0,0.0403694077502485,2018,0
0,0.0287017473966387,2018,0
0,0.0558662510097006,2018,0
0,0.0281178789757573,2018,0
0,0.0281178789757573,2018,0
0,0.0698722604310297,2018,0
0,0.0374788490613724,2018,0
0,0.0270152707766995,2018,0
0,0.0270152707766995,2018,0
0,0.0270152707766995,2018,0
0,0.0653479723683774,2018,0
0,0.0259311531096863,2018,0
0,0.046664933479265,2018,0
0,0.0462176864253056,2018,0
0,0.0253296924993202,2018,0
0,0.042277741121355,2018,0
0,0.0605490475892119,2018,0
0,0.0532876753392746,2018,0
0,0.042277741121355,2018,0
0,0.03918727662669,2018,0
0,0.041942175790447,2018,0
0,0.041942175790447,2018,0
0,0.0555743447774688,2018,0
0,0.0244716012311074,2018,0
0,0.0244716012311074,2018,0
0,0.0376308339196051,2018,0
0,0.0376308339196051,2018,0
0,0.0376308339196051,2018,0
0,0.0194868764930592,2018,0
0,0.0415648258806315,2018,0
0,0.0233122105504194,2018,0
0,0.0233122105504194,2018,0
0,0.0449425509140616,2018,0
0,0.0229709524391354,2018,0
0,0.0229709524391354,2018,0
0,0.0229709524391354,2018,0
0,0.0527719543296109,2018,0
0,0.0217447966974414,2018,0
0,0.0203516156248449,2018,0
0,0.0398857647595981,2018,0
0,0.0370277287681968,2018,0
0,0.0512548336176795,2018,0
0,0.058687172196531,2018,0
0,0.0398857647595981,2018,0
0,0.0398857647595981,2018,0
0,0.0402232985974371,2018,0
0,0.0198101086405533,2018,0
0,0.0467145302696675,2018,0
0,0.0194015658256639,2018,0
0,0.0194015658256639,2018,0
0,0.0330494533112001,2018,0
0,0.0330494533112001,2018,0
0,0.0330494533112001,2018,0
0,0.0140276043585209,2018,0
0,0.0192365988218599,2018,0
0,0.0192365988218599,2018,0
0,0.0192365988218599,2018,0
0,0.0376348022743747,2018,0
0,0.0194717748112212,2018,0
0,0.0194717748112212,2018,0
0,0.0194717748112212,2018,0
0,0.0433443473365462,2018,0
0,0.0201846920173672,2018,0
0,0.0201846920173672,2018,0
0,0.0205211135217211,2018,0
0,0.0340882964072841,2018,0
0,0.0514359809202407,2018,0
0,0.0342884499130046,2018,0
0,0.0340882964072841,2018,0
0,0.0340882964072841,2018,0
0,0.0318138865361634,2018,0
0,0.0447641767585928,2018,0
0,0.0198830973587903,2018,0
0,0.0433167797158666,2018,0
0,0.0433167797158666,2018,0
0,0.0433167797158666,2018,0
0,0.0326049360494962,2018,0
0,0.0199975902510027,2018,0
0,0.0199975902510027,2018,0
0,0.0191110986454052,2018,0
0,0.0310940939349345,2018,0
0,0.0191110986454052,2018,0
0,0.0191110986454052,2018,0
0,0.0310940939349345,2018,0
0,0.0191110986454052,2018,0
0,0.0310940939349345,2018,0
0,0.0136588605108276,2018,0
0,0.0208993349198799,2018,0
0,0.0208993349198799,2018,0
0,0.0208993349198799,2018,0
0,0.0354737161366001,2018,0
0,0.0359001032303097,2018,0
0,0.0197434930443958,2018,0
0,0.0212411244102723,2018,0
0,0.0212411244102723,2018,0
0,0.0212411244102723,2018,0
0,0.0473821401702836,2018,0
0,0.0225012006084687,2018,0
0,0.0225012006084687,2018,0
0,0.0231945497688028,2018,0
0,0.0381168727318459,2018,0
0,0.0554989154132998,2018,0
0,0.0488185905494641,2018,0
0,0.0383621998671165,2018,0
0,0.0357113041737359,2018,0
0,0.0381168727318459,2018,0
0,0.0226170400902763,2018,0
0,0.0476669061185711,2018,0
0,0.0476669061185711,2018,0
0,0.0476669061185711,2018,0
0,0.0476669061185711,2018,0
0,0.0373233696692351,2018,0
0,0.0217725321579274,2018,0
0,0.0217725321579274,2018,0
0,0.031896654391428,2018,0
0,0.0203723126591324,2018,0
0,0.031896654391428,2018,0
0,0.0203723126591324,2018,0
0,0.0203723126591324,2018,0
0,0.0203723126591324,2018,0
0,0.031896654391428,2018,0
0,0.016358036321747,2018,0
0,0.0201573840183912,2018,0
0,0.0201573840183912,2018,0
0,0.0201573840183912,2018,0
0,0.0201573840183912,2018,0
0,0.0303412536162235,2018,0
0,0.031432231947664,2018,0
0,0.0216024651324734,2018,0
0,0.0198773435344671,2018,0
0,0.0198773435344671,2018,0
0,0.0198773435344671,2018,0
0,0.0422224577142215,2018,0
0,0.136916597898558,2018,0
0,0.0191111775487346,2018,0
0,0.0191111775487346,2018,0
0,0.0191111775487346,2018,0
0,0.0180764380087496,2018,0
0,0.0619717769073666,2018,0
0,0.0318729037616747,2018,0
0,0.0318408673291221,2018,0
0,0.030422516172526,2018,0
0,0.0451503813719127,2018,0
0,0.0318408673291221,2018,0
0,0.0318408673291221,2018,0
0,0.0403984418452232,2018,0
0,0.0174545281885179,2018,0
0,0.0174545281885179,2018,0
0,0.0367168143621089,2018,0
0,0.0367168143621089,2018,0
0,0.0367168143621089,2018,0
0,0.0367168143621089,2018,0
0,0.0300924247351624,2018,0
0,0.0170641782097899,2018,0
0,0.0170641782097899,2018,0
0,0.0177643598599513,2018,0
0,0.0271424237284964,2018,0
0,0.0271424237284964,2018,0
0,0.0177643598599513,2018,0
0,0.0177643598599513,2018,0
0,0.0177643598599513,2018,0
0,0.0271424237284964,2018,0
0,0.0144694422366413,2018,0
0,0.0144694422366413,2018,0
0,0.0160635634965082,2018,0
0,0.0150606527983421,2018,0
0,0.0150606527983421,2018,0
0,0.0150606527983421,2018,0
0,0.0150606527983421,2018,0
0,0.026036288480338,2018,0
0,0.0253732963780537,2018,0
0,0.0205311084470632,2018,0
0,0.0139288140409193,2018,0
0,0.0139288140409193,2018,0
0,0.0139288140409193,2018,0
0,0.0295530383179333,2018,0
0,0.117676875883767,2018,0
0,0.0131444272711495,2018,0
0,0.0131444272711495,2018,0
0,0.0131444272711495,2018,0
0,0.0124234965360994,2018,0
0,0.0423486604111477,2018,0
0,0.0316182683401739,2018,0
0,0.0213817204981711,2018,0
0,0.020863367131349,2018,0
0,0.0215092011863112,2018,0
0,0.0282775892532045,2018,0
0,0.0215092011863112,2018,0
0,0.0213817204981711,2018,0
0,0.0215092011863112,2018,0
0,0.0120583857691105,2018,0
0,0.0120583857691105,2018,0
0,0.0120583857691105,2018,0
0,0.0271166657798211,2018,0
0,0.0271166657798211,2018,0
0,0.0271166657798211,2018,0
0,0.0271166657798211,2018,0
0,0.0115227795839179,2018,0
0,0.0115227795839179,2018,0
0,0.0140439912671318,2018,0
0,0.0222355597704173,2018,0
0,0.0140439912671318,2018,0
0,0.0140439912671318,2018,0
0,0.0140439912671318,2018,0
0,0.0222355597704173,2018,0
0,0.0222355597704173,2018,0
0,0.0114898992004399,2018,0
0,0.0114898992004399,2018,0
0,0.0117757586910969,2018,0
0,0.0117757586910969,2018,0
0,0.0117757586910969,2018,0
0,0.0117757586910969,2018,0
0,0.0117757586910969,2018,0
0,0.0186735998309076,2018,0
0,0.0196237715273891,2018,0
0,0.0172874985991168,2018,0
0,0.011910391169417,2018,0
0,0.011910391169417,2018,0
0,0.011910391169417,2018,0
0,0.026873167604947,2018,0
0,0.012050018921191,2018,0
0,0.012050018921191,2018,0
0,0.012050018921191,2018,0
0,0.012050018921191,2018,0
0,0.0125593393189395,2018,0
0,0.0369376678924569,2018,0
0,0.0489113188841502,2018,0
0,0.0380925317959882,2018,0
0,0.0218847596946605,2018,0
0,0.0219983331728846,2018,0
0,0.0219983331728846,2018,0
0,0.0212805756392228,2018,0
0,0.0218847596946605,2018,0
0,0.0219983331728846,2018,0
0,0.0326590038250853,2018,0
0,0.0219983331728846,2018,0
0,0.0290899804696726,2018,0
0,0.0126707729591377,2018,0
0,0.0126707729591377,2018,0
0,0.0126707729591377,2018,0
0,0.028166397308646,2018,0
0,0.028166397308646,2018,0
0,0.028166397308646,2018,0
0,0.028166397308646,2018,0
0,0.0127694464256967,2018,0
0,0.0127694464256967,2018,0
0,0.0284056806473227,2018,0
0,0.0154841237013436,2018,0
0,0.0154841237013436,2018,0
0,0.0235881932862103,2018,0
0,0.0235881932862103,2018,0
0,0.0235881932862103,2018,0
0,0.0154841237013436,2018,0
0,0.0154841237013436,2018,0
0,0.0108050175527993,2018,0
0,0.0108050175527993,2018,0
0,0.0134748620436916,2018,0
0,0.0134748620436916,2018,0
0,0.0134748620436916,2018,0
0,0.0134748620436916,2018,0
0,0.0134748620436916,2018,0
0,0.0185003078080556,2018,0
0,0.019536367105161,2018,0
0,0.0185213798428715,2018,0
0,0.0139517492639899,2018,0
0,0.0139517492639899,2018,0
0,0.0139517492639899,2018,0
0,0.0296237429621397,2018,0
0,0.0141510501761497,2018,0
0,0.0141510501761497,2018,0
0,0.0141510501761497,2018,0
0,0.0141510501761497,2018,0
0,0.0141510501761497,2018,0
0,0.0141510501761497,2018,0
0,0.0145046074662096,2018,0
0,0.0519460152849665,2018,0
0,0.0524515388421666,2018,0
0,0.0443544984625909,2018,0
0,0.0424605671372139,2018,0
0,0.0533551201560129,2018,0
0,0.0533551201560129,2018,0
0,0.0283697356184395,2018,0
0,0.0283697356184395,2018,0
0,0.0283697356184395,2018,0
0,0.0283697356184395,2018,0
0,0.0283066127529523,2018,0
0,0.0283066127529523,2018,0
0,0.0401557502246413,2018,0
0,0.0361643166873733,2018,0
0,0.0283697356184395,2018,0
0,0.0148421146838482,2018,0
0,0.0148421146838482,2018,0
0,0.0148421146838482,2018,0
0,0.0300143334653725,2018,0
0,0.0300143334653725,2018,0
0,0.0300143334653725,2018,0
0,0.0300143334653725,2018,0
0,0.0156502862670277,2018,0
0,0.0156502862670277,2018,0
0,0.0311667637328386,2018,0
0,0.0248949583170174,2018,0
0,0.0248949583170174,2018,0
0,0.0248949583170174,2018,0
0,0.0176373752918051,2018,0
0,0.0176373752918051,2018,0
0,0.0176373752918051,2018,0
0,0.0176373752918051,2018,0
0,0.011629807783032,2018,0
0,0.011629807783032,2018,0
0,0.0158898840468068,2018,0
0,0.0158898840468068,2018,0
0,0.0158898840468068,2018,0
0,0.0158898840468068,2018,0
0,0.0158898840468068,2018,0
0,0.0158898840468068,2018,0
0,0.0158898840468068,2018,0
0,0.0158898840468068,2018,0
0,0.0229294056136983,2018,0
0,0.0222292893830356,2018,0
0,0.0212259157148959,2018,0
0,0.0157962424869702,2018,0
0,0.0157962424869702,2018,0
0,0.0157962424869702,2018,0
0,0.031299130847687,2018,0
0,0.103649530089444,2018,0
0,0.103649530089444,2018,0
0,0.0157040084845969,2018,0
0,0.0157040084845969,2018,0
0,0.0157040084845969,2018,0
0,0.0157040084845969,2018,0
0,0.0157040084845969,2018,0
0,0.0157040084845969,2018,0
0,0.0155859726951763,2018,0
0,0.0155859726951763,2018,0
0,0.0516838884580932,2018,0
0,0.0585682864062551,2018,0
0,0.0501134309215846,2018,0
0,0.0597673706691245,2018,0
0,0.0597673706691245,2018,0
0,0.0589772341416153,2018,0
0,0.0323230714806599,2018,0
0,0.032261483529701,2018,0
0,0.0323230714806599,2018,0
0,0.039836611113451,2018,0
0,0.032261483529701,2018,0
0,0.0435596630604792,2018,0
0,0.0323230714806599,2018,0
0,0.0323230714806599,2018,0
0,0.0323230714806599,2018,0
0,0.032261483529701,2018,0
0,0.032261483529701,2018,0
0,0.0156172470837897,2018,0
0,0.0156172470837897,2018,0
0,0.0156172470837897,2018,0
0,0.0312286271932375,2018,0
0,0.0312286271932375,2018,0
0,0.0312286271932375,2018,0
0,0.0312286271932375,2018,0
0,0.0154241965519391,2018,0
0,0.0154241965519391,2018,0
0,0.0305131755610314,2018,0
0,0.0219400269813937,2018,0
0,0.0219400269813937,2018,0
0,0.0159214529929074,2018,0
0,0.0219400269813937,2018,0
0,0.0159214529929074,2018,0
0,0.0159214529929074,2018,0
0,0.0159214529929074,2018,0
0,0.0121385677885117,2018,0
0,0.0153729305520441,2018,0
0,0.0153729305520441,2018,0
0,0.0154282526856996,2018,0
0,0.0154282526856996,2018,0
0,0.0154282526856996,2018,0
0,0.0154282526856996,2018,0
0,0.0154282526856996,2018,0
0,0.0154282526856996,2018,0
0,0.0154282526856996,2018,0
0,0.0154282526856996,2018,0
0,0.0154282526856996,2018,0
0,0.0229215652786104,2018,0
0,0.0226940320953228,2018,0
0,0.0195760358104013,2018,0
0,0.0156674722755881,2018,0
0,0.0156674722755881,2018,0
0,0.0156674722755881,2018,0
0,0.0302098104496481,2018,0
0,0.0991231976251229,2018,0
0,0.0991231976251229,2018,0
0,0.0157236715614567,2018,0
0,0.0157236715614567,2018,0
0,0.0157236715614567,2018,0
0,0.0157236715614567,2018,0
0,0.0157236715614567,2018,0
0,0.0156972343300621,2018,0
0,0.0156972343300621,2018,0
0,0.0499287175940024,2018,0
0,0.0538014606834503,2018,0
0,0.046950823279046,2018,0
0,0.054725921804113,2018,0
0,0.054725921804113,2018,0
0,0.0540652678325417,2018,0
0,0.0481883366816122,2018,0
0,0.0279345370712554,2018,0
0,0.0277717246794885,2018,0
0,0.0277717246794885,2018,0
0,0.0344219230106114,2018,0
0,0.0275500507145916,2018,0
0,0.0277717246794885,2018,0
0,0.0372746290556202,2018,0
0,0.0279345370712554,2018,0
0,0.0277717246794885,2018,0
0,0.0279345370712554,2018,0
0,0.0279345370712554,2018,0
0,0.0279345370712554,2018,0
0,0.0156182172759418,2018,0
0,0.0156182172759418,2018,0
0,0.0156182172759418,2018,0
0,0.0305404201239487,2018,0
0,0.0305404201239487,2018,0
0,0.0305404201239487,2018,0
0,0.0305404201239487,2018,0
0,0.0305404201239487,2018,0
0,0.0152213009253265,2018,0
0,0.0152213009253265,2018,0
0,0.019164948936614,2018,0
0,0.0152585146431859,2018,0
0,0.019164948936614,2018,0
0,0.0152585146431859,2018,0
0,0.0152585146431859,2018,0
0,0.019164948936614,2018,0
0,0.0152585146431859,2018,0
0,0.0108910926485875,2018,0
0,0.0148700896528617,2018,0
0,0.0148700896528617,2018,0
0,0.0148700896528617,2018,0
0,0.014526733682801,2018,0
0,0.014526733682801,2018,0
0,0.014526733682801,2018,0
0,0.014526733682801,2018,0
0,0.014526733682801,2018,0
0,0.014526733682801,2018,0
0,0.014526733682801,2018,0
0,0.014526733682801,2018,0
0,0.014526733682801,2018,0
0,0.0237369753071181,2018,0
0,0.0231607787553963,2018,0
0,0.0185103929076435,2018,0
0,0.0139994144090973,2018,0
0,0.0139994144090973,2018,0
0,0.0294019264939924,2018,0
0,0.0883400568892414,2018,0
0,0.0137044138250462,2018,0
0,0.0137044138250462,2018,0
0,0.0137044138250462,2018,0
0,0.0137044138250462,2018,0
0,0.0137044138250462,2018,0
0,0.0134816983050735,2018,0
0,0.0134816983050735,2018,0
0,0.0426671409688992,2018,0
0,0.0410450760313604,2018,0
0,0.0483034932926624,2018,0
0,0.0431073260391315,2018,0
0,0.0477036116803512,2018,0
0,0.0483034932926624,2018,0
0,0.0418614085057976,2018,0
0,0.0275339499778426,2018,0
0,0.022140475448732,2018,0
0,0.0219038531313105,2018,0
0,0.022140475448732,2018,0
0,0.022140475448732,2018,0
0,0.0219038531313105,2018,0
0,0.022140475448732,2018,0
0,0.0219038531313105,2018,0
0,0.0296111213836999,2018,0
0,0.0221245189207618,2018,0
0,0.022140475448732,2018,0
0,0.0219038531313105,2018,0
0,0.0134759288449957,2018,0
0,0.0134759288449957,2018,0
0,0.0134759288449957,2018,0
0,0.0275175515614296,2018,0
0,0.0275175515614296,2018,0
0,0.0275175515614296,2018,0
0,0.0275175515614296,2018,0
0,0.0275175515614296,2018,0
0,0.0133750919166669,2018,0
0,0.0133750919166669,2018,0
0,0.0173138091235362,2018,0
0,0.0173138091235362,2018,0
0,0.0142389036870357,2018,0
0,0.0142389036870357,2018,0
0,0.0142389036870357,2018,0
0,0.0173138091235362,2018,0
0,0.0142389036870357,2018,0
0,0.00982760328149098,2018,0
0,0.0132046204274564,2018,0
0,0.0132046204274564,2018,0
0,0.0132046204274564,2018,0
0,0.0166734280860834,2018,0
0,0.0166734280860834,2018,0
0,0.0166734280860834,2018,0
0,0.0166734280860834,2018,0
0,0.0166734280860834,2018,0
0,0.0166734280860834,2018,0
0,0.0166734280860834,2018,0
0,0.0129745720164417,2018,0
0,0.0129745720164417,2018,0
0,0.0129745720164417,2018,0
0,0.0129745720164417,2018,0
0,0.0129745720164417,2018,0
0,0.0129745720164417,2018,0
0,0.0129745720164417,2018,0
0,0.0129745720164417,2018,0
0,0.0129745720164417,2018,0
0,0.0224381004431427,2018,0
0,0.0253635639949574,2018,0
0,0.0248055719436828,2018,0
0,0.0194239278644275,2018,0
0,0.0164202825996767,2018,0
0,0.0164202825996767,2018,0
0,0.0164202825996767,2018,0
0,0.0164202825996767,2018,0
0,0.0164202825996767,2018,0
0,0.0164202825996767,2018,0
0,0.0164202825996767,2018,0
0,0.0126260278592974,2018,0
0,0.0126260278592974,2018,0
0,0.0273542914779363,2018,0
0,0.0859559235956883,2018,0
0,0.0265711823625358,2018,0
0,0.0265711823625358,2018,0
0,0.0265711823625358,2018,0
0,0.0124453623189336,2018,0
0,0.0124453623189336,2018,0
0,0.0124453623189336,2018,0
0,0.0124453623189336,2018,0
0,0.0124453623189336,2018,0
0,0.0124453623189336,2018,0
0,0.0124453623189336,2018,0
0,0.0124259438600927,2018,0
0,0.0124259438600927,2018,0
0,0.0390613089377605,2018,0
0,0.025998737208033,2018,0
0,0.025998737208033,2018,0
0,0.025998737208033,2018,0
0,0.0471530043846579,2018,0
0,0.0477488420990001,2018,0
0,0.0402256387730221,2018,0
0,0.0477488420990001,2018,0
0,0.0421998133344097,2018,0
0,0.0413017691911696,2018,0
0,0.0216494097785712,2018,0
0,0.0216494097785712,2018,0
0,0.0216494097785712,2018,0
0,0.0286843604956652,2018,0
0,0.0214030775006798,2018,0
0,0.0214030775006798,2018,0
0,0.0216494097785712,2018,0
0,0.0214030775006798,2018,0
0,0.0214030775006798,2018,0
0,0.0216824886095264,2018,0
0,0.026772181844791,2018,0
0,0.0214030775006798,2018,0
0,0.0125737855578943,2018,0
0,0.0125737855578943,2018,0
0,0.0125737855578943,2018,0
0,0.0267933550831914,2018,0
0,0.0267933550831914,2018,0
0,0.0267933550831914,2018,0
0,0.0267933550831914,2018,0
0,0.0127595548725017,2018,0
0,0.0127595548725017,2018,0
0,0.0140081912900707,2018,0
0,0.0140081912900707,2018,0
0,0.0178950333738571,2018,0
0,0.0140081912900707,2018,0
0,0.0178950333738571,2018,0
0,0.0178950333738571,2018,0
0,0.0140081912900707,2018,0
0,0.0102037178182615,2018,0
0,0.0102037178182615,2018,0
0,0.0130324968923309,2018,0
0,0.0130324968923309,2018,0
0,0.0130324968923309,2018,0
0,0.0168488976567762,2018,0
0,0.0168488976567762,2018,0
0,0.0168488976567762,2018,0
0,0.0168488976567762,2018,0
0,0.0168488976567762,2018,0
0,0.0168488976567762,2018,0
0,0.0168488976567762,2018,0
0,0.0168488976567762,2018,0
0,0.0133043733104426,2018,0
0,0.0133043733104426,2018,0
0,0.0133043733104426,2018,0
0,0.0133043733104426,2018,0
0,0.0133043733104426,2018,0
0,0.0133043733104426,2018,0
0,0.0133043733104426,2018,0
0,0.0133043733104426,2018,0
0,0.0273686675788899,2018,0
0,0.0276088490804935,2018,0
0,0.0211292122911584,2018,0
0,0.0174175924472986,2018,0
0,0.0174175924472986,2018,0
0,0.0174175924472986,2018,0
0,0.0174175924472986,2018,0
0,0.0174175924472986,2018,0
0,0.0174175924472986,2018,0
0,0.0174175924472986,2018,0
0,0.0138216229070605,2018,0
0,0.0138216229070605,2018,0
0,0.0270321729722847,2018,0
0,0.0924113466473355,2018,0
0,0.0924113466473355,2018,0
0,0.0311450357393814,2018,0
0,0.0311450357393814,2018,0
0,0.0311450357393814,2018,0
0,0.0140836592310376,2018,0
0,0.0140836592310376,2018,0
0,0.0140836592310376,2018,0
0,0.0140836592310376,2018,0
0,0.0140836592310376,2018,0
0,0.0140836592310376,2018,0
0,0.0140836592310376,2018,0
0,0.0140836592310376,2018,0
0,0.0255712616094561,2018,0
0,0.0142557424735969,2018,0
0,0.0142557424735969,2018,0
0,0.0415954638191369,2018,0
0,0.0280166298561309,2018,0
0,0.0280166298561309,2018,0
0,0.0280166298561309,2018,0
0,0.0280166298561309,2018,0
0,0.0450194417449518,2018,0
0,0.0502943550874734,2018,0
0,0.0495102397771191,2018,0
0,0.0429905045014079,2018,0
0,0.0502943550874734,2018,0
0,0.0443939181304442,2018,0
0,0.0246527357474898,2018,0
0,0.0246527357474898,2018,0
0,0.0246527357474898,2018,0
0,0.0246527357474898,2018,0
0,0.0246527357474898,2018,0
0,0.0248768887462982,2018,0
0,0.0248768887462982,2018,0
0,0.0325214350092903,2018,0
0,0.0248768887462982,2018,0
0,0.0248768887462982,2018,0
0,0.0248768887462982,2018,0
0,0.0247932156119369,2018,0
0,0.0303685267659945,2018,0
0,0.0146924899751044,2018,0
0,0.0146924899751044,2018,0
0,0.0146924899751044,2018,0
0,0.0287685903193913,2018,0
0,0.0287685903193913,2018,0
0,0.0287685903193913,2018,0
0,0.0287685903193913,2018,0
0,0.0150611073753685,2018,0
0,0.0150611073753685,2018,0
0,0.0167223450556722,2018,0
0,0.0204643867539487,2018,0
0,0.0167223450556722,2018,0
0,0.0204643867539487,2018,0
0,0.0167223450556722,2018,0
0,0.0204643867539487,2018,0
0,0.0118875676460485,2018,0
0,0.0153597162167858,2018,0
0,0.0153597162167858,2018,0
0,0.0153597162167858,2018,0
0,0.0200924925580504,2018,0
0,0.0200924925580504,2018,0
0,0.0200924925580504,2018,0
0,0.0200924925580504,2018,0
0,0.0200924925580504,2018,0
0,0.0200924925580504,2018,0
0,0.0200924925580504,2018,0
0,0.0157426613616057,2018,0
0,0.0157426613616057,2018,0
0,0.0157426613616057,2018,0
0,0.0157426613616057,2018,0
0,0.0157426613616057,2018,0
0,0.0157426613616057,2018,0
0,0.0157426613616057,2018,0
0,0.0157426613616057,2018,0
0,0.0324880016972028,2018,0
0,0.0335151866171618,2018,0
0,0.0255338343691851,2018,0
0,0.0208192567946998,2018,0
0,0.0208192567946998,2018,0
0,0.0208192567946998,2018,0
0,0.0208192567946998,2018,0
0,0.0208192567946998,2018,0
0,0.0208192567946998,2018,0
0,0.0163997544676891,2018,0
0,0.0163997544676891,2018,0
0,0.0318314934755392,2018,0
0,0.110794078923728,2018,0
0,0.110794078923728,2018,0
0,0.0264282050224909,2018,0
0,0.0363849009097022,2018,0
0,0.0363849009097022,2018,0
0,0.0363849009097022,2018,0
0,0.0169722160230616,2018,0
0,0.0169722160230616,2018,0
0,0.0169722160230616,2018,0
0,0.0169722160230616,2018,0
0,0.0169722160230616,2018,0
0,0.0169722160230616,2018,0
0,0.0169722160230616,2018,0
0,0.0169722160230616,2018,0
0,0.0297569698708646,2018,0
0,0.0173830907978757,2018,0
0,0.0173830907978757,2018,0
0,0.0485444888280848,2018,0
0,0.0346421797194972,2018,0
0,0.0346421797194972,2018,0
0,0.0346421797194972,2018,0
0,0.0346421797194972,2018,0
0,0.0588221229182486,2018,0
0,0.057891357088182,2018,0
0,0.050330570976759,2018,0
0,0.0588221229182486,2018,0
0,0.0521843261427817,2018,0
0,0.0520085693699572,2018,0
0,0.0293449159964971,2018,0
0,0.0291981785317353,2018,0
0,0.0291981785317353,2018,0
0,0.0291981785317353,2018,0
0,0.0291981785317353,2018,0
0,0.035531708601422,2018,0
0,0.0293449159964971,2018,0
0,0.0383025084046359,2018,0
0,0.0293449159964971,2018,0
0,0.0291981785317353,2018,0
0,0.0288645176022446,2018,0
0,0.0293449159964971,2018,0
0,0.0177533886363906,2018,0
0,0.0177533886363906,2018,0
0,0.0177533886363906,2018,0
0,0.034944933921326,2018,0
0,0.034944933921326,2018,0
0,0.034944933921326,2018,0
0,0.034944933921326,2018,0
0,0.0182492227444214,2018,0
0,0.0205842030518893,2018,0
0,0.0205842030518893,2018,0
0,0.0205842030518893,2018,0
0,0.0152423677154081,2018,0
0,0.0152423677154081,2018,0
0,0.0152423677154081,2018,0
0,0.0190488696901041,2018,0
0,0.0190488696901041,2018,0
0,0.0190488696901041,2018,0
0,0.0254000941723496,2018,0
0,0.0254000941723496,2018,0
0,0.0254000941723496,2018,0
0,0.0254000941723496,2018,0
0,0.0254000941723496,2018,0
0,0.0200697551446862,2018,0
0,0.0200697551446862,2018,0
0,0.0200697551446862,2018,0
0,0.0200697551446862,2018,0
0,0.0200697551446862,2018,0
0,0.0200697551446862,2018,0
0,0.0200697551446862,2018,0
0,0.0418948008990407,2018,0
0,0.0426274342209259,2018,0
0,0.0334208163523387,2018,0
0,0.0258445565522676,2018,0
0,0.0258445565522676,2018,0
0,0.0258445565522676,2018,0
0,0.0258445565522676,2018,0
0,0.0258445565522676,2018,0
0,0.0205389434206116,2018,0
0,0.0205389434206116,2018,0
0,0.040381933055313,2018,0
0,0.132587639496984,2018,0
0,0.132587639496984,2018,0
0,0.0345333171258491,2018,0
0,0.0450815524688877,2018,0
0,0.0450815524688877,2018,0
0,0.0450815524688877,2018,0
0,0.0212443955271677,2018,0
0,0.0212443955271677,2018,0
0,0.0212443955271677,2018,0
0,0.0212443955271677,2018,0
0,0.0212443955271677,2018,0
0,0.0212443955271677,2018,0
0,0.0212443955271677,2018,0
0,0.0212443955271677,2018,0
0,0.0212443955271677,2018,0
0,0.0447402900220151,2018,0
0,0.0368374642009286,2018,0
0,0.0217968706137385,2018,0
0,0.0608400178676928,2018,0
0,0.0442762345981017,2018,0
0,0.0442762345981017,2018,0
0,0.0442762345981017,2018,0
0,0.0707267037888673,2018,0
0,0.0611895957812801,2018,0
0,0.0707267037888673,2018,0
0,0.0628058165146461,2018,0
0,0.0700094008317008,2018,0
0,0.0696217046504532,2018,0
0,0.063779429136378,2018,0
0,0.0356279393690491,2018,0
0,0.0356461689274947,2018,0
0,0.0345874288501651,2018,0
0,0.0356279393690491,2018,0
0,0.0356461689274947,2018,0
0,0.0356461689274947,2018,0
0,0.0356279393690491,2018,0
0,0.0356279393690491,2018,0
0,0.0428486958423632,2018,0
0,0.0356461689274947,2018,0
0,0.0356279393690491,2018,0
0,0.0220667125306994,2018,0
0,0.0220667125306994,2018,0
0,0.0220667125306994,2018,0
0,0.0431694687305696,2018,0
0,0.0431694687305696,2018,0
0,0.0431694687305696,2018,0
0,0.0431694687305696,2018,0
0,0.02247074027178,2018,0
0,0.0232722021969273,2018,0
0,0.0232722021969273,2018,0
0,0.0232722021969273,2018,0
0,0.0232722021969273,2018,0
0,0.0191950137620553,2018,0
0,0.0191950137620553,2018,0
0,0.0226843568061661,2018,0
0,0.0226843568061661,2018,0
0,0.0226843568061661,2018,0
0,0.0305671328700339,2018,0
0,0.0305671328700339,2018,0
0,0.0305671328700339,2018,0
0,0.0305671328700339,2018,0
0,0.0305671328700339,2018,0
0,0.0229660508211856,2018,0
0,0.0229660508211856,2018,0
0,0.0229660508211856,2018,0
0,0.0229660508211856,2018,0
0,0.0229660508211856,2018,0
0,0.0229660508211856,2018,0
0,0.0229660508211856,2018,0
0,0.0459512261554268,2018,0
0,0.0450376136444529,2018,0
0,0.0366466609662391,2018,0
0,0.0310092498298371,2018,0
0,0.0310092498298371,2018,0
0,0.0310092498298371,2018,0
0,0.0310092498298371,2018,0
0,0.0310092498298371,2018,0
0,0.0229813513940497,2018,0
0,0.0229813513940497,2018,0
0,0.0497473466281733,2018,0
0,0.142973349369901,2018,0
0,0.142973349369901,2018,0
0,0.0454087160512771,2018,0
0,0.0454087160512771,2018,0
0,0.0454087160512771,2018,0
0,0.0454087160512771,2018,0
0,0.0454087160512771,2018,0
0,0.0454087160512771,2018,0
0,0.0454087160512771,2018,0
0,0.0454087160512771,2018,0
0,0.0454087160512771,2018,0
0,0.0454087160512771,2018,0
0,0.0454087160512771,2018,0
0,0.0454087160512771,2018,0
0,0.0454087160512771,2018,0
0,0.0454087160512771,2018,0
0,0.0454087160512771,2018,0
0,0.0454087160512771,2018,0
0,0.0454087160512771,2018,0
0,0.0230994756831431,2018,0
0,0.0230994756831431,2018,0
0,0.0230994756831431,2018,0
0,0.0230994756831431,2018,0
0,0.0230994756831431,2018,0
0,0.0230994756831431,2018,0
0,0.0230994756831431,2018,0
0,0.0230994756831431,2018,0
0,0.0364955319478417,2018,0
0,0.0233559218520272,2018,0
0,0.0629653417881454,2018,0
0,0.045231682450961,2018,0
0,0.045231682450961,2018,0
0,0.045231682450961,2018,0
0,0.0686123969950826,2018,0
0,0.0610903098508678,2018,0
0,0.0690452753009461,2018,0
0,0.0698091223181387,2018,0
0,0.0698091223181387,2018,0
0,0.0595203314445156,2018,0
0,0.0645336646069965,2018,0
0,0.0416468385920561,2018,0
0,0.0337109584488214,2018,0
0,0.037368507965492,2018,0
0,0.0374227598905508,2018,0
0,0.045369754234999,2018,0
0,0.0374227598905508,2018,0
0,0.0374227598905508,2018,0
0,0.037368507965492,2018,0
0,0.0359646163254218,2018,0
0,0.0374227598905508,2018,0
0,0.037368507965492,2018,0
0,0.037368507965492,2018,0
0,0.0374227598905508,2018,0
0,0.0235470126634103,2018,0
0,0.0235470126634103,2018,0
0,0.049310070183633,2018,0
0,0.049310070183633,2018,0
0,0.049310070183633,2018,0
0,0.049310070183633,2018,0
0,0.0235668950126287,2018,0
0,0.0228826756770066,2018,0
0,0.0228826756770066,2018,0
0,0.0228826756770066,2018,0
0,0.0228826756770066,2018,0
0,0.0191947595470977,2018,0
0,0.0191947595470977,2018,0
0,0.0191947595470977,2018,0
0,0.0231856105447561,2018,0
0,0.0231856105447561,2018,0
0,0.0231856105447561,2018,0
0,NA,2018,NA
0,0.0305458604619982,2018,0
0,0.0305458604619982,2018,0
0,0.0305458604619982,2018,0
0,0.0227291434805618,2018,0
0,0.0227291434805618,2018,0
0,0.0227291434805618,2018,0
0,0.0227291434805618,2018,0
0,0.0227291434805618,2018,0
0,0.0227291434805618,2018,0
0,0.0227291434805618,2018,0
0,0.0447113691506604,2018,0
0,0.0445824462892666,2018,0
0,0.0370646691550759,2018,0
0,0.0405958037464918,2018,0
0,0.0305562859588444,2018,0
0,0.0305562859588444,2018,0
0,0.0305562859588444,2018,0
0,0.0305562859588444,2018,0
0,0.0305562859588444,2018,0
0,0.0226082857439604,2018,0
0,0.0226082857439604,2018,0
0,0.0474020468507377,2018,0
0,0.0472924468524317,2018,0
0,0.140612962720867,2018,0
0,0.140612962720867,2018,0
0,0.0469265460759131,2018,0
0,0.0469265460759131,2018,0
0,0.0469265460759131,2018,0
0,0.0469265460759131,2018,0
0,0.0469265460759131,2018,0
0,0.0469265460759131,2018,0
0,0.0469265460759131,2018,0
0,0.0469265460759131,2018,0
0,0.0469265460759131,2018,0
0,0.0469265460759131,2018,0
0,0.0469265460759131,2018,0
0,0.0469265460759131,2018,0
0,0.0469265460759131,2018,0
0,0.0469265460759131,2018,0
0,0.0469265460759131,2018,0
0,0.0469265460759131,2018,0
0,0.0469265460759131,2018,0
0,0.0220740886300314,2018,0
0,0.0220740886300314,2018,0
0,0.0220740886300314,2018,0
0,0.0220740886300314,2018,0
0,0.0220740886300314,2018,0
0,0.0220740886300314,2018,0
0,0.0220740886300314,2018,0
0,0.016982389719596,2018,0
0,0.0356607290886693,2018,0
0,0.0215390368575954,2018,0
0,0.0588675800665887,2018,0
0,0.0408969646296,2018,0
0,0.0408969646296,2018,0
0,0.0408969646296,2018,0
0,0.0654917551150635,2018,0
0,0.0644537556457374,2018,0
0,0.0647933176465338,2018,0
0,0.0585899082397509,2018,0
0,0.0567438599081048,2018,0
0,0.0654917551150635,2018,0
0,0.0611956333683526,2018,0
0,0.0374139603667172,2018,0
0,0.0374139603667172,2018,0
0,0.0374139603667172,2018,0
0,0.0373866818353027,2018,0
0,0.0452490819087693,2018,0
0,0.0373866818353027,2018,0
0,0.0374139603667172,2018,0
0,0.0338247435583164,2018,0
0,0.0374139603667172,2018,0
0,0.0211054041490954,2018,0
0,0.0211054041490954,2018,0
0,0.0443547530789622,2018,0
0,0.0443547530789622,2018,0
0,0.0443547530789622,2018,0
0,0.0206328826972195,2018,0
0,0.025416132043498,2018,0
0,0.021838017236653,2018,0
0,0.021838017236653,2018,0
0,0.021838017236653,2018,0
0,0.025416132043498,2018,0
0,0.025416132043498,2018,0
0,0.021838017236653,2018,0
0,0.0166335236937849,2018,0
0,0.0166335236937849,2018,0
0,0.0166335236937849,2018,0
0,0.0205214280591416,2018,0
0,0.0205214280591416,2018,0
0,0.0205214280591416,2018,0
0,0.0205214280591416,2018,0
0,0.0265627283694246,2018,0
0,0.0263210295117005,2018,0
0,0.0263210295117005,2018,0
0,0.0204659859493467,2018,0
0,0.0204659859493467,2018,0
0,0.0204659859493467,2018,0
0,0.0204659859493467,2018,0
0,0.0204659859493467,2018,0
0,0.0204659859493467,2018,0
0,0.0204659859493467,2018,0
0,0.0421222022291003,2018,0
0,0.0269132204084492,2018,0
0,0.0269132204084492,2018,0
0,0.043521323716073,2018,0
0,0.0449804685484945,2018,0
0,0.0368227309552957,2018,0
0,0.0257367150015819,2018,0
0,0.0257367150015819,2018,0
0,0.0257367150015819,2018,0
0,0.0257367150015819,2018,0
0,0.0257367150015819,2018,0
0,0.0257367150015819,2018,0
0,0.0257367150015819,2018,0
0,0.0257367150015819,2018,0
0,0.0203925673652171,2018,0
0,0.0203925673652171,2018,0
0,0.0449119789997482,2018,0
0,0.0391606102938541,2018,0
0,0.134568127325672,2018,0
0,0.134568127325672,2018,0
0,0.0379688269272116,2018,0
0,0.0510537829478797,2018,0
0,0.0510537829478797,2018,0
0,0.0510537829478797,2018,0
0,0.0510537829478797,2018,0
0,0.0510537829478797,2018,0
0,0.0510537829478797,2018,0
0,0.0510537829478797,2018,0
0,0.0510537829478797,2018,0
0,0.0510537829478797,2018,0
0,0.0510537829478797,2018,0
0,0.0510537829478797,2018,0
0,0.0510537829478797,2018,0
0,0.0510537829478797,2018,0
0,0.0510537829478797,2018,0
0,0.0510537829478797,2018,0
0,0.0510537829478797,2018,0
0,0.020332608118718,2018,0
0,0.020332608118718,2018,0
0,0.020332608118718,2018,0
0,0.020332608118718,2018,0
0,0.020332608118718,2018,0
0,0.020332608118718,2018,0
0,0.020332608118718,2018,0
0,0.020332608118718,2018,0
0,0.0173044232723568,2018,0
0,0.0400730170242231,2018,0
0,0.0202035076169674,2018,0
0,0.0627442072623056,2018,0
0,0.0410125880520952,2018,0
0,0.0410125880520952,2018,0
0,0.06722038242108,2018,0
0,0.0621675922032983,2018,0
0,0.0681953604523206,2018,0
0,0.0675306678864061,2018,0
0,0.0681953604523206,2018,0
0,0.0602494329983985,2018,0
0,0.063601852114279,2018,0
0,0.0373273706894058,2018,0
0,0.0373253192769486,2018,0
0,0.0373253192769486,2018,0
0,0.0373253192769486,2018,0
0,0.0373253192769486,2018,0
0,0.0373273706894058,2018,0
0,0.0373253192769486,2018,0
0,0.0373273706894058,2018,0
0,0.0339711244942042,2018,0
0,0.0373273706894058,2018,0
0,0.0373273706894058,2018,0
0,0.0200620356476377,2018,0
0,0.0200620356476377,2018,0
0,0.0411163402046867,2018,0
0,0.0411163402046867,2018,0
0,0.0411163402046867,2018,0
0,0.0163761783782984,2018,0
0,0.0411929896229809,2018,0
0,0.0200369120799736,2018,0
0,0.0228925182596687,2018,0
0,0.0228925182596687,2018,0
0,0.0228925182596687,2018,0
0,0.0228925182596687,2018,0
0,0.0267733928956571,2018,0
0,0.0267733928956571,2018,0
0,0.0267733928956571,2018,0
0,0.015875963318306,2018,0
0,0.015875963318306,2018,0
0,0.015875963318306,2018,0
0,0.0200343556847852,2018,0
0,0.0200343556847852,2018,0
0,0.0200343556847852,2018,0
0,0.0200343556847852,2018,0
0,0.0257856318143783,2018,0
0,0.0262888356284364,2018,0
0,0.0262888356284364,2018,0
0,0.0262888356284364,2018,0
0,0.0200447566225837,2018,0
0,0.0200447566225837,2018,0
0,0.0200447566225837,2018,0
0,0.0200447566225837,2018,0
0,0.0200447566225837,2018,0
0,0.0200447566225837,2018,0
0,0.0200447566225837,2018,0
0,0.0396625210232797,2018,0
0,0.0257107266895886,2018,0
0,0.0257107266895886,2018,0
0,0.0430151485050844,2018,0
0,0.0424786812003335,2018,0
0,0.035418321662159,2018,0
0,0.0265700166082728,2018,0
0,0.0265700166082728,2018,0
0,0.0265700166082728,2018,0
0,0.0265700166082728,2018,0
0,0.0265700166082728,2018,0
0,0.0265700166082728,2018,0
0,0.0265700166082728,2018,0
0,0.0265700166082728,2018,0
0,0.0201321696867915,2018,0
0,0.0201321696867915,2018,0
0,0.0452769355357108,2018,0
0,0.0428318385241784,2018,0
0,0.146937026659738,2018,0
0,0.146937026659738,2018,0
0,0.0378006599632292,2018,0
0,0.0378006599632292,2018,0
0,0.0378006599632292,2018,0
0,0.0378006599632292,2018,0
0,0.0378006599632292,2018,0
0,0.0352522121993327,2018,0
0,0.0449447279782327,2018,0
0,0.0449447279782327,2018,0
0,0.0449447279782327,2018,0
0,0.0449447279782327,2018,0
0,0.0449447279782327,2018,0
0,0.0449447279782327,2018,0
0,0.0449447279782327,2018,0
0,0.0449447279782327,2018,0
0,0.0449447279782327,2018,0
0,0.0449447279782327,2018,0
0,0.0449447279782327,2018,0
0,0.0449447279782327,2018,0
0,0.0449447279782327,2018,0
0,0.0449447279782327,2018,0
0,0.0449447279782327,2018,0
0,0.0449447279782327,2018,0
0,0.036494826118396,2018,0
0,0.0204001878344245,2018,0
0,0.0204001878344245,2018,0
0,0.0204001878344245,2018,0
0,0.0204001878344245,2018,0
0,0.0204001878344245,2018,0
0,0.0204001878344245,2018,0
0,0.0204001878344245,2018,0
0,0.0204001878344245,2018,0
0,0.0204001878344245,2018,0
0,0.0351589394099165,2018,0
0,0.0207351286776486,2018,0
0,0.0629855047575594,2018,0
0,0.0458879132220218,2018,0
0,0.0458879132220218,2018,0
0,0.0689937782729902,2018,0
0,0.0685020966601675,2018,0
0,0.0587988990013249,2018,0
0,0.0603461670141439,2018,0
0,0.0698168099126517,2018,0
0,0.0698168099126517,2018,0
0,0.0663196739034487,2018,0
0,0.0399377699461489,2018,0
0,0.0359394024961645,2018,0
0,0.0398123918981264,2018,0
0,0.0398123918981264,2018,0
0,0.0398123918981264,2018,0
0,0.0398123918981264,2018,0
0,0.0380817658884771,2018,0
0,0.0399377699461489,2018,0
0,0.0398123918981264,2018,0
0,0.0399377699461489,2018,0
0,0.0399377699461489,2018,0
0,0.0399377699461489,2018,0
0,0.0211684583626385,2018,0
0,0.0211684583626385,2018,0
0,0.0446123777408122,2018,0
0,0.0446123777408122,2018,0
0,0.0446123777408122,2018,0
0,0.0148570116619765,2018,0
0,0.047592166306136,2018,0
0,0.022131994459842,2018,0
0,0.022131994459842,2018,0
0,0.0231853503438978,2018,0
0,0.0231853503438978,2018,0
0,0.0231853503438978,2018,0
0,0.0231853503438978,2018,0
0,0.0291732197855616,2018,0
0,0.0291732197855616,2018,0
0,0.0291732197855616,2018,0
0,0.0171732399433455,2018,0
0,0.0171732399433455,2018,0
0,0.0171732399433455,2018,0
0,0.0231633935627513,2018,0
0,0.0231633935627513,2018,0
0,0.0231633935627513,2018,0
0,0.0231633935627513,2018,0
0,0.0277434563320039,2018,0
0,0.0322070755288588,2018,0
0,0.0322070755288588,2018,0
0,0.0322070755288588,2018,0
0,0.0322070755288588,2018,0
0,0.0322070755288588,2018,0
0,0.0234252304468305,2018,0
0,0.0234252304468305,2018,0
0,0.0234252304468305,2018,0
0,0.0234252304468305,2018,0
0,0.0234252304468305,2018,0
0,0.0234252304468305,2018,0
0,0.0457336004692145,2018,0
0,0.0430765026443947,2018,0
0,0.0373446494650193,2018,0
0,0.0324201583166943,2018,0
0,0.0324201583166943,2018,0
0,0.0324201583166943,2018,0
0,0.0324201583166943,2018,0
0,0.0324201583166943,2018,0
0,0.0324201583166943,2018,0
0,0.0324201583166943,2018,0
0,0.0324201583166943,2018,0
0,0.0324201583166943,2018,0
0,0.0236734532899217,2018,0
0,0.0236734532899217,2018,0
0,0.0484325149844636,2018,0
0,0.170402070502344,2018,0
0,0.170402070502344,2018,0
0,0.0397422352659519,2018,0
0,0.0397422352659519,2018,0
0,0.0397422352659519,2018,0
0,0.0397422352659519,2018,0
0,0.0397422352659519,2018,0
0,0.042925547612535,2018,0
0,0.042925547612535,2018,0
0,0.042925547612535,2018,0
0,0.042925547612535,2018,0
0,0.042925547612535,2018,0
0,0.042925547612535,2018,0
0,0.042925547612535,2018,0
0,0.042925547612535,2018,0
0,0.042925547612535,2018,0
0,0.042925547612535,2018,0
0,0.042925547612535,2018,0
0,0.042925547612535,2018,0
0,0.042925547612535,2018,0
0,0.042925547612535,2018,0
0,0.039788154036722,2018,0
0,0.0238443163917339,2018,0
0,0.0238443163917339,2018,0
0,0.0238443163917339,2018,0
0,0.0238443163917339,2018,0
0,0.0238443163917339,2018,0
0,0.0238443163917339,2018,0
0,0.0238443163917339,2018,0
0,0.0382473250420129,2018,0
0,0.0363295443004766,2018,0
0,0.0244418872650643,2018,0
0,0.0651021443697416,2018,0
0,0.0516590207213148,2018,0
0,0.0516590207213148,2018,0
0,0.0516590207213148,2018,0
0,0.073088509836739,2018,0
0,0.062178605504907,2018,0
0,0.0715326490343037,2018,0
0,0.0721510990515674,2018,0
0,0.073088509836739,2018,0
0,0.0607139738074111,2018,0
0,0.0718603462674809,2018,0
0,0.0437638587891438,2018,0
0,0.0464213579879619,2018,0
0,0.0467642924671363,2018,0
0,0.0416969483519038,2018,0
0,0.0467642924671363,2018,0
0,0.0464213579879619,2018,0
0,0.0467642924671363,2018,0
0,0.0467642924671363,2018,0
0,0.0467642924671363,2018,0
0,0.0248929675476436,2018,0
0,0.0248929675476436,2018,0
0,0.0496801455564673,2018,0
0,0.0496801455564673,2018,0
0,0.0496801455564673,2018,0
0,0.0163250109210848,2018,0
0,0.0528859594600118,2018,0
0,0.0256880397171292,2018,0
0,0.0256880397171292,2018,0
0,0.0232974285714024,2018,0
0,0.0294459836678732,2018,0
0,0.0232974285714024,2018,0
0,0.0232974285714024,2018,0
0,0.0294459836678732,2018,0
0,0.0294459836678732,2018,0
0,0.0232974285714024,2018,0
0,0.0579387817208172,2018,0
0,0.0261756474575357,2018,0
0,0.0261756474575357,2018,0
0,0.0261756474575357,2018,0
0,0.0261756474575357,2018,0
0,0.0261756474575357,2018,0
0,0.0321062212909694,2018,0
0,0.0321062212909694,2018,0
0,0.0344098160405777,2018,0
0,0.0344098160405777,2018,0
0,0.0344098160405777,2018,0
0,0.0344098160405777,2018,0
0,0.0344098160405777,2018,0
0,0.0344098160405777,2018,0
0,0.0344098160405777,2018,0
0,0.0263623251325405,2018,0
0,0.0263623251325405,2018,0
0,0.0263623251325405,2018,0
0,0.0263623251325405,2018,0
0,0.0263623251325405,2018,0
0,0.0346651192994616,2018,0
0,0.0476486163257016,2018,0
0,0.0472309886330237,2018,0
0,0.0472180682737127,2018,0
0,0.0408852863316284,2018,0
0,0.0341820479949637,2018,0
0,0.0341820479949637,2018,0
0,0.0341820479949637,2018,0
0,0.0341820479949637,2018,0
0,0.0341820479949637,2018,0
0,0.0341820479949637,2018,0
0,0.0341820479949637,2018,0
0,0.0341820479949637,2018,0
0,0.0341820479949637,2018,0
0,0.0264228175433984,2018,0
0,0.0264228175433984,2018,0
0,0.0491919747943233,2018,0
0,0.183045644936437,2018,0
0,0.0501324485866685,2018,0
0,0.0436921583500419,2018,0
0,0.0436921583500419,2018,0
0,0.0436921583500419,2018,0
0,0.0436921583500419,2018,0
0,0.0436921583500419,2018,0
0,0.0624801099832059,2018,0
0,0.066037272964694,2018,0
0,0.0491800067790363,2018,0
0,0.0491800067790363,2018,0
0,0.0491800067790363,2018,0
0,0.0491800067790363,2018,0
0,0.0491800067790363,2018,0
0,0.0491800067790363,2018,0
0,0.0491800067790363,2018,0
0,0.0491800067790363,2018,0
0,0.0491800067790363,2018,0
0,0.0491800067790363,2018,0
0,0.0491800067790363,2018,0
0,0.0491800067790363,2018,0
0,0.0491800067790363,2018,0
0,0.0491800067790363,2018,0
0,0.0491800067790363,2018,0
0,0.0470868774320483,2018,0
0,0.0271224885346948,2018,0
0,0.0271224885346948,2018,0
0,0.0271224885346948,2018,0
0,0.0271224885346948,2018,0
0,0.0271224885346948,2018,0
0,0.0271224885346948,2018,0
0,0.0271224885346948,2018,0
0,0.0437826199114822,2018,0
0,0.04333403601585,2018,0
0,0.0528324789621592,2018,0
0,0.0309610125900733,2018,0
0,0.0284426893070428,2018,0
0,0.0770750436200924,2018,0
0,0.0579193077409674,2018,0
0,0.0579193077409674,2018,0
0,0.0819263418233716,2018,0
0,0.0819263418233716,2018,0
0,0.070932983232658,2018,0
0,0.0810317630072089,2018,0
0,0.0724446146445235,2018,0
0,0.0804250415524198,2018,0
0,0.0804655769057923,2018,0
0,0.0520798172633764,2018,0
0,0.0516219746386845,2018,0
0,0.0520798172633764,2018,0
0,0.0516219746386845,2018,0
0,0.0516219746386845,2018,0
0,0.0516219746386845,2018,0
0,0.0486008158625936,2018,0
0,0.0516219746386845,2018,0
0,0.0516219746386845,2018,0
0,0.0520798172633764,2018,0
0,0.0520798172633764,2018,0
0,0.0516219746386845,2018,0
0,0.0516219746386845,2018,0
0,0.0516219746386845,2018,0
0,0.0520798172633764,2018,0
0,0.0516219746386845,2018,0
0,0.0516219746386845,2018,0
0,0.0516219746386845,2018,0
0,0.0516219746386845,2018,0
0,0.046556407667748,2018,0
0,0.0294303929840454,2018,0
0,0.0294303929840454,2018,0
0,0.0563516823703619,2018,0
0,0.0531822862534254,2018,0
0,0.0531822862534254,2018,0
0,0.0531822862534254,2018,0
0,0.019124803114043,2018,0
0,0.0581765491005517,2018,0
0,0.0335323513059375,2018,0
0,0.0335323513059375,2018,0
0,0.0286634312844283,2018,0
0,0.0286634312844283,2018,0
0,0.0298477015832075,2018,0
0,0.0298477015832075,2018,0
0,0.0298477015832075,2018,0
0,0.0256785698565586,2018,0
0,0.0256785698565586,2018,0
0,0.0256785698565586,2018,0
0,0.0256785698565586,2018,0
0,0.0274650812346964,2018,0
0,0.0274650812346964,2018,0
0,0.0274650812346964,2018,0
0,0.0274650812346964,2018,0
0,0.0274650812346964,2018,0
0,0.0338780840150307,2018,0
0,0.0338780840150307,2018,0
0,0.0310874811169848,2018,0
0,0.0310874811169848,2018,0
0,0.0310874811169848,2018,0
0,0.0310874811169848,2018,0
0,0.0310874811169848,2018,0
0,0.0310874811169848,2018,0
0,0.0271134893945631,2018,0
0,0.0271134893945631,2018,0
0,0.0271134893945631,2018,0
0,0.0271134893945631,2018,0
0,0.0271134893945631,2018,0
0,0.0271134893945631,2018,0
0,0.0377522444049651,2018,0
0,0.00848172937836516,2018,0
0,0.0511196046569169,2018,0
0,0.0517580039312636,2018,0
0,0.0516572320418702,2018,0
0,0.0430546848322646,2018,0
0,0.0312012057258119,2018,0
0,0.0312012057258119,2018,0
0,0.0312012057258119,2018,0
0,0.0312012057258119,2018,0
0,0.0312012057258119,2018,0
0,0.0312012057258119,2018,0
0,0.0312012057258119,2018,0
0,0.026954900637574,2018,0
0,0.026954900637574,2018,0
0,0.0483625737868431,2018,0
0,0.119865598010431,2018,0
0,0.165843648215766,2018,0
0,0.0442237891111964,2018,0
0,0.0442237891111964,2018,0
0,0.0442237891111964,2018,0
0,0.0442237891111964,2018,0
0,0.0663400672408757,2018,0
0,0.0414937021757767,2018,0
0,0.0555854124255594,2018,0
0,0.0555854124255594,2018,0
0,0.0555854124255594,2018,0
0,0.0555854124255594,2018,0
0,0.0555854124255594,2018,0
0,0.0555854124255594,2018,0
0,0.0555854124255594,2018,0
0,0.0555854124255594,2018,0
0,0.0555854124255594,2018,0
0,0.0555854124255594,2018,0
0,0.0555854124255594,2018,0
0,0.0555854124255594,2018,0
0,0.0555854124255594,2018,0
0,0.0555854124255594,2018,0
0,0.0555854124255594,2018,0
0,0.0463968174320765,2018,0
0,0.0270661898632199,2018,0
0,0.0270661898632199,2018,0
0,0.0270661898632199,2018,0
0,0.0270661898632199,2018,0
0,0.0270661898632199,2018,0
0,0.0270661898632199,2018,0
0,0.0270661898632199,2018,0
0,0.0206303028433161,2018,0
0,0.0256965820216609,2018,0
0,0.0256965820216609,2018,0
0,0.0256965820216609,2018,0
0,0.0256965820216609,2018,0
0,0.0256965820216609,2018,0
0,0.0395449382619993,2018,0
0,0.0422343456033979,2018,0
0,0.0610338838694256,2018,0
0,0.0576751031159618,2018,0
0,0.0268755028818986,2018,0
0,0.0267759891894346,2018,0
0,0.0758417926465023,2018,0
0,0.0504902481141402,2018,0
0,0.0504902481141402,2018,0
0,0.0801868120950711,2018,0
0,0.0808789994509405,2018,0
0,0.0798076599222578,2018,0
0,0.0757633309060664,2018,0
0,0.0738199531931897,2018,0
0,0.0808789994509405,2018,0
0,0.0781664596124467,2018,0
0,0.0506683921647703,2018,0
0,0.0506683921647703,2018,0
0,0.0506683921647703,2018,0
0,0.0506683921647703,2018,0
0,0.0506683921647703,2018,0
0,0.0506683921647703,2018,0
0,0.0506683921647703,2018,0
0,0.0506683921647703,2018,0
0,0.0509521106719839,2018,0
0,0.0506683921647703,2018,0
0,0.0509521106719839,2018,0
0,0.0506683921647703,2018,0
0,0.0509521106719839,2018,0
0,0.0464384299738852,2018,0
0,0.0506683921647703,2018,0
0,0.0506683921647703,2018,0
0,0.0509521106719839,2018,0
0,0.0509521106719839,2018,0
0,0.0485715662274198,2018,0
0,0.0506683921647703,2018,0
0,0.0270712962634285,2018,0
0,0.0270712962634285,2018,0
0,0.0543732423960792,2018,0
0,0.0477374415061237,2018,0
0,0.0477374415061237,2018,0
0,0.0477374415061237,2018,0
0,0.017856287481436,2018,0
0,0.0514313105902223,2018,0
0,0.0338825741250239,2018,0
0,0.0338825741250239,2018,0
0,0.0269439988530263,2018,0
0,0.0269439988530263,2018,0
0,0.026066494128341,2018,0
0,0.0282035464507695,2018,0
0,0.0282035464507695,2018,0
0,0.0282035464507695,2018,0
0,0.026066494128341,2018,0
0,0.026066494128341,2018,0
0,0.026066494128341,2018,0
0,0.050545485770656,2018,0
0,0.0484125131285509,2018,0
0,0.0199747023110077,2018,0
0,0.0199747023110077,2018,0
0,0.0199747023110077,2018,0
0,0.0574174136777705,2018,0
0,0.0267785816459883,2018,0
0,0.0267785816459883,2018,0
0,0.0267785816459883,2018,0
0,0.0267785816459883,2018,0
0,0.0267785816459883,2018,0
0,0.0329215492913617,2018,0
0,0.0329215492913617,2018,0
0,0.0318340658845762,2018,0
0,0.0318340658845762,2018,0
0,0.0318340658845762,2018,0
0,0.0318340658845762,2018,0
0,0.0318340658845762,2018,0
0,0.0267298371213556,2018,0
0,0.0267298371213556,2018,0
0,0.0267298371213556,2018,0
0,0.0267298371213556,2018,0
0,0.0267298371213556,2018,0
0,0.0267298371213556,2018,0
0,0.0267298371213556,2018,0
0,0.0384869468310421,2018,0
0,0.00912331158532296,2018,0
0,0.0486750203829186,2018,0
0,0.0516001050235192,2018,0
0,0.0518427228971601,2018,0
0,0.045074241853126,2018,0
0,0.0399373228267047,2018,0
0,0.0319505886175837,2018,0
0,0.0319505886175837,2018,0
0,0.0319505886175837,2018,0
0,0.0319505886175837,2018,0
0,0.0319505886175837,2018,0
0,0.0319505886175837,2018,0
0,0.0319505886175837,2018,0
0,0.026678829806929,2018,0
0,0.026678829806929,2018,0
0,0.0515050964672073,2018,0
0,0.101092376216281,2018,0
0,0.158723627187538,2018,0
0,0.158723627187538,2018,0
0,0.0457823391034865,2018,0
0,0.0457823391034865,2018,0
0,0.0457823391034865,2018,0
0,0.0457823391034865,2018,0
0,0.0619067785252538,2018,0
0,0.0396821046181836,2018,0
0,0.0508553698147284,2018,0
0,0.0508553698147284,2018,0
0,0.0508553698147284,2018,0
0,0.0508553698147284,2018,0
0,0.0508553698147284,2018,0
0,0.0508553698147284,2018,0
0,0.0508553698147284,2018,0
0,0.0508553698147284,2018,0
0,0.0508553698147284,2018,0
0,0.0508553698147284,2018,0
0,0.0508553698147284,2018,0
0,0.0508553698147284,2018,0
0,0.0508553698147284,2018,0
0,0.0508553698147284,2018,0
0,0.0508553698147284,2018,0
0,0.0438240538510545,2018,0
0,0.0262826935495189,2018,0
0,0.0262826935495189,2018,0
0,0.0262826935495189,2018,0
0,0.0262826935495189,2018,0
0,0.0262826935495189,2018,0
0,0.0262826935495189,2018,0
0,0.0195977403570105,2018,0
0,0.0250198114313179,2018,0
0,0.0250198114313179,2018,0
0,0.0250198114313179,2018,0
0,0.0250198114313179,2018,0
0,0.0250198114313179,2018,0
0,0.038686290747113,2018,0
0,0.0389736366995109,2018,0
0,0.0516426435163553,2018,0
0,0.0254991482224244,2018,0
0,0.0710091179323293,2018,0
0,0.0483391511109163,2018,0
0,0.0483391511109163,2018,0
0,0.0768804364072412,2018,0
0,0.0776668080624087,2018,0
0,0.0764014219080767,2018,0
0,0.0678868877707461,2018,0
0,0.0776668080624087,2018,0
0,0.0694971138577794,2018,0
0,0.0723302257332119,2018,0
0,0.0449371366268747,2018,0
0,0.0449371366268747,2018,0
0,0.0449371366268747,2018,0
0,0.0449371366268747,2018,0
0,0.0449371366268747,2018,0
0,0.0451081125525285,2018,0
0,0.0449371366268747,2018,0
0,0.0451081125525285,2018,0
0,0.0449371366268747,2018,0
0,0.0449371366268747,2018,0
0,0.0451081125525285,2018,0
0,0.0410916629996742,2018,0
0,0.0449371366268747,2018,0
0,0.0449371366268747,2018,0
0,0.0449371366268747,2018,0
0,0.0449371366268747,2018,0
0,0.0451081125525285,2018,0
0,0.0451081125525285,2018,0
0,0.043161880064296,2018,0
0,0.0449371366268747,2018,0
0,0.0250440325259709,2018,0
0,0.0250440325259709,2018,0
0,0.0515679200010697,2018,0
0,0.0515679200010697,2018,0
0,0.0515679200010697,2018,0
0,0.0196999754935336,2018,0
0,0.0254976565187526,2018,0
0,0.0254976565187526,2018,0
0,0.0243077859684409,2018,0
0,0.029752364342849,2018,0
0,0.0243077859684409,2018,0
0,0.029752364342849,2018,0
0,0.0243077859684409,2018,0
0,0.0243077859684409,2018,0
0,0.029752364342849,2018,0
0,0.0441323644077848,2018,0
0,0.0208688084408097,2018,0
0,0.0208688084408097,2018,0
0,0.0208688084408097,2018,0
0,0.0262534046518542,2018,0
0,0.0262534046518542,2018,0
0,0.0262534046518542,2018,0
0,0.0262534046518542,2018,0
0,0.0262534046518542,2018,0
0,NA,2018,NA
0,0.0344481622357195,2018,0
0,0.0344481622357195,2018,0
0,0.0344481622357195,2018,0
0,0.0344481622357195,2018,0
0,0.0344481622357195,2018,0
0,0.0344481622357195,2018,0
0,0.0266323711995069,2018,0
0,0.0266323711995069,2018,0
0,0.0266323711995069,2018,0
0,0.0266323711995069,2018,0
0,0.0266323711995069,2018,0
0,0.0266323711995069,2018,0
0,0.0266323711995069,2018,0
0,0.0364988299689496,2018,0
0,0.0479539446473237,2018,0
0,0.0485950156877772,2018,0
0,0.0505948021508774,2018,0
0,0.0467524017153494,2018,0
0,0.0384851718048415,2018,0
0,0.0348927167766033,2018,0
0,0.0348927167766033,2018,0
0,0.0348927167766033,2018,0
0,0.0348927167766033,2018,0
0,0.0348927167766033,2018,0
0,0.0348927167766033,2018,0
0,0.0348927167766033,2018,0
0,0.0348927167766033,2018,0
0,0.0268715355964208,2018,0
0,0.0268715355964208,2018,0
0,0.0555836395800463,2018,0
0,0.0831294815708682,2018,0
0,0.181510718017852,2018,0
0,0.181510718017852,2018,0
0,0.0472412791777182,2018,0
0,0.0472412791777182,2018,0
0,0.0472412791777182,2018,0
0,0.0472412791777182,2018,0
0,0.05745608449156,2018,0
0,0.0604255510796494,2018,0
0,0.0470478241755468,2018,0
0,0.0470478241755468,2018,0
0,0.0470478241755468,2018,0
0,0.0470478241755468,2018,0
0,0.0470478241755468,2018,0
0,0.0470478241755468,2018,0
0,0.0470478241755468,2018,0
0,0.0470478241755468,2018,0
0,0.0470478241755468,2018,0
0,0.0470478241755468,2018,0
0,0.0470478241755468,2018,0
0,0.0470478241755468,2018,0
0,0.0470478241755468,2018,0
0,0.0470478241755468,2018,0
0,0.0470478241755468,2018,0
0,0.0443678420138734,2018,0
0,0.0272790603045705,2018,0
0,0.0272790603045705,2018,0
0,0.0272790603045705,2018,0
0,0.0272790603045705,2018,0
0,0.0272790603045705,2018,0
0,0.0272790603045705,2018,0
0,0.0268015778064846,2018,0
0,0.0268015778064846,2018,0
0,0.0268015778064846,2018,0
0,0.03973846295327,2018,0
0,0.0384696885513511,2018,0
0,0.0508997456282376,2018,0
0,0.0806015533474242,2018,0
0,0.0610340620509191,2018,0
0,0.0808909996281242,2018,0
0,0.0826888672360356,2018,0
0,0.0826888672360356,2018,0
0,0.0816592433339923,2018,0
0,0.069661208130923,2018,0
0,0.0685635560542631,2018,0
0,0.0774968887552612,2018,0
0,0.128935890692678,2018,0
0,0.221451425274581,2018,0
0,0.0443934716991601,2018,0
0,0.0443934716991601,2018,0
0,0.0446924467414618,2018,0
0,0.0446924467414618,2018,0
0,0.04187285043837,2018,0
0,0.0443934716991601,2018,0
0,0.0443934716991601,2018,0
0,0.0443934716991601,2018,0
0,0.0443934716991601,2018,0
0,0.0446924467414618,2018,0
0,0.0443934716991601,2018,0
0,0.0443934716991601,2018,0
0,0.0443934716991601,2018,0
0,0.0398655576285417,2018,0
0,0.0538429742627503,2018,0
0,0.0443934716991601,2018,0
0,0.0446924467414618,2018,0
0,0.0446924467414618,2018,0
0,0.0443934716991601,2018,0
0,0.0464563900876632,2018,0
0,0.0277658158894214,2018,0
0,0.0277658158894214,2018,0
0,0.0601111584087232,2018,0
0,0.0601111584087232,2018,0
0,0.0601111584087232,2018,0
0,0.0222894262924342,2018,0
0,0.0403047234949518,2018,0
0,0.0282442632025639,2018,0
0,0.0282442632025639,2018,0
0,0.0354386828372993,2018,0
0,0.0263891307462295,2018,0
0,0.0354386828372993,2018,0
0,0.0263891307462295,2018,0
0,0.0354386828372993,2018,0
0,0.0263891307462295,2018,0
0,0.0263891307462295,2018,0
0,0.0287065784330659,2018,0
0,0.0287065784330659,2018,0
0,0.0287065784330659,2018,0
0,0.0287065784330659,2018,0
0,0.0287065784330659,2018,0
0,NA,2018,NA
0,0.0392574129382616,2018,0
0,0.0392574129382616,2018,0
0,0.0392574129382616,2018,0
0,0.0392574129382616,2018,0
0,0.0392574129382616,2018,0
0,0.0392574129382616,2018,0
0,0.0294271481320286,2018,0
0,0.0294271481320286,2018,0
0,0.0294271481320286,2018,0
0,0.0294271481320286,2018,0
0,0.0294271481320286,2018,0
0,0.0294271481320286,2018,0
0,0.0383499097359273,2018,0
0,0.0357171349897948,2018,0
0,0.0576167245248762,2018,0
0,0.0589876400881007,2018,0
0,0.0572785855809307,2018,0
0,0.0426906235776439,2018,0
0,0.0484790612244589,2018,0
0,0.0484790612244589,2018,0
0,0.0409887772341124,2018,0
0,0.0409887772341124,2018,0
0,0.0409887772341124,2018,0
0,0.0409887772341124,2018,0
0,0.0409887772341124,2018,0
0,0.0409887772341124,2018,0
0,0.0409887772341124,2018,0
0,0.0303961817447256,2018,0
0,0.0303961817447256,2018,0
0,0.0657208126332085,2018,0
0,0.228916911949823,2018,0
0,0.228916911949823,2018,0
0,0.0580048701870015,2018,0
0,0.0580048701870015,2018,0
0,0.0580048701870015,2018,0
0,0.0580048701870015,2018,0
0,0.0763036120224696,2018,0
0,0.0489620035953243,2018,0
0,0.0489620035953243,2018,0
0,0.0489620035953243,2018,0
0,0.0489620035953243,2018,0
0,0.0489620035953243,2018,0
0,0.0489620035953243,2018,0
0,0.0489620035953243,2018,0
0,0.0489620035953243,2018,0
0,0.0489620035953243,2018,0
0,0.0489620035953243,2018,0
0,0.0489620035953243,2018,0
0,0.0489620035953243,2018,0
0,0.0489620035953243,2018,0
0,0.0489620035953243,2018,0
0,0.0489620035953243,2018,0
0,0.0489620035953243,2018,0
0,0.0489620035953243,2018,0
0,0.0489620035953243,2018,0
0,0.05218891657402,2018,0
0,0.0311857208749375,2018,0
0,0.0311857208749375,2018,0
0,0.0311857208749375,2018,0
0,0.0311857208749375,2018,0
0,0.0311857208749375,2018,0
0,0.0311857208749375,2018,0
0,0.0350297001447364,2018,0
0,0.0350297001447364,2018,0
0,0.0304849286726522,2018,0
0,0.0350297001447364,2018,0
0,0.0435548958107901,2018,0
0,0.0400162433997862,2018,0
0,0.0536543653530622,2018,0
0,0.0318235534344327,2018,0
0,0.0684435872357183,2018,0
0,0.101151962438307,2018,0
0,0.0751631693044776,2018,0
0,0.0987965055516069,2018,0
0,0.0823171435852914,2018,0
0,0.0975128678848988,2018,0
0,0.0987965055516069,2018,0
0,0.096393739574701,2018,0
0,0.0816774319849713,2018,0
0,0.0918035507217541,2018,0
0,0.126192428269153,2018,0
0,0.274146257612381,2018,0
0,0.0520928477439765,2018,0
0,0.0520928477439765,2018,0
0,0.0464615259011367,2018,0
0,0.0483471803768543,2018,0
0,0.0520928477439765,2018,0
0,0.0520928477439765,2018,0
0,0.0520928477439765,2018,0
0,0.0526839927181334,2018,0
0,0.0526839927181334,2018,0
0,0.0520928477439765,2018,0
0,0.0520928477439765,2018,0
0,0.0520928477439765,2018,0
0,0.0526839927181334,2018,0
0,0.0520928477439765,2018,0
0,0.0520928477439765,2018,0
0,0.0526839927181334,2018,0
0,0.0520928477439765,2018,0
0,0.0520928477439765,2018,0
0,0.0520928477439765,2018,0
0,0.0520928477439765,2018,0
0,0.0526839927181334,2018,0
0,0.0484735692486909,2018,0
0,0.032532245241305,2018,0
0,0.032532245241305,2018,0
0,0.0726128187316696,2018,0
0,0.0726128187316696,2018,0
0,0.0726128187316696,2018,0
0,0.0248567867500379,2018,0
0,0.0248567867500379,2018,0
0,0.07516112845355,2018,0
0,0.0683950007554743,2018,0
0,0.0328537425889595,2018,0
0,0.0328537425889595,2018,0
0,0.04468451254849,2018,0
0,0.04468451254849,2018,0
0,0.0326723774812994,2018,0
0,0.0326723774812994,2018,0
0,0.04468451254849,2018,0
0,0.0326723774812994,2018,0
0,0.0326723774812994,2018,0
0,0.0376482294656415,2018,0
0,0.0376482294656415,2018,0
0,0.0376482294656415,2018,0
0,0.0333478036386399,2018,0
0,0.0333478036386399,2018,0
0,0.0333478036386399,2018,0
0,0.0333478036386399,2018,0
0,NA,2018,NA
0,0.0493300158183811,2018,0
0,0.0493300158183811,2018,0
0,0.0493300158183811,2018,0
0,0.0493300158183811,2018,0
0,0.0493300158183811,2018,0
0,0.0343464698724749,2018,0
0,0.0343464698724749,2018,0
0,0.0343464698724749,2018,0
0,0.0343464698724749,2018,0
0,0.0343464698724749,2018,0
0,0.0343464698724749,2018,0
0,0.0416257379371833,2018,0
0,0.0267332563287717,2018,0
0,0.0638361207911859,2018,0
0,0.0638361207911859,2018,0
0,0.0638361207911859,2018,0
0,0.0408063578266539,2018,0
0,0.0408063578266539,2018,0
0,0.0685862248538443,2018,0
0,0.0712626496865568,2018,0
0,0.0675448780550357,2018,0
0,0.0431318974073444,2018,0
0,0.0460745413227096,2018,0
0,0.0523663787304472,2018,0
0,0.0523663787304472,2018,0
0,0.0523663787304472,2018,0
0,0.0523663787304472,2018,0
0,0.0523663787304472,2018,0
0,0.0523663787304472,2018,0
0,0.0523663787304472,2018,0
0,0.0523663787304472,2018,0
0,0.0523663787304472,2018,0
0,0.0362984477335651,2018,0
0,0.0362984477335651,2018,0
0,0.0837745137461979,2018,0
0,0.0270328846870273,2018,0
0,0.272058757710004,2018,0
0,0.272058757710004,2018,0
0,0.0705196094458408,2018,0
0,0.0705196094458408,2018,0
0,0.0705196094458408,2018,0
0,0.0705196094458408,2018,0
0,0.0763415513238471,2018,0
0,0.0460756060547752,2018,0
0,0.0460756060547752,2018,0
0,0.0460756060547752,2018,0
0,0.0460756060547752,2018,0
0,0.0460756060547752,2018,0
0,0.0460756060547752,2018,0
0,0.0460756060547752,2018,0
0,0.0460756060547752,2018,0
0,0.0460756060547752,2018,0
0,0.0460756060547752,2018,0
0,0.0460756060547752,2018,0
0,0.0460756060547752,2018,0
0,0.0460756060547752,2018,0
0,0.0460756060547752,2018,0
0,0.0460756060547752,2018,0
0,0.0460756060547752,2018,0
0,0.0460756060547752,2018,0
0,0.0584474320624797,2018,0
0,0.0375838974543514,2018,0
0,0.0375838974543514,2018,0
0,0.0375838974543514,2018,0
0,0.0375838974543514,2018,0
0,0.0375838974543514,2018,0
0,0.0375838974543514,2018,0
0,0.027355607697714,2018,0
0,0.0393935217990466,2018,0
0,0.0393935217990466,2018,0
0,0.0427328736776996,2018,0
0,0.0388422356670383,2018,0
0,0.0515853831970396,2018,0
0,0.0383815292940873,2018,0
0,0.0268568723384795,2018,0
0,0.0371511131786665,2018,0
0,0.116374406221399,2018,0
0,0.0852908112030833,2018,0
0,0.111927326558287,2018,0
0,0.108709439797869,2018,0
0,0.110284577156155,2018,0
0,0.0902279296510834,2018,0
0,0.111927326558287,2018,0
0,0.0978919337442313,2018,0
0,0.132867418228463,2018,0
0,0.0552802366440093,2018,0
0,0.0488954519319594,2018,0
0,0.0560549515031411,2018,0
0,0.0552802366440093,2018,0
0,0.0552802366440093,2018,0
0,0.0560549515031411,2018,0
0,0.0507172085845862,2018,0
0,0.0552802366440093,2018,0
0,0.0560549515031411,2018,0
0,0.0560549515031411,2018,0
0,0.0552802366440093,2018,0
0,0.0560549515031411,2018,0
0,0.0552802366440093,2018,0
0,0.0552802366440093,2018,0
0,0.0552802366440093,2018,0
0,0.0552802366440093,2018,0
0,0.0552802366440093,2018,0
0,0.0429651185159369,2018,0
0,0.0465551956161044,2018,0
0,0.0382765986882343,2018,0
0,0.0382765986882343,2018,0
0,0.0822738506137048,2018,0
0,0.0822738506137048,2018,0
0,0.0822738506137048,2018,0
0,0.0258115439061236,2018,0
0,0.0538207740192671,2018,0
0,0.0376930934667081,2018,0
0,0.0376930934667081,2018,0
0,0.0376930934667081,2018,0
0,0.0376930934667081,2018,0
0,0.0344474285741454,2018,0
0,0.048295451074898,2018,0
0,0.0344474285741454,2018,0
0,0.0344474285741454,2018,0
0,0.048295451074898,2018,0
0,0.048295451074898,2018,0
0,0.0344474285741454,2018,0
0,0.0394750324603147,2018,0
0,0.0394750324603147,2018,0
0,0.0394750324603147,2018,0
0,0.0374741416730461,2018,0
0,0.0374741416730461,2018,0
0,0.0374741416730461,2018,0
0,0.0374741416730461,2018,0
0,NA,2018,NA
0,0.0510317597495553,2018,0
0,0.0510317597495553,2018,0
0,0.0510317597495553,2018,0
0,0.0510317597495553,2018,0
0,0.0510317597495553,2018,0
0,0.0381889882717139,2018,0
0,0.0381889882717139,2018,0
0,0.0381889882717139,2018,0
0,0.0381889882717139,2018,0
0,0.0381889882717139,2018,0
0,0.0381889882717139,2018,0
0,0.0381889882717139,2018,0
0,0.0424430570878112,2018,0
0,0.0248929488173459,2018,0
0,0.0635693702864277,2018,0
0,0.0610966938002043,2018,0
0,0.064523257742365,2018,0
0,0.0435607384617142,2018,0
0,0.0475019016606455,2018,0
0,0.0515340312272439,2018,0
0,0.0515340312272439,2018,0
0,0.0515340312272439,2018,0
0,0.0515340312272439,2018,0
0,0.0515340312272439,2018,0
0,0.0515340312272439,2018,0
0,0.0515340312272439,2018,0
0,0.0515340312272439,2018,0
0,0.0515340312272439,2018,0
0,0.0515340312272439,2018,0
0,0.0387401582543146,2018,0
0,0.0387401582543146,2018,0
0,0.0387401582543146,2018,0
0,0.0761062496935267,2018,0
0,0.0262435692265493,2018,0
0,0.2441296489119,2018,0
0,0.0651320506576935,2018,0
0,0.0651320506576935,2018,0
0,0.0651320506576935,2018,0
0,0.0651320506576935,2018,0
0,0.0726049582645379,2018,0
0,0.0781959707531053,2018,0
0,0.0486016498532766,2018,0
0,0.0486016498532766,2018,0
0,0.0486016498532766,2018,0
0,0.0486016498532766,2018,0
0,0.0486016498532766,2018,0
0,0.0394273863306007,2018,0
0,0.0394273863306007,2018,0
0,0.0394273863306007,2018,0
0,0.0394273863306007,2018,0
0,0.0394273863306007,2018,0
0,0.0394273863306007,2018,0
0,0.0267054769908258,2018,0
0,0.0377617253355991,2018,0
0,0.0377617253355991,2018,0
0,0.0437698826936116,2018,0
0,0.0374342591475955,2018,0
0,0.0489285669891043,2018,0
0,0.0397921139132298,2018,0
0,0.0258966431644854,2018,0
0,0.0383947347828279,2018,0
0,0.105098110181347,2018,0
0,0.0794909347802413,2018,0
0,0.0794909347802413,2018,0
0,0.0965308445003087,2018,0
0,0.0806708169146103,2018,0
0,0.0994659121134087,2018,0
0,0.0994659121134087,2018,0
0,0.0979020876291594,2018,0
0,0.0890198737598893,2018,0
0,0.0492813508837624,2018,0
0,0.0492813508837624,2018,0
0,0.0492813508837624,2018,0
0,0.0492813508837624,2018,0
0,0.0492813508837624,2018,0
0,0.0498509447556179,2018,0
0,0.0433452551099248,2018,0
0,0.0492813508837624,2018,0
0,0.045558996461208,2018,0
0,0.0492813508837624,2018,0
0,0.0498509447556179,2018,0
0,0.0498509447556179,2018,0
0,0.0492813508837624,2018,0
0,0.0492813508837624,2018,0
0,0.0498509447556179,2018,0
0,0.0498509447556179,2018,0
0,0.0492813508837624,2018,0
0,0.0477868501448736,2018,0
0,0.038898313380288,2018,0
0,0.038898313380288,2018,0
0,0.0721958785918774,2018,0
0,0.0721958785918774,2018,0
0,0.0253595443113539,2018,0
0,0.0253595443113539,2018,0
0,0.0705160280197701,2018,0
0,0.0767793860870545,2018,0
0,0.0533459803970881,2018,0
0,0.0533459803970881,2018,0
0,0.0390027925354517,2018,0
0,0.0390027925354517,2018,0
0,0.0390027925354517,2018,0
0,0.0310409693130987,2018,0
0,0.0310409693130987,2018,0
0,0.0421329670044879,2018,0
0,0.0421329670044879,2018,0
0,0.0310409693130987,2018,0
0,0.0421329670044879,2018,0
0,0.0310409693130987,2018,0
0,0.0384168303396888,2018,0
0,0.0384168303396888,2018,0
0,0.0384168303396888,2018,0
0,0.0384168303396888,2018,0
0,NA,2018,NA
0,0.0476384737653909,2018,0
0,0.0476384737653909,2018,0
0,0.0476384737653909,2018,0
0,0.0476384737653909,2018,0
0,0.0376871746851134,2018,0
0,0.0376871746851134,2018,0
0,0.0376871746851134,2018,0
0,0.0376871746851134,2018,0
0,0.0376871746851134,2018,0
0,0.0376871746851134,2018,0
0,0.0409784114178591,2018,0
0,0.0238307796004576,2018,0
0,0.0577244929601776,2018,0
0,0.0577244929601776,2018,0
0,0.0606669663602337,2018,0
0,0.0585354337931034,2018,0
0,0.0618879175405712,2018,0
0,0.0456149082072745,2018,0
0,0.0456149082072745,2018,0
0,0.0462989580677236,2018,0
0,0.0454844326205788,2018,0
0,0.0454844326205788,2018,0
0,0.0454844326205788,2018,0
0,0.0454844326205788,2018,0
0,0.0454844326205788,2018,0
0,0.0454844326205788,2018,0
0,0.0454844326205788,2018,0
0,0.0361473453252575,2018,0
0,0.0361473453252575,2018,0
0,0.0361473453252575,2018,0
0,0.0641958795981404,2018,0
0,0.0228724437157456,2018,0
0,0.199798484481308,2018,0
0,0.0590263143735364,2018,0
0,0.0590263143735364,2018,0
0,0.0590263143735364,2018,0
0,0.0770993596687929,2018,0
0,0.0717580593731003,2018,0
0,0.0456471083191813,2018,0
0,0.0456471083191813,2018,0
0,0.0456471083191813,2018,0
0,0.0456471083191813,2018,0
0,0.0456471083191813,2018,0
0,0.0346201471262264,2018,0
0,0.0346201471262264,2018,0
0,0.0346201471262264,2018,0
0,0.0346201471262264,2018,0
0,0.0346201471262264,2018,0
0,0.0346201471262264,2018,0
0,0.0218249367650654,2018,0
0,0.0349829897552451,2018,0
0,0.0349829897552451,2018,0
0,0.0460160549900916,2018,0
0,0.0405839832222034,2018,0
0,0.0336012431103625,2018,0
0,0.0211482927709874,2018,0
0,0.0474005944306698,2018,0
0,0.0866287109311549,2018,0
0,0.0695829775086011,2018,0
0,0.0695829775086011,2018,0
0,0.0683431880804333,2018,0
0,0.0805074010024766,2018,0
0,0.0814564238777742,2018,0
0,0.0827103802992598,2018,0
0,0.0827103802992598,2018,0
0,0.0747755213448428,2018,0
0,0.0494870936648392,2018,0
0,0.0494870936648392,2018,0
0,0.0292482526015431,2018,0
0,0.0423074438181032,2018,0
0,0.0426149689631544,2018,0
0,0.0426149689631544,2018,0
0,0.0423074438181032,2018,0
0,0.0372420935138023,2018,0
0,0.0426149689631544,2018,0
0,0.0423074438181032,2018,0
0,0.0423074438181032,2018,0
0,0.0423074438181032,2018,0
0,0.0423074438181032,2018,0
0,0.0423074438181032,2018,0
0,0.0423074438181032,2018,0
0,0.0423074438181032,2018,0
0,0.0426149689631544,2018,0
0,0.0423074438181032,2018,0
0,0.0437953263562269,2018,0
0,0.0328086407688241,2018,0
0,0.0328086407688241,2018,0
0,0.0578121315598239,2018,0
0,0.0211014166011737,2018,0
0,0.0211014166011737,2018,0
0,0.0684584764382755,2018,0
0,0.0629248374402598,2018,0
0,0.0483574106871465,2018,0
0,0.0483574106871465,2018,0
0,0.0321695491279215,2018,0
0,0.0321695491279215,2018,0
0,0.0321695491279215,2018,0
0,0.0355264028036642,2018,0
0,0.0265800378530623,2018,0
0,0.0265800378530623,2018,0
0,0.0355264028036642,2018,0
0,0.0265800378530623,2018,0
0,0.0265800378530623,2018,0
0,0.031734381540167,2018,0
0,0.031734381540167,2018,0
0,0.031734381540167,2018,0
0,NA,2018,NA
0,0.0399922459822281,2018,0
0,0.0399922459822281,2018,0
0,0.0399922459822281,2018,0
0,0.0301055612807884,2018,0
0,0.0301055612807884,2018,0
0,0.0301055612807884,2018,0
0,0.0301055612807884,2018,0
0,0.0301055612807884,2018,0
0,0.0324097214006526,2018,0
0,0.019255965025755,2018,0
0,0.0481355843830346,2018,0
0,0.0509614774234479,2018,0
0,0.0521948465897519,2018,0
0,0.0520887303135667,2018,0
0,0.0397841553779104,2018,0
0,0.0373135975128193,2018,0
0,0.0373135975128193,2018,0
0,0.0373135975128193,2018,0
0,0.0373135975128193,2018,0
0,0.0373135975128193,2018,0
0,0.0373135975128193,2018,0
0,0.0373135975128193,2018,0
0,0.0283985222238215,2018,0
0,0.0283985222238215,2018,0
0,0.0283985222238215,2018,0
0,0.0493776624499569,2018,0
0,0.0180257077907061,2018,0
0,0.160098096605385,2018,0
0,0.0504185970756122,2018,0
0,0.0504185970756122,2018,0
0,0.0504185970756122,2018,0
0,0.0501394460878686,2018,0
0,0.0524075039740474,2018,0
0,0.036614559753342,2018,0
0,0.036614559753342,2018,0
0,0.036614559753342,2018,0
0,0.036614559753342,2018,0
0,0.026705792129686,2018,0
0,0.026705792129686,2018,0
0,0.026705792129686,2018,0
0,0.026705792129686,2018,0
0,0.026705792129686,2018,0
0,0.026705792129686,2018,0
0,0.016918679272552,2018,0
0,0.0284140511523766,2018,0
0,0.0380815913624423,2018,0
0,0.0338521234035718,2018,0
0,0.0255526177145627,2018,0
0,0.0166713132792847,2018,0
0,0.0614943988975215,2018,0
0,0.0729559597645919,2018,0
0,0.0578468704305049,2018,0
0,0.0578468704305049,2018,0
0,0.0714175432862235,2018,0
0,0.0627445381032781,2018,0
0,0.0728902888490138,2018,0
0,0.0719786780694314,2018,0
0,0.0728902888490138,2018,0
0,0.0664212912254208,2018,0
0,0.0429708252189685,2018,0
0,0.0429909041171748,2018,0
0,0.0429708252189685,2018,0
0,0.0429909041171748,2018,0
0,0.0271589338107231,2018,0
0,0.0271589338107231,2018,0
0,0.0431186291608879,2018,0
0,0.0433194339651905,2018,0
0,0.0433194339651905,2018,0
0,0.0433194339651905,2018,0
0,0.0431186291608879,2018,0
0,0.0431186291608879,2018,0
0,0.0431186291608879,2018,0
0,0.0433194339651905,2018,0
0,0.0386885589929452,2018,0
0,0.0431186291608879,2018,0
0,0.0431186291608879,2018,0
0,0.0431186291608879,2018,0
0,0.0250482967681998,2018,0
0,0.0250482967681998,2018,0
0,0.0938184459834787,2018,0
0,0.0438821497812172,2018,0
0,0.0164097930076051,2018,0
0,0.044872259323675,2018,0
0,0.0465034040537495,2018,0
0,0.0401150743227002,2018,0
0,0.0401150743227002,2018,0
0,0.024168916149653,2018,0
0,0.024168916149653,2018,0
0,0.024168916149653,2018,0
0,0.0421478221605856,2018,0
0,0.0165083689338814,2018,0
0,0.0230084947359886,2018,0
0,0.0289451325131413,2018,0
0,0.0230084947359886,2018,0
0,0.0289451325131413,2018,0
0,0.0230084947359886,2018,0
0,0.0230084947359886,2018,0
0,0.0234208821101033,2018,0
0,0.0234208821101033,2018,0
0,0.0234208821101033,2018,0
0,NA,2018,NA
0,0.0305247686701536,2018,0
0,0.0305247686701536,2018,0
0,0.0227924841451812,2018,0
0,0.0227924841451812,2018,0
0,0.0227924841451812,2018,0
0,0.0227924841451812,2018,0
0,0.0227924841451812,2018,0
0,0.0262453708871342,2018,0
0,0.0166348882549289,2018,0
0,0.00931781202945229,2018,0
0,0.0404030580283309,2018,0
0,0.0408619024762581,2018,0
0,0.039346805539544,2018,0
0,0.0319182312401051,2018,0
0,0.0292611121338358,2018,0
0,0.0292611121338358,2018,0
0,0.0292611121338358,2018,0
0,0.0292611121338358,2018,0
0,0.0219621785351508,2018,0
0,0.0219621785351508,2018,0
0,0.0219621785351508,2018,0
0,0.0219621785351508,2018,0
0,0.0219621785351508,2018,0
0,0.04041887875445,2018,0
0,0.0167913721654268,2018,0
0,0.126138669941952,2018,0
0,0.0411699382683515,2018,0
0,0.0411699382683515,2018,0
0,0.0411699382683515,2018,0
0,0.0411699382683515,2018,0
0,0.0456184641193162,2018,0
0,0.0473123628098333,2018,0
0,0.0357277077704274,2018,0
0,0.0357277077704274,2018,0
0,0.0214229124130774,2018,0
0,0.0214229124130774,2018,0
0,0.0214229124130774,2018,0
0,0.0214229124130774,2018,0
0,0.0214229124130774,2018,0
0,0.0214229124130774,2018,0
0,0.01707287269884,2018,0
0,0.0236420849473356,2018,0
0,0.0393696898112965,2018,0
0,0.0210048963266275,2018,0
0,0.0176853766262443,2018,0
0,0.0840023987768855,2018,0
0,0.0493521554662616,2018,0
0,0.0493521554662616,2018,0
0,0.0493521554662616,2018,0
0,0.0726428596173378,2018,0
0,0.0722628447464648,2018,0
0,0.0391111789517659,2018,0
0,0.0391111789517659,2018,0
0,0.0398580700082522,2018,0
0,0.0391111789517659,2018,0
0,0.0391111789517659,2018,0
0,0.0398580700082522,2018,0
0,0.0262384507709003,2018,0
0,0.0262384507709003,2018,0
0,0.0419310955379125,2018,0
0,0.0419310955379125,2018,0
0,0.0419310955379125,2018,0
0,0.0419310955379125,2018,0
0,0.0419310955379125,2018,0
0,0.0419310955379125,2018,0
0,0.0384358977848125,2018,0
0,0.0381399406846255,2018,0
0,0.0419310955379125,2018,0
0,0.0419310955379125,2018,0
0,0.0419310955379125,2018,0
0,0.0419310955379125,2018,0
0,0.0420279632592097,2018,0
0,0.0420279632592097,2018,0
0,0.0419310955379125,2018,0
0,0.0420279632592097,2018,0
0,0.0420279632592097,2018,0
0,0.0419310955379125,2018,0
0,0.0419310955379125,2018,0
0,0.0206985260273161,2018,0
0,0.0206985260273161,2018,0
0,0.0860372276370753,2018,0
0,0.0406239895565216,2018,0
0,0.0406239895565216,2018,0
0,0.0182684499540352,2018,0
0,0.0336502034716393,2018,0
0,0.0336502034716393,2018,0
0,0.0206124213358658,2018,0
0,0.0206124213358658,2018,0
0,0.0206124213358658,2018,0
0,0.0408580013257749,2018,0
0,0.0294222898762146,2018,0
0,0.0294222898762146,2018,0
0,0.0241338203925416,2018,0
0,0.0241338203925416,2018,0
0,0.0241338203925416,2018,0
0,0.0241338203925416,2018,0
0,0.020850925137776,2018,0
0,0.020850925137776,2018,0
0,0.020850925137776,2018,0
0,NA,2018,NA
0,0.0286626587596844,2018,0
0,0.0286626587596844,2018,0
0,0.021334314012248,2018,0
0,0.021334314012248,2018,0
0,0.021334314012248,2018,0
0,0.021334314012248,2018,0
0,0.021334314012248,2018,0
0,0.027761093238036,2018,0
0,0.0194850506507299,2018,0
0,0.00945033605649303,2018,0
0,0.0451982291896192,2018,0
0,0.0456967968987125,2018,0
0,0.0414913390951296,2018,0
0,0.0353468980467149,2018,0
0,0.0299055208168112,2018,0
0,0.0299055208168112,2018,0
0,0.0299055208168112,2018,0
0,0.0299055208168112,2018,0
0,0.0299055208168112,2018,0
0,0.0218335420633756,2018,0
0,0.0218335420633756,2018,0
0,0.0218335420633756,2018,0
0,0.0476798807595929,2018,0
0,0.0196549121131468,2018,0
0,0.142561455470196,2018,0
0,0.0425628145369422,2018,0
0,0.0425628145369422,2018,0
0,0.0425628145369422,2018,0
0,0.0425628145369422,2018,0
0,0.0599091605524254,2018,0
0,0.0567643998025116,2018,0
0,0.0408584004351904,2018,0
0,0.0408584004351904,2018,0
0,0.0222715528781634,2018,0
0,0.0222715528781634,2018,0
0,0.0222715528781634,2018,0
0,0.0222715528781634,2018,0
0,0.0222715528781634,2018,0
0,0.0222715528781634,2018,0
0,0.020093374040715,2018,0
0,0.0236289658914821,2018,0
0,0.0393109846373552,2018,0
0,0.0426182917297607,2018,0
0,0.0463835120794522,2018,0
0,0.0222422795622404,2018,0
0,0.0203067154017643,2018,0
0,0.0909467141081069,2018,0
0,0.0556109279333909,2018,0
0,0.0556109279333909,2018,0
0,0.0556109279333909,2018,0
0,0.0431963044507335,2018,0
0,0.0431963044507335,2018,0
0,0.0433729342970325,2018,0
0,0.0433729342970325,2018,0
0,0.0433729342970325,2018,0
0,0.0262756675189421,2018,0
0,0.0262756675189421,2018,0
0,0.0408380239267713,2018,0
0,0.0408380239267713,2018,0
0,0.0408380239267713,2018,0
0,0.0409520698996708,2018,0
0,0.0408380239267713,2018,0
0,0.0409520698996708,2018,0
0,0.0684901152341695,2018,0
0,0.0408380239267713,2018,0
0,0.0408380239267713,2018,0
0,0.0408380239267713,2018,0
0,0.0408380239267713,2018,0
0,0.0408380239267713,2018,0
0,0.0408380239267713,2018,0
0,0.0408380239267713,2018,0
0,0.0408380239267713,2018,0
0,0.0408380239267713,2018,0
0,0.0408380239267713,2018,0
0,0.0408380239267713,2018,0
0,0.0408380239267713,2018,0
0,0.0408380239267713,2018,0
0,0.0408380239267713,2018,0
0,0.0408380239267713,2018,0
0,0.0408380239267713,2018,0
0,0.0408380239267713,2018,0
0,0.0408380239267713,2018,0
0,0.0408380239267713,2018,0
0,0.0409520698996708,2018,0
0,0.0370280484150151,2018,0
0,0.0386714536704131,2018,0
0,0.0409520698996708,2018,0
0,0.0408380239267713,2018,0
0,0.0408380239267713,2018,0
0,0.0408380239267713,2018,0
0,0.0408380239267713,2018,0
0,0.0408380239267713,2018,0
0,0.0408380239267713,2018,0
0,0.0408380239267713,2018,0
0,0.0408380239267713,2018,0
0,0.0408380239267713,2018,0
0,0.0223073430621979,2018,0
0,0.0223073430621979,2018,0
0,0.0492215277431911,2018,0
0,0.0492215277431911,2018,0
0,0.0210110082603657,2018,0
0,0.0364990817702846,2018,0
0,0.0364990817702846,2018,0
0,0.0225992962845033,2018,0
0,0.0225992962845033,2018,0
0,0.0225992962845033,2018,0
0,0.0519745333821811,2018,0
0,0.0272476296440374,2018,0
0,0.0235652167255223,2018,0
0,0.0235652167255223,2018,0
0,NA,2018,NA
0,0.0364568485119079,2018,0
0,0.0364568485119079,2018,0
0,0.0364568485119079,2018,0
0,0.0244839363806028,2018,0
0,0.0244839363806028,2018,0
0,0.0244839363806028,2018,0
0,0.0244839363806028,2018,0
0,0.0234753949635895,2018,0
0,0.00489476085391232,2018,0
0,0.0594634524806721,2018,0
0,0.0607311595643618,2018,0
0,0.0530986941589743,2018,0
0,0.0589998209063384,2018,0
0,0.0461579388837241,2018,0
0,0.0380368991008348,2018,0
0,0.0380368991008348,2018,0
0,0.0380368991008348,2018,0
0,0.0244894844229246,2018,0
0,0.0244894844229246,2018,0
0,0.0244894844229246,2018,0
0,0.058351443192996,2018,0
0,0.0234588713706488,2018,0
0,0.162166276008626,2018,0
0,0.0540454673566991,2018,0
0,0.0540454673566991,2018,0
0,0.0540454673566991,2018,0
0,0.0540454673566991,2018,0
0,0.0854545087862136,2018,0
0,0.0934894778436067,2018,0
0,0.0566627844538282,2018,0
0,0.0566627844538282,2018,0
0,0.0249454589125677,2018,0
0,0.0249454589125677,2018,0
0,0.0249454589125677,2018,0
0,0.0249454589125677,2018,0
0,0.0249454589125677,2018,0
0,0.0249454589125677,2018,0
0,0.0237321930514495,2018,0
0,0.0304844503944699,2018,0
0,0.0601520953793427,2018,0
0,0.052239609349258,2018,0
0,0.0256214820983571,2018,0
0,0.0239514577497031,2018,0
0,0.0864163345090787,2018,0
0,0.0595808240061327,2018,0
0,0.0595808240061327,2018,0
0,0.0595808240061327,2018,0
0,0.0500862353488718,2018,0
0,0.04917571541436,2018,0
0,0.04917571541436,2018,0
0,0.0500862353488718,2018,0
0,0.0288297887858982,2018,0
0,0.0288297887858982,2018,0
0,0.0288297887858982,2018,0
0,0.0758439899330604,2018,0
0,0.0455644184813723,2018,0
0,0.0453531838519776,2018,0
0,0.0453531838519776,2018,0
0,0.0453531838519776,2018,0
0,0.0455644184813723,2018,0
0,0.0453531838519776,2018,0
0,0.0455644184813723,2018,0
0,0.0453531838519776,2018,0
0,0.0453531838519776,2018,0
0,0.0453531838519776,2018,0
0,0.0453531838519776,2018,0
0,0.0455644184813723,2018,0
0,0.0453531838519776,2018,0
0,0.0453531838519776,2018,0
0,0.0453531838519776,2018,0
0,0.0413473679925952,2018,0
0,0.0453531838519776,2018,0
0,0.0453531838519776,2018,0
0,0.0453531838519776,2018,0
0,0.0453531838519776,2018,0
0,0.0453531838519776,2018,0
0,0.0453531838519776,2018,0
0,0.0453531838519776,2018,0
0,0.0453531838519776,2018,0
0,0.0884167421042435,2018,0
0,0.0266171178953065,2018,0
0,0.0266171178953065,2018,0
0,0.067403443127281,2018,0
0,0.067403443127281,2018,0
0,0.0240891579101986,2018,0
0,0.0942205809533769,2018,0
0,0.0464520267186225,2018,0
0,0.0464520267186225,2018,0
0,0.0276649083904855,2018,0
0,0.0276649083904855,2018,0
0,0.0717559688750537,2018,0
0,0.0281163144333705,2018,0
0,0.11725751051473,2018,0
0,0.0276639282665947,2018,0
0,0.0276639282665947,2018,0
0,0.0276639282665947,2018,0
0,NA,2018,NA
0,0.0489067232915072,2018,0
0,0.0489067232915072,2018,0
0,0.0268991387831272,2018,0
0,0.0268991387831272,2018,0
0,0.0268991387831272,2018,0
0,0.0820257293360855,2018,0
0,0.0789587097637057,2018,0
0,0.0786420510163133,2018,0
0,0.0646624998767702,2018,0
0,0.0478886599967873,2018,0
0,0.0478886599967873,2018,0
0,0.0478886599967873,2018,0
0,0.0265905198929738,2018,0
0,0.0265905198929738,2018,0
0,0.0265905198929738,2018,0
0,0.0265905198929738,2018,0
0,0.067326452215829,2018,0
0,0.153181343535438,2018,0
0,0.0699446265265607,2018,0
0,0.0699446265265607,2018,0
0,0.0699446265265607,2018,0
0,0.0699446265265607,2018,0
0,0.103942589781846,2018,0
0,0.115426625371779,2018,0
0,0.0767456776497975,2018,0
0,0.065997970652176,2018,0
0,0.026285719963811,2018,0
0,0.026285719963811,2018,0
0,0.026285719963811,2018,0
0,0.026285719963811,2018,0
0,0.0641056666013253,2018,0
0,0.0495353610429733,2018,0
0,0.0267228612872065,2018,0
0,0.0807298475545685,2018,0
0,0.0516831665779017,2018,0
0,0.0516831665779017,2018,0
0,0.0516831665779017,2018,0
0,0.0465682778090871,2018,0
0,0.0465682778090871,2018,0
0,0.0460927561612347,2018,0
0,0.0460927561612347,2018,0
0,0.0460927561612347,2018,0
0,0.0268972928690559,2018,0
0,0.0268972928690559,2018,0
0,0.0268972928690559,2018,0
0,0.0268972928690559,2018,0
0,0.0419564318145871,2018,0
0,0.0419564318145871,2018,0
0,0.0419564318145871,2018,0
0,0.0419564318145871,2018,0
0,0.0419564318145871,2018,0
0,0.0420031563563881,2018,0
0,0.0419564318145871,2018,0
0,0.0419564318145871,2018,0
0,0.0419564318145871,2018,0
0,0.0419564318145871,2018,0
0,0.0420031563563881,2018,0
0,0.0420031563563881,2018,0
0,0.0420031563563881,2018,0
0,0.0339475793299655,2018,0
0,0.0267747090051469,2018,0
0,0.0267747090051469,2018,0
0,0.0620526172132875,2018,0
0,0.0620526172132875,2018,0
0,0.0248427593844912,2018,0
0,0.0399083280678091,2018,0
0,0.0399083280678091,2018,0
0,0.0264215363799023,2018,0
0,0.0264215363799023,2018,0
0,0.0599975051007497,2018,0
0,0.0339290288338774,2018,0
0,0.0339290288338774,2018,0
0,0.0276779497058902,2018,0
0,0.0276779497058902,2018,0
0,0.0276779497058902,2018,0
0,0.0839222789531113,2018,0
0,0.028588124591073,2018,0
0,0.028588124591073,2018,0
0,0.0930644425391959,2018,0
0,0.0268223470342432,2018,0
0,0.0268223470342432,2018,0
0,NA,2018,NA
0,0.042796142351763,2018,0
0,0.042796142351763,2018,0
0,0.0278083143436417,2018,0
0,0.0278083143436417,2018,0
0,0.0278083143436417,2018,0
0,0.0745714713526709,2018,0
0,0.0718897488070327,2018,0
0,0.062575053337176,2018,0
0,0.0419225597978566,2018,0
0,0.0275942422493433,2018,0
0,0.0275942422493433,2018,0
0,0.0275942422493433,2018,0
0,0.062380229034048,2018,0
0,0.0996099618437229,2018,0
0,0.0909642182662165,2018,0
0,0.0603938885657385,2018,0
0,0.0603938885657385,2018,0
0,0.0274537873274081,2018,0
0,0.0274537873274081,2018,0
0,0.0274537873274081,2018,0
0,0.0613569226441657,2018,0
0,0.0520608760865624,2018,0
0,0.0272990419737639,2018,0
0,0.0980681870878934,2018,0
0,0.0561272506823516,2018,0
0,0.0561272506823516,2018,0
0,0.0553001050135109,2018,0
0,0.0553001050135109,2018,0
0,0.0559028491131793,2018,0
0,0.0559028491131793,2018,0
0,0.0559028491131793,2018,0
0,0.0311843791162364,2018,0
0,0.0311843791162364,2018,0
0,0.0311843791162364,2018,0
0,0.0311843791162364,2018,0
0,0.0487257079127557,2018,0
0,0.0487257079127557,2018,0
0,0.0489379412189927,2018,0
0,0.0487257079127557,2018,0
0,0.0487257079127557,2018,0
0,0.0489379412189927,2018,0
0,0.0489379412189927,2018,0
0,0.0487257079127557,2018,0
0,0.0487257079127557,2018,0
0,0.0487257079127557,2018,0
0,0.0487257079127557,2018,0
0,0.0489379412189927,2018,0
0,0.027438031656947,2018,0
0,0.027438031656947,2018,0
0,0.0617880559935098,2018,0
0,0.0249353721146097,2018,0
0,0.0823285196974063,2018,0
0,0.0430896781637823,2018,0
0,0.0430896781637823,2018,0
0,0.0278356382001063,2018,0
0,0.061844310619284,2018,0
0,0.0339195889304719,2018,0
0,0.0276823262792696,2018,0
0,0.0276823262792696,2018,0
0,0.0339195889304719,2018,0
0,0.0276823262792696,2018,0
0,0.0311518483805253,2018,0
0,0.0311518483805253,2018,0
0,0.0941291986927011,2018,0
0,0.0274008484307688,2018,0
0,0.0274008484307688,2018,0
0,NA,2018,NA
0,0.0401512130613098,2018,0
0,0.0401512130613098,2018,0
0,0.0263052487289106,2018,0
0,0.0263052487289106,2018,0
0,0.0263052487289106,2018,0
0,0.0263052487289106,2018,0
0,0.0679498510202275,2018,0
0,0.0656253006034692,2018,0
0,0.0539270714425709,2018,0
0,0.0389806068286454,2018,0
0,0.0254951219532348,2018,0
0,0.0254951219532348,2018,0
0,0.0254951219532348,2018,0
0,0.0587658285285658,2018,0
0,0.0786863896911623,2018,0
0,0.0850288189524265,2018,0
0,0.0546640631996357,2018,0
0,0.0243540771795242,2018,0
0,0.0243540771795242,2018,0
0,0.0742273878994067,2018,0
0,0.0326123672138203,2018,0
0,0.0517138362828793,2018,0
0,0.0437115055244118,2018,0
0,0.0237068136559682,2018,0
0,0.0518964512319724,2018,0
0,0.0478249562872499,2018,0
0,0.0480419697177201,2018,0
0,0.0480419697177201,2018,0
0,0.0478249562872499,2018,0
0,0.0478249562872499,2018,0
0,0.0275116606930903,2018,0
0,0.0275116606930903,2018,0
0,0.0275116606930903,2018,0
0,0.0275116606930903,2018,0
0,0.0412409416201229,2018,0
0,0.0413215799757273,2018,0
0,0.0412409416201229,2018,0
0,0.0412409416201229,2018,0
0,0.0413215799757273,2018,0
0,0.0413215799757273,2018,0
0,0.0412409416201229,2018,0
0,0.0413215799757273,2018,0
0,0.0412409416201229,2018,0
0,0.0412409416201229,2018,0
0,0.0412409416201229,2018,0
0,0.0412409416201229,2018,0
0,0.0230129954237189,2018,0
0,0.0553518497626577,2018,0
0,0.0372942050321007,2018,0
0,0.0372942050321007,2018,0
0,0.0230999427816428,2018,0
0,0.057021563467364,2018,0
0,0.0585339965198705,2018,0
0,0.0253075746883379,2018,0
0,0.031989636444389,2018,0
0,0.031989636444389,2018,0
0,0.0253075746883379,2018,0
0,0.0253075746883379,2018,0
0,0.0347945862817075,2018,0
0,0.0841283206834944,2018,0
0,NA,2018,NA
0,0.0334274017343743,2018,0
0,0.0229638848386737,2018,0
0,0.0229638848386737,2018,0
0,0.06296213726317,2018,0
0,0.0648069986518294,2018,0
0,0.0231468204937475,2018,0
0,0.0231468204937475,2018,0
0,0.0231468204937475,2018,0
0,0.0609157644716381,2018,0
0,0.0674109261857852,2018,0
0,0.0834481911624976,2018,0
0,0.0793721710325546,2018,0
0,0.0858900989426479,2018,0
0,0.0547399388191686,2018,0
0,0.0231826711356187,2018,0
0,0.0231826711356187,2018,0
0,0.0560918961999551,2018,0
0,0.0756714550854005,2018,0
0,0.0237565099521522,2018,0
0,0.0499022504110537,2018,0
0,0.0513833239990651,2018,0
0,0.0506420393701483,2018,0
0,0.0513833239990651,2018,0
0,0.0301011824117,2018,0
0,0.0301011824117,2018,0
0,0.0301011824117,2018,0
0,0.0426893241121747,2018,0
0,0.0426893241121747,2018,0
0,0.0426893241121747,2018,0
0,0.0473436610911232,2018,0
0,0.0428246286983278,2018,0
0,0.0428246286983278,2018,0
0,0.0426893241121747,2018,0
0,0.0426893241121747,2018,0
0,0.0428246286983278,2018,0
0,0.0426893241121747,2018,0
0,0.0421386898788224,2018,0
0,0.0244841059487113,2018,0
0,0.0654085002430063,2018,0
0,0.0383653924628107,2018,0
0,0.0246952959732839,2018,0
0,0.0660102479671555,2018,0
0,0.034797085643914,2018,0
0,0.0293724795479452,2018,0
0,NA,2018,NA
0,0.0588909945976851,2018,0
0,0.0357931239836299,2018,0
0,0.0253923609913728,2018,0
0,0.0804921369987456,2018,0
0,0.0778467568459699,2018,0
0,0.0258076461574136,2018,0
0,0.0258076461574136,2018,0
0,0.0693483927070565,2018,0
0,0.0768204670896197,2018,0
0,0.108731266862694,2018,0
0,0.0590277381139321,2018,0
0,0.0266306312368873,2018,0
0,0.0603588072170055,2018,0
0,0.105455733467295,2018,0
0,0.0883398687483465,2018,0
0,0.0584682013215575,2018,0
0,0.0653253412899073,2018,0
0,0.068446394856168,2018,0
0,0.068446394856168,2018,0
0,0.0394087956885655,2018,0
0,0.0394087956885655,2018,0
0,0.0560393583596487,2018,0
0,0.0560393583596487,2018,0
0,0.0560393583596487,2018,0
0,0.0560393583596487,2018,0
0,0.0560393583596487,2018,0
0,0.0560393583596487,2018,0
0,0.0560393583596487,2018,0
0,0.0560393583596487,2018,0
0,0.0560393583596487,2018,0
0,0.0560393583596487,2018,0
0,0.0560393583596487,2018,0
0,0.0560393583596487,2018,0
0,0.0560393583596487,2018,0
0,0.0560393583596487,2018,0
0,0.0951691819490476,2018,0
0,0.0565755055491334,2018,0
0,0.0560393583596487,2018,0
0,0.0565755055491334,2018,0
0,0.0560393583596487,2018,0
0,0.0560393583596487,2018,0
0,0.0282400674085172,2018,0
0,0.0760843301710688,2018,0
0,0.0401333749684634,2018,0
0,0.0283478734584906,2018,0
0,0.0276354654701647,2018,0
0,0.103130981821438,2018,0
0,0.0267041419688049,2018,0
0,0.0267041419688049,2018,0
0,0.0267041419688049,2018,0
0,NA,2018,NA
0,0.064274862115223,2018,0
0,0.0268375888018502,2018,0
0,0.0258092640193878,2018,0
0,0.0842779034683431,2018,0
0,0.0874613080339769,2018,0
0,0.0557637280614243,2018,0
0,0.0378592099949306,2018,0
0,0.0277178436612798,2018,0
0,0.0277178436612798,2018,0
0,0.0752687878746345,2018,0
0,0.0267645431757186,2018,0
0,0.0609653105738561,2018,0
0,0.0290415172816311,2018,0
0,0.0279622686602204,2018,0
0,0.0956133891998951,2018,0
0,0.0635271782266754,2018,0
0,0.0749145100615143,2018,0
0,0.0289802140007193,2018,0
0,0.0289802140007193,2018,0
0,0.0910148454517433,2018,0
0,0.0794410867358696,2018,0
0,0.0786961320293853,2018,0
0,0.0786961320293853,2018,0
0,0.0737965644365655,2018,0
0,0.0450730041561565,2018,0
0,0.0450730041561565,2018,0
0,0.0450730041561565,2018,0
0,0.0665433966480516,2018,0
0,0.0665433966480516,2018,0
0,0.0665433966480516,2018,0
0,0.0665433966480516,2018,0
0,0.0665433966480516,2018,0
0,0.0665433966480516,2018,0
0,0.0665433966480516,2018,0
0,0.0665433966480516,2018,0
0,0.0665433966480516,2018,0
0,0.0665433966480516,2018,0
0,0.0665433966480516,2018,0
0,0.0665433966480516,2018,0
0,0.0316310193160571,2018,0
0,0.0823712658658549,2018,0
0,0.0516843972864451,2018,0
0,0.0339462315383162,2018,0
0,0.0793114834518243,2018,0
0,0.0883583658620999,2018,0
0,0.0381705010207705,2018,0
0,0.0344150979217311,2018,0
0,0.143005004813663,2018,0
0,0.0618392221578374,2018,0
0,0.0396533858483196,2018,0
0,0.0396533858483196,2018,0
0,0.104696784180502,2018,0
0,0.0366130336326285,2018,0
0,0.0751704529705939,2018,0
0,0.0405087641673119,2018,0
0,0.0405087641673119,2018,0
0,0.0369283718594086,2018,0
0,0.119655391454169,2018,0
0,0.121626911696953,2018,0
0,0.0747444899972615,2018,0
0,0.0735856393003804,2018,0
0,0.0356545497997826,2018,0
0,0.0884235674494041,2018,0
0,0.0986929904605756,2018,0
0,0.288761236615458,2018,0
0,0.0822778840720183,2018,0
0,0.0822778840720183,2018,0
0,0.0822778840720183,2018,0
0,0.0767644050671056,2018,0
0,0.0451123251443148,2018,0
0,0.0451123251443148,2018,0
0,0.0451123251443148,2018,0
0,0.0451123251443148,2018,0
0,0.0620143387684485,2018,0
0,0.0665371758475029,2018,0
0,0.0665371758475029,2018,0
0,0.0665371758475029,2018,0
0,0.0665371758475029,2018,0
0,0.0665371758475029,2018,0
0,0.0665371758475029,2018,0
0,0.0665371758475029,2018,0
0,0.0665371758475029,2018,0
0,0.0392441775646284,2018,0
0,0.034642952230142,2018,0
0,0.0393580781355046,2018,0
0,0.0965964344346423,2018,0
0,0.0486244435954528,2018,0
0,0.0389864699068549,2018,0
0,0.0389864699068549,2018,0
0,0.0389864699068549,2018,0
0,0.0744686374738884,2018,0
0,0.0803240685895352,2018,0
0,0.0646112651745374,2018,0
0,0.0419437931582368,2018,0
0,0.0333214157323812,2018,0
0,0.124047947553212,2018,0
0,0.0650176055608461,2018,0
0,0.0650176055608461,2018,0
0,0.0426338319590854,2018,0
0,0.0426338319590854,2018,0
0,0.0965099248560471,2018,0
0,0.0326097314560175,2018,0
0,0.0665777804220052,2018,0
0,0.0429024268861661,2018,0
0,0.0429024268861661,2018,0
0,0.0311096262573946,2018,0
0,0.107724361171332,2018,0
0,0.109888806461518,2018,0
0,0.0648923723316267,2018,0
0,0.0810092703657613,2018,0
0,0.0856303495466408,2018,0
0,0.264477321575325,2018,0
0,0.0705727418553075,2018,0
0,0.0747815120562019,2018,0
0,0.0705727418553075,2018,0
0,0.0747815120562019,2018,0
0,0.0747815120562019,2018,0
0,0.0416003098979586,2018,0
0,0.0416003098979586,2018,0
0,0.0416003098979586,2018,0
0,0.0416003098979586,2018,0
0,0.0665037395343345,2018,0
0,0.0619538112507718,2018,0
0,0.0619538112507718,2018,0
0,0.0665037395343345,2018,0
0,0.0665037395343345,2018,0
0,0.0665037395343345,2018,0
0,0.0665037395343345,2018,0
0,0.0665037395343345,2018,0
0,0.0665037395343345,2018,0
0,0.0665037395343345,2018,0
1,0.0731677986533685,2018,0
1,0.12510237702052,2018,0
1,0.0292611121338358,2018,0
1,0.0476384737653909,2018,0
1,0.0373135975128193,2018,0
1,0.0292611121338358,2018,0
1,0.0334274017343743,2018,0
1,0.0478886599967873,2018,0
1,0.0373135975128193,2018,0
1,0.115436455105769,2018,0
1,0.0489067232915072,2018,0
1,0.0380368991008348,2018,0
1,0.0343161509963083,2018,0
1,0.0343161509963083,2018,0
1,0.097898214413809,2018,0
1,0.0380368991008348,2018,0
1,0.10660865084233,2018,0
1,0.0493389826315313,2018,0
1,0.0688286803382803,2018,0
1,0.0903368512394976,2018,0
1,0.0818129008248,2018,0
1,0.0275942422493433,2018,0
1,0.0451524731880497,2018,0
1,0.0234160269196282,2018,0
1,0.0877541948824092,2018,0
1,0.0266306312368873,2018,0
1,0.0243540771795242,2018,0
1,0.0818129008248,2018,0
1,0.0253923609913728,2018,0
1,0.0976562073042598,2018,0
1,0.16856180126647,2018,0
1,0.0446198215631288,2018,0
1,0.026285719963811,2018,0
1,0.0278356382001063,2018,0
1,0.0262826935495189,2018,0
1,0.026285719963811,2018,0
1,0.0631081870462627,2018,0
1,0.0227924841451812,2018,0
1,0.0376871746851134,2018,0
1,0.026285719963811,2018,0
1,0.0272154047952996,2018,0
1,0.0139994144090973,2018,0
1,0.0234160269196282,2018,0
1,0.086873639295648,2018,0
1,0.132547848501495,2018,0
1,0.084983774973929,2018,0
1,0.0648687501595419,2018,0
1,0.0844776401847873,2018,0
1,0.0672801426859669,2018,0
1,0.0634372552258691,2018,0
1,0.0733565644949561,2018,0
1,0.0733565644949561,2018,0
1,0.156225261969249,2018,0
1,0.198373781646958,2018,0
1,0.156732931201664,2018,0
1,0.0818129008248,2018,0
1,0.0229638848386737,2018,0
1,0.034797085643914,2018,0
1,0.0355264028036642,2018,0
1,0.144827624717995,2018,0
1,0.139659030201129,2018,0
1,0.100184107602215,2018,0
1,0.0721958785918774,2018,0
1,0.0578121315598239,2018,0
1,0.21510130280669,2018,0
1,0.0747295377763286,2018,0
1,0.0202491272737018,2018,0
1,0.0386714536704131,2018,0
1,0.0434979130707789,2018,0
1,0.0217650256469746,2018,0
1,0.0345333171258491,2018,0
1,0.408316654774815,2018,0
1,0.0268015778064846,2018,0
1,0.0250198114313179,2018,0
1,0.0268015778064846,2018,0
1,0.0265562815120951,2018,0
1,0.0256965820216609,2018,0
1,0.0446198215631288,2018,0
1,0.0229638848386737,2018,0
1,0.0697250343020527,2018,0
1,0.0244841059487113,2018,0
1,0.162166276008626,2018,0
1,0.49760903604981,2018,0
1,0.0684727815186525,2018,0
1,0.0453531838519776,2018,0
1,0.0453531838519776,2018,0
1,0.0453531838519776,2018,0
1,0.0453531838519776,2018,0
1,0.132882960055767,2018,0
1,0.0665371758475029,2018,0
1,0.0453531838519776,2018,0
1,0.0408380239267713,2018,0
1,0.0453531838519776,2018,0
1,0.0453531838519776,2018,0
1,0.0408380239267713,2018,0
1,0.0449371366268747,2018,0
1,0.0665433966480516,2018,0
1,0.0453531838519776,2018,0
1,0.0453531838519776,2018,0
1,0.0408380239267713,2018,0
1,0.0408380239267713,2018,0
1,0.0408380239267713,2018,0
1,0.0381168727318459,2018,0
1,0.0423074438181032,2018,0
1,0.299405466390194,2018,0
1,0.0665433966480516,2018,0
1,0.0408380239267713,2018,0
1,0.0453531838519776,2018,0
1,0.0453531838519776,2018,0
1,0.305388973006448,2018,0
1,0.0453531838519776,2018,0
1,0.0426893241121747,2018,0
1,0.0408380239267713,2018,0
1,0.0516219746386845,2018,0
1,0.0453531838519776,2018,0
1,0.0408380239267713,2018,0
1,0.0665037395343345,2018,0
1,0.0492813508837624,2018,0
1,0.0408380239267713,2018,0
1,0.0506683921647703,2018,0
1,0.0235652167255223,2018,0
1,0.0396533858483196,2018,0
1,0.0182492227444214,2018,0
1,0.0200697551446862,2018,0
1,0.0697250343020527,2018,0
1,0.0218335420633756,2018,0
1,0.0276649083904855,2018,0
1,0.0217968706137385,2018,0
1,0.0237565099521522,2018,0
1,0.0443934716991601,2018,0
1,0.0419310955379125,2018,0
1,0.0408380239267713,2018,0
1,0.0487257079127557,2018,0
1,0.169741835788433,2018,0
1,0.169741835788433,2018,0
1,0.156732931201664,2018,0
1,0.0122288385524105,2018,0
1,0.132405126538623,2018,0
1,0.0211940380787256,2018,0
1,0.0334544706211754,2018,0
1,0.0408063578266539,2018,0
1,0.0408063578266539,2018,0
1,0.0394087956885655,2018,0
1,0.0750338282090837,2018,0
1,0.0276779497058902,2018,0
1,0.0711073258511995,2018,0
1,0.0223425775003541,2018,0
1,0.02491187696335,2018,0
1,0.0249334062274967,2018,0
1,0.0249373756193428,2018,0
1,0.0292482526015431,2018,0
1,0.0506420393701483,2018,0
1,0.122928207064036,2018,0
1,0.00848172937836516,2018,0
1,0.0383653924628107,2018,0
1,NA,2018,NA
1,0.139896010902295,2018,0
1,0.0527843055098918,2018,0
1,0.0554198181454943,2018,0
1,0.0554198181454943,2018,0
1,0.0554198181454943,2018,0
1,0.123445185520112,2018,0
1,0.0554198181454943,2018,0
1,0.206190941986766,2018,0
1,0.113061918976605,2018,0
1,0.0480419697177201,2018,0
1,0.0481355843830346,2018,0
1,0.116010529751332,2018,0
1,0.0635716360772578,2018,0
1,0.0500862353488718,2018,0
1,0.0665037395343345,2018,0
1,0.0293449159964971,2018,0
1,0.132882960055767,2018,0
1,0.0431186291608879,2018,0
1,0.0506420393701483,2018,0
1,0.0418525075794295,2018,0
1,0.10901780069162,2018,0
1,0.110525747047213,2018,0
1,0.128836534121352,2018,0
1,0.0426893241121747,2018,0
1,0.0275116606930903,2018,0
1,0.0301011824117,2018,0
1,0.0803472346471033,2018,0
1,0.1362003254334,2018,0
1,0.0506420393701483,2018,0
1,0.0215092011863112,2018,0
1,0.122237156759808,2018,0
1,0.0837116018844786,2018,0
1,0.0764474713468235,2018,0
1,0.121150401190409,2018,0
1,0.143669588729833,2018,0
1,0.0428246286983278,2018,0
1,0.0565755055491334,2018,0
1,0.0994403023243099,2018,0
1,0.042277741121355,2018,0
1,0.0420279632592097,2018,0
1,0.0465376803454279,2018,0
1,0.0447178332588195,2018,0
1,0.102076400524226,2018,0
1,0.0947268917051832,2018,0
1,0.0238443163917339,2018,0
1,0.141651709545284,2018,0
1,0.0419058506404632,2018,0
1,0.0690279543314627,2018,0
0,0.0457771575642262,2019,0
0,0.0946104372562538,2019,0
0,0.0464793224501637,2019,0
0,0.108667440151747,2019,0
0,0.0303199818964,2019,0
0,0.0463898984707134,2019,0
0,0.0303199818964,2019,0
0,0.0303199818964,2019,0
0,0.0462070934001532,2019,0
0,0.140861448597365,2019,0
0,0.0495327292051063,2019,0
0,0.0516633375431208,2019,0
0,0.0516633375431208,2019,0
0,0.131396820622483,2019,0
0,0.123909184783842,2019,0
0,0.0744072858930555,2019,0
0,0.0446089923786882,2019,0
0,0.0564238024480965,2019,0
0,0.291097847970487,2019,0
0,0.063334609324969,2019,0
0,0.063334609324969,2019,0
0,0.167758619941246,2019,0
0,0.203993550384905,2019,0
0,0.262150000227038,2019,0
0,0.253358346728127,2019,0
0,0.0601410564497333,2019,0
0,0.12117842075525,2019,0
0,0.391571090387874,2019,0
0,0.151470387073735,2019,0
0,0.161148057145806,2019,0
0,0.151470387073735,2019,0
0,0.161148057145806,2019,0
0,0.161148057145806,2019,0
0,0.151470387073735,2019,0
0,0.121141048670709,2019,0
0,0.121141048670709,2019,0
0,0.121141048670709,2019,0
0,0.121141048670709,2019,0
0,0.137500506838856,2019,0
0,0.138983042283823,2019,0
0,0.137500506838856,2019,0
0,0.137500506838856,2019,0
0,0.137500506838856,2019,0
0,0.137500506838856,2019,0
0,0.0845786249768788,2019,0
0,0.233395593517228,2019,0
0,0.0931707572243354,2019,0
0,0.0931707572243354,2019,0
0,0.333792653850729,2019,0
0,0.169335304807603,2019,0
0,0.157064604679453,2019,0
0,0.348406864873058,2019,0
0,0.103403399240975,2019,0
0,0.197840385455632,2019,0
0,0.116225498000001,2019,0
0,0.116225498000001,2019,0
0,0.116225498000001,2019,0
0,0.348124558800641,2019,0
0,0.187045482134335,2019,0
0,0.12634706688994,2019,0
0,0.483009255253618,2019,0
0,0.13560266355297,2019,0
0,0.13560266355297,2019,0
0,0.419204949054889,2019,0
0,0.449936941963972,2019,0
0,0.095642073395987,2019,0
0,0.214846508323366,2019,0
0,0.275518995772476,2019,0
0,0.31095919120989,2019,0
0,0.31095919120989,2019,0
0,0.275518995772476,2019,0
0,0.275518995772476,2019,0
0,0.275518995772476,2019,0
0,0.228676514032391,2019,0
0,0.228676514032391,2019,0
0,0.228676514032391,2019,0
0,0.236833486281531,2019,0
0,0.231864786831783,2019,0
0,0.236833486281531,2019,0
0,0.231864786831783,2019,0
0,0.231864786831783,2019,0
0,0.154680729819862,2019,0
0,0.491269100121169,2019,0
0,0.457429805299405,2019,0
0,0.291002979334894,2019,0
0,0.157313966030564,2019,0
0,0.155302260473793,2019,0
0,0.155302260473793,2019,0
0,0.540297501839679,2019,1
0,0.212274577661573,2019,0
0,0.513302630068509,2019,1
0,0.282512547638227,2019,0
0,0.251277122323946,2019,0
0,0.1579943732391,2019,0
0,0.1579943732391,2019,0
0,0.1579943732391,2019,0
0,0.25966147577783,2019,0
0,0.25966147577783,2019,0
0,0.158790298435382,2019,0
0,0.158790298435382,2019,0
0,0.507349880180982,2019,1
0,0.433050997985433,2019,0
0,0.466576177720193,2019,0
0,0.158038987198094,2019,0
0,0.158038987198094,2019,0
0,0.158038987198094,2019,0
0,0.187549319566467,2019,0
0,0.217644622529959,2019,0
0,0.217644622529959,2019,0
0,0.245535221774261,2019,0
0,0.217644622529959,2019,0
0,0.217644622529959,2019,0
0,0.245535221774261,2019,0
0,0.177324781586732,2019,0
0,0.177324781586732,2019,0
0,0.197714424385381,2019,0
0,0.201758851230271,2019,0
0,0.201758851230271,2019,0
0,0.201758851230271,2019,0
0,0.205987143391148,2019,0
0,0.201758851230271,2019,0
0,0.161238887032605,2019,0
0,0.472109316261438,2019,0
0,0.420530704569974,2019,0
0,0.195217723025076,2019,0
0,0.178102019404909,2019,0
0,0.16732796346817,2019,0
0,0.16732796346817,2019,0
0,0.16732796346817,2019,0
0,0.140736126924976,2019,0
0,0.254750778727759,2019,0
0,0.159140932232765,2019,0
0,0.159140932232765,2019,0
0,0.159140932232765,2019,0
0,0.233656904132901,2019,0
0,0.233656904132901,2019,0
0,0.148663955886017,2019,0
0,0.148663955886017,2019,0
0,0.418587316918348,2019,0
0,0.372693741354478,2019,0
0,0.401999851323926,2019,0
0,0.144363700880563,2019,0
0,0.144363700880563,2019,0
0,0.144363700880563,2019,0
0,0.348463230606578,2019,0
0,0.314757319294058,2019,0
0,0.0857540570127931,2019,0
0,0.191656343434213,2019,0
0,0.194559281096536,2019,0
0,0.194559281096536,2019,0
0,0.217543549749571,2019,0
0,0.217543549749571,2019,0
0,0.154660984625889,2019,0
0,0.176045975849485,2019,0
0,0.131011387614053,2019,0
0,0.329922339851595,2019,0
0,0.290822800903965,2019,0
0,0.290822800903965,2019,0
0,0.143222002448223,2019,0
0,0.1259384454485,2019,0
0,0.1259384454485,2019,0
0,0.1259384454485,2019,0
0,0.187080909873793,2019,0
0,0.15974663578508,2019,0
0,0.146675282148261,2019,0
0,0.146675282148261,2019,0
0,0.146675282148261,2019,0
0,0.270542785493095,2019,0
0,0.212449038143141,2019,0
0,0.395648773026348,2019,0
0,0.336805078643656,2019,0
0,0.193628963811902,2019,0
0,0.174807189196178,2019,0
0,0.147875699487163,2019,0
0,0.163639703777845,2019,0
0,0.125511994465644,2019,0
0,0.190234151274645,2019,0
0,0.159989301802918,2019,0
0,0.159989301802918,2019,0
0,0.073060403075023,2019,0
0,0.102110716089514,2019,0
0,0.102110716089514,2019,0
0,0.129196745727006,2019,0
0,0.0381512690832532,2019,0
0,0.0381512690832532,2019,0
0,0.0621465426834436,2019,0
0,0.0572653711851531,2019,0
0,0.0572653711851531,2019,0
0,0.0572653711851531,2019,0
0,0.0973845466625253,2019,0
0,0.229531811723548,2019,0
0,0.334620436635639,2019,0
0,0.250581950571371,2019,0
0,0.0914418757691292,2019,0
0,0.09081499452172,2019,0
0,0.0801644790779837,2019,0
0,0.0834525096332997,2019,0
0,0.0801644790779837,2019,0
0,0.0727083354868574,2019,0
0,0.0908435395008357,2019,0
0,0.0908435395008357,2019,0
0,0.0699641125488592,2019,0
0,0.0277134467654481,2019,0
0,0.0277134467654481,2019,0
0,0.043264789018001,2019,0
0,0.0420653846911948,2019,0
0,0.0420653846911948,2019,0
0,0.0420653846911948,2019,0
0,0.0420653846911948,2019,0
0,0.0927228909052732,2019,0
0,0.186258134259166,2019,0
0,0.08789131078528,2019,0
0,0.132210390886069,2019,0
0,0.0468304692068029,2019,0
0,0.084073301196085,2019,0
0,0.0686490868824162,2019,0
0,0.0700495584862965,2019,0
0,0.0577818504506544,2019,0
0,0.0786196554289082,2019,0
0,0.0818261575608935,2019,0
0,0.0818261575608935,2019,0
0,0.0584698070399633,2019,0
0,0.343927497574447,2019,0
0,0.0485779231589351,2019,0
0,0.0549779074386774,2019,0
0,0.0549779074386774,2019,0
0,0.0549779074386774,2019,0
0,0.101937720115292,2019,0
0,0.116314121394074,2019,0
0,0.0829374338936708,2019,0
0,0.130217257674816,2019,0
0,0.0918035540707118,2019,0
0,0.0849137819494579,2019,0
0,0.0849137819494579,2019,0
0,0.0918035540707118,2019,0
0,0.0655067005762247,2019,0
0,0.0655067005762247,2019,0
0,0.0860762974556531,2019,0
0,0.0875453771266792,2019,0
0,0.0860762974556531,2019,0
0,0.135778027660411,2019,0
0,0.135778027660411,2019,0
0,0.0795529246149404,2019,0
0,0.0634093399396865,2019,0
0,0.0655567601565603,2019,0
0,0.0655567601565603,2019,0
0,0.11020101628738,2019,0
0,0.372317042562557,2019,0
0,0.0680469544876369,2019,0
0,0.0989311621702473,2019,0
0,0.0873969633454889,2019,0
0,0.0743038335439991,2019,0
0,0.0751809138670586,2019,0
0,0.0920528796803551,2019,0
0,0.0920528796803551,2019,0
0,0.0214942106778978,2019,0
0,0.0214942106778978,2019,0
0,0.0214942106778978,2019,0
0,0.0214942106778978,2019,0
0,0.0478441964029205,2019,0
0,0.0431343087824845,2019,0
0,0.0671531599628457,2019,0
0,0.0502810635789626,2019,0
0,0.0827298719775822,2019,0
0,0.0827298719775822,2019,0
0,0.0742680969466085,2019,0
0,0.0531322473492344,2019,0
0,0.0742680969466085,2019,0
0,0.0590879870752683,2019,0
0,0.0518054885025432,2019,0
0,0.0518054885025432,2019,0
0,0.0440565181555451,2019,0
0,0.0330392277797049,2019,0
0,0.016492184802502,2019,0
0,0.0330392277797049,2019,0
0,0.016492184802502,2019,0
0,0.0330392277797049,2019,0
0,0.016492184802502,2019,0
0,0.016492184802502,2019,0
0,0.0535199256451512,2019,0
0,0.0562157137622824,2019,0
0,0.0565380505276393,2019,0
0,0.0587959460336623,2019,0
0,0.115390989079219,2019,0
0,0.115390989079219,2019,0
0,0.0922115868626094,2019,0
0,0.0922115868626094,2019,0
0,0.0647206924686354,2019,0
0,0.0669234316251598,2019,0
0,0.0669234316251598,2019,0
0,0.0669234316251598,2019,0
0,0.0669234316251598,2019,0
0,0.0669234316251598,2019,0
0,0.0621074425282987,2019,0
0,0.0621074425282987,2019,0
0,0.0171320620013583,2019,0
0,0.0353949773460272,2019,0
0,0.0413406508500432,2019,0
0,0.119307899433001,2019,0
0,0.0179818258949475,2019,0
0,0.0179818258949475,2019,0
0,0.0179818258949475,2019,0
0,0.0368062048089722,2019,0
0,0.0480143517456995,2019,0
0,0.0447731807942715,2019,0
0,0.0415219767126079,2019,0
0,0.105698897264614,2019,0
0,0.0434843574527784,2019,0
0,0.0508542254367975,2019,0
0,0.0508542254367975,2019,0
0,0.0508542254367975,2019,0
0,0.0508542254367975,2019,0
0,0.0508542254367975,2019,0
0,0.0381408158642948,2019,0
0,0.0381408158642948,2019,0
0,0.0728274621954607,2019,0
0,0.0129142673801951,2019,0
0,0.0129142673801951,2019,0
0,0.0129142673801951,2019,0
0,0.0207089181129818,2019,0
0,0.011665077327712,2019,0
0,0.011665077327712,2019,0
0,0.030135244896957,2019,0
0,0.0372191775944098,2019,0
0,0.0372191775944098,2019,0
0,0.0372191775944098,2019,0
0,0.0372191775944098,2019,0
0,0.0372191775944098,2019,0
0,0.0372191775944098,2019,0
0,0.0372191775944098,2019,0
0,0.0372191775944098,2019,0
0,0.0372191775944098,2019,0
0,0.0372191775944098,2019,0
0,0.0307554073928174,2019,0
0,0.0286623744407652,2019,0
0,0.0238130339296719,2019,0
0,0.0238130339296719,2019,0
0,0.00849088916349889,2019,0
0,0.00849088916349889,2019,0
0,0.00849088916349889,2019,0
0,0.0535512493863587,2019,0
0,0.0267113770927997,2019,0
0,0.015514556435555,2019,0
0,0.0469076483243269,2019,0
0,0.0270800095725247,2019,0
0,0.00772736189846942,2019,0
0,0.00772736189846942,2019,0
0,0.00772736189846942,2019,0
0,0.02696325954463,2019,0
0,0.0258075016309143,2019,0
0,0.0245897995013052,2019,0
0,0.0245897995013052,2019,0
0,0.0245897995013052,2019,0
0,0.0245897995013052,2019,0
0,0.0245897995013052,2019,0
0,0.0245897995013052,2019,0
0,0.0245897995013052,2019,0
0,0.0245897995013052,2019,0
0,0.0245897995013052,2019,0
0,0.0245897995013052,2019,0
0,0.0265481854403531,2019,0
0,0.0203994764070218,2019,0
0,0.00659914156851854,2019,0
0,0.00659914156851854,2019,0
0,0.0248523181338762,2019,0
0,0.0139552191650845,2019,0
0,0.0434062453820422,2019,0
0,0.0243277474370345,2019,0
0,0.00640580499780774,2019,0
0,0.00640580499780774,2019,0
0,0.0250854060417614,2019,0
0,0.0249882990468743,2019,0
0,0.0333438876781002,2019,0
0,0.035421450921339,2019,0
0,0.0471118383885789,2019,0
0,0.0390881363493044,2019,0
0,0.0253899537526501,2019,0
0,0.0253899537526501,2019,0
0,0.0253899537526501,2019,0
0,0.0253899537526501,2019,0
0,0.0253899537526501,2019,0
0,0.0253899537526501,2019,0
0,0.0253899537526501,2019,0
0,0.0253899537526501,2019,0
0,0.0253899537526501,2019,0
0,0.0253899537526501,2019,0
0,0.0253899537526501,2019,0
0,0.0243388763960937,2019,0
0,0.0286504560692623,2019,0
0,0.00758719027526621,2019,0
0,0.0196538731938486,2019,0
0,0.0196538731938486,2019,0
0,0.0239312224165337,2019,0
0,0.0143065541538097,2019,0
0,0.0414884498612051,2019,0
0,0.0233761225608134,2019,0
0,0.00650648447712336,2019,0
0,0.00650648447712336,2019,0
0,0.0227735312948824,2019,0
0,0.0583395590489317,2019,0
0,0.021761275904526,2019,0
0,0.0356380826184391,2019,0
0,0.0356380826184391,2019,0
0,0.0304978733415018,2019,0
0,0.0402573578899092,2019,0
0,0.0212455482330511,2019,0
0,0.0212455482330511,2019,0
0,0.0212455482330511,2019,0
0,0.0212455482330511,2019,0
0,0.0212455482330511,2019,0
0,0.0212455482330511,2019,0
0,0.0212455482330511,2019,0
0,0.0212455482330511,2019,0
0,0.0212455482330511,2019,0
0,0.0212455482330511,2019,0
0,0.0212455482330511,2019,0
0,0.0212455482330511,2019,0
0,0.0212455482330511,2019,0
0,0.0212455482330511,2019,0
0,0.0212455482330511,2019,0
0,0.0212455482330511,2019,0
0,0.0212455482330511,2019,0
0,0.0212455482330511,2019,0
0,0.0212455482330511,2019,0
0,0.0212455482330511,2019,0
0,0.0212455482330511,2019,0
0,0.0212455482330511,2019,0
0,0.0212974655837967,2019,0
0,0.00826926631847645,2019,0
0,0.00826926631847645,2019,0
0,0.0309931649869722,2019,0
0,0.0205787956775233,2019,0
0,0.014915172670927,2019,0
0,0.0347399867347074,2019,0
0,0.0213149916311608,2019,0
0,0.0226796099250312,2019,0
0,0.0512580168019874,2019,0
0,0.0240866658846019,2019,0
0,0.0155878765059439,2019,0
0,0.0155878765059439,2019,0
0,0.0155878765059439,2019,0
0,0.0155878765059439,2019,0
0,0.0155878765059439,2019,0
0,0.0155878765059439,2019,0
0,0.0155878765059439,2019,0
0,0.0166979412865373,2019,0
0,0.0155878765059439,2019,0
0,0.0155878765059439,2019,0
0,0.0155878765059439,2019,0
0,0.0155878765059439,2019,0
0,0.0155878765059439,2019,0
0,0.0155878765059439,2019,0
0,0.0155878765059439,2019,0
0,0.0155878765059439,2019,0
0,0.0155878765059439,2019,0
0,0.0155878765059439,2019,0
0,0.0155878765059439,2019,0
0,0.0155878765059439,2019,0
0,0.0155878765059439,2019,0
0,0.0155878765059439,2019,0
0,0.0155878765059439,2019,0
0,0.0155878765059439,2019,0
0,0.0155878765059439,2019,0
0,0.0155878765059439,2019,0
0,0.0155878765059439,2019,0
0,0.0155878765059439,2019,0
0,0.0155878765059439,2019,0
0,0.0155878765059439,2019,0
0,0.0155878765059439,2019,0
0,0.0155878765059439,2019,0
0,0.0155878765059439,2019,0
0,0.0155878765059439,2019,0
0,0.0236407401127997,2019,0
0,0.00765053369158664,2019,0
0,0.00765053369158664,2019,0
0,0.00765053369158664,2019,0
0,0.0145234123143355,2019,0
0,0.00765053369158664,2019,0
0,0.00953952910774235,2019,0
0,0.00953952910774235,2019,0
0,0.034092015769213,2019,0
0,0.0229467617949371,2019,0
0,0.0170892759061642,2019,0
0,0.0348135867009639,2019,0
0,0.0235240908687091,2019,0
0,0.022890575667081,2019,0
0,0.0466501493188084,2019,0
0,0.0237154170156695,2019,0
0,0.0149831531123316,2019,0
0,0.0178629727104702,2019,0
0,0.0178629727104702,2019,0
0,0.0178629727104702,2019,0
0,0.0178629727104702,2019,0
0,0.0178629727104702,2019,0
0,0.0178629727104702,2019,0
0,0.0178629727104702,2019,0
0,0.0178629727104702,2019,0
0,0.0178629727104702,2019,0
0,0.0194043099305133,2019,0
0,0.0178629727104702,2019,0
0,0.0178629727104702,2019,0
0,0.0178629727104702,2019,0
0,0.0178629727104702,2019,0
0,0.0178629727104702,2019,0
0,0.0178629727104702,2019,0
0,0.0178629727104702,2019,0
0,0.0178629727104702,2019,0
0,0.0178629727104702,2019,0
0,0.0178629727104702,2019,0
0,0.0178629727104702,2019,0
0,0.0178629727104702,2019,0
0,0.0178629727104702,2019,0
0,0.0178629727104702,2019,0
0,0.0178629727104702,2019,0
0,0.0178629727104702,2019,0
0,0.0178629727104702,2019,0
0,0.0178629727104702,2019,0
0,0.0178629727104702,2019,0
0,0.0178629727104702,2019,0
0,0.0178629727104702,2019,0
0,0.0178629727104702,2019,0
0,0.0233250931662302,2019,0
0,0.00927183949966348,2019,0
0,0.00927183949966348,2019,0
0,0.0337655893316652,2019,0
0,0.0140929654013418,2019,0
0,0.0214697047861119,2019,0
0,0.0140594280915983,2019,0
0,0.0286054631979008,2019,0
0,0.0191632671352146,2019,0
0,0.0195391357805569,2019,0
0,0.0173955013304114,2019,0
0,0.042819860517421,2019,0
0,0.0158827838259803,2019,0
0,0.0244318584749956,2019,0
0,0.0244318584749956,2019,0
0,0.0148504641780215,2019,0
0,0.0180172807261698,2019,0
0,0.0180172807261698,2019,0
0,0.0180172807261698,2019,0
0,0.0180172807261698,2019,0
0,0.0180172807261698,2019,0
0,0.0180172807261698,2019,0
0,0.0180172807261698,2019,0
0,0.0180172807261698,2019,0
0,0.0180172807261698,2019,0
0,0.0180172807261698,2019,0
0,0.0203266672299183,2019,0
0,0.0180172807261698,2019,0
0,0.0180172807261698,2019,0
0,0.0180172807261698,2019,0
0,0.0180172807261698,2019,0
0,0.0180172807261698,2019,0
0,0.0180172807261698,2019,0
0,0.0180172807261698,2019,0
0,0.0180172807261698,2019,0
0,0.0180172807261698,2019,0
0,0.0180172807261698,2019,0
0,0.0180172807261698,2019,0
0,0.0180172807261698,2019,0
0,0.0180172807261698,2019,0
0,0.0180172807261698,2019,0
0,0.0180172807261698,2019,0
0,0.0180172807261698,2019,0
0,0.0180172807261698,2019,0
0,0.0180172807261698,2019,0
0,0.0180172807261698,2019,0
0,0.0180172807261698,2019,0
0,0.0180172807261698,2019,0
0,0.0180172807261698,2019,0
0,0.0180172807261698,2019,0
0,0.0153884383971748,2019,0
0,0.00574545184554001,2019,0
0,0.00574545184554001,2019,0
0,0.00574545184554001,2019,0
0,0.0247486776901775,2019,0
0,0.0125336701630358,2019,0
0,0.011431569885813,2019,0
0,0.0141960087756031,2019,0
0,0.0090068424002067,2019,0
0,0.0240356255402044,2019,0
0,0.0139574721969638,2019,0
0,0.0183934852203509,2019,0
0,0.0147068430801595,2019,0
0,0.046026341891256,2019,0
0,0.0144825065188173,2019,0
0,0.0304933776431611,2019,0
0,0.0304933776431611,2019,0
0,0.0217522535876362,2019,0
0,0.0170887560383797,2019,0
0,0.0210648315553982,2019,0
0,0.0210648315553982,2019,0
0,0.0210648315553982,2019,0
0,0.0210648315553982,2019,0
0,0.0210648315553982,2019,0
0,0.0210648315553982,2019,0
0,0.0210648315553982,2019,0
0,0.0234973890884022,2019,0
0,0.0210648315553982,2019,0
0,0.0210648315553982,2019,0
0,0.0210648315553982,2019,0
0,0.0210648315553982,2019,0
0,0.0210648315553982,2019,0
0,0.0210648315553982,2019,0
0,0.0210648315553982,2019,0
0,0.0210648315553982,2019,0
0,0.0210648315553982,2019,0
0,0.0210648315553982,2019,0
0,0.0210648315553982,2019,0
0,0.0210648315553982,2019,0
0,0.0210648315553982,2019,0
0,0.0210648315553982,2019,0
0,0.0210648315553982,2019,0
0,0.0210648315553982,2019,0
0,0.0210648315553982,2019,0
0,0.0210648315553982,2019,0
0,0.0210648315553982,2019,0
0,0.0210648315553982,2019,0
0,0.0210648315553982,2019,0
0,0.0210648315553982,2019,0
0,0.0210648315553982,2019,0
0,0.0210648315553982,2019,0
0,0.0210648315553982,2019,0
0,0.0210648315553982,2019,0
0,0.0210648315553982,2019,0
0,0.0210648315553982,2019,0
0,0.0210648315553982,2019,0
0,0.0142812078492962,2019,0
0,0.00627239169820781,2019,0
0,0.0121000472610597,2019,0
0,0.0121000472610597,2019,0
0,0.00584217561174193,2019,0
0,0.00584217561174193,2019,0
0,0.00584217561174193,2019,0
0,0.0247649343723757,2019,0
0,0.013304659259031,2019,0
0,0.0154934187245286,2019,0
0,0.00844605311997138,2019,0
0,0.0277475365159923,2019,0
0,0.0165267185304064,2019,0
0,0.00386147797871881,2019,0
0,0.00386147797871881,2019,0
0,0.00386147797871881,2019,0
0,0.0171925835891442,2019,0
0,0.0463552246802406,2019,0
0,0.0178491160909458,2019,0
0,0.0210495855943532,2019,0
0,0.0175506168418895,2019,0
0,0.0233026030819076,2019,0
0,0.0233026030819076,2019,0
0,0.0233026030819076,2019,0
0,0.0233026030819076,2019,0
0,0.0233026030819076,2019,0
0,0.0233026030819076,2019,0
0,0.0233026030819076,2019,0
0,0.0233026030819076,2019,0
0,0.0233026030819076,2019,0
0,0.025657750452996,2019,0
0,0.0233026030819076,2019,0
0,0.0233026030819076,2019,0
0,0.0233026030819076,2019,0
0,0.0233026030819076,2019,0
0,0.0233026030819076,2019,0
0,0.0233026030819076,2019,0
0,0.0233026030819076,2019,0
0,0.0233026030819076,2019,0
0,0.0233026030819076,2019,0
0,0.0233026030819076,2019,0
0,0.0233026030819076,2019,0
0,0.0233026030819076,2019,0
0,0.0233026030819076,2019,0
0,0.0233026030819076,2019,0
0,0.0233026030819076,2019,0
0,0.0233026030819076,2019,0
0,0.0233026030819076,2019,0
0,0.0233026030819076,2019,0
0,0.0233026030819076,2019,0
0,0.0233026030819076,2019,0
0,0.0233026030819076,2019,0
0,0.0233026030819076,2019,0
0,0.0233026030819076,2019,0
0,0.0233026030819076,2019,0
0,0.0233026030819076,2019,0
0,0.0233026030819076,2019,0
0,0.0233026030819076,2019,0
0,0.0184868715933595,2019,0
0,0.0262729620867382,2019,0
0,0.0173038728400667,2019,0
0,0.0198257977595929,2019,0
0,0.029208274351392,2019,0
0,0.019720520818435,2019,0
0,0.00442323233345166,2019,0
0,0.00442323233345166,2019,0
0,0.00442323233345166,2019,0
0,0.0156606657937339,2019,0
0,0.0156606657937339,2019,0
0,0.0195092606878154,2019,0
0,0.0503806099360869,2019,0
0,0.0200885025720475,2019,0
0,0.0349811490647119,2019,0
0,0.0207025734749944,2019,0
0,0.0184526208091495,2019,0
0,0.0184526208091495,2019,0
0,0.0184526208091495,2019,0
0,0.0184526208091495,2019,0
0,0.0184526208091495,2019,0
0,0.0263168355130842,2019,0
0,0.0263168355130842,2019,0
0,0.0263168355130842,2019,0
0,0.0263168355130842,2019,0
0,0.0263168355130842,2019,0
0,0.0263168355130842,2019,0
0,0.0263168355130842,2019,0
0,0.0263168355130842,2019,0
0,0.0263168355130842,2019,0
0,0.0263168355130842,2019,0
0,0.0263168355130842,2019,0
0,0.0263168355130842,2019,0
0,0.0263168355130842,2019,0
0,0.0263168355130842,2019,0
0,0.0263168355130842,2019,0
0,0.0263168355130842,2019,0
0,0.0263168355130842,2019,0
0,0.0287329523505254,2019,0
0,0.0263168355130842,2019,0
0,0.0263168355130842,2019,0
0,0.0263168355130842,2019,0
0,0.0263168355130842,2019,0
0,0.0263168355130842,2019,0
0,0.0263168355130842,2019,0
0,0.0263168355130842,2019,0
0,0.0263168355130842,2019,0
0,0.0263168355130842,2019,0
0,0.0263168355130842,2019,0
0,0.0263168355130842,2019,0
0,0.0263168355130842,2019,0
0,0.0263168355130842,2019,0
0,0.0263168355130842,2019,0
0,0.0263168355130842,2019,0
0,0.0263168355130842,2019,0
0,0.0263168355130842,2019,0
0,0.0263168355130842,2019,0
0,0.0208300154593266,2019,0
0,0.00711271447781265,2019,0
0,0.00711271447781265,2019,0
0,0.0122441229551419,2019,0
0,0.00711271447781265,2019,0
0,0.0242615276721209,2019,0
0,0.0248398573934215,2019,0
0,0.0195277369705561,2019,0
0,0.0195277369705561,2019,0
0,0.0195277369705561,2019,0
0,0.0193000649190761,2019,0
0,0.0218075060645208,2019,0
0,0.0308306771473824,2019,0
0,0.0224731611258822,2019,0
0,0.00585002465712373,2019,0
0,0.00585002465712373,2019,0
0,0.00585002465712373,2019,0
0,0.0209631375579329,2019,0
0,0.0209631375579329,2019,0
0,0.0221157978912638,2019,0
0,0.0166886069264349,2019,0
0,0.0247817291954605,2019,0
0,0.0209379410235901,2019,0
0,0.0209379410235901,2019,0
0,0.0209379410235901,2019,0
0,0.0209379410235901,2019,0
0,0.0209379410235901,2019,0
0,0.0287765940306635,2019,0
0,0.0287765940306635,2019,0
0,0.0287765940306635,2019,0
0,0.0287765940306635,2019,0
0,0.0287765940306635,2019,0
0,0.0287765940306635,2019,0
0,0.0287765940306635,2019,0
0,0.0287765940306635,2019,0
0,0.0287765940306635,2019,0
0,0.0287765940306635,2019,0
0,0.0287765940306635,2019,0
0,0.0287765940306635,2019,0
0,0.0287765940306635,2019,0
0,0.0287765940306635,2019,0
0,0.0287765940306635,2019,0
0,0.0287765940306635,2019,0
0,0.0287765940306635,2019,0
0,0.0287765940306635,2019,0
0,0.0287765940306635,2019,0
0,0.0287765940306635,2019,0
0,0.0287765940306635,2019,0
0,0.0287765940306635,2019,0
0,0.0287765940306635,2019,0
0,0.0287765940306635,2019,0
0,0.0287765940306635,2019,0
0,0.0301850144367844,2019,0
0,0.0287765940306635,2019,0
0,0.0287765940306635,2019,0
0,0.0287765940306635,2019,0
0,0.0287765940306635,2019,0
0,0.0287765940306635,2019,0
0,0.0287765940306635,2019,0
0,0.0287765940306635,2019,0
0,0.0287765940306635,2019,0
0,0.0287765940306635,2019,0
0,0.0287765940306635,2019,0
0,0.0228354191448441,2019,0
0,0.00777080460046769,2019,0
0,0.00777080460046769,2019,0
0,0.00777080460046769,2019,0
0,0.0130519011858325,2019,0
0,0.0160931217742326,2019,0
0,0.0256347427315419,2019,0
0,0.0229015095588665,2019,0
0,0.0229015095588665,2019,0
0,0.0229015095588665,2019,0
0,0.0329137260791618,2019,0
0,0.0058360305474963,2019,0
0,0.0236653810156787,2019,0
0,0.0236653810156787,2019,0
0,0.0264721697969278,2019,0
0,0.0213621001415999,2019,0
0,0.0213621001415999,2019,0
0,0.0213621001415999,2019,0
0,0.0213621001415999,2019,0
0,0.0213621001415999,2019,0
0,0.028491589134929,2019,0
0,0.028491589134929,2019,0
0,0.028491589134929,2019,0
0,0.028491589134929,2019,0
0,0.028491589134929,2019,0
0,0.028491589134929,2019,0
0,0.028491589134929,2019,0
0,0.028491589134929,2019,0
0,0.028491589134929,2019,0
0,0.028491589134929,2019,0
0,0.028491589134929,2019,0
0,0.028491589134929,2019,0
0,0.028491589134929,2019,0
0,0.028491589134929,2019,0
0,0.028491589134929,2019,0
0,0.0279188632279868,2019,0
0,0.028491589134929,2019,0
0,0.028491589134929,2019,0
0,0.028491589134929,2019,0
0,0.028491589134929,2019,0
0,0.028491589134929,2019,0
0,0.0292346541469951,2019,0
0,0.028491589134929,2019,0
0,0.028491589134929,2019,0
0,0.028491589134929,2019,0
0,0.028491589134929,2019,0
0,0.028491589134929,2019,0
0,0.028491589134929,2019,0
0,0.028491589134929,2019,0
0,0.028491589134929,2019,0
0,0.028491589134929,2019,0
0,0.028491589134929,2019,0
0,0.028491589134929,2019,0
0,0.028491589134929,2019,0
0,0.028491589134929,2019,0
0,0.028491589134929,2019,0
0,0.028491589134929,2019,0
0,0.028491589134929,2019,0
0,0.0246450056329924,2019,0
0,0.00912576375478483,2019,0
0,0.0148114834759313,2019,0
0,0.0148114834759313,2019,0
0,0.00912576375478483,2019,0
0,0.0148114834759313,2019,0
0,0.00912576375478483,2019,0
0,0.00912576375478483,2019,0
0,0.0270498588996036,2019,0
0,0.0261257352779868,2019,0
0,0.0261257352779868,2019,0
0,0.0261257352779868,2019,0
0,0.0352757581713711,2019,0
0,0.00581611817210231,2019,0
0,0.00581611817210231,2019,0
0,0.00581611817210231,2019,0
0,0.0263833008709137,2019,0
0,0.0263833008709137,2019,0
0,0.0260911026365341,2019,0
0,0.0217342434064625,2019,0
0,0.0217342434064625,2019,0
0,0.0217342434064625,2019,0
0,0.0217342434064625,2019,0
0,0.0217342434064625,2019,0
0,0.0296788956681328,2019,0
0,0.0301858701873273,2019,0
0,0.0301858701873273,2019,0
0,0.0340255681802773,2019,0
0,0.0301858701873273,2019,0
0,0.0301858701873273,2019,0
0,0.0301858701873273,2019,0
0,0.0301858701873273,2019,0
0,0.0301858701873273,2019,0
0,0.0301858701873273,2019,0
0,0.0301858701873273,2019,0
0,0.0285640929439892,2019,0
0,0.0301858701873273,2019,0
0,0.0301858701873273,2019,0
0,0.0296788956681328,2019,0
0,0.0301858701873273,2019,0
0,0.0301858701873273,2019,0
0,0.0296788956681328,2019,0
0,0.0301858701873273,2019,0
0,0.0292023796456321,2019,0
0,0.0301858701873273,2019,0
0,0.0301858701873273,2019,0
0,0.0301858701873273,2019,0
0,0.0301858701873273,2019,0
0,0.0301858701873273,2019,0
0,0.0328251872783442,2019,0
0,0.0301858701873273,2019,0
0,0.0316356257449192,2019,0
0,0.0301858701873273,2019,0
0,0.0301858701873273,2019,0
0,0.0301858701873273,2019,0
0,0.0301858701873273,2019,0
0,0.0301858701873273,2019,0
0,0.0301858701873273,2019,0
0,0.0301858701873273,2019,0
0,0.0346658385195363,2019,0
0,0.0301858701873273,2019,0
0,0.0301858701873273,2019,0
0,0.0301858701873273,2019,0
0,0.0301858701873273,2019,0
0,0.0301858701873273,2019,0
0,0.0301858701873273,2019,0
0,0.0301858701873273,2019,0
0,0.0340255681802773,2019,0
0,0.0301858701873273,2019,0
0,0.0297848231206919,2019,0
0,0.0301858701873273,2019,0
0,0.0301858701873273,2019,0
0,0.0301858701873273,2019,0
0,0.0173829520735599,2019,0
0,0.0284690426782729,2019,0
0,0.029455150156228,2019,0
0,0.00936189368216389,2019,0
0,0.027255831392578,2019,0
0,0.027255831392578,2019,0
0,0.027255831392578,2019,0
0,0.0225284577961361,2019,0
0,0.0359265599981748,2019,0
0,0.0249217913804194,2019,0
0,0.0294055140870897,2019,0
0,0.0294055140870897,2019,0
0,0.0164177276293161,2019,0
0,0.0330530603444998,2019,0
0,0.0419850044733125,2019,0
0,0.0254766262987032,2019,0
0,0.0220151243960839,2019,0
0,0.0220151243960839,2019,0
0,0.0220151243960839,2019,0
0,0.0220151243960839,2019,0
0,0.0220151243960839,2019,0
0,0.0344442503903963,2019,0
0,0.0303664191126001,2019,0
0,0.0303664191126001,2019,0
0,0.0344442503903963,2019,0
0,0.0319827148247981,2019,0
0,0.0303664191126001,2019,0
0,0.0303664191126001,2019,0
0,0.0303664191126001,2019,0
0,0.0303664191126001,2019,0
0,0.0303664191126001,2019,0
0,0.0303664191126001,2019,0
0,0.0303664191126001,2019,0
0,0.0303664191126001,2019,0
0,0.0303664191126001,2019,0
0,0.0352543142016782,2019,0
0,0.0303664191126001,2019,0
0,0.0298743984479715,2019,0
0,0.0298743984479715,2019,0
0,0.0303664191126001,2019,0
0,0.0303664191126001,2019,0
0,0.0303664191126001,2019,0
0,0.0303664191126001,2019,0
0,0.0292865442228296,2019,0
0,0.0303664191126001,2019,0
0,0.0303664191126001,2019,0
0,0.0303664191126001,2019,0
0,0.0303664191126001,2019,0
0,0.0298743984479715,2019,0
0,0.0303664191126001,2019,0
0,0.0352543142016782,2019,0
0,0.0303664191126001,2019,0
0,0.0303664191126001,2019,0
0,0.0303664191126001,2019,0
0,0.0298708678966942,2019,0
0,0.0286211131595048,2019,0
0,0.0303664191126001,2019,0
0,0.0303664191126001,2019,0
0,0.0303664191126001,2019,0
0,0.0303664191126001,2019,0
0,0.0303664191126001,2019,0
0,0.0303664191126001,2019,0
0,0.0303664191126001,2019,0
0,0.0303664191126001,2019,0
0,0.0303664191126001,2019,0
0,0.0303664191126001,2019,0
0,0.0303664191126001,2019,0
0,0.0303664191126001,2019,0
0,0.0303664191126001,2019,0
0,0.0303664191126001,2019,0
0,0.0298743984479715,2019,0
0,0.0303664191126001,2019,0
0,0.0303664191126001,2019,0
0,0.0303664191126001,2019,0
0,0.0303664191126001,2019,0
0,0.0303664191126001,2019,0
0,0.0303664191126001,2019,0
0,0.0355455658051013,2019,0
0,0.00978318659098815,2019,0
0,0.00978318659098815,2019,0
0,0.00978318659098815,2019,0
0,0.00978318659098815,2019,0
0,0.0313231396213448,2019,0
0,0.0313231396213448,2019,0
0,0.0313231396213448,2019,0
0,0.0556600158610746,2019,0
0,0.0275534366416401,2019,0
0,0.0451661068080522,2019,0
0,0.0222282168653136,2019,0
0,0.0328697321353072,2019,0
0,0.0328697321353072,2019,0
0,0.033434778637946,2019,0
0,0.037296610040388,2019,0
0,0.0463685509193446,2019,0
0,0.0459417968864498,2019,0
0,0.0433659471757986,2019,0
0,0.0286992661496138,2019,0
0,0.0234795423886739,2019,0
0,0.0234795423886739,2019,0
0,0.0234795423886739,2019,0
0,0.0234795423886739,2019,0
0,0.0234795423886739,2019,0
0,0.0315089652415351,2019,0
0,0.0320450208648593,2019,0
0,0.0320450208648593,2019,0
0,0.0320450208648593,2019,0
0,0.0320450208648593,2019,0
0,0.0320450208648593,2019,0
0,0.0316029501591386,2019,0
0,0.0320450208648593,2019,0
0,0.0320450208648593,2019,0
0,0.0320450208648593,2019,0
0,0.0320450208648593,2019,0
0,0.0320450208648593,2019,0
0,0.0320450208648593,2019,0
0,0.0320450208648593,2019,0
0,0.0320450208648593,2019,0
0,0.0320450208648593,2019,0
0,0.0320450208648593,2019,0
0,0.0369173684817896,2019,0
0,0.0320450208648593,2019,0
0,0.0320450208648593,2019,0
0,0.0316029501591386,2019,0
0,0.0320450208648593,2019,0
0,0.0320450208648593,2019,0
0,0.0320450208648593,2019,0
0,0.0320450208648593,2019,0
0,0.0320450208648593,2019,0
0,0.0320450208648593,2019,0
0,0.0320450208648593,2019,0
0,0.0320450208648593,2019,0
0,0.0320450208648593,2019,0
0,0.0320450208648593,2019,0
0,0.0315089652415351,2019,0
0,0.0302912091422091,2019,0
0,0.0320450208648593,2019,0
0,0.0320450208648593,2019,0
0,0.0320450208648593,2019,0
0,0.0320450208648593,2019,0
0,0.0320450208648593,2019,0
0,0.0369173684817896,2019,0
0,0.0320450208648593,2019,0
0,0.0316029501591386,2019,0
0,0.0334598680025156,2019,0
0,0.0320450208648593,2019,0
0,0.0320450208648593,2019,0
0,0.0320450208648593,2019,0
0,0.0320450208648593,2019,0
0,0.0320450208648593,2019,0
0,0.0320450208648593,2019,0
0,0.036199156923171,2019,0
0,0.0320450208648593,2019,0
0,0.0320450208648593,2019,0
0,0.0320450208648593,2019,0
0,0.0315089652415351,2019,0
0,0.0369173684817896,2019,0
0,0.0315089652415351,2019,0
0,0.0147635517235603,2019,0
0,0.0147635517235603,2019,0
0,0.0195159893043531,2019,0
0,0.0195159893043531,2019,0
0,0.0195159893043531,2019,0
0,0.0119319364390277,2019,0
0,0.0434048856937301,2019,0
0,0.0357869551404945,2019,0
0,0.0357869551404945,2019,0
0,0.0357869551404945,2019,0
0,0.0601263162894339,2019,0
0,0.0326567294742429,2019,0
0,0.0448326460106596,2019,0
0,0.0243234728678004,2019,0
0,0.0350441868996204,2019,0
0,0.0350441868996204,2019,0
0,0.0447870502616524,2019,0
0,0.0399186218401403,2019,0
0,0.0511380446007678,2019,0
0,0.0513459332753808,2019,0
0,0.0374830857782672,2019,0
0,0.0291336984828843,2019,0
0,0.0291336984828843,2019,0
0,0.0291336984828843,2019,0
0,0.0291336984828843,2019,0
0,0.0291336984828843,2019,0
0,0.0403274002860766,2019,0
0,0.0403274002860766,2019,0
0,0.0403274002860766,2019,0
0,0.0403274002860766,2019,0
0,0.0403274002860766,2019,0
0,0.0403274002860766,2019,0
0,0.0403274002860766,2019,0
0,0.0403274002860766,2019,0
0,0.0403274002860766,2019,0
0,0.0403274002860766,2019,0
0,0.0403274002860766,2019,0
0,0.0403274002860766,2019,0
0,0.0403274002860766,2019,0
0,0.0403274002860766,2019,0
0,0.0403274002860766,2019,0
0,0.0403274002860766,2019,0
0,0.0403274002860766,2019,0
0,0.0403274002860766,2019,0
0,0.0403274002860766,2019,0
0,0.0403274002860766,2019,0
0,0.0403274002860766,2019,0
0,0.0403274002860766,2019,0
0,0.0403274002860766,2019,0
0,0.0403274002860766,2019,0
0,0.0403274002860766,2019,0
0,0.0403274002860766,2019,0
0,0.0403274002860766,2019,0
0,0.0403274002860766,2019,0
0,0.0403274002860766,2019,0
0,0.0403274002860766,2019,0
0,0.0403600599393197,2019,0
0,0.0403274002860766,2019,0
0,0.0151071079399848,2019,0
0,0.0151071079399848,2019,0
0,0.0197127659278848,2019,0
0,0.0424058848256223,2019,0
0,0.0399685962146329,2019,0
0,0.0399685962146329,2019,0
0,0.0399685962146329,2019,0
0,0.0405036179264679,2019,0
0,0.0284357948668384,2019,0
0,0.0369432250422248,2019,0
0,0.0394864599319182,2019,0
0,0.0394864599319182,2019,0
0,0.0440371375712785,2019,0
0,0.032723288797089,2019,0
0,0.032723288797089,2019,0
0,0.032723288797089,2019,0
0,0.032723288797089,2019,0
0,0.032723288797089,2019,0
0,0.0425140308525156,2019,0
0,0.0436323476285978,2019,0
0,0.0436323476285978,2019,0
0,0.0475859733230354,2019,0
0,0.0436323476285978,2019,0
0,0.0436323476285978,2019,0
0,0.0436323476285978,2019,0
0,0.0436323476285978,2019,0
0,0.0436323476285978,2019,0
0,0.0436323476285978,2019,0
0,0.0436323476285978,2019,0
0,0.0436323476285978,2019,0
0,0.0436323476285978,2019,0
0,0.0436323476285978,2019,0
0,0.0436323476285978,2019,0
0,0.0436323476285978,2019,0
0,0.0436323476285978,2019,0
0,0.0436323476285978,2019,0
0,0.0436323476285978,2019,0
0,0.0436323476285978,2019,0
0,0.0436323476285978,2019,0
0,0.0436323476285978,2019,0
0,0.0436323476285978,2019,0
0,0.0436323476285978,2019,0
0,0.0436323476285978,2019,0
0,0.0430408513853561,2019,0
0,0.0436323476285978,2019,0
0,0.0436323476285978,2019,0
0,0.0436323476285978,2019,0
0,0.0436323476285978,2019,0
0,0.0436323476285978,2019,0
0,0.0436323476285978,2019,0
0,0.0436323476285978,2019,0
0,0.0436323476285978,2019,0
0,0.0436323476285978,2019,0
0,0.0163517556574041,2019,0
0,0.0163517556574041,2019,0
0,0.0200312479490285,2019,0
0,0.0200312479490285,2019,0
0,0.0406699190994156,2019,0
0,0.0406699190994156,2019,0
0,0.0406699190994156,2019,0
0,0.0734260890562533,2019,0
0,0.0545881710651553,2019,0
0,0.0415961137115639,2019,0
0,0.0811850049260989,2019,0
0,0.0400596212543846,2019,0
0,0.0295462887924438,2019,0
0,0.0295462887924438,2019,0
0,0.0342082596895077,2019,0
0,0.0295462887924438,2019,0
0,0.0399551959832859,2019,0
0,0.0386986265083364,2019,0
0,0.0386986265083364,2019,0
0,0.0386986265083364,2019,0
0,0.0386986265083364,2019,0
0,0.0386986265083364,2019,0
0,0.0375019222772905,2019,0
0,0.0386986265083364,2019,0
0,0.0386986265083364,2019,0
0,0.0386986265083364,2019,0
0,0.0386986265083364,2019,0
0,0.0386986265083364,2019,0
0,0.0386986265083364,2019,0
0,0.0386986265083364,2019,0
0,0.0386986265083364,2019,0
0,0.0386986265083364,2019,0
0,0.0386986265083364,2019,0
0,0.0386986265083364,2019,0
0,0.0386986265083364,2019,0
0,0.0386986265083364,2019,0
0,0.0386986265083364,2019,0
0,0.0386986265083364,2019,0
0,0.0386986265083364,2019,0
0,0.0386986265083364,2019,0
0,0.0386986265083364,2019,0
0,0.0386986265083364,2019,0
0,0.0386986265083364,2019,0
0,0.0386986265083364,2019,0
0,0.0386986265083364,2019,0
0,0.0386986265083364,2019,0
0,0.0386986265083364,2019,0
0,0.0386986265083364,2019,0
0,0.0386986265083364,2019,0
0,0.0386986265083364,2019,0
0,0.0434220970061851,2019,0
0,0.0197334222102262,2019,0
0,0.0197334222102262,2019,0
0,0.0140884575337448,2019,0
0,0.0223494325055787,2019,0
0,0.0140884575337448,2019,0
0,0.0140884575337448,2019,0
0,0.0223494325055787,2019,0
0,0.0223494325055787,2019,0
0,0.0140884575337448,2019,0
0,0.033823065739113,2019,0
0,0.033823065739113,2019,0
0,0.033823065739113,2019,0
0,0.033823065739113,2019,0
0,0.0234769494343577,2019,0
0,0.0234769494343577,2019,0
0,0.0234769494343577,2019,0
0,0.0234769494343577,2019,0
0,0.0234769494343577,2019,0
0,0.0499072993413935,2019,0
0,0.0243971834853246,2019,0
0,0.0330526645503104,2019,0
0,0.0684274304994798,2019,0
0,0.069070025043022,2019,0
0,0.0604429908938137,2019,0
0,0.0234162486789523,2019,0
0,0.0234162486789523,2019,0
0,0.0234162486789523,2019,0
0,0.0234162486789523,2019,0
0,0.0234162486789523,2019,0
0,0.0234162486789523,2019,0
0,0.0234162486789523,2019,0
0,0.0495204225486217,2019,0
0,0.035551988783388,2019,0
0,0.0158504303908817,2019,0
0,0.0121811960994407,2019,0
0,0.0121811960994407,2019,0
0,0.0121811960994407,2019,0
0,0.032700945808798,2019,0
0,0.0524315547530947,2019,0
0,0.0655575050854389,2019,0
0,0.0597704394945673,2019,0
0,0.0250067487696684,2019,0
0,0.0234580375188025,2019,0
0,0.0234580375188025,2019,0
0,0.0234580375188025,2019,0
0,0.0234580375188025,2019,0
0,0.0234580375188025,2019,0
0,0.0234580375188025,2019,0
0,0.0234580375188025,2019,0
0,0.109293476984707,2019,0
0,0.0993388577898166,2019,0
0,0.123567871434107,2019,0
0,0.123567871434107,2019,0
0,0.10417620561262,2019,0
0,0.129820203316236,2019,0
0,0.109052779136925,2019,0
0,0.0242675134935258,2019,0
0,0.0246524607276577,2019,0
0,0.0234656271266912,2019,0
0,0.0234656271266912,2019,0
0,0.0579930151029343,2019,0
0,0.0631202384439561,2019,0
0,0.0631202384439561,2019,0
0,0.0613508482874721,2019,0
0,0.0528250453591714,2019,0
0,0.0617131890726803,2019,0
0,0.0477666908783546,2019,0
0,0.057948745862446,2019,0
0,0.138641993552545,2019,0
0,0.042410222313669,2019,0
0,0.0382402125368543,2019,0
0,0.042410222313669,2019,0
0,0.0382402125368543,2019,0
0,0.042410222313669,2019,0
0,0.0382402125368543,2019,0
0,0.0382402125368543,2019,0
0,0.042410222313669,2019,0
0,0.0382402125368543,2019,0
0,0.0364684184365944,2019,0
0,0.0329241780070675,2019,0
0,0.0329241780070675,2019,0
0,0.0329241780070675,2019,0
0,0.0329241780070675,2019,0
0,0.0507781844069779,2019,0
0,0.0329241780070675,2019,0
0,0.0507781844069779,2019,0
0,0.0329241780070675,2019,0
0,0.0412890979260833,2019,0
0,0.0461549222599019,2019,0
0,0.0412890979260833,2019,0
0,0.0458740951449242,2019,0
0,0.0405275521277814,2019,0
0,0.0412890979260833,2019,0
0,0.0412890979260833,2019,0
0,0.0411168129747877,2019,0
0,0.0412890979260833,2019,0
0,0.0458740951449242,2019,0
0,0.0412890979260833,2019,0
0,0.0412890979260833,2019,0
0,0.0412890979260833,2019,0
0,0.0412890979260833,2019,0
0,0.0412890979260833,2019,0
0,0.0412890979260833,2019,0
0,0.0412890979260833,2019,0
0,0.0412890979260833,2019,0
0,0.0412890979260833,2019,0
0,0.0416443263743856,2019,0
0,0.0412890979260833,2019,0
0,0.0412890979260833,2019,0
0,0.0412890979260833,2019,0
0,0.0412890979260833,2019,0
0,0.0412890979260833,2019,0
0,0.0412890979260833,2019,0
0,0.0412890979260833,2019,0
0,0.0412890979260833,2019,0
0,0.0412890979260833,2019,0
0,0.0412890979260833,2019,0
0,0.0412890979260833,2019,0
0,0.0412890979260833,2019,0
0,0.0412890979260833,2019,0
0,0.0412890979260833,2019,0
0,0.0412890979260833,2019,0
0,0.0412890979260833,2019,0
0,0.0412890979260833,2019,0
0,0.0412890979260833,2019,0
0,0.0412890979260833,2019,0
0,0.0412890979260833,2019,0
0,0.0412890979260833,2019,0
0,0.0412890979260833,2019,0
0,0.0412890979260833,2019,0
0,0.040270614145551,2019,0
0,0.0412890979260833,2019,0
0,0.0412890979260833,2019,0
0,0.0412890979260833,2019,0
0,0.0412890979260833,2019,0
0,0.0165888274301999,2019,0
0,0.0165888274301999,2019,0
0,0.0230449744400509,2019,0
0,0.0230449744400509,2019,0
0,0.0313097450674457,2019,0
0,0.0313097450674457,2019,0
0,0.0313097450674457,2019,0
0,0.0345931043049393,2019,0
0,0.0395304597778407,2019,0
0,0.0222341344958877,2019,0
0,0.0222341344958877,2019,0
0,0.0222341344958877,2019,0
0,0.0222341344958877,2019,0
0,0.0222341344958877,2019,0
0,0.028731165210714,2019,0
0,0.0135011021993984,2019,0
0,0.0135011021993984,2019,0
0,0.0174198143679488,2019,0
0,0.0135011021993984,2019,0
0,0.0135011021993984,2019,0
0,0.0135011021993984,2019,0
0,0.0174198143679488,2019,0
0,0.0174198143679488,2019,0
0,0.0115428829267144,2019,0
0,0.0115428829267144,2019,0
0,0.0115428829267144,2019,0
0,0.0219788209270733,2019,0
0,0.0219788209270733,2019,0
0,0.0329485616557615,2019,0
0,0.0312367481474984,2019,0
0,0.0220574768620526,2019,0
0,0.0220574768620526,2019,0
0,0.0220574768620526,2019,0
0,0.0220574768620526,2019,0
0,0.0220574768620526,2019,0
0,0.0417211447298987,2019,0
0,0.0250264934266233,2019,0
0,0.0334460929286167,2019,0
0,0.0673470562845565,2019,0
0,0.0609277632093958,2019,0
0,0.0701132666028252,2019,0
0,0.0223379094343459,2019,0
0,0.0223379094343459,2019,0
0,0.0223379094343459,2019,0
0,0.0223379094343459,2019,0
0,0.0223379094343459,2019,0
0,0.0223379094343459,2019,0
0,0.0223379094343459,2019,0
0,0.0270245895313172,2019,0
0,0.0377402124502937,2019,0
0,0.0125826565971333,2019,0
0,0.0142876889110939,2019,0
0,0.0142876889110939,2019,0
0,0.0142876889110939,2019,0
0,0.126623107780953,2019,0
0,0.0314700959883425,2019,0
0,0.0314700959883425,2019,0
0,0.0528249986216007,2019,0
0,0.0663101186424722,2019,0
0,0.0601863204835967,2019,0
0,0.0225449556145717,2019,0
0,0.0225449556145717,2019,0
0,0.0225449556145717,2019,0
0,0.0225449556145717,2019,0
0,0.0225449556145717,2019,0
0,0.0225449556145717,2019,0
0,0.0225449556145717,2019,0
0,0.10584033956088,2019,0
0,0.122508180061431,2019,0
0,0.11373233180997,2019,0
0,0.133480605354585,2019,0
0,0.104946693150043,2019,0
0,0.114406673212648,2019,0
0,0.133480605354585,2019,0
0,0.139059460073522,2019,0
0,0.0217349548973536,2019,0
0,0.0214291413491796,2019,0
0,0.0227775657397478,2019,0
0,0.0227775657397478,2019,0
0,0.059942211511262,2019,0
0,0.050330930587629,2019,0
0,0.0606273953524667,2019,0
0,0.0606400271257597,2019,0
0,0.0617850453746145,2019,0
0,0.0617850453746145,2019,0
0,0.0563818019345314,2019,0
0,0.0598421364374458,2019,0
0,0.0450666013476918,2019,0
0,0.0388793878992343,2019,0
0,0.0388793878992343,2019,0
0,0.0450666013476918,2019,0
0,0.0450666013476918,2019,0
0,0.0388793878992343,2019,0
0,0.0388793878992343,2019,0
0,0.0388793878992343,2019,0
0,0.0450666013476918,2019,0
0,0.0336831962408058,2019,0
0,0.0336831962408058,2019,0
0,0.0336831962408058,2019,0
0,0.0336831962408058,2019,0
0,0.0336831962408058,2019,0
0,0.0345632737257111,2019,0
0,0.0485922766541475,2019,0
0,0.0336831962408058,2019,0
0,0.0485922766541475,2019,0
0,0.0395872638121006,2019,0
0,0.0395872638121006,2019,0
0,0.0395872638121006,2019,0
0,0.0395872638121006,2019,0
0,0.0395872638121006,2019,0
0,0.0395872638121006,2019,0
0,0.0395872638121006,2019,0
0,0.0395872638121006,2019,0
0,0.0395872638121006,2019,0
0,0.0395872638121006,2019,0
0,0.0395872638121006,2019,0
0,0.0436399961689063,2019,0
0,0.0395872638121006,2019,0
0,0.0395872638121006,2019,0
0,0.0395872638121006,2019,0
0,0.0395872638121006,2019,0
0,0.0395872638121006,2019,0
0,0.0395872638121006,2019,0
0,0.0395872638121006,2019,0
0,0.0395872638121006,2019,0
0,0.0388534184615796,2019,0
0,0.0395872638121006,2019,0
0,0.0395872638121006,2019,0
0,0.0395872638121006,2019,0
0,0.0395872638121006,2019,0
0,0.0395872638121006,2019,0
0,0.0385807745451278,2019,0
0,0.0395872638121006,2019,0
0,0.0441416026174255,2019,0
0,0.0395872638121006,2019,0
0,0.0395872638121006,2019,0
0,0.0441416026174255,2019,0
0,0.0395872638121006,2019,0
0,0.0395872638121006,2019,0
0,0.0395872638121006,2019,0
0,0.0395872638121006,2019,0
0,0.0395872638121006,2019,0
0,0.0379345349910941,2019,0
0,0.0395872638121006,2019,0
0,0.0395872638121006,2019,0
0,0.0395872638121006,2019,0
0,0.0395872638121006,2019,0
0,0.0395872638121006,2019,0
0,0.0395872638121006,2019,0
0,0.0395872638121006,2019,0
0,0.0395872638121006,2019,0
0,0.0395872638121006,2019,0
0,0.0399285207002481,2019,0
0,0.0140773209214744,2019,0
0,0.0140773209214744,2019,0
0,0.0227298074406011,2019,0
0,0.0227298074406011,2019,0
0,0.0269748634884478,2019,0
0,0.0269748634884478,2019,0
0,0.0269748634884478,2019,0
0,0.0318888487844454,2019,0
0,0.0370468331685838,2019,0
0,0.0228299378021574,2019,0
0,0.0228299378021574,2019,0
0,0.0228299378021574,2019,0
0,0.0228299378021574,2019,0
0,0.0269218755824473,2019,0
0,0.0176643358552459,2019,0
0,0.0176643358552459,2019,0
0,0.0143163429838883,2019,0
0,0.0143163429838883,2019,0
0,0.0143163429838883,2019,0
0,0.0143163429838883,2019,0
0,0.0176643358552459,2019,0
0,0.0143163429838883,2019,0
0,0.0125106635276765,2019,0
0,0.0125106635276765,2019,0
0,0.0125106635276765,2019,0
0,0.0232307774649422,2019,0
0,0.0232307774649422,2019,0
0,0.0314870909384852,2019,0
0,0.0363025687049322,2019,0
0,0.0239777278954614,2019,0
0,0.0239777278954614,2019,0
0,0.0239777278954614,2019,0
0,0.0239777278954614,2019,0
0,0.0239777278954614,2019,0
0,0.0430130783216862,2019,0
0,0.0285425987877022,2019,0
0,0.0371893392414309,2019,0
0,0.0730037242650562,2019,0
0,0.0636342870051066,2019,0
0,0.0654813907045517,2019,0
0,0.0241698136423227,2019,0
0,0.0241698136423227,2019,0
0,0.0241698136423227,2019,0
0,0.0241698136423227,2019,0
0,0.0241698136423227,2019,0
0,0.0241698136423227,2019,0
0,0.0241698136423227,2019,0
0,0.0282709415645151,2019,0
0,0.0393157611252957,2019,0
0,0.0141749214876077,2019,0
0,0.0142547431143466,2019,0
0,0.0142547431143466,2019,0
0,0.0142547431143466,2019,0
0,0.13594953488799,2019,0
0,0.144341670268126,2019,0
0,0.0375680351138026,2019,0
0,0.0375680351138026,2019,0
0,0.0548168747689973,2019,0
0,0.0525703377914494,2019,0
0,0.064156085786817,2019,0
0,0.0704301208458953,2019,0
0,0.0240057570208655,2019,0
0,0.0240057570208655,2019,0
0,0.0240057570208655,2019,0
0,0.0240057570208655,2019,0
0,0.0240057570208655,2019,0
0,0.0240057570208655,2019,0
0,0.0240057570208655,2019,0
0,0.138839171410303,2019,0
0,0.120589110631058,2019,0
0,0.138839171410303,2019,0
0,0.111152239581336,2019,0
0,0.10942320971939,2019,0
0,0.126153441832046,2019,0
0,0.118348736049058,2019,0
0,0.144869308979928,2019,0
0,0.0215516998557794,2019,0
0,0.0238280355697579,2019,0
0,0.0238280355697579,2019,0
0,0.0635166945333286,2019,0
0,0.0628900367419305,2019,0
0,0.0688855374516677,2019,0
0,0.0688855374516677,2019,0
0,0.0675817212892789,2019,0
0,0.0614219716832106,2019,0
0,0.0628900367419305,2019,0
0,0.0674392643237626,2019,0
0,0.0553510928633848,2019,0
0,0.0649419107452322,2019,0
0,0.0403335213627783,2019,0
0,0.0403335213627783,2019,0
0,0.0403335213627783,2019,0
0,0.0457278560914123,2019,0
0,0.0403335213627783,2019,0
0,0.0403335213627783,2019,0
0,0.0457278560914123,2019,0
0,0.0457278560914123,2019,0
0,0.0457278560914123,2019,0
0,0.0504326831026953,2019,0
0,0.0358005698772934,2019,0
0,0.0334316268619886,2019,0
0,0.0504326831026953,2019,0
0,0.0334316268619886,2019,0
0,0.0334316268619886,2019,0
0,0.0334316268619886,2019,0
0,0.0334316268619886,2019,0
0,0.0334316268619886,2019,0
0,0.0395001845231088,2019,0
0,0.0395001845231088,2019,0
0,0.0395001845231088,2019,0
0,0.0395001845231088,2019,0
0,0.0388148887234169,2019,0
0,0.0395001845231088,2019,0
0,0.0395001845231088,2019,0
0,0.0395001845231088,2019,0
0,0.0395001845231088,2019,0
0,0.0395001845231088,2019,0
0,0.0395001845231088,2019,0
0,0.0395001845231088,2019,0
0,0.0395001845231088,2019,0
0,0.0395001845231088,2019,0
0,0.0395001845231088,2019,0
0,0.0445016643125034,2019,0
0,0.0395001845231088,2019,0
0,0.0394741553804776,2019,0
0,0.0395001845231088,2019,0
0,0.0395001845231088,2019,0
0,0.0395001845231088,2019,0
0,0.0395001845231088,2019,0
0,0.0395001845231088,2019,0
0,0.0384827511469299,2019,0
0,0.0395001845231088,2019,0
0,0.0386146995481426,2019,0
0,0.0395001845231088,2019,0
0,0.0395001845231088,2019,0
0,0.0395001845231088,2019,0
0,0.0395001845231088,2019,0
0,0.0395001845231088,2019,0
0,0.0395001845231088,2019,0
0,0.0445857122091196,2019,0
0,0.0395001845231088,2019,0
0,0.0445016643125034,2019,0
0,0.0395001845231088,2019,0
0,0.0395001845231088,2019,0
0,0.0395001845231088,2019,0
0,0.0395001845231088,2019,0
0,0.0395001845231088,2019,0
0,0.0395001845231088,2019,0
0,0.0395001845231088,2019,0
0,0.0395001845231088,2019,0
0,0.0395001845231088,2019,0
0,0.0395001845231088,2019,0
0,0.0395001845231088,2019,0
0,0.0395001845231088,2019,0
0,0.0160537307448845,2019,0
0,0.0160537307448845,2019,0
0,0.0236719876494179,2019,0
0,0.0236719876494179,2019,0
0,0.0279079250392831,2019,0
0,0.0279079250392831,2019,0
0,0.0279079250392831,2019,0
0,0.0370801845074877,2019,0
0,0.0236304123183909,2019,0
0,0.0236304123183909,2019,0
0,0.0236304123183909,2019,0
0,0.0236304123183909,2019,0
0,0.0282666229469026,2019,0
0,0.0156222754487122,2019,0
0,0.0156222754487122,2019,0
0,0.0200734349359275,2019,0
0,0.0200734349359275,2019,0
0,0.0200734349359275,2019,0
0,0.0156222754487122,2019,0
0,0.0156222754487122,2019,0
0,0.0156222754487122,2019,0
0,0.0418073678456135,2019,0
0,0.013646231498168,2019,0
0,0.013646231498168,2019,0
0,0.013646231498168,2019,0
0,0.0236941093501849,2019,0
0,0.0236941093501849,2019,0
0,0.180729250772587,2019,0
0,0.180729250772587,2019,0
0,0.180729250772587,2019,0
0,0.180729250772587,2019,0
0,0.0351361141976358,2019,0
0,0.0367935287520573,2019,0
0,0.0367935287520573,2019,0
0,0.0367935287520573,2019,0
0,0.023787108784613,2019,0
0,0.023787108784613,2019,0
0,0.023787108784613,2019,0
0,0.023787108784613,2019,0
0,0.023787108784613,2019,0
0,0.0448502948419849,2019,0
0,0.0282629339973897,2019,0
0,0.0537744761576898,2019,0
0,0.0582257368282772,2019,0
0,0.07081213069823,2019,0
0,0.0615921868833586,2019,0
0,0.0235757673655553,2019,0
0,0.0235757673655553,2019,0
0,0.0235757673655553,2019,0
0,0.0235757673655553,2019,0
0,0.0235757673655553,2019,0
0,0.0235757673655553,2019,0
0,0.0235757673655553,2019,0
0,0.0397772371162003,2019,0
0,0.028607799944855,2019,0
0,0.0154519093087417,2019,0
0,0.0136944176996283,2019,0
0,0.0136944176996283,2019,0
0,0.0136944176996283,2019,0
0,0.1337006322202,2019,0
0,0.0523141408764629,2019,0
0,0.0545635171632327,2019,0
0,0.0681804148105767,2019,0
0,0.0620247423860611,2019,0
0,0.0218037774091624,2019,0
0,0.023538770349672,2019,0
0,0.023538770349672,2019,0
0,0.023538770349672,2019,0
0,0.023538770349672,2019,0
0,0.023538770349672,2019,0
0,0.023538770349672,2019,0
0,0.023538770349672,2019,0
0,0.121557452557202,2019,0
0,0.117910142547805,2019,0
0,0.111452076598417,2019,0
0,0.108985124074509,2019,0
0,0.138852978840532,2019,0
0,0.124746615199588,2019,0
0,0.138852978840532,2019,0
0,0.145245268578801,2019,0
0,0.0211613889506335,2019,0
0,0.0235938638308674,2019,0
0,0.0235938638308674,2019,0
0,0.0631178910240401,2019,0
0,0.0575474955890332,2019,0
0,0.0729995481351326,2019,0
0,0.0636321689166289,2019,0
0,0.071536143436826,2019,0
0,0.0712621775662274,2019,0
0,0.0729995481351326,2019,0
0,0.0653317061438931,2019,0
0,0.0458570946870919,2019,0
0,0.0407796788665743,2019,0
0,0.0458570946870919,2019,0
0,0.0458570946870919,2019,0
0,0.0458570946870919,2019,0
0,0.0407796788665743,2019,0
0,0.0407796788665743,2019,0
0,0.0407796788665743,2019,0
0,0.0347680001395528,2019,0
0,0.0347680001395528,2019,0
0,0.0379314987483969,2019,0
0,0.0347680001395528,2019,0
0,0.0347680001395528,2019,0
0,0.0533852537040701,2019,0
0,0.0347680001395528,2019,0
0,0.0347680001395528,2019,0
0,0.0533852537040701,2019,0
0,0.0426498629907472,2019,0
0,0.0426498629907472,2019,0
0,0.0426498629907472,2019,0
0,0.0426498629907472,2019,0
0,0.0426498629907472,2019,0
0,0.0426498629907472,2019,0
0,0.0426498629907472,2019,0
0,0.0485230968574599,2019,0
0,0.0426498629907472,2019,0
0,0.0426498629907472,2019,0
0,0.0426498629907472,2019,0
0,0.042348442317309,2019,0
0,0.0426498629907472,2019,0
0,0.0426498629907472,2019,0
0,0.0417808482634448,2019,0
0,0.0426498629907472,2019,0
0,0.0426498629907472,2019,0
0,0.0426498629907472,2019,0
0,0.0426498629907472,2019,0
0,0.0426498629907472,2019,0
0,0.0424399876417124,2019,0
0,0.0426498629907472,2019,0
0,0.0426498629907472,2019,0
0,0.0426498629907472,2019,0
0,0.0426498629907472,2019,0
0,0.0426498629907472,2019,0
0,0.0426498629907472,2019,0
0,0.0426498629907472,2019,0
0,0.0426498629907472,2019,0
0,0.0426498629907472,2019,0
0,0.0426498629907472,2019,0
0,0.0426498629907472,2019,0
0,0.0426498629907472,2019,0
0,0.0426498629907472,2019,0
0,0.0426498629907472,2019,0
0,0.0426498629907472,2019,0
0,0.0426498629907472,2019,0
0,0.0426498629907472,2019,0
0,0.0481317459134671,2019,0
0,0.0426498629907472,2019,0
0,0.0426498629907472,2019,0
0,0.0426498629907472,2019,0
0,0.0426498629907472,2019,0
0,0.0426498629907472,2019,0
0,0.0165778437776904,2019,0
0,0.0165778437776904,2019,0
0,0.0234690584045082,2019,0
0,0.0234690584045082,2019,0
0,0.0284124086767952,2019,0
0,0.0284124086767952,2019,0
0,0.0284124086767952,2019,0
0,0.0234454753980292,2019,0
0,0.0234454753980292,2019,0
0,0.0234454753980292,2019,0
0,0.0234454753980292,2019,0
0,0.0286017305206845,2019,0
0,0.0155449995495707,2019,0
0,0.0155449995495707,2019,0
0,0.0194947182775331,2019,0
0,0.0155449995495707,2019,0
0,0.0194947182775331,2019,0
0,0.0155449995495707,2019,0
0,0.0194947182775331,2019,0
0,0.0129051683204013,2019,0
0,0.0129051683204013,2019,0
0,0.0129051683204013,2019,0
0,0.023126877059376,2019,0
0,0.023126877059376,2019,0
0,0.0343270520370835,2019,0
0,0.0343270520370835,2019,0
0,0.0343270520370835,2019,0
0,0.0230367151618638,2019,0
0,0.0230367151618638,2019,0
0,0.0230367151618638,2019,0
0,0.0230367151618638,2019,0
0,0.0230367151618638,2019,0
0,0.0452851924497895,2019,0
0,0.0258844624192655,2019,0
0,0.0258844624192655,2019,0
0,0.0528339836372246,2019,0
0,0.0623885046703033,2019,0
0,0.0596396232206644,2019,0
0,0.0686470867607944,2019,0
0,0.0226926038353175,2019,0
0,0.0226926038353175,2019,0
0,0.0226926038353175,2019,0
0,0.0226926038353175,2019,0
0,0.0226926038353175,2019,0
0,0.0226926038353175,2019,0
0,0.0226926038353175,2019,0
0,0.0418921541478962,2019,0
0,0.0298990566478342,2019,0
0,0.0118232682379911,2019,0
0,0.0118232682379911,2019,0
0,0.0118232682379911,2019,0
0,0.111365205332935,2019,0
0,0.0525604377748564,2019,0
0,0.050419714807776,2019,0
0,0.0651449332470412,2019,0
0,0.0592039564947289,2019,0
0,0.0352694955612769,2019,0
0,0.0383858091258129,2019,0
0,0.0229667573830977,2019,0
0,0.0228811165775761,2019,0
0,0.0228811165775761,2019,0
0,0.0228811165775761,2019,0
0,0.0228811165775761,2019,0
0,0.0228811165775761,2019,0
0,0.0228811165775761,2019,0
0,0.0228811165775761,2019,0
0,0.134723969851371,2019,0
0,0.128252050421747,2019,0
0,0.102329846166106,2019,0
0,0.113494908185557,2019,0
0,0.0993402362126636,2019,0
0,0.112554690357321,2019,0
0,0.128252050421747,2019,0
0,0.107825781456606,2019,0
0,0.0243545141245454,2019,0
0,0.025046745519817,2019,0
0,0.0233920176035368,2019,0
0,0.0233920176035368,2019,0
0,0.0572103752953289,2019,0
0,0.062566456353529,2019,0
0,0.0645830444947192,2019,0
0,0.0645830444947192,2019,0
0,0.0477625091400886,2019,0
0,0.0630370204827938,2019,0
0,0.0528593198077612,2019,0
0,0.0567622341149227,2019,0
0,0.0344616038977215,2019,0
0,0.0382349795433493,2019,0
0,0.0382349795433493,2019,0
0,0.0344616038977215,2019,0
0,0.0382349795433493,2019,0
0,0.0382349795433493,2019,0
0,0.0344616038977215,2019,0
0,0.0382349795433493,2019,0
0,0.0344616038977215,2019,0
0,0.0491320545528594,2019,0
0,0.0299435099180203,2019,0
0,0.0299435099180203,2019,0
0,0.0491320545528594,2019,0
0,0.0299435099180203,2019,0
0,0.0299435099180203,2019,0
0,0.0299435099180203,2019,0
0,0.0342236996563848,2019,0
0,0.0299435099180203,2019,0
0,0.0385025445609705,2019,0
0,0.0385025445609705,2019,0
0,0.0385025445609705,2019,0
0,0.0385025445609705,2019,0
0,0.0385025445609705,2019,0
0,0.0385025445609705,2019,0
0,0.0385025445609705,2019,0
0,0.0385025445609705,2019,0
0,0.0385025445609705,2019,0
0,0.0385025445609705,2019,0
0,0.0385025445609705,2019,0
0,0.0385025445609705,2019,0
0,0.0387512140904786,2019,0
0,0.0380130495057542,2019,0
0,0.0385025445609705,2019,0
0,0.0385025445609705,2019,0
0,0.0385025445609705,2019,0
0,0.0385025445609705,2019,0
0,0.0385025445609705,2019,0
0,0.0385025445609705,2019,0
0,0.0385025445609705,2019,0
0,0.0385025445609705,2019,0
0,0.0385025445609705,2019,0
0,0.0377331876828385,2019,0
0,0.0385025445609705,2019,0
0,0.0385025445609705,2019,0
0,0.0385025445609705,2019,0
0,0.0385025445609705,2019,0
0,0.0385025445609705,2019,0
0,0.0385025445609705,2019,0
0,0.0385025445609705,2019,0
0,0.0385025445609705,2019,0
0,0.0452831845754033,2019,0
0,0.0385025445609705,2019,0
0,0.0385025445609705,2019,0
0,0.0385025445609705,2019,0
0,0.0443957257891159,2019,0
0,0.0385025445609705,2019,0
0,0.0385025445609705,2019,0
0,0.0385025445609705,2019,0
0,0.0385025445609705,2019,0
0,0.0385025445609705,2019,0
0,0.0145405832767799,2019,0
0,0.0145405832767799,2019,0
0,0.0240453860937592,2019,0
0,0.0240453860937592,2019,0
0,0.0341970235477011,2019,0
0,0.0341970235477011,2019,0
0,0.0341970235477011,2019,0
0,0.0243818134549576,2019,0
0,0.0243818134549576,2019,0
0,0.0243818134549576,2019,0
0,0.0243818134549576,2019,0
0,0.0356261390888582,2019,0
0,0.0141590249247891,2019,0
0,0.0216565415550004,2019,0
0,0.0141590249247891,2019,0
0,0.0216565415550004,2019,0
0,0.0141590249247891,2019,0
0,0.0141590249247891,2019,0
0,0.0216565415550004,2019,0
0,0.0117910116003816,2019,0
0,0.0117910116003816,2019,0
0,0.0117910116003816,2019,0
0,0.0242952524339555,2019,0
0,0.0242952524339555,2019,0
0,0.0327538554262412,2019,0
0,0.0327538554262412,2019,0
0,0.0327538554262412,2019,0
0,0.0238219020916033,2019,0
0,0.0238219020916033,2019,0
0,0.0238219020916033,2019,0
0,0.0238219020916033,2019,0
0,0.0238219020916033,2019,0
0,0.0485864493492319,2019,0
0,0.0246549423061666,2019,0
0,0.0320143011513154,2019,0
0,0.0494300461534338,2019,0
0,0.0638799086530842,2019,0
0,0.0607217912464205,2019,0
0,0.0670224782251925,2019,0
0,0.0583591058274704,2019,0
0,0.023897397901824,2019,0
0,0.023897397901824,2019,0
0,0.023897397901824,2019,0
0,0.023897397901824,2019,0
0,0.023897397901824,2019,0
0,0.023897397901824,2019,0
0,0.023897397901824,2019,0
0,0.0486426439818302,2019,0
0,0.0342768471896706,2019,0
0,0.00981332083968676,2019,0
0,0.00981332083968676,2019,0
0,0.00981332083968676,2019,0
0,0.0984413892441135,2019,0
0,0.0483868885875023,2019,0
0,0.0464430808464413,2019,0
0,0.0626240527708403,2019,0
0,0.0569397626565525,2019,0
0,0.0315979733456779,2019,0
0,0.0343189683456243,2019,0
0,0.0315979733456779,2019,0
0,0.0343189683456243,2019,0
0,0.0236882370012789,2019,0
0,0.0236882370012789,2019,0
0,0.0236882370012789,2019,0
0,0.0236882370012789,2019,0
0,0.0236882370012789,2019,0
0,0.0236882370012789,2019,0
0,0.0236882370012789,2019,0
0,0.0930054301046889,2019,0
0,0.120552745405151,2019,0
0,0.12726711666794,2019,0
0,0.104155817450337,2019,0
0,0.108065784325665,2019,0
0,0.100832169760974,2019,0
0,0.120552745405151,2019,0
0,0.0327512131044727,2019,0
0,0.0267833526685348,2019,0
0,0.0285288148940925,2019,0
0,0.0236034215996074,2019,0
0,0.0236034215996074,2019,0
0,0.0581414642627888,2019,0
0,0.0618668072022656,2019,0
0,0.048038762327771,2019,0
0,0.0595994933480188,2019,0
0,0.0618668072022656,2019,0
0,0.0602409294984003,2019,0
0,0.043680060388229,2019,0
0,0.0543464048657453,2019,0
0,0.0326529250279773,2019,0
0,0.0326529250279773,2019,0
0,0.0352079056395273,2019,0
0,0.0326529250279773,2019,0
0,0.0352079056395273,2019,0
0,0.0352079056395273,2019,0
0,0.0352079056395273,2019,0
0,0.0326529250279773,2019,0
0,0.0326529250279773,2019,0
0,0.0271690800069707,2019,0
0,0.0271690800069707,2019,0
0,0.047145537188298,2019,0
0,0.047145537188298,2019,0
0,0.0328409348712213,2019,0
0,0.0271690800069707,2019,0
0,0.0271690800069707,2019,0
0,0.0271690800069707,2019,0
0,0.0271690800069707,2019,0
0,0.0345578921544556,2019,0
0,0.0345578921544556,2019,0
0,0.0345578921544556,2019,0
0,0.0414446958219213,2019,0
0,0.0360042471865767,2019,0
0,0.0345578921544556,2019,0
0,0.0345578921544556,2019,0
0,0.0345578921544556,2019,0
0,0.0345578921544556,2019,0
0,0.0345578921544556,2019,0
0,0.0345578921544556,2019,0
0,0.0345578921544556,2019,0
0,0.0345578921544556,2019,0
0,0.0345578921544556,2019,0
0,0.0345578921544556,2019,0
0,0.0345578921544556,2019,0
0,0.0345578921544556,2019,0
0,0.0345578921544556,2019,0
0,0.0345578921544556,2019,0
0,0.0345578921544556,2019,0
0,0.0345578921544556,2019,0
0,0.0345578921544556,2019,0
0,0.0345578921544556,2019,0
0,0.0345578921544556,2019,0
0,0.0345578921544556,2019,0
0,0.0345578921544556,2019,0
0,0.0401212737525881,2019,0
0,0.0345578921544556,2019,0
0,0.0345578921544556,2019,0
0,0.0345578921544556,2019,0
0,0.0345578921544556,2019,0
0,0.0401212737525881,2019,0
0,0.0345578921544556,2019,0
0,0.0338073687863691,2019,0
0,0.0345578921544556,2019,0
0,0.0345578921544556,2019,0
0,0.0345578921544556,2019,0
0,0.0345578921544556,2019,0
0,0.0345578921544556,2019,0
0,0.0330555945052857,2019,0
0,0.0339802163705727,2019,0
0,0.0345578921544556,2019,0
0,0.0345578921544556,2019,0
0,0.0345578921544556,2019,0
0,0.0345578921544556,2019,0
0,0.0144681141731752,2019,0
0,0.0144681141731752,2019,0
0,0.0235814266816636,2019,0
0,0.0235814266816636,2019,0
0,0.0333061490690822,2019,0
0,0.0333061490690822,2019,0
0,0.0333061490690822,2019,0
0,0.0291202331326258,2019,0
0,0.0236592322646574,2019,0
0,0.0236592322646574,2019,0
0,0.0236592322646574,2019,0
0,0.0236592322646574,2019,0
0,0.0332519665843846,2019,0
0,0.0213042799790476,2019,0
0,0.0213042799790476,2019,0
0,0.0133940056456527,2019,0
0,0.0133940056456527,2019,0
0,0.0133940056456527,2019,0
0,0.0133940056456527,2019,0
0,0.0213042799790476,2019,0
0,0.0236257744405279,2019,0
0,0.0236257744405279,2019,0
0,0.0393684450664633,2019,0
0,0.0337014618860482,2019,0
0,0.0337014618860482,2019,0
0,0.0337014618860482,2019,0
0,0.0232516777055343,2019,0
0,0.0232516777055343,2019,0
0,0.0232516777055343,2019,0
0,0.0232516777055343,2019,0
0,0.0232516777055343,2019,0
0,0.0451544709508404,2019,0
0,0.0242020605810567,2019,0
0,0.0303142922599233,2019,0
0,0.0435872700914882,2019,0
0,0.0523990130312101,2019,0
0,0.063700875308155,2019,0
0,0.0555153531716971,2019,0
0,0.0236743271995827,2019,0
0,0.0236743271995827,2019,0
0,0.0236743271995827,2019,0
0,0.0236743271995827,2019,0
0,0.0236743271995827,2019,0
0,0.0236743271995827,2019,0
0,0.0236743271995827,2019,0
0,0.0464145304214535,2019,0
0,0.0323526523945938,2019,0
0,0.0103929011769095,2019,0
0,0.0103929011769095,2019,0
0,0.0103929011769095,2019,0
0,0.0894996616766065,2019,0
0,0.0430319529092262,2019,0
0,0.0447416469871714,2019,0
0,0.0622044613789098,2019,0
0,0.0567039292978975,2019,0
0,0.0266247346987834,2019,0
0,0.0290594486066716,2019,0
0,0.0266247346987834,2019,0
0,0.0290594486066716,2019,0
0,0.0240696159825542,2019,0
0,0.0240696159825542,2019,0
0,0.0240696159825542,2019,0
0,0.0240696159825542,2019,0
0,0.0240696159825542,2019,0
0,0.0240696159825542,2019,0
0,0.0240696159825542,2019,0
0,0.0240696159825542,2019,0
0,0.106622038944664,2019,0
0,0.110609973687514,2019,0
0,0.129565826899277,2019,0
0,0.122917185091238,2019,0
0,0.0955841003587388,2019,0
0,0.122917185091238,2019,0
0,0.103367326650226,2019,0
0,0.0350514873748186,2019,0
0,0.0290665026156011,2019,0
0,0.0300823652826767,2019,0
0,0.0242829130831647,2019,0
0,0.0242829130831647,2019,0
0,0.0586590797003232,2019,0
0,0.0639948552681189,2019,0
0,0.052513598244743,2019,0
0,0.0646114176286509,2019,0
0,0.0478928832475899,2019,0
0,0.0662454846883459,2019,0
0,0.0662454846883459,2019,0
0,0.0571686182407279,2019,0
0,0.0351813989072462,2019,0
0,0.0380550867248649,2019,0
0,0.0351813989072462,2019,0
0,0.0351813989072462,2019,0
0,0.0380550867248649,2019,0
0,0.0351813989072462,2019,0
0,0.0380550867248649,2019,0
0,0.0380550867248649,2019,0
0,0.0351813989072462,2019,0
0,0.0466215279092969,2019,0
0,0.0328204806009134,2019,0
0,0.0276946707907849,2019,0
0,0.0276946707907849,2019,0
0,0.0276946707907849,2019,0
0,0.0276946707907849,2019,0
0,0.0276946707907849,2019,0
0,0.0466215279092969,2019,0
0,0.0276946707907849,2019,0
0,0.0338895850312108,2019,0
0,0.0338895850312108,2019,0
0,0.0333216979007244,2019,0
0,0.0338895850312108,2019,0
0,0.0338895850312108,2019,0
0,0.0338895850312108,2019,0
0,0.0338895850312108,2019,0
0,0.0325992116329451,2019,0
0,0.0338895850312108,2019,0
0,0.0338895850312108,2019,0
0,0.0338895850312108,2019,0
0,0.0338895850312108,2019,0
0,0.0338895850312108,2019,0
0,0.0338895850312108,2019,0
0,0.0338895850312108,2019,0
0,0.0338895850312108,2019,0
0,0.0338895850312108,2019,0
0,0.0338895850312108,2019,0
0,0.0338895850312108,2019,0
0,0.0338895850312108,2019,0
0,0.0338895850312108,2019,0
0,0.0332999627362449,2019,0
0,0.0387830924988491,2019,0
0,0.0338895850312108,2019,0
0,0.0338895850312108,2019,0
0,0.0338895850312108,2019,0
0,0.0338895850312108,2019,0
0,0.0352857552896263,2019,0
0,0.0338895850312108,2019,0
0,0.0338895850312108,2019,0
0,0.0338895850312108,2019,0
0,0.0387830924988491,2019,0
0,0.0338895850312108,2019,0
0,0.0338895850312108,2019,0
0,0.0338895850312108,2019,0
0,0.0338895850312108,2019,0
0,0.0338895850312108,2019,0
0,0.0338895850312108,2019,0
0,0.0338895850312108,2019,0
0,0.0338895850312108,2019,0
0,0.0338895850312108,2019,0
0,0.0338895850312108,2019,0
0,0.0338895850312108,2019,0
0,0.0397870510961411,2019,0
0,0.0162269144257168,2019,0
0,0.0162269144257168,2019,0
0,0.0238559247831506,2019,0
0,0.0238559247831506,2019,0
0,0.0336816841327046,2019,0
0,0.0336816841327046,2019,0
0,0.0336816841327046,2019,0
0,0.0252413702745527,2019,0
0,0.0236899280199653,2019,0
0,0.0236899280199653,2019,0
0,0.0236899280199653,2019,0
0,0.0236899280199653,2019,0
0,0.0328296021541091,2019,0
0,0.0129151318395989,2019,0
0,0.0129151318395989,2019,0
0,0.0129151318395989,2019,0
0,0.0129151318395989,2019,0
0,0.0193044858321827,2019,0
0,0.0193044858321827,2019,0
0,0.0229107934721673,2019,0
0,0.0238418383181232,2019,0
0,0.0238418383181232,2019,0
0,0.0418301384907916,2019,0
0,0.0363710856751576,2019,0
0,0.0363710856751576,2019,0
0,0.0363710856751576,2019,0
0,0.054471941567224,2019,0
0,0.0250080981225399,2019,0
0,0.0250080981225399,2019,0
0,0.0250080981225399,2019,0
0,0.0250080981225399,2019,0
0,0.0250080981225399,2019,0
0,0.0250080981225399,2019,0
0,0.0503774738109627,2019,0
0,0.0247161418714994,2019,0
0,0.0315501973260905,2019,0
0,0.0541039403164419,2019,0
0,0.0644742093500141,2019,0
0,0.0692431710299751,2019,0
0,0.0782218000975417,2019,0
0,0.0267170600773416,2019,0
0,0.0267170600773416,2019,0
0,0.0267170600773416,2019,0
0,0.0267170600773416,2019,0
0,0.0267170600773416,2019,0
0,0.0267170600773416,2019,0
0,0.0267170600773416,2019,0
0,0.0400841195473296,2019,0
0,0.0563562154309757,2019,0
0,0.0132399076216618,2019,0
0,0.0132399076216618,2019,0
0,0.0132399076216618,2019,0
0,0.0954699914273729,2019,0
0,0.0572798106698908,2019,0
0,0.0590782511183966,2019,0
0,0.0804840785600129,2019,0
0,0.0323474183885223,2019,0
0,0.0297285013460946,2019,0
0,0.0327673725771958,2019,0
0,0.0272416712504418,2019,0
0,0.0272416712504418,2019,0
0,0.0272416712504418,2019,0
0,0.0272416712504418,2019,0
0,0.0272416712504418,2019,0
0,0.0272416712504418,2019,0
0,0.0272416712504418,2019,0
0,0.0272416712504418,2019,0
0,0.110242873520741,2019,0
0,0.106627806367607,2019,0
0,0.142419561908872,2019,0
0,0.115114270421578,2019,0
0,0.11995161109694,2019,0
0,0.121026645269811,2019,0
0,0.135737495071429,2019,0
0,0.135737495071429,2019,0
0,0.0344632502376271,2019,0
0,0.0275545530944319,2019,0
0,0.0275545530944319,2019,0
0,0.0668409451443653,2019,0
0,0.0713496143121867,2019,0
0,0.0734679616781303,2019,0
0,0.0610709451947497,2019,0
0,0.0718451549401466,2019,0
0,0.0556204787196849,2019,0
0,0.0734679616781303,2019,0
0,0.0625378004921886,2019,0
0,0.0445867264640314,2019,0
0,0.0445867264640314,2019,0
0,0.0402960814302398,2019,0
0,0.0402960814302398,2019,0
0,0.0445867264640314,2019,0
0,0.0445867264640314,2019,0
0,0.0402960814302398,2019,0
0,0.0347190980497914,2019,0
0,0.0347190980497914,2019,0
0,0.0385909114887394,2019,0
0,0.0347190980497914,2019,0
0,0.0538461802057907,2019,0
0,0.0347190980497914,2019,0
0,0.0347190980497914,2019,0
0,0.0347190980497914,2019,0
0,0.0538461802057907,2019,0
0,0.0444642274805071,2019,0
0,0.0444642274805071,2019,0
0,0.0444642274805071,2019,0
0,0.0444642274805071,2019,0
0,0.0444642274805071,2019,0
0,0.0497753251538017,2019,0
0,0.0444642274805071,2019,0
0,0.0444642274805071,2019,0
0,0.0444642274805071,2019,0
0,0.043248386642285,2019,0
0,0.0444642274805071,2019,0
0,0.0444642274805071,2019,0
0,0.0444642274805071,2019,0
0,0.0444642274805071,2019,0
0,0.0444642274805071,2019,0
0,0.0444642274805071,2019,0
0,0.0446272021076729,2019,0
0,0.0444642274805071,2019,0
0,0.0444642274805071,2019,0
0,0.0444642274805071,2019,0
0,0.0444642274805071,2019,0
0,0.0444642274805071,2019,0
0,0.0444642274805071,2019,0
0,0.0436429794700216,2019,0
0,0.0444642274805071,2019,0
0,0.0444642274805071,2019,0
0,0.0502439292540972,2019,0
0,0.0444642274805071,2019,0
0,0.0444642274805071,2019,0
0,0.0444642274805071,2019,0
0,0.0444642274805071,2019,0
0,0.0444642274805071,2019,0
0,0.0444642274805071,2019,0
0,0.0444642274805071,2019,0
0,0.0444642274805071,2019,0
0,0.0444642274805071,2019,0
0,0.0444642274805071,2019,0
0,0.0444642274805071,2019,0
0,0.0444642274805071,2019,0
0,0.0444642274805071,2019,0
0,0.0444642274805071,2019,0
0,0.0441942380296914,2019,0
0,0.0497753251538017,2019,0
0,0.0444642274805071,2019,0
0,0.0444642274805071,2019,0
0,0.0192423046566343,2019,0
0,0.0192423046566343,2019,0
0,0.0282295681006143,2019,0
0,0.0282295681006143,2019,0
0,0.04803842648738,2019,0
0,0.04803842648738,2019,0
0,0.04803842648738,2019,0
0,0.0294420392639676,2019,0
0,0.0294420392639676,2019,0
0,0.0294420392639676,2019,0
0,0.0294420392639676,2019,0
0,0.027119729370605,2019,0
0,0.0174144584604408,2019,0
0,0.0174144584604408,2019,0
0,0.0174144584604408,2019,0
0,0.0174144584604408,2019,0
0,0.027119729370605,2019,0
0,0.0303024586441918,2019,0
0,0.0303024586441918,2019,0
0,0.0732537450244971,2019,0
0,0.043237054259933,2019,0
0,0.043237054259933,2019,0
0,0.043237054259933,2019,0
0,0.0308280259976359,2019,0
0,0.0308280259976359,2019,0
0,0.0308280259976359,2019,0
0,0.0308280259976359,2019,0
0,0.0308280259976359,2019,0
0,0.0308280259976359,2019,0
0,0.0747488627167745,2019,0
0,0.0284478970474476,2019,0
0,0.0359298116076737,2019,0
0,0.0727482014207819,2019,0
0,0.0966765746369894,2019,0
0,0.030131772089169,2019,0
0,0.030131772089169,2019,0
0,0.030131772089169,2019,0
0,0.030131772089169,2019,0
0,0.030131772089169,2019,0
0,0.030131772089169,2019,0
0,0.030131772089169,2019,0
0,0.0589286061404248,2019,0
0,0.0814332813597015,2019,0
0,0.0149330516306878,2019,0
0,0.0149330516306878,2019,0
0,0.0149330516306878,2019,0
0,0.107703600121843,2019,0
0,0.0941241215707369,2019,0
0,0.0416125837056152,2019,0
0,0.0293757272438447,2019,0
0,0.0293757272438447,2019,0
0,0.0293757272438447,2019,0
0,0.0293757272438447,2019,0
0,0.0293757272438447,2019,0
0,0.0293757272438447,2019,0
0,0.0293757272438447,2019,0
0,0.0293757272438447,2019,0
0,0.149300249128897,2019,0
0,0.126738690359872,2019,0
0,0.122912976325886,2019,0
0,0.117727234379136,2019,0
0,0.149300249128897,2019,0
0,0.135563058229662,2019,0
0,0.130184493537357,2019,0
0,0.156948564069194,2019,0
0,0.0403203731780511,2019,0
0,0.0287913426026729,2019,0
0,0.0287913426026729,2019,0
0,0.0824766991267385,2019,0
0,0.0813227116681713,2019,0
0,0.0794550815945977,2019,0
0,0.0659234819489282,2019,0
0,0.0813227116681713,2019,0
0,0.0604580211790335,2019,0
0,0.0684929830866259,2019,0
0,0.047784571742279,2019,0
0,0.047784571742279,2019,0
0,0.0439752784587782,2019,0
0,0.047784571742279,2019,0
0,0.0439752784587782,2019,0
0,0.0439752784587782,2019,0
0,0.047784571742279,2019,0
0,0.039288711434768,2019,0
0,0.039288711434768,2019,0
0,0.039288711434768,2019,0
0,0.0620604187824249,2019,0
0,0.039288711434768,2019,0
0,0.039288711434768,2019,0
0,0.0620604187824249,2019,0
0,0.0448476415863289,2019,0
0,0.039288711434768,2019,0
0,0.0577115707354302,2019,0
0,0.0499697183270162,2019,0
0,0.0499697183270162,2019,0
0,0.0499697183270162,2019,0
0,0.0499697183270162,2019,0
0,0.0499697183270162,2019,0
0,0.0499697183270162,2019,0
0,0.0499697183270162,2019,0
0,0.0499697183270162,2019,0
0,0.0499697183270162,2019,0
0,0.0499697183270162,2019,0
0,0.0499697183270162,2019,0
0,0.0499697183270162,2019,0
0,0.0499697183270162,2019,0
0,0.0499697183270162,2019,0
0,0.0499697183270162,2019,0
0,0.0499697183270162,2019,0
0,0.0499697183270162,2019,0
0,0.0499697183270162,2019,0
0,0.0499697183270162,2019,0
0,0.0504860951798917,2019,0
0,0.0565964607784193,2019,0
0,0.0499697183270162,2019,0
0,0.0499697183270162,2019,0
0,0.0499697183270162,2019,0
0,0.049336629649525,2019,0
0,0.0499697183270162,2019,0
0,0.0499697183270162,2019,0
0,0.0482973742027259,2019,0
0,0.0499697183270162,2019,0
0,0.0499697183270162,2019,0
0,0.0499697183270162,2019,0
0,0.0499697183270162,2019,0
0,0.0499697183270162,2019,0
0,0.0499697183270162,2019,0
0,0.0499697183270162,2019,0
0,0.0499697183270162,2019,0
0,0.0499697183270162,2019,0
0,0.0499697183270162,2019,0
0,0.049136860516218,2019,0
0,0.0499697183270162,2019,0
0,0.0499697183270162,2019,0
0,0.0565964607784193,2019,0
0,0.0499697183270162,2019,0
0,0.0499697183270162,2019,0
0,0.0499697183270162,2019,0
0,0.0204677071173789,2019,0
0,0.0204677071173789,2019,0
0,0.02938906229027,2019,0
0,0.02938906229027,2019,0
0,0.0578410134765012,2019,0
0,0.0578410134765012,2019,0
0,0.0578410134765012,2019,0
0,0.0302854801913793,2019,0
0,0.0302854801913793,2019,0
0,0.0302854801913793,2019,0
0,0.0224279092988702,2019,0
0,0.0224279092988702,2019,0
0,0.0224279092988702,2019,0
0,0.0184641683658032,2019,0
0,0.0184641683658032,2019,0
0,0.0184641683658032,2019,0
0,0.030235747182763,2019,0
0,0.030235747182763,2019,0
0,0.0486460154690423,2019,0
0,0.0486460154690423,2019,0
0,0.0486460154690423,2019,0
0,0.0293235979727074,2019,0
0,0.0293235979727074,2019,0
0,0.0293235979727074,2019,0
0,0.0293235979727074,2019,0
0,0.0293235979727074,2019,0
0,0.0293235979727074,2019,0
0,0.0782518408901549,2019,0
0,0.030626104657244,2019,0
0,0.0375073276971324,2019,0
0,0.0754256332875772,2019,0
0,0.0754112537994785,2019,0
0,0.0989892295521251,2019,0
0,0.0278250886220636,2019,0
0,0.0278250886220636,2019,0
0,0.0278250886220636,2019,0
0,0.0278250886220636,2019,0
0,0.0278250886220636,2019,0
0,0.0278250886220636,2019,0
0,0.0278250886220636,2019,0
0,0.0609669753840407,2019,0
0,0.0849697889937264,2019,0
0,0.0145469285302586,2019,0
0,0.0145469285302586,2019,0
0,0.0145469285302586,2019,0
0,0.10024493737233,2019,0
0,0.0936208978722686,2019,0
0,0.0429042846633704,2019,0
0,0.0279097625932615,2019,0
0,0.0279097625932615,2019,0
0,0.0279097625932615,2019,0
0,0.0279097625932615,2019,0
0,0.0279097625932615,2019,0
0,0.0279097625932615,2019,0
0,0.0279097625932615,2019,0
0,0.0279097625932615,2019,0
0,0.114587101922832,2019,0
0,0.123484892053716,2019,0
0,0.154870529975947,2019,0
0,0.146621499844205,2019,0
0,0.134902965458295,2019,0
0,0.121097306239576,2019,0
0,0.125173591687003,2019,0
0,0.146621499844205,2019,0
0,0.0433530540188442,2019,0
0,0.0473530060674457,2019,0
0,0.0473530060674457,2019,0
0,0.0283967571431251,2019,0
0,0.0283967571431251,2019,0
0,0.0798140236546576,2019,0
0,0.0884562415594307,2019,0
0,0.0884562415594307,2019,0
0,0.0632520899686207,2019,0
0,0.0862453521358767,2019,0
0,0.0672681496373529,2019,0
0,0.0444857873582361,2019,0
0,0.0419401377134418,2019,0
0,0.0444857873582361,2019,0
0,0.0444857873582361,2019,0
0,0.0419401377134418,2019,0
0,0.0419401377134418,2019,0
0,0.0444857873582361,2019,0
0,0.0444857873582361,2019,0
0,0.035504452279088,2019,0
0,0.0601471861114295,2019,0
0,0.035504452279088,2019,0
0,0.035504452279088,2019,0
0,0.035504452279088,2019,0
0,0.0601471861114295,2019,0
0,0.035504452279088,2019,0
0,0.035504452279088,2019,0
0,0.035504452279088,2019,0
0,0.0428965400510941,2019,0
0,0.0420218525019032,2019,0
0,0.0430136452554518,2019,0
0,0.0430136452554518,2019,0
0,0.0430136452554518,2019,0
0,0.0430136452554518,2019,0
0,0.0430136452554518,2019,0
0,0.0430136452554518,2019,0
0,0.0430136452554518,2019,0
0,0.0430136452554518,2019,0
0,0.0430136452554518,2019,0
0,0.0430136452554518,2019,0
0,0.0430136452554518,2019,0
0,0.0497752080292241,2019,0
0,0.041138493228247,2019,0
0,0.0430136452554518,2019,0
0,0.0430136452554518,2019,0
0,0.0430136452554518,2019,0
0,0.0430136452554518,2019,0
0,0.0430136452554518,2019,0
0,0.0430136452554518,2019,0
0,0.0430136452554518,2019,0
0,0.0430136452554518,2019,0
0,0.0430136452554518,2019,0
0,0.0430136452554518,2019,0
0,0.0430136452554518,2019,0
0,0.0430136452554518,2019,0
0,0.0430136452554518,2019,0
0,0.0430136452554518,2019,0
0,0.0430136452554518,2019,0
0,0.0430136452554518,2019,0
0,0.0430136452554518,2019,0
0,0.0423672337215267,2019,0
0,0.0430136452554518,2019,0
0,0.0430136452554518,2019,0
0,0.0430136452554518,2019,0
0,0.0430136452554518,2019,0
0,0.0430136452554518,2019,0
0,0.0430136452554518,2019,0
0,0.0430136452554518,2019,0
0,0.0430136452554518,2019,0
0,0.0515360000281415,2019,0
0,0.0430136452554518,2019,0
0,0.0430136452554518,2019,0
0,0.0430136452554518,2019,0
0,0.0446424901718999,2019,0
0,0.0430136452554518,2019,0
0,0.0196087135306932,2019,0
0,0.0196087135306932,2019,0
0,0.0289318154721825,2019,0
0,0.0289318154721825,2019,0
0,0.0617908161547832,2019,0
0,0.0617908161547832,2019,0
0,0.0617908161547832,2019,0
0,0.0275941789467349,2019,0
0,0.0275941789467349,2019,0
0,0.0275941789467349,2019,0
0,0.0275941789467349,2019,0
0,0.0579638327876596,2019,0
0,0.0196226860601521,2019,0
0,0.0196226860601521,2019,0
0,0.0196226860601521,2019,0
0,0.0165705028876168,2019,0
0,0.0165705028876168,2019,0
0,0.0165705028876168,2019,0
0,0.0267133363921014,2019,0
0,0.0267133363921014,2019,0
0,0.0323584745092624,2019,0
0,0.0323584745092624,2019,0
0,NA,2019,NA
0,0.0478688974316493,2019,0
0,0.0478688974316493,2019,0
0,0.0478688974316493,2019,0
0,0.0478688974316493,2019,0
0,0.0263067279546412,2019,0
0,0.0263067279546412,2019,0
0,0.0263067279546412,2019,0
0,0.0263067279546412,2019,0
0,0.0263067279546412,2019,0
0,0.0263067279546412,2019,0
0,0.066329192621195,2019,0
0,0.0299601001849327,2019,0
0,0.0354101919574661,2019,0
0,0.0681025225909083,2019,0
0,0.0685585966994656,2019,0
0,0.0971468721619171,2019,0
0,0.0264836478760421,2019,0
0,0.0264836478760421,2019,0
0,0.0264836478760421,2019,0
0,0.0264836478760421,2019,0
0,0.0264836478760421,2019,0
0,0.0264836478760421,2019,0
0,0.0264836478760421,2019,0
0,0.0522184395670449,2019,0
0,0.0146900321199368,2019,0
0,0.0146900321199368,2019,0
0,0.0146900321199368,2019,0
0,0.102513257400387,2019,0
0,0.0908471864304967,2019,0
0,0.0388007319232431,2019,0
0,0.0262964613584659,2019,0
0,0.0262964613584659,2019,0
0,0.0262964613584659,2019,0
0,0.0262964613584659,2019,0
0,0.0262964613584659,2019,0
0,0.0262964613584659,2019,0
0,0.0262964613584659,2019,0
0,0.0262964613584659,2019,0
0,0.11735778977233,2019,0
0,0.139526542747424,2019,0
0,0.147130336137513,2019,0
0,0.108599760146899,2019,0
0,0.12626312017392,2019,0
0,0.120526506370137,2019,0
0,0.139526542747424,2019,0
0,0.113787132101316,2019,0
0,0.0380860333378259,2019,0
0,0.0409758029096062,2019,0
0,0.0409758029096062,2019,0
0,0.0258245908240903,2019,0
0,0.0258245908240903,2019,0
0,0.0696018992413384,2019,0
0,0.0802773551004375,2019,0
0,0.059436019949107,2019,0
0,0.0783990134254461,2019,0
0,0.0609705282180805,2019,0
0,0.0413493088796282,2019,0
0,0.0413493088796282,2019,0
0,0.0375745560556232,2019,0
0,0.0375745560556232,2019,0
0,0.0413493088796282,2019,0
0,0.0413493088796282,2019,0
0,0.0375745560556232,2019,0
0,0.0375745560556232,2019,0
0,0.0413493088796282,2019,0
0,0.034908804739347,2019,0
0,0.0561270801422135,2019,0
0,0.034908804739347,2019,0
0,0.034908804739347,2019,0
0,0.0561270801422135,2019,0
0,0.034908804739347,2019,0
0,0.034908804739347,2019,0
0,0.034908804739347,2019,0
0,0.0398393518112725,2019,0
0,0.034908804739347,2019,0
0,0.0476072655827629,2019,0
0,0.0476072655827629,2019,0
0,0.0476072655827629,2019,0
0,0.0476072655827629,2019,0
0,0.0542117124065517,2019,0
0,0.0476072655827629,2019,0
0,0.0476072655827629,2019,0
0,0.0476072655827629,2019,0
0,0.0476072655827629,2019,0
0,0.0476072655827629,2019,0
0,0.0476072655827629,2019,0
0,0.0476072655827629,2019,0
0,0.0476072655827629,2019,0
0,0.0476072655827629,2019,0
0,0.0476072655827629,2019,0
0,0.0476072655827629,2019,0
0,0.0476072655827629,2019,0
0,0.0476072655827629,2019,0
0,0.0476072655827629,2019,0
0,0.0476072655827629,2019,0
0,0.0476072655827629,2019,0
0,0.0553105483980241,2019,0
0,0.0476072655827629,2019,0
0,0.0476072655827629,2019,0
0,0.04595261277058,2019,0
0,0.046990317298002,2019,0
0,0.0476072655827629,2019,0
0,0.0476072655827629,2019,0
0,0.0476072655827629,2019,0
0,0.0476072655827629,2019,0
0,0.0476072655827629,2019,0
0,0.0476072655827629,2019,0
0,0.0476072655827629,2019,0
0,0.0476072655827629,2019,0
0,0.0476072655827629,2019,0
0,0.0476072655827629,2019,0
0,0.0476072655827629,2019,0
0,0.0476072655827629,2019,0
0,0.0476072655827629,2019,0
0,0.0480127672251404,2019,0
0,0.0476072655827629,2019,0
0,0.046776161221459,2019,0
0,0.0476072655827629,2019,0
0,0.0476072655827629,2019,0
0,0.0476072655827629,2019,0
0,0.0476072655827629,2019,0
0,0.0476072655827629,2019,0
0,0.0248444004810815,2019,0
0,0.0248444004810815,2019,0
0,0.0457090915527838,2019,0
0,0.0457090915527838,2019,0
0,0.0457090915527838,2019,0
0,0.024022000528152,2019,0
0,0.024022000528152,2019,0
0,0.024022000528152,2019,0
0,0.024022000528152,2019,0
0,0.0416812262181494,2019,0
0,0.017883994575608,2019,0
0,0.017883994575608,2019,0
0,0.017883994575608,2019,0
0,0.0150516457353233,2019,0
0,0.0150516457353233,2019,0
0,0.0150516457353233,2019,0
0,0.0244748786741146,2019,0
0,0.0244748786741146,2019,0
0,NA,2019,NA
0,0.0407447454444441,2019,0
0,0.0407447454444441,2019,0
0,0.0407447454444441,2019,0
0,0.0407447454444441,2019,0
0,0.0256479753672338,2019,0
0,0.0256479753672338,2019,0
0,0.0256479753672338,2019,0
0,0.0256479753672338,2019,0
0,0.0256479753672338,2019,0
0,0.0256479753672338,2019,0
0,0.0575599643526199,2019,0
0,0.0303936611348326,2019,0
0,0.0352832760932815,2019,0
0,0.0594671962966754,2019,0
0,0.0607492528824931,2019,0
0,0.0741549016120778,2019,0
0,0.0851270471326223,2019,0
0,0.0271962007657035,2019,0
0,0.0271962007657035,2019,0
0,0.0271962007657035,2019,0
0,0.0271962007657035,2019,0
0,0.0271962007657035,2019,0
0,0.0271962007657035,2019,0
0,0.0271962007657035,2019,0
0,0.0437572819243715,2019,0
0,0.0189160020748495,2019,0
0,0.0189160020748495,2019,0
0,0.0189160020748495,2019,0
0,0.142395558334249,2019,0
0,0.0829273828692865,2019,0
0,0.0324900009232634,2019,0
0,0.0275584187667894,2019,0
0,0.0275584187667894,2019,0
0,0.0275584187667894,2019,0
0,0.0275584187667894,2019,0
0,0.0275584187667894,2019,0
0,0.0275584187667894,2019,0
0,0.0275584187667894,2019,0
0,0.0275584187667894,2019,0
0,0.160217782384148,2019,0
0,0.137633858943399,2019,0
0,0.160217782384148,2019,0
0,0.167014972052189,2019,0
0,0.127892029789473,2019,0
0,0.145165329519583,2019,0
0,0.14144239511007,2019,0
0,0.130519460385415,2019,0
0,0.032350392390381,2019,0
0,0.0341016266397239,2019,0
0,0.0341016266397239,2019,0
0,0.0280405780283104,2019,0
0,0.0280405780283104,2019,0
0,0.0374055531748859,2019,0
0,0.0815070588638296,2019,0
0,0.0680064547318092,2019,0
0,0.0828629738172213,2019,0
0,0.0693081429878252,2019,0
0,0.0429615751718986,2019,0
0,0.0429615751718986,2019,0
0,0.0429615751718986,2019,0
0,0.0497385157623163,2019,0
0,0.0497385157623163,2019,0
0,0.0497385157623163,2019,0
0,0.0497385157623163,2019,0
0,0.0429615751718986,2019,0
0,0.0386962609453421,2019,0
0,0.0386962609453421,2019,0
0,0.0390144209471084,2019,0
0,0.0386962609453421,2019,0
0,0.0386962609453421,2019,0
0,0.0386962609453421,2019,0
0,0.0541232363904806,2019,0
0,0.0562521215901222,2019,0
0,0.0562521215901222,2019,0
0,0.0562521215901222,2019,0
0,0.0562521215901222,2019,0
0,0.0562521215901222,2019,0
0,0.0562521215901222,2019,0
0,0.0549558034200229,2019,0
0,0.0562521215901222,2019,0
0,0.0562521215901222,2019,0
0,0.0562521215901222,2019,0
0,0.0562521215901222,2019,0
0,0.0554333333602326,2019,0
0,0.0562521215901222,2019,0
0,0.0562521215901222,2019,0
0,0.0609664977953436,2019,0
0,0.0562521215901222,2019,0
0,0.0562521215901222,2019,0
0,0.0568217417861483,2019,0
0,0.0562521215901222,2019,0
0,0.0562521215901222,2019,0
0,0.0562521215901222,2019,0
0,0.0562521215901222,2019,0
0,0.0562521215901222,2019,0
0,0.0562521215901222,2019,0
0,0.0562521215901222,2019,0
0,0.0562521215901222,2019,0
0,0.0562521215901222,2019,0
0,0.0562521215901222,2019,0
0,0.0562521215901222,2019,0
0,0.0562521215901222,2019,0
0,0.0533652083435432,2019,0
0,0.0617794663946739,2019,0
0,0.0562521215901222,2019,0
0,0.0562521215901222,2019,0
0,0.0562521215901222,2019,0
0,0.0562521215901222,2019,0
0,0.0562521215901222,2019,0
0,0.0562521215901222,2019,0
0,0.0562521215901222,2019,0
0,0.0562521215901222,2019,0
0,0.0562521215901222,2019,0
0,0.0562521215901222,2019,0
0,0.0617794663946739,2019,0
0,0.0562521215901222,2019,0
0,0.0562521215901222,2019,0
0,0.0562521215901222,2019,0
0,0.0562521215901222,2019,0
0,0.0562521215901222,2019,0
0,0.0562521215901222,2019,0
0,0.0273476387882845,2019,0
0,0.0273476387882845,2019,0
0,0.042375752983047,2019,0
0,0.042375752983047,2019,0
0,0.042375752983047,2019,0
0,0.026954051551138,2019,0
0,0.026954051551138,2019,0
0,0.026954051551138,2019,0
0,0.0411007290026039,2019,0
0,0.0219032793904377,2019,0
0,0.0219032793904377,2019,0
0,0.0280447147575748,2019,0
0,0.0219032793904377,2019,0
0,0.0174385027074373,2019,0
0,0.0174385027074373,2019,0
0,0.0174385027074373,2019,0
0,0.0273920590736076,2019,0
0,0.0273920590736076,2019,0
0,NA,2019,NA
0,0.0412162392693182,2019,0
0,0.0412162392693182,2019,0
0,0.0412162392693182,2019,0
0,0.0412162392693182,2019,0
0,0.0286191589539481,2019,0
0,0.0286191589539481,2019,0
0,0.0286191589539481,2019,0
0,0.0286191589539481,2019,0
0,0.0286191589539481,2019,0
0,0.0599166030928892,2019,0
0,0.0428204476569665,2019,0
0,0.048448572316719,2019,0
0,0.0787547225048567,2019,0
0,0.0805957970139602,2019,0
0,0.0983381211987987,2019,0
0,0.103053913461945,2019,0
0,0.0310536772805606,2019,0
0,0.0310536772805606,2019,0
0,0.0310536772805606,2019,0
0,0.0310536772805606,2019,0
0,0.0310536772805606,2019,0
0,0.0310536772805606,2019,0
0,0.0624658547567589,2019,0
0,0.0463861234707909,2019,0
0,0.0235579243361719,2019,0
0,0.0235579243361719,2019,0
0,0.0235579243361719,2019,0
0,0.200870945933088,2019,0
0,0.181379236588215,2019,0
0,0.113666348369665,2019,0
0,0.0391988702239484,2019,0
0,0.0391988702239484,2019,0
0,0.0331666400080648,2019,0
0,0.0331666400080648,2019,0
0,0.0331666400080648,2019,0
0,0.0331666400080648,2019,0
0,0.0331666400080648,2019,0
0,0.0331666400080648,2019,0
0,0.0331666400080648,2019,0
0,0.0331666400080648,2019,0
0,0.159365449043726,2019,0
0,0.177942561255481,2019,0
0,0.192153054745919,2019,0
0,0.192153054745919,2019,0
0,0.198918854576663,2019,0
0,0.168282150884337,2019,0
0,0.157559831033687,2019,0
0,0.170367272178928,2019,0
0,0.0447257843269155,2019,0
0,0.0477553678516552,2019,0
0,0.0488659179635939,2019,0
0,0.0488659179635939,2019,0
0,0.0323431459517843,2019,0
0,0.0673119941902848,2019,0
0,0.0885428295911441,2019,0
0,0.0565122274924327,2019,0
0,0.0518780748457581,2019,0
0,0.0565122274924327,2019,0
0,0.0518780748457581,2019,0
0,0.0518780748457581,2019,0
0,0.0518780748457581,2019,0
0,0.0618899835778993,2019,0
0,0.040564083640457,2019,0
0,0.040564083640457,2019,0
0,0.040564083640457,2019,0
0,0.044951811858913,2019,0
0,0.0618899835778993,2019,0
0,0.0486068774488386,2019,0
0,0.0486068774488386,2019,0
0,0.0549221676959664,2019,0
0,0.0486068774488386,2019,0
0,0.0486068774488386,2019,0
0,0.0486068774488386,2019,0
0,0.0486068774488386,2019,0
0,0.0486068774488386,2019,0
0,0.0486068774488386,2019,0
0,0.0486068774488386,2019,0
0,0.0482648212666979,2019,0
0,0.0486068774488386,2019,0
0,0.0486068774488386,2019,0
0,0.0476735529307464,2019,0
0,0.0486068774488386,2019,0
0,0.0486068774488386,2019,0
0,0.0486068774488386,2019,0
0,0.0486068774488386,2019,0
0,0.0486068774488386,2019,0
0,0.0486068774488386,2019,0
0,0.0486068774488386,2019,0
0,0.0486068774488386,2019,0
0,0.0486068774488386,2019,0
0,0.0471532730358932,2019,0
0,0.0486068774488386,2019,0
0,0.0486068774488386,2019,0
0,0.0486068774488386,2019,0
0,0.0486068774488386,2019,0
0,0.0486068774488386,2019,0
0,0.0486068774488386,2019,0
0,0.0486068774488386,2019,0
0,0.0555565629497401,2019,0
0,0.0486068774488386,2019,0
0,0.0486068774488386,2019,0
0,0.0486068774488386,2019,0
0,0.0482331621896446,2019,0
0,0.0486068774488386,2019,0
0,0.0326136916625937,2019,0
0,0.0326136916625937,2019,0
0,0.0597096873434532,2019,0
0,0.0597096873434532,2019,0
0,0.0479296004236073,2019,0
0,0.0338929902439107,2019,0
0,0.0338929902439107,2019,0
0,0.0338929902439107,2019,0
0,0.0642185277217278,2019,0
0,0.0378761583024908,2019,0
0,0.0230952463951118,2019,0
0,0.0230952463951118,2019,0
0,0.0230952463951118,2019,0
0,0.0230952463951118,2019,0
0,0.0378761583024908,2019,0
0,0.0341517094139354,2019,0
0,0.0641071681846547,2019,0
0,0.0641071681846547,2019,0
0,0.0641071681846547,2019,0
0,0.0641071681846547,2019,0
0,0.0332039980732229,2019,0
0,0.0332039980732229,2019,0
0,0.0332039980732229,2019,0
0,0.0332039980732229,2019,0
0,0.0332039980732229,2019,0
0,0.0874217849063306,2019,0
0,0.0484698441739457,2019,0
0,0.085518859226678,2019,0
0,0.0853211931428236,2019,0
0,0.127406494339393,2019,0
0,0.114605075045135,2019,0
0,0.0304364870860225,2019,0
0,0.0304364870860225,2019,0
0,0.0304364870860225,2019,0
0,0.0304364870860225,2019,0
0,0.0304364870860225,2019,0
0,0.0904319738009803,2019,0
0,0.0157059950722346,2019,0
0,0.130280096954127,2019,0
0,0.0286782364619599,2019,0
0,0.0286782364619599,2019,0
0,0.0286782364619599,2019,0
0,0.0286782364619599,2019,0
0,0.0286782364619599,2019,0
0,0.0286782364619599,2019,0
0,0.0286782364619599,2019,0
0,0.0286782364619599,2019,0
0,0.136784546229556,2019,0
0,0.107193099407411,2019,0
0,0.136784546229556,2019,0
0,0.125391519235894,2019,0
0,0.0364023070401594,2019,0
0,0.0404186195473,2019,0
0,0.0446855884229228,2019,0
0,0.0446855884229228,2019,0
0,0.0279965132390351,2019,0
0,0.0709655496693407,2019,0
0,0.0443130928679823,2019,0
0,0.0415182121524004,2019,0
0,0.0415182121524004,2019,0
0,0.0415182121524004,2019,0
0,0.0415182121524004,2019,0
0,0.0443130928679823,2019,0
0,0.0443130928679823,2019,0
0,0.0541622142127034,2019,0
0,0.0541622142127034,2019,0
0,0.032283691164087,2019,0
0,0.0384957372821171,2019,0
0,0.032283691164087,2019,0
0,0.032283691164087,2019,0
0,0.032283691164087,2019,0
0,0.041712022509242,2019,0
0,0.0488613060633393,2019,0
0,0.0425913399885276,2019,0
0,0.0425913399885276,2019,0
0,0.0425913399885276,2019,0
0,0.0425913399885276,2019,0
0,0.0419544621659476,2019,0
0,0.0425913399885276,2019,0
0,0.0425913399885276,2019,0
0,0.0425913399885276,2019,0
0,0.0442155990026478,2019,0
0,0.0425913399885276,2019,0
0,0.0425913399885276,2019,0
0,0.0425913399885276,2019,0
0,0.0425913399885276,2019,0
0,0.0425913399885276,2019,0
0,0.0425913399885276,2019,0
0,0.0425913399885276,2019,0
0,0.0425913399885276,2019,0
0,0.0503940032003268,2019,0
0,0.0425913399885276,2019,0
0,0.0425913399885276,2019,0
0,0.0425913399885276,2019,0
0,0.0425913399885276,2019,0
0,0.0425913399885276,2019,0
0,0.0425913399885276,2019,0
0,0.0425913399885276,2019,0
0,0.0425913399885276,2019,0
0,0.0425913399885276,2019,0
0,0.0408687139489669,2019,0
0,0.0425913399885276,2019,0
0,0.0425913399885276,2019,0
0,0.0425913399885276,2019,0
0,0.0425913399885276,2019,0
0,0.0425913399885276,2019,0
0,0.0425913399885276,2019,0
0,0.0425913399885276,2019,0
0,0.0276924788178968,2019,0
0,0.0276924788178968,2019,0
0,0.0593204609490776,2019,0
0,0.0593204609490776,2019,0
0,0.0268902240426621,2019,0
0,0.0268902240426621,2019,0
0,0.0268902240426621,2019,0
0,0.0558128781644309,2019,0
0,0.0182789665086412,2019,0
0,0.0182789665086412,2019,0
0,0.031894457194804,2019,0
0,0.0182789665086412,2019,0
0,0.0182789665086412,2019,0
0,0.031894457194804,2019,0
0,0.0268207846158034,2019,0
0,0.0581714276373307,2019,0
0,0.0581714276373307,2019,0
0,0.0581714276373307,2019,0
0,0.0581714276373307,2019,0
0,0.0261330381204803,2019,0
0,0.0261330381204803,2019,0
0,0.0261330381204803,2019,0
0,0.0261330381204803,2019,0
0,0.0261330381204803,2019,0
0,0.0668644107702356,2019,0
0,0.0435612156154923,2019,0
0,0.0919499395843695,2019,0
0,0.123681431944152,2019,0
0,0.0253611774332405,2019,0
0,0.0253611774332405,2019,0
0,0.0253611774332405,2019,0
0,0.0253611774332405,2019,0
0,0.0253611774332405,2019,0
0,0.10856612885112,2019,0
0,0.0357871429469894,2019,0
0,0.0245974517928221,2019,0
0,0.0245974517928221,2019,0
0,0.0245974517928221,2019,0
0,0.0245974517928221,2019,0
0,0.0245974517928221,2019,0
0,0.0245974517928221,2019,0
0,0.0245974517928221,2019,0
0,0.0245974517928221,2019,0
0,0.110081303959348,2019,0
0,0.14234644668741,2019,0
0,0.121905681926722,2019,0
0,0.121905681926722,2019,0
0,0.0350820708929325,2019,0
0,0.0383097304306663,2019,0
0,0.0383097304306663,2019,0
0,0.0238720940100719,2019,0
0,0.0455057350151611,2019,0
0,0.0573223685984498,2019,0
0,0.0559006474723925,2019,0
0,0.037219887346284,2019,0
0,0.0336334242613466,2019,0
0,0.0336334242613466,2019,0
0,0.037219887346284,2019,0
0,0.0336334242613466,2019,0
0,0.037219887346284,2019,0
0,0.0336334242613466,2019,0
0,0.0495398637353869,2019,0
0,0.0495398637353869,2019,0
0,0.0305143299627457,2019,0
0,0.0305143299627457,2019,0
0,0.0349456018944521,2019,0
0,0.0305143299627457,2019,0
0,0.0305143299627457,2019,0
0,0.0305143299627457,2019,0
0,0.0443303733531466,2019,0
0,0.0443303733531466,2019,0
0,0.0443303733531466,2019,0
0,0.0443303733531466,2019,0
0,0.0443303733531466,2019,0
0,0.0443303733531466,2019,0
0,0.0443303733531466,2019,0
0,0.0443303733531466,2019,0
0,0.0437127424268208,2019,0
0,0.0443303733531466,2019,0
0,0.0227044725827866,2019,0
0,0.0227044725827866,2019,0
0,0.0521997445529738,2019,0
0,0.0521997445529738,2019,0
0,0.0218168270771144,2019,0
0,0.0218168270771144,2019,0
0,0.0218168270771144,2019,0
0,0.0501671960981777,2019,0
0,0.0212514248923681,2019,0
0,NA,2019,NA
0,0.0597008757085008,2019,0
0,0.0597008757085008,2019,0
0,0.0597008757085008,2019,0
0,0.0597008757085008,2019,0
0,0.019977034736281,2019,0
0,0.019977034736281,2019,0
0,0.019977034736281,2019,0
0,0.019977034736281,2019,0
0,0.019977034736281,2019,0
0,0.044104333678191,2019,0
0,0.0538819306651218,2019,0
0,0.0968987872766074,2019,0
0,0.0191594691946392,2019,0
0,0.0191594691946392,2019,0
0,0.0191594691946392,2019,0
0,0.0274368981902462,2019,0
0,0.0189323377188072,2019,0
0,0.0189323377188072,2019,0
0,0.0189323377188072,2019,0
0,0.0189323377188072,2019,0
0,0.0189323377188072,2019,0
0,0.0189323377188072,2019,0
0,0.0189323377188072,2019,0
0,0.102166503792781,2019,0
0,0.0260693415404366,2019,0
0,0.0282942185434935,2019,0
0,0.0282942185434935,2019,0
0,0.0187176585917918,2019,0
0,0.0187176585917918,2019,0
0,0.0468620858488787,2019,0
0,0.0336390649642891,2019,0
0,0.0288145044886279,2019,0
0,0.0288145044886279,2019,0
0,0.0288145044886279,2019,0
0,0.0336390649642891,2019,0
0,0.0336390649642891,2019,0
0,0.0260829762319501,2019,0
0,0.0260829762319501,2019,0
0,0.0260829762319501,2019,0
0,0.0260829762319501,2019,0
0,0.0390847628894715,2019,0
0,0.0272807180279348,2019,0
0,0.0390847628894715,2019,0
0,0.0260829762319501,2019,0
0,0.0362697648787293,2019,0
0,0.0184407965705287,2019,0
0,0.0184407965705287,2019,0
0,0.0345202090196702,2019,0
0,0.0345202090196702,2019,0
0,0.0178270643080821,2019,0
0,0.0178270643080821,2019,0
0,0.0178270643080821,2019,0
0,0.0173815760011416,2019,0
0,NA,2019,NA
0,NA,2019,NA
0,0.0585154976917199,2019,0
0,0.0585154976917199,2019,0
0,0.0585154976917199,2019,0
0,0.0585154976917199,2019,0
0,0.017384766329067,2019,0
0,0.017384766329067,2019,0
0,0.0350750322597722,2019,0
0,0.0285480193589787,2019,0
0,0.103399908052309,2019,0
0,0.0177727460030018,2019,0
0,0.0177727460030018,2019,0
0,0.0240693476199567,2019,0
0,0.0180092955314463,2019,0
0,0.0180092955314463,2019,0
0,0.0180092955314463,2019,0
0,0.0180092955314463,2019,0
0,0.0180092955314463,2019,0
0,0.0180092955314463,2019,0
0,0.108885339541701,2019,0
0,0.0242000707640026,2019,0
0,0.0271080215731972,2019,0
0,0.0271080215731972,2019,0
0,0.0183452577638644,2019,0
0,0.0183452577638644,2019,0
0,0.0483753017122797,2019,0
0,0.0409426843650212,2019,0
0,0.0347579784626931,2019,0
0,0.0409426843650212,2019,0
0,0.0409426843650212,2019,0
0,0.0310686411104998,2019,0
0,0.0311105385801002,2019,0
0,0.0436548628877773,2019,0
0,0.0311105385801002,2019,0
0,0.0311105385801002,2019,0
0,0.0311105385801002,2019,0
0,0.0311105385801002,2019,0
0,0.0436548628877773,2019,0
0,0.0394732595093756,2019,0
0,0.0192361011600992,2019,0
0,0.0192361011600992,2019,0
0,0.0202632530432131,2019,0
0,0.0202632530432131,2019,0
0,0.0322672305834588,2019,0
0,0.0322672305834588,2019,0
0,0.0322672305834588,2019,0
0,0.0211156077242943,2019,0
0,NA,2019,NA
0,0.0671197824150898,2019,0
0,0.0671197824150898,2019,0
0,0.0233691493799197,2019,0
0,0.0233691493799197,2019,0
0,0.0310274046510438,2019,0
0,0.042426500272482,2019,0
0,0.0253127705482616,2019,0
0,0.0328220518660526,2019,0
0,0.0251952030249847,2019,0
0,0.0251952030249847,2019,0
0,0.0251952030249847,2019,0
0,0.0251952030249847,2019,0
0,0.0251952030249847,2019,0
0,0.0251952030249847,2019,0
0,0.142555666717108,2019,0
0,0.0344418616630575,2019,0
0,0.025794963168486,2019,0
0,0.0536162583032997,2019,0
0,0.0536162583032997,2019,0
0,0.0586602186880135,2019,0
0,0.0586602186880135,2019,0
0,0.0477548434083867,2019,0
0,0.0691646322100464,2019,0
0,0.0477548434083867,2019,0
0,0.051970376415219,2019,0
0,0.0477548434083867,2019,0
0,0.0691646322100464,2019,0
0,0.0477548434083867,2019,0
0,0.0661063250312444,2019,0
0,0.0268955144070948,2019,0
0,0.0268955144070948,2019,0
0,0.02826466001592,2019,0
0,0.0296025067938327,2019,0
0,NA,2019,NA
0,0.0297969954699735,2019,0
0,0.0297969954699735,2019,0
0,0.0608544303054897,2019,0
0,0.0299509183803427,2019,0
0,0.0405799843694454,2019,0
0,0.0302079916548295,2019,0
0,0.0302079916548295,2019,0
0,0.0302079916548295,2019,0
0,0.0302079916548295,2019,0
0,0.0302079916548295,2019,0
0,0.0302079916548295,2019,0
0,0.168119197330374,2019,0
0,0.0413951261963444,2019,0
0,0.0308233730460941,2019,0
0,0.0720733494741582,2019,0
0,0.0680654118396428,2019,0
0,0.0680654118396428,2019,0
0,0.0720733494741582,2019,0
0,0.0584060117768762,2019,0
0,0.0584060117768762,2019,0
0,0.0584060117768762,2019,0
0,0.0837042517219378,2019,0
0,0.0584060117768762,2019,0
0,0.0652856397210964,2019,0
0,0.0837042517219378,2019,0
0,0.0790490024698638,2019,0
0,0.0305107381157396,2019,0
0,0.0305107381157396,2019,0
0,0.0373650931336199,2019,0
0,0.0373650931336199,2019,0
0,0.0491392070415903,2019,0
0,0.0165801009894427,2019,0
0,0.0165801009894427,2019,0
0,0.0165801009894427,2019,0
0,0.164760684831773,2019,0
0,0.063959771795387,2019,0
0,0.0724962016174307,2019,0
0,0.0716302958992567,2019,0
0,0.068179730521738,2019,0
0,0.0716302958992567,2019,0
0,0.068179730521738,2019,0
0,0.0551106296927102,2019,0
0,0.0810230495829184,2019,0
0,0.0626710128112513,2019,0
0,0.0551106296927102,2019,0
0,0.0551106296927102,2019,0
0,0.0551106296927102,2019,0
0,0.0810230495829184,2019,0
0,0.065277498731542,2019,0
1,0.465481643544858,2019,0
1,0.0373650931336199,2019,0
1,0.0462070934001532,2019,0
1,0.0338208709385206,2019,0
1,0.0485779231589351,2019,0
1,0.0922619939879667,2019,0
1,0.0660335152436939,2019,0
1,0.0922619939879667,2019,0
1,0.0660335152436939,2019,0
1,0.0407159673917587,2019,0
1,0.0731981511743604,2019,0
1,0.0250657576447682,2019,0
1,0.034284521145376,2019,0
1,0.0229688258528087,2019,0
1,0.0253127705482616,2019,0
1,0.0564238024480965,2019,0
1,0.0177727460030018,2019,0
1,0.017384766329067,2019,0
1,0.0310536772805606,2019,0
1,0.02826466001592,2019,0
1,0.026954051551138,2019,0
1,0.0286191589539481,2019,0
1,0.0191594691946392,2019,0
1,0.0180092955314463,2019,0
1,0.0813953518039884,2019,0
1,0.050454283885159,2019,0
1,0.0787472323765304,2019,0
1,0.0716949645973373,2019,0
1,0.0510725865876714,2019,0
1,0.0885428295911441,2019,0
1,0.047664765144566,2019,0
1,0.397388422586898,2019,0
1,0.0401165175176757,2019,0
1,0.017384766329067,2019,0
1,0.0265889136005527,2019,0
1,0.0193861069743267,2019,0
1,0.0265889136005527,2019,0
1,0.190234151274645,2019,0
1,0.0350288586098762,2019,0
1,0.0350288586098762,2019,0
1,0.0350288586098762,2019,0
1,0.16089167505001,2019,0
1,0.0330564302820207,2019,0
1,0.176332094096849,2019,0
1,0.0453048484262717,2019,0
1,0.017384766329067,2019,0
1,0.0443303733531466,2019,0
1,0.0443303733531466,2019,0
1,0.0443303733531466,2019,0
1,0.0443303733531466,2019,0
1,0.0443303733531466,2019,0
1,0.0443303733531466,2019,0
1,0.0338895850312108,2019,0
1,0.0443303733531466,2019,0
1,0.0443303733531466,2019,0
1,0.0443303733531466,2019,0
1,0.0362697648787293,2019,0
1,0.0253899537526501,2019,0
1,0.0443303733531466,2019,0
1,0.0443303733531466,2019,0
1,0.0443303733531466,2019,0
1,0.0443303733531466,2019,0
1,0.0443303733531466,2019,0
1,0.0443303733531466,2019,0
1,0.3939351074465,2019,0
1,0.0385025445609705,2019,0
1,0.0443303733531466,2019,0
1,0.0443303733531466,2019,0
1,0.0443303733531466,2019,0
1,0.172738185802102,2019,0
1,0.0362697648787293,2019,0
1,0.0362697648787293,2019,0
1,0.0362697648787293,2019,0
1,0.0362697648787293,2019,0
1,0.0362697648787293,2019,0
1,0.0444642274805071,2019,0
1,0.137500506838856,2019,0
1,0.172738185802102,2019,0
1,0.0362697648787293,2019,0
1,0.0486068774488386,2019,0
1,0.0362697648787293,2019,0
1,0.0486068774488386,2019,0
1,0.137500506838856,2019,0
1,0.0443303733531466,2019,0
1,0.0499697183270162,2019,0
1,0.137500506838856,2019,0
1,0.0202632530432131,2019,0
1,0.0191594691946392,2019,0
1,0.0304364870860225,2019,0
1,0.0486068774488386,2019,0
1,0.0486068774488386,2019,0
1,0.0316955466254305,2019,0
1,0.0332686945817682,2019,0
1,0.0323474183885223,2019,0
1,0.0297285013460946,2019,0
1,0.0801644790779837,2019,0
1,0.0565122274924327,2019,0
1,0.0797772300959416,2019,0
1,0.147875699487163,2019,0
1,0.037219887346284,2019,0
1,0.0151764780852512,2019,0
1,0.131264451744038,2019,0
1,0.0151764780852512,2019,0
1,0.0151764780852512,2019,0
1,0.0224279092988702,2019,0
1,0.115825951245661,2019,0
1,0.040564083640457,2019,0
1,0.116280468778936,2019,0
1,0.0347579784626931,2019,0
1,0.0288145044886279,2019,0
1,0.0386962609453421,2019,0
1,0.0402960814302398,2019,0
1,0.0306250743569683,2019,0
1,0.091668724079051,2019,0
1,0.0407796788665743,2019,0
1,0.0873969633454889,2019,0
1,0.0686490868824162,2019,0
1,0.0586602186880135,2019,0
1,0.0395001845231088,2019,0
1,0.0486068774488386,2019,0
1,0.0565122274924327,2019,0
1,0.0797772300959416,2019,0
1,0.0352079056395273,2019,0
1,0.154660984625889,2019,0
1,0.0477548434083867,2019,0
1,0.128933719936068,2019,0
1,0.0386962609453421,2019,0
1,0.154246694666127,2019,0
1,0.0951805254192599,2019,0
1,0.092965810329753,2019,0
1,0.0497385157623163,2019,0
1,0.172738185802102,2019,0
1,0.133022718017986,2019,0
1,0.0364586426130566,2019,0
1,0.0770992257832252,2019,0
1,0.133022718017986,2019,0
1,0.477417096431577,2019,0
1,NA,2019,NA
1,0.571291343794973,2019,1
1,0.414994310641075,2019,0
1,0.0948736130777875,2019,0
1,0.376262981059309,2019,0
1,0.169519257673367,2019,0
1,0.0428143386204169,2019,0
1,0.176045975849485,2019,0
1,0.149214725661221,2019,0
1,0.0436043405305677,2019,0
1,0.0502322697263101,2019,0
1,0.244091320957778,2019,0
1,0.0512956424781271,2019,0
1,0.135473052936099,2019,0
1,0.0912932465364118,2019,0
1,0.102166503792781,2019,0
1,0.1223450285201,2019,0
1,0.0450335911204296,2019,0
1,0.0189323377188072,2019,0
1,0.0750367229306556,2019,0
1,0.0901322627212582,2019,0
1,0.112873771711482,2019,0
1,0.0627941934179374,2019,0
1,0.0121055047887526,2019,0
1,0.0157059950722346,2019,0
1,0.0157059950722346,2019,0
1,0.0176833447183195,2019,0
1,0.0382815953673014,2019,0
1,0.0155482437793571,2019,0
1,0.0155482437793571,2019,0
1,0.0403629885038869,2019,0
1,0.0671197824150898,2019,0
1,0.0671197824150898,2019,0
1,0.0808755792197384,2019,0
1,0.167805855957399,2019,0
1,0.0619204624003366,2019,0
1,0.0808755792197384,2019,0
1,0.0310706415039697,2019,0
1,0.0417944397210267,2019,0
1,NA,2019,NA
1,0.111883139349529,2019,0
0,0.0206206527224801,2020,0
0,0.0206206527224801,2020,0
0,0.0206206527224801,2020,0
0,0.0512413262432775,2020,0
0,0.082162948794057,2020,0
0,0.082162948794057,2020,0
0,0.045560628723482,2020,0
0,0.045560628723482,2020,0
0,0.045560628723482,2020,0
0,0.0876709289426303,2020,0
0,0.020706019888705,2020,0
0,0.020706019888705,2020,0
0,0.020706019888705,2020,0
0,0.0541865429661534,2020,0
0,0.0541865429661534,2020,0
0,0.103634648192642,2020,0
0,0.0779198268030349,2020,0
0,0.109276151915231,2020,0
0,0.109276151915231,2020,0
0,0.0615201395087387,2020,0
0,0.109567559493516,2020,0
0,0.109567559493516,2020,0
0,0.0557427359065316,2020,0
0,0.124310821690073,2020,0
0,0.0330909608838475,2020,0
0,0.0330909608838475,2020,0
0,0.0330909608838475,2020,0
0,0.0741161632352668,2020,0
0,0.0741161632352668,2020,0
0,0.101708504331577,2020,0
0,0.136592877686289,2020,0
0,0.136592877686289,2020,0
0,0.0764271753720528,2020,0
0,0.145464277427464,2020,0
0,0.145464277427464,2020,0
0,0.0407534707944898,2020,0
0,0.0682496781996649,2020,0
0,0.0407534707944898,2020,0
0,0.0407534707944898,2020,0
0,0.0682496781996649,2020,0
0,0.0682496781996649,2020,0
0,NA,2020,NA
0,0.140647583659189,2020,0
0,0.0306098079162137,2020,0
0,0.0306098079162137,2020,0
0,0.0306098079162137,2020,0
0,0.100824164686765,2020,0
0,0.0456156543025902,2020,0
0,0.11892231823592,2020,0
0,0.11892231823592,2020,0
0,0.136554643366831,2020,0
0,0.136554643366831,2020,0
0,0.128095704540175,2020,0
0,0.121451128794636,2020,0
0,0.255571140868943,2020,0
0,0.103596667152003,2020,0
0,0.116820644258481,2020,0
0,0.0278787948442074,2020,0
0,0.0278787948442074,2020,0
0,0.0278787948442074,2020,0
0,0.0841135955598589,2020,0
0,0.147388495443898,2020,0
0,0.147388495443898,2020,0
0,0.143539371395494,2020,0
0,0.143539371395494,2020,0
0,0.11044919512874,2020,0
0,0.116684064931338,2020,0
0,0.0561489782687973,2020,0
0,0.0309540333492737,2020,0
0,0.0561489782687973,2020,0
0,0.0309540333492737,2020,0
0,0.0309540333492737,2020,0
0,0.0309540333492737,2020,0
0,0.0561489782687973,2020,0
0,0.256984371492419,2020,0
0,0.116235102807991,2020,0
0,0.0451115403936144,2020,0
0,0.0330612469528964,2020,0
0,0.0330612469528964,2020,0
0,0.0330612469528964,2020,0
0,0.0766982738736908,2020,0
0,0.149135832924754,2020,0
0,0.123905842311393,2020,0
0,0.123905842311393,2020,0
0,0.12690664071728,2020,0
0,0.0283048160134723,2020,0
0,0.0513083101799658,2020,0
0,0.0513083101799658,2020,0
0,0.0513083101799658,2020,0
0,0.0283048160134723,2020,0
0,0.0283048160134723,2020,0
0,0.0283048160134723,2020,0
0,0.209206084155206,2020,0
0,0.151653054744727,2020,0
0,0.106387348108695,2020,0
0,0.0398070092073072,2020,0
0,0.10985294079775,2020,0
0,0.0392654403523224,2020,0
0,0.0392654403523224,2020,0
0,0.0392654403523224,2020,0
0,0.0392654403523224,2020,0
0,0.0392654403523224,2020,0
0,0.0392654403523224,2020,0
0,0.0392654403523224,2020,0
0,0.0392654403523224,2020,0
0,0.0392654403523224,2020,0
0,0.0239869893885079,2020,0
0,0.0239869893885079,2020,0
0,0.0239869893885079,2020,0
0,0.0884034381529288,2020,0
0,0.105942534145589,2020,0
0,0.094415035012968,2020,0
0,0.105942534145589,2020,0
0,0.0591705724699826,2020,0
0,0.128036555403233,2020,0
0,0.122371139645663,2020,0
0,0.0256685315132775,2020,0
0,0.0485327046469824,2020,0
0,0.0256685315132775,2020,0
0,0.0485327046469824,2020,0
0,0.0256685315132775,2020,0
0,0.0256685315132775,2020,0
0,0.0485327046469824,2020,0
0,0.226058908857758,2020,0
0,0.0400973918909604,2020,0
0,0.0412193336005696,2020,0
0,0.0412193336005696,2020,0
0,0.0412193336005696,2020,0
0,0.0412193336005696,2020,0
0,0.0412193336005696,2020,0
0,0.0412193336005696,2020,0
0,0.0412193336005696,2020,0
0,0.0412193336005696,2020,0
0,0.0412193336005696,2020,0
0,0.0261598197886098,2020,0
0,0.0261598197886098,2020,0
0,0.0261598197886098,2020,0
0,0.189018914375484,2020,0
0,0.0901056455045977,2020,0
0,0.0942398554452287,2020,0
0,0.0957296200066683,2020,0
0,0.0957296200066683,2020,0
0,0.108548832181422,2020,0
0,0.108548832181422,2020,0
0,0.0579581677542567,2020,0
0,0.139302026849736,2020,0
0,0.252439481642332,2020,0
0,0.0500436173625679,2020,0
0,0.0349432765821513,2020,0
0,0.0355045281769298,2020,0
0,0.0355045281769298,2020,0
0,0.0355045281769298,2020,0
0,0.0355045281769298,2020,0
0,0.0355045281769298,2020,0
0,0.0355045281769298,2020,0
0,0.0355045281769298,2020,0
0,0.0355045281769298,2020,0
0,0.0355045281769298,2020,0
0,0.022592633751458,2020,0
0,0.022592633751458,2020,0
0,0.022592633751458,2020,0
0,0.0807497171628691,2020,0
0,0.103299391870834,2020,0
0,0.103299391870834,2020,0
0,0.103299391870834,2020,0
0,0.0909198389229212,2020,0
0,0.0547038654020406,2020,0
0,0.0818300725207827,2020,0
0,0.0547038654020406,2020,0
0,0.0791871772257651,2020,0
0,0.0547038654020406,2020,0
0,0.103570614981708,2020,0
0,0.169143302433737,2020,0
0,0.0218427239979203,2020,0
0,0.0218427239979203,2020,0
0,0.042760785977803,2020,0
0,0.0218427239979203,2020,0
0,0.042760785977803,2020,0
0,0.0218427239979203,2020,0
0,0.0686808040011374,2020,0
0,0.0301460536713358,2020,0
0,0.0293614331871396,2020,0
0,0.0293614331871396,2020,0
0,0.0293614331871396,2020,0
0,0.0293614331871396,2020,0
0,0.0293614331871396,2020,0
0,0.0293614331871396,2020,0
0,0.0293614331871396,2020,0
0,0.0293614331871396,2020,0
0,0.0144889879111075,2020,0
0,0.0144889879111075,2020,0
0,0.0144889879111075,2020,0
0,0.073850159939288,2020,0
0,0.0675676381038095,2020,0
0,0.073850159939288,2020,0
0,0.0727613633454418,2020,0
0,0.0670356755801992,2020,0
0,0.0657531555918083,2020,0
0,0.0645476922910512,2020,0
0,0.0761006595042611,2020,0
0,0.0566402846496904,2020,0
0,0.0615727168154636,2020,0
0,0.0566402846496904,2020,0
0,0.0615727168154636,2020,0
0,0.0615727168154636,2020,0
0,0.0337406491346294,2020,0
0,0.0531688724337066,2020,0
0,0.0337406491346294,2020,0
0,0.0337406491346294,2020,0
0,0.0337406491346294,2020,0
0,0.0337406491346294,2020,0
0,0.0772174632655518,2020,0
0,0.0613508378622594,2020,0
0,0.0613508378622594,2020,0
0,0.0620740646704968,2020,0
0,0.0339980345473687,2020,0
0,0.0339980345473687,2020,0
0,0.0167343264255305,2020,0
0,0.0167343264255305,2020,0
0,0.0339980345473687,2020,0
0,0.0167343264255305,2020,0
0,0.123187647086674,2020,0
0,0.0554434508714472,2020,0
0,0.0498775901922328,2020,0
0,0.0237083946273652,2020,0
0,0.0230015733960804,2020,0
0,0.0230015733960804,2020,0
0,0.0230015733960804,2020,0
0,0.0230015733960804,2020,0
0,0.0230015733960804,2020,0
0,0.0230015733960804,2020,0
0,0.0230015733960804,2020,0
0,0.0230015733960804,2020,0
0,0.0704341431556454,2020,0
0,0.0137258141818804,2020,0
0,0.0137258141818804,2020,0
0,0.0137258141818804,2020,0
0,0.0668588549566976,2020,0
0,0.059537669913259,2020,0
0,0.0529604055120429,2020,0
0,0.0620172183410819,2020,0
0,0.055427846370087,2020,0
0,0.0547461052137834,2020,0
0,0.0554789807901428,2020,0
0,0.0602133871759329,2020,0
0,0.0620172183410819,2020,0
0,0.0675511886138287,2020,0
0,0.0675511886138287,2020,0
0,0.0509481941933465,2020,0
0,0.0479058428086699,2020,0
0,0.0299506528495127,2020,0
0,0.0610312055893303,2020,0
0,0.0610312055893303,2020,0
0,0.0768705006757538,2020,0
0,0.0602004876155567,2020,0
0,0.0356962216176931,2020,0
0,0.0169246727070711,2020,0
0,0.0169246727070711,2020,0
0,0.0356962216176931,2020,0
0,0.0356962216176931,2020,0
0,0.0169246727070711,2020,0
0,0.134154679714733,2020,0
0,0.0237962564015827,2020,0
0,0.0235180270653427,2020,0
0,0.0235180270653427,2020,0
0,0.0235180270653427,2020,0
0,0.0235180270653427,2020,0
0,0.0235180270653427,2020,0
0,0.0235180270653427,2020,0
0,0.0235180270653427,2020,0
0,0.0235180270653427,2020,0
0,0.0769438175472058,2020,0
0,0.0159320655016544,2020,0
0,0.0159320655016544,2020,0
0,0.0159320655016544,2020,0
0,0.0631442268278546,2020,0
0,0.0649360456249525,2020,0
0,0.0665661562571481,2020,0
0,0.0638688407151132,2020,0
0,0.0464917952257854,2020,0
0,0.0491946835323881,2020,0
0,0.0294918219790278,2020,0
0,0.0552364683217294,2020,0
0,0.0552364683217294,2020,0
0,0.0400827990272557,2020,0
0,0.0194016631658594,2020,0
0,0.0194016631658594,2020,0
0,0.0400827990272557,2020,0
0,0.0194016631658594,2020,0
0,0.0194016631658594,2020,0
0,0.0400827990272557,2020,0
0,0.143124046538647,2020,0
0,0.0206770051502513,2020,0
0,0.060281134341873,2020,0
0,0.0199671952097338,2020,0
0,0.0199671952097338,2020,0
0,0.0199671952097338,2020,0
0,0.0199671952097338,2020,0
0,0.0199671952097338,2020,0
0,0.0199671952097338,2020,0
0,0.0199671952097338,2020,0
0,0.0199671952097338,2020,0
0,0.0709923857354384,2020,0
0,0.0196090349097813,2020,0
0,0.0196090349097813,2020,0
0,0.0196090349097813,2020,0
0,0.0633827336360546,2020,0
0,0.0635115700826831,2020,0
0,0.0403375322604292,2020,0
0,0.0715432007649834,2020,0
0,0.0715432007649834,2020,0
0,0.0188734269895067,2020,0
0,0.0188734269895067,2020,0
0,0.0395760994720545,2020,0
0,0.0188734269895067,2020,0
0,0.0395760994720545,2020,0
0,0.0395760994720545,2020,0
0,0.0188734269895067,2020,0
0,0.130823913093955,2020,0
0,0.0186626269461012,2020,0
0,0.0190432672513045,2020,0
0,0.0190432672513045,2020,0
0,0.0190432672513045,2020,0
0,0.0190432672513045,2020,0
0,0.0190432672513045,2020,0
0,0.0190432672513045,2020,0
0,0.0190432672513045,2020,0
0,0.0190432672513045,2020,0
0,0.0190432672513045,2020,0
0,0.0190432672513045,2020,0
0,0.0640702908085143,2020,0
0,0.0166892624256239,2020,0
0,0.0166892624256239,2020,0
0,0.0166892624256239,2020,0
0,0.0721251683819556,2020,0
0,0.0721251683819556,2020,0
0,0.0493122956160388,2020,0
0,0.0312858381327189,2020,0
0,0.0486687514214927,2020,0
0,0.0551433257921732,2020,0
0,0.0683268582434519,2020,0
0,0.0551433257921732,2020,0
0,0.0527107500060365,2020,0
0,0.0154835298312931,2020,0
0,0.0154835298312931,2020,0
0,0.0325670588676846,2020,0
0,0.0154835298312931,2020,0
0,0.0154835298312931,2020,0
0,0.0325670588676846,2020,0
0,0.0325670588676846,2020,0
0,0.103705824559554,2020,0
0,0.0197195426032786,2020,0
0,0.0203240661397488,2020,0
0,0.0203240661397488,2020,0
0,0.0203240661397488,2020,0
0,0.0203240661397488,2020,0
0,0.0203240661397488,2020,0
0,0.0203240661397488,2020,0
0,0.0203240661397488,2020,0
0,0.0203240661397488,2020,0
0,0.0203240661397488,2020,0
0,0.0203240661397488,2020,0
0,0.0203240661397488,2020,0
0,0.0667516956040143,2020,0
0,0.0140147105215279,2020,0
0,0.0140147105215279,2020,0
0,0.0140147105215279,2020,0
0,0.057815718509497,2020,0
0,0.057815718509497,2020,0
0,0.0376794077056442,2020,0
0,0.0365969774765374,2020,0
0,0.0236595137418465,2020,0
0,0.0439036888969529,2020,0
0,0.045758424037491,2020,0
0,0.045758424037491,2020,0
0,0.055593568744115,2020,0
0,0.045758424037491,2020,0
0,0.0305454411720536,2020,0
0,0.0145056662898246,2020,0
0,0.0145056662898246,2020,0
0,0.0145056662898246,2020,0
0,0.0145056662898246,2020,0
0,0.0305454411720536,2020,0
0,0.0305454411720536,2020,0
0,0.106263876089646,2020,0
0,0.0204325393830533,2020,0
0,0.0199244646553263,2020,0
0,0.0199244646553263,2020,0
0,0.0199244646553263,2020,0
0,0.0199244646553263,2020,0
0,0.0199244646553263,2020,0
0,0.0199244646553263,2020,0
0,0.0199244646553263,2020,0
0,0.0199244646553263,2020,0
0,0.0199244646553263,2020,0
0,0.0199244646553263,2020,0
0,0.0199244646553263,2020,0
0,0.0657130600336604,2020,0
0,0.0133633615745548,2020,0
0,0.0133633615745548,2020,0
0,0.0133633615745548,2020,0
0,0.0547285725545414,2020,0
0,0.0547285725545414,2020,0
0,0.020934988901886,2020,0
0,0.0406796208815687,2020,0
0,0.0391388639131583,2020,0
0,0.0487115316712232,2020,0
0,0.0406796208815687,2020,0
0,0.0406796208815687,2020,0
0,0.0283095179898276,2020,0
0,0.0138394846455787,2020,0
0,0.0283095179898276,2020,0
0,0.0138394846455787,2020,0
0,0.0283095179898276,2020,0
0,0.0138394846455787,2020,0
0,0.0138394846455787,2020,0
0,0.0876785795418546,2020,0
0,0.0188247942513913,2020,0
0,0.0181861672968877,2020,0
0,0.0181861672968877,2020,0
0,0.0181861672968877,2020,0
0,0.0181861672968877,2020,0
0,0.0181861672968877,2020,0
0,0.0181861672968877,2020,0
0,0.0181861672968877,2020,0
0,0.0181861672968877,2020,0
0,0.0181861672968877,2020,0
0,0.0181861672968877,2020,0
0,0.0181861672968877,2020,0
0,0.0492293088843953,2020,0
0,0.0110174618913894,2020,0
0,0.0110174618913894,2020,0
0,0.0110174618913894,2020,0
0,0.0443384375684132,2020,0
0,0.0443384375684132,2020,0
0,0.0160742746436945,2020,0
0,0.0276942370235181,2020,0
0,0.0268463320888436,2020,0
0,0.0276942370235181,2020,0
0,0.0318788654059897,2020,0
0,0.0276942370235181,2020,0
0,0.0114841956639093,2020,0
0,0.0234120528843065,2020,0
0,0.0114841956639093,2020,0
0,0.0234120528843065,2020,0
0,0.0114841956639093,2020,0
0,0.0234120528843065,2020,0
0,0.0114841956639093,2020,0
0,0.072512643316926,2020,0
0,0.0154701818305266,2020,0
0,0.01551947585251,2020,0
0,0.01551947585251,2020,0
0,0.01551947585251,2020,0
0,0.01551947585251,2020,0
0,0.01551947585251,2020,0
0,0.01551947585251,2020,0
0,0.01551947585251,2020,0
0,0.01551947585251,2020,0
0,0.01551947585251,2020,0
0,0.01551947585251,2020,0
0,0.01551947585251,2020,0
0,0.0438367300552057,2020,0
0,0.00997659014942896,2020,0
0,0.00997659014942896,2020,0
0,0.00997659014942896,2020,0
0,0.0434829255823309,2020,0
0,0.0324722350824016,2020,0
0,0.0452657201935246,2020,0
0,0.0416896770831075,2020,0
0,0.0339864942234768,2020,0
0,0.0449107655205617,2020,0
0,0.0460985232239063,2020,0
0,0.0416896770831075,2020,0
0,0.0460985232239063,2020,0
0,0.0434420510593008,2020,0
0,0.0157676100393156,2020,0
0,0.031616483109352,2020,0
0,0.0282157813701515,2020,0
0,0.0113611302953211,2020,0
0,0.0218699408489983,2020,0
0,0.0218699408489983,2020,0
0,0.0113611302953211,2020,0
0,0.0113611302953211,2020,0
0,0.0113611302953211,2020,0
0,0.0218699408489983,2020,0
0,0.0746993338385175,2020,0
0,0.0150896450017137,2020,0
0,0.0156663895747122,2020,0
0,0.0156663895747122,2020,0
0,0.0156663895747122,2020,0
0,0.0156663895747122,2020,0
0,0.0156663895747122,2020,0
0,0.0156663895747122,2020,0
0,0.0156663895747122,2020,0
0,0.0156663895747122,2020,0
0,0.0156663895747122,2020,0
0,0.0156663895747122,2020,0
0,0.0156663895747122,2020,0
0,0.0458883775408972,2020,0
0,0.0107755186277351,2020,0
0,0.0107755186277351,2020,0
0,0.0107755186277351,2020,0
0,0.0498543306670645,2020,0
0,0.0503807513112075,2020,0
0,0.0408569876426468,2020,0
0,0.0471576680767388,2020,0
0,0.0389774990625019,2020,0
0,0.050105262861857,2020,0
0,0.0471576680767388,2020,0
0,0.0511529720391711,2020,0
0,0.0511529720391711,2020,0
0,0.0514695881028336,2020,0
0,0.0183935279363944,2020,0
0,0.035009712242674,2020,0
0,0.0329353555630162,2020,0
0,0.0382361172360187,2020,0
0,0.01306560848899,2020,0
0,0.0195628359968215,2020,0
0,0.01306560848899,2020,0
0,0.0195628359968215,2020,0
0,0.01306560848899,2020,0
0,0.0195628359968215,2020,0
0,0.01306560848899,2020,0
0,0.0643297411527479,2020,0
0,0.0169188954232264,2020,0
0,0.0166545912231681,2020,0
0,0.0166545912231681,2020,0
0,0.0166545912231681,2020,0
0,0.0166545912231681,2020,0
0,0.0166545912231681,2020,0
0,0.0166545912231681,2020,0
0,0.0166545912231681,2020,0
0,0.0166545912231681,2020,0
0,0.0166545912231681,2020,0
0,0.0166545912231681,2020,0
0,0.0166545912231681,2020,0
0,0.0375908034924239,2020,0
0,0.0120107348998445,2020,0
0,0.0120107348998445,2020,0
0,0.0120107348998445,2020,0
0,0.047927563795653,2020,0
0,0.0388711912380119,2020,0
0,0.0486177191629991,2020,0
0,0.047790319482019,2020,0
0,0.045324085050473,2020,0
0,0.045324085050473,2020,0
0,0.0479479012234986,2020,0
0,0.0486177191629991,2020,0
0,0.0411104900600262,2020,0
0,0.0521410599865382,2020,0
0,0.0189830103952904,2020,0
0,0.0359230306566274,2020,0
0,0.0318283473930542,2020,0
0,0.0318283473930542,2020,0
0,0.0318283473930542,2020,0
0,0.0312580124035577,2020,0
0,0.0314977634494607,2020,0
0,0.0325103606937583,2020,0
0,0.0312580124035577,2020,0
0,0.0318283473930542,2020,0
0,0.0364784909995586,2020,0
0,0.0318283473930542,2020,0
0,0.0359230306566274,2020,0
0,0.0314977634494607,2020,0
0,0.0318283473930542,2020,0
0,0.0318283473930542,2020,0
0,0.0325103606937583,2020,0
0,0.0318283473930542,2020,0
0,0.0364784909995586,2020,0
0,0.0318283473930542,2020,0
0,0.0318283473930542,2020,0
0,0.0318283473930542,2020,0
0,0.0312580124035577,2020,0
0,0.0318283473930542,2020,0
0,0.0318283473930542,2020,0
0,0.0318283473930542,2020,0
0,0.0318283473930542,2020,0
0,0.0318283473930542,2020,0
0,0.0318283473930542,2020,0
0,0.0318283473930542,2020,0
0,0.0318283473930542,2020,0
0,0.0318283473930542,2020,0
0,0.0318283473930542,2020,0
0,0.0318283473930542,2020,0
0,0.0318283473930542,2020,0
0,0.0318283473930542,2020,0
0,0.0318283473930542,2020,0
0,0.0318283473930542,2020,0
0,0.0318283473930542,2020,0
0,0.0318283473930542,2020,0
0,0.0318283473930542,2020,0
0,0.0318283473930542,2020,0
0,0.0318283473930542,2020,0
0,0.0145975086316113,2020,0
0,0.0101434018510843,2020,0
0,0.0101434018510843,2020,0
0,0.0145975086316113,2020,0
0,0.0101434018510843,2020,0
0,0.0101434018510843,2020,0
0,0.0145975086316113,2020,0
0,0.04676430622094,2020,0
0,0.0143789000417486,2020,0
0,0.0141552661848478,2020,0
0,0.0141552661848478,2020,0
0,0.0141552661848478,2020,0
0,0.0141552661848478,2020,0
0,0.0141552661848478,2020,0
0,0.0141552661848478,2020,0
0,0.0141552661848478,2020,0
0,0.0141552661848478,2020,0
0,0.0141552661848478,2020,0
0,0.0141552661848478,2020,0
0,0.0141552661848478,2020,0
0,0.0286609504623697,2020,0
0,0.00992804711167766,2020,0
0,0.00992804711167766,2020,0
0,0.00992804711167766,2020,0
0,0.0390930332312023,2020,0
0,0.0373406433576738,2020,0
0,0.0397203969739151,2020,0
0,0.0309981391728789,2020,0
0,0.0398658111875689,2020,0
0,0.0373406433576738,2020,0
0,0.0331096831528445,2020,0
0,0.0405188591567424,2020,0
0,0.0405188591567424,2020,0
0,0.0429356184993713,2020,0
0,0.0166915803647007,2020,0
0,0.0303946494432133,2020,0
0,0.0298323439379024,2020,0
0,0.0303946494432133,2020,0
0,0.0303946494432133,2020,0
0,0.0303946494432133,2020,0
0,0.0303946494432133,2020,0
0,0.0303946494432133,2020,0
0,0.0303946494432133,2020,0
0,0.0303946494432133,2020,0
0,0.0298323439379024,2020,0
0,0.0315797287641916,2020,0
0,0.0303946494432133,2020,0
0,0.0303946494432133,2020,0
0,0.0298323439379024,2020,0
0,0.0303946494432133,2020,0
0,0.0303946494432133,2020,0
0,0.0303946494432133,2020,0
0,0.0299929257002101,2020,0
0,0.0303946494432133,2020,0
0,0.0303946494432133,2020,0
0,0.0303946494432133,2020,0
0,0.0303946494432133,2020,0
0,0.0315797287641916,2020,0
0,0.0303946494432133,2020,0
0,0.0303946494432133,2020,0
0,0.0299929257002101,2020,0
0,0.0346139447961785,2020,0
0,0.0303946494432133,2020,0
0,0.0303946494432133,2020,0
0,0.0303946494432133,2020,0
0,0.0298323439379024,2020,0
0,0.0303946494432133,2020,0
0,0.0303946494432133,2020,0
0,0.0352769660626291,2020,0
0,0.0303946494432133,2020,0
0,0.0303946494432133,2020,0
0,0.0303946494432133,2020,0
0,0.0303946494432133,2020,0
0,0.0346139447961785,2020,0
0,0.0303946494432133,2020,0
0,0.0303946494432133,2020,0
0,0.0303946494432133,2020,0
0,0.00917851403333624,2020,0
0,0.00917851403333624,2020,0
0,0.0146770815595378,2020,0
0,0.0146770815595378,2020,0
0,0.00917851403333624,2020,0
0,0.00917851403333624,2020,0
0,0.0146770815595378,2020,0
0,0.0507934937969208,2020,0
0,0.0183038050361857,2020,0
0,0.0142104449848411,2020,0
0,0.0144616714892736,2020,0
0,0.0144616714892736,2020,0
0,0.0144616714892736,2020,0
0,0.0144616714892736,2020,0
0,0.0144616714892736,2020,0
0,0.0144616714892736,2020,0
0,0.0144616714892736,2020,0
0,0.0144616714892736,2020,0
0,0.0144616714892736,2020,0
0,0.0144616714892736,2020,0
0,0.0144616714892736,2020,0
0,0.0322896537902856,2020,0
0,0.00956316859613014,2020,0
0,0.00956316859613014,2020,0
0,0.00956316859613014,2020,0
0,0.0427149173834511,2020,0
0,0.0350617625491713,2020,0
0,0.0458148185613962,2020,0
0,0.0458148185613962,2020,0
0,0.0450966814251829,2020,0
0,0.0422469532017107,2020,0
0,0.0449053043656115,2020,0
0,0.037199000924932,2020,0
0,0.0422469532017107,2020,0
0,0.0463639395413953,2020,0
0,0.0186314773870179,2020,0
0,0.0354159581821546,2020,0
0,0.0359768427784969,2020,0
0,0.0359768427784969,2020,0
0,0.0354052130937631,2020,0
0,0.0359768427784969,2020,0
0,0.0359768427784969,2020,0
0,0.0359768427784969,2020,0
0,0.0359768427784969,2020,0
0,0.0359768427784969,2020,0
0,0.0359768427784969,2020,0
0,0.0359768427784969,2020,0
0,0.0359768427784969,2020,0
0,0.0359768427784969,2020,0
0,0.0406100263375092,2020,0
0,0.0359768427784969,2020,0
0,0.0359768427784969,2020,0
0,0.0359768427784969,2020,0
0,0.0354159581821546,2020,0
0,0.0359768427784969,2020,0
0,0.0359768427784969,2020,0
0,0.0359768427784969,2020,0
0,0.0359768427784969,2020,0
0,0.0359768427784969,2020,0
0,0.0359768427784969,2020,0
0,0.0406100263375092,2020,0
0,0.0359768427784969,2020,0
0,0.0359768427784969,2020,0
0,0.0359768427784969,2020,0
0,0.0359768427784969,2020,0
0,0.0359768427784969,2020,0
0,0.0359768427784969,2020,0
0,0.0415332900104106,2020,0
0,0.0359768427784969,2020,0
0,0.0359768427784969,2020,0
0,0.0359768427784969,2020,0
0,0.0359768427784969,2020,0
0,0.0359768427784969,2020,0
0,0.0359768427784969,2020,0
0,0.0359768427784969,2020,0
0,0.0354159581821546,2020,0
0,0.0354159581821546,2020,0
0,0.0379347632513134,2020,0
0,0.0379347632513134,2020,0
0,0.0359768427784969,2020,0
0,0.0359768427784969,2020,0
0,0.0359768427784969,2020,0
0,0.0359768427784969,2020,0
0,0.0354052130937631,2020,0
0,0.0359768427784969,2020,0
0,0.0359768427784969,2020,0
0,0.01734551272662,2020,0
0,0.0117404136727808,2020,0
0,0.0117404136727808,2020,0
0,0.0117404136727808,2020,0
0,0.01734551272662,2020,0
0,0.0117404136727808,2020,0
0,0.01734551272662,2020,0
0,0.0625617936055658,2020,0
0,0.0179113601524769,2020,0
0,0.018596874943396,2020,0
0,0.018596874943396,2020,0
0,0.018596874943396,2020,0
0,0.018596874943396,2020,0
0,0.018596874943396,2020,0
0,0.018596874943396,2020,0
0,0.018596874943396,2020,0
0,0.018596874943396,2020,0
0,0.018596874943396,2020,0
0,0.018596874943396,2020,0
0,0.018596874943396,2020,0
0,0.0372719115025468,2020,0
0,0.0127793029689352,2020,0
0,0.0127793029689352,2020,0
0,0.0127793029689352,2020,0
0,0.0371486446982823,2020,0
0,0.0498748571947725,2020,0
0,0.0516279333393117,2020,0
0,0.0545227893225518,2020,0
0,0.0555244111043286,2020,0
0,0.0547553632045822,2020,0
0,0.0460395964923306,2020,0
0,0.0516279333393117,2020,0
0,0.0555244111043286,2020,0
0,0.0438223051649031,2020,0
0,0.0548359597382971,2020,0
0,0.0222421604728573,2020,0
0,0.0444111360685705,2020,0
0,0.0383674806254323,2020,0
0,0.0383674806254323,2020,0
0,0.0383674806254323,2020,0
0,0.0383674806254323,2020,0
0,0.0433123294444891,2020,0
0,0.0383674806254323,2020,0
0,0.0383674806254323,2020,0
0,0.0383674806254323,2020,0
0,0.0383674806254323,2020,0
0,0.0383674806254323,2020,0
0,0.0383674806254323,2020,0
0,0.0383674806254323,2020,0
0,0.0376816830549493,2020,0
0,0.0383674806254323,2020,0
0,0.0444111360685705,2020,0
0,0.0383674806254323,2020,0
0,0.0409272543533357,2020,0
0,0.0383674806254323,2020,0
0,0.0383674806254323,2020,0
0,0.0378011838463189,2020,0
0,0.0433123294444891,2020,0
0,0.0383674806254323,2020,0
0,0.0383674806254323,2020,0
0,0.0383674806254323,2020,0
0,0.0383674806254323,2020,0
0,0.0383674806254323,2020,0
0,0.0383674806254323,2020,0
0,0.0383674806254323,2020,0
0,0.0383674806254323,2020,0
0,0.0383674806254323,2020,0
0,0.0378011838463189,2020,0
0,0.0376816830549493,2020,0
0,0.0383674806254323,2020,0
0,0.0383674806254323,2020,0
0,0.0383674806254323,2020,0
0,0.0383674806254323,2020,0
0,0.0378011838463189,2020,0
0,0.0383674806254323,2020,0
0,0.0383674806254323,2020,0
0,0.0409272543533357,2020,0
0,0.0383674806254323,2020,0
0,0.0383674806254323,2020,0
0,0.0383674806254323,2020,0
0,0.0383674806254323,2020,0
0,0.0383674806254323,2020,0
0,0.0378011838463189,2020,0
0,0.0383674806254323,2020,0
0,0.0383674806254323,2020,0
0,0.0383674806254323,2020,0
0,0.042091473171721,2020,0
0,0.0419104790395808,2020,0
0,0.0419104790395808,2020,0
0,0.0122524051784877,2020,0
0,0.0122524051784877,2020,0
0,0.0122524051784877,2020,0
0,0.0167521401616128,2020,0
0,0.0122524051784877,2020,0
0,0.0167521401616128,2020,0
0,0.0167521401616128,2020,0
0,0.0539541067512522,2020,0
0,0.0189578425995192,2020,0
0,0.0267037619632469,2020,0
0,0.0189292527021399,2020,0
0,0.0189292527021399,2020,0
0,0.0189292527021399,2020,0
0,0.0189292527021399,2020,0
0,0.0189292527021399,2020,0
0,0.0189292527021399,2020,0
0,0.0189292527021399,2020,0
0,0.0189292527021399,2020,0
0,0.0189292527021399,2020,0
0,0.0189292527021399,2020,0
0,0.0189292527021399,2020,0
0,0.0366967357346095,2020,0
0,0.0118364811827361,2020,0
0,0.0118364811827361,2020,0
0,0.0118364811827361,2020,0
0,0.0404923845878969,2020,0
0,0.033027131561823,2020,0
0,0.047776045839218,2020,0
0,0.052977596343872,2020,0
0,0.0486836889736063,2020,0
0,0.0418506566980927,2020,0
0,0.0518512479575902,2020,0
0,0.0486836889736063,2020,0
0,0.052977596343872,2020,0
0,0.039848896928567,2020,0
0,0.0521457815073312,2020,0
0,0.0530287059973704,2020,0
0,0.0305148113369519,2020,0
0,0.0211384325156966,2020,0
0,0.0348107006997342,2020,0
0,0.0410429643980153,2020,0
0,0.0342679447877341,2020,0
0,0.0348107006997342,2020,0
0,0.0348107006997342,2020,0
0,0.0348107006997342,2020,0
0,0.0348107006997342,2020,0
0,0.0348107006997342,2020,0
0,0.0348107006997342,2020,0
0,0.0342679447877341,2020,0
0,0.0348107006997342,2020,0
0,0.0348107006997342,2020,0
0,0.0348107006997342,2020,0
0,0.0342679447877341,2020,0
0,0.0348107006997342,2020,0
0,0.0348107006997342,2020,0
0,0.034044965394288,2020,0
0,0.0348107006997342,2020,0
0,0.0348107006997342,2020,0
0,0.0348107006997342,2020,0
0,0.0348107006997342,2020,0
0,0.0348107006997342,2020,0
0,0.0380670690198706,2020,0
0,0.0348107006997342,2020,0
0,0.0342679447877341,2020,0
0,0.0348107006997342,2020,0
0,0.0348107006997342,2020,0
0,0.0348107006997342,2020,0
0,0.0348107006997342,2020,0
0,0.0348107006997342,2020,0
0,0.0348107006997342,2020,0
0,0.0348107006997342,2020,0
0,0.0348107006997342,2020,0
0,0.0348107006997342,2020,0
0,0.0348107006997342,2020,0
0,0.0380670690198706,2020,0
0,0.0348107006997342,2020,0
0,0.0348107006997342,2020,0
0,0.0348107006997342,2020,0
0,0.0398146207635607,2020,0
0,0.0348107006997342,2020,0
0,0.0348107006997342,2020,0
0,0.0348107006997342,2020,0
0,0.0398146207635607,2020,0
0,0.034044965394288,2020,0
0,0.0348107006997342,2020,0
0,0.0348107006997342,2020,0
0,0.0348107006997342,2020,0
0,0.0410429643980153,2020,0
0,0.0419437609579441,2020,0
0,0.0417145112007794,2020,0
0,0.0417145112007794,2020,0
0,0.0172618770837098,2020,0
0,0.0121449049985448,2020,0
0,0.0172618770837098,2020,0
0,0.0121449049985448,2020,0
0,0.0121449049985448,2020,0
0,0.0121449049985448,2020,0
0,0.0172618770837098,2020,0
0,0.0491581108835267,2020,0
0,0.019155803106752,2020,0
0,0.0277329044509326,2020,0
0,0.0185624949254949,2020,0
0,0.0185624949254949,2020,0
0,0.0185624949254949,2020,0
0,0.0185624949254949,2020,0
0,0.0185624949254949,2020,0
0,0.0185624949254949,2020,0
0,0.0185624949254949,2020,0
0,0.0185624949254949,2020,0
0,0.0185624949254949,2020,0
0,0.0185624949254949,2020,0
0,0.0185624949254949,2020,0
0,0.0379325866661215,2020,0
0,0.0109444371706508,2020,0
0,0.0109444371706508,2020,0
0,0.0109444371706508,2020,0
0,0.0322733163332681,2020,0
0,0.0395966457658911,2020,0
0,0.0485364647707889,2020,0
0,0.0520327096943065,2020,0
0,0.0481041076806286,2020,0
0,0.0510197922165991,2020,0
0,0.0423103052018664,2020,0
0,0.0401519618826073,2020,0
0,0.0520327096943065,2020,0
0,0.0481041076806286,2020,0
0,0.0512565337101716,2020,0
0,0.0542793876999778,2020,0
0,0.0300212226221648,2020,0
0,0.0217574771661139,2020,0
0,0.0386255000182122,2020,0
0,0.0386255000182122,2020,0
0,0.0386255000182122,2020,0
0,0.0433566498840184,2020,0
0,0.0379385332112488,2020,0
0,0.0411530473757046,2020,0
0,0.037305678183874,2020,0
0,0.0386255000182122,2020,0
0,0.0386255000182122,2020,0
0,0.0386255000182122,2020,0
0,0.0386255000182122,2020,0
0,0.0386255000182122,2020,0
0,0.0386255000182122,2020,0
0,0.0386255000182122,2020,0
0,0.0411530473757046,2020,0
0,0.044453417291399,2020,0
0,0.0386255000182122,2020,0
0,0.0380983757833213,2020,0
0,0.0386255000182122,2020,0
0,0.0386255000182122,2020,0
0,0.0433566498840184,2020,0
0,0.0386255000182122,2020,0
0,0.0386255000182122,2020,0
0,0.0386255000182122,2020,0
0,0.0386255000182122,2020,0
0,0.0386255000182122,2020,0
0,0.0386255000182122,2020,0
0,0.0386255000182122,2020,0
0,0.044453417291399,2020,0
0,0.0386255000182122,2020,0
0,0.0380983757833213,2020,0
0,0.0386255000182122,2020,0
0,0.0386255000182122,2020,0
0,0.0386255000182122,2020,0
0,0.0386255000182122,2020,0
0,0.0386255000182122,2020,0
0,0.0386255000182122,2020,0
0,0.0386255000182122,2020,0
0,0.0386255000182122,2020,0
0,0.0380983757833213,2020,0
0,0.0386255000182122,2020,0
0,0.0380983757833213,2020,0
0,0.0386255000182122,2020,0
0,0.0386255000182122,2020,0
0,0.0386255000182122,2020,0
0,0.0386255000182122,2020,0
0,0.0386255000182122,2020,0
0,0.0386255000182122,2020,0
0,0.0379385332112488,2020,0
0,0.0386255000182122,2020,0
0,0.0386255000182122,2020,0
0,0.044453417291399,2020,0
0,0.0386255000182122,2020,0
0,0.053786803138287,2020,0
0,0.0189336398665164,2020,0
0,0.0191771162140705,2020,0
0,0.0191771162140705,2020,0
0,0.0191771162140705,2020,0
0,0.0191771162140705,2020,0
0,0.0191771162140705,2020,0
0,0.0191771162140705,2020,0
0,0.0191771162140705,2020,0
0,0.0191771162140705,2020,0
0,0.0191771162140705,2020,0
0,0.0191771162140705,2020,0
0,0.0191771162140705,2020,0
0,0.0374404082659292,2020,0
0,0.0126964109554076,2020,0
0,0.0126964109554076,2020,0
0,0.0126964109554076,2020,0
0,0.0401142669187497,2020,0
0,0.03299790950097,2020,0
0,0.0639382131094298,2020,0
0,0.0526734606736289,2020,0
0,0.0447599669384602,2020,0
0,0.0526470864911607,2020,0
0,0.0526470864911607,2020,0
0,0.0565879375084656,2020,0
0,0.0558099381716648,2020,0
0,0.0565879375084656,2020,0
0,0.0555755004972124,2020,0
0,0.0470149965487123,2020,0
0,0.0594171103262005,2020,0
0,0.0238391324973985,2020,0
0,0.0320724289546257,2020,0
0,0.042041911660781,2020,0
0,0.042041911660781,2020,0
0,0.042554957992146,2020,0
0,0.042554957992146,2020,0
0,0.042554957992146,2020,0
0,0.042554957992146,2020,0
0,0.042554957992146,2020,0
0,0.042554957992146,2020,0
0,0.042554957992146,2020,0
0,0.042554957992146,2020,0
0,0.0412301209230033,2020,0
0,0.042554957992146,2020,0
0,0.042554957992146,2020,0
0,0.042554957992146,2020,0
0,0.042554957992146,2020,0
0,0.042554957992146,2020,0
0,0.042554957992146,2020,0
0,0.042554957992146,2020,0
0,0.042554957992146,2020,0
0,0.0483535389740171,2020,0
0,0.042554957992146,2020,0
0,0.0472455220089855,2020,0
0,0.0483535389740171,2020,0
0,0.0418585287442347,2020,0
0,0.042554957992146,2020,0
0,0.0483535389740171,2020,0
0,0.042554957992146,2020,0
0,0.042554957992146,2020,0
0,0.042554957992146,2020,0
0,0.042554957992146,2020,0
0,0.042554957992146,2020,0
0,0.042554957992146,2020,0
0,0.042554957992146,2020,0
0,0.042554957992146,2020,0
0,0.042554957992146,2020,0
0,0.042554957992146,2020,0
0,0.0418585287442347,2020,0
0,0.042554957992146,2020,0
0,0.042041911660781,2020,0
0,0.042554957992146,2020,0
0,0.042554957992146,2020,0
0,0.042041911660781,2020,0
0,0.042554957992146,2020,0
0,0.042554957992146,2020,0
0,0.042554957992146,2020,0
0,0.042554957992146,2020,0
0,0.042554957992146,2020,0
0,0.0449297098463895,2020,0
0,0.042554957992146,2020,0
0,0.042554957992146,2020,0
0,0.042554957992146,2020,0
0,0.042554957992146,2020,0
0,0.042554957992146,2020,0
0,0.0449297098463895,2020,0
0,0.0596175527566952,2020,0
0,0.0210263300467263,2020,0
0,0.0630637706874748,2020,0
0,0.0214053754943102,2020,0
0,0.0214053754943102,2020,0
0,0.0214053754943102,2020,0
0,0.0214053754943102,2020,0
0,0.0214053754943102,2020,0
0,0.0214053754943102,2020,0
0,0.0214053754943102,2020,0
0,0.0214053754943102,2020,0
0,0.0214053754943102,2020,0
0,0.0214053754943102,2020,0
0,0.0214053754943102,2020,0
0,0.0411197048930885,2020,0
0,0.0370438905772647,2020,0
0,0.0140440118740396,2020,0
0,0.0140440118740396,2020,0
0,0.0295325005449015,2020,0
0,0.034268821222721,2020,0
0,0.0414745298504318,2020,0
0,0.0693000127012801,2020,0
0,0.058048678360328,2020,0
0,0.0628655410937791,2020,0
0,0.0619512248785225,2020,0
0,0.0479977186884647,2020,0
0,0.0499583686980363,2020,0
0,0.0628655410937791,2020,0
0,0.0580245387494859,2020,0
0,0.0615781707824134,2020,0
0,0.0626167181714688,2020,0
0,0.0336151374497491,2020,0
0,0.0239062779866729,2020,0
0,0.0418350936564126,2020,0
0,0.0418350936564126,2020,0
0,0.0413474368891906,2020,0
0,0.0418350936564126,2020,0
0,0.0418350936564126,2020,0
0,0.0418350936564126,2020,0
0,0.0418350936564126,2020,0
0,0.0418350936564126,2020,0
0,0.0418350936564126,2020,0
0,0.0418350936564126,2020,0
0,0.0409353248306623,2020,0
0,0.0418350936564126,2020,0
0,0.0418350936564126,2020,0
0,0.0413474368891906,2020,0
0,0.0455346888836236,2020,0
0,0.0418350936564126,2020,0
0,0.0418350936564126,2020,0
0,0.0409353248306623,2020,0
0,0.0418350936564126,2020,0
0,0.0482909786555875,2020,0
0,0.0418350936564126,2020,0
0,0.0418350936564126,2020,0
0,0.0413474368891906,2020,0
0,0.0418350936564126,2020,0
0,0.0482909786555875,2020,0
0,0.0418350936564126,2020,0
0,0.0418350936564126,2020,0
0,0.0418350936564126,2020,0
0,0.0418350936564126,2020,0
0,0.0418350936564126,2020,0
0,0.0418350936564126,2020,0
0,0.0418350936564126,2020,0
0,0.0418350936564126,2020,0
0,0.0418350936564126,2020,0
0,0.0418350936564126,2020,0
0,0.0455346888836236,2020,0
0,0.0418350936564126,2020,0
0,0.0403385709357071,2020,0
0,0.0418350936564126,2020,0
0,0.0418350936564126,2020,0
0,0.0418350936564126,2020,0
0,0.0418350936564126,2020,0
0,0.0418350936564126,2020,0
0,0.0418350936564126,2020,0
0,0.0418350936564126,2020,0
0,0.0418350936564126,2020,0
0,0.0418350936564126,2020,0
0,0.0413474368891906,2020,0
0,0.0467583326470847,2020,0
0,0.0467583326470847,2020,0
0,0.0467119295931375,2020,0
0,0.0467119295931375,2020,0
0,0.0467119295931375,2020,0
0,0.0467119295931375,2020,0
0,0.0237906241918143,2020,0
0,0.0160527657517555,2020,0
0,0.0237906241918143,2020,0
0,0.0160527657517555,2020,0
0,0.0160527657517555,2020,0
0,0.0160527657517555,2020,0
0,0.0237906241918143,2020,0
0,0.0480928302318167,2020,0
0,0.0699247397221417,2020,0
0,0.0225749020883302,2020,0
0,0.022561332024382,2020,0
0,0.022561332024382,2020,0
0,0.022561332024382,2020,0
0,0.022561332024382,2020,0
0,0.022561332024382,2020,0
0,0.022561332024382,2020,0
0,0.022561332024382,2020,0
0,0.022561332024382,2020,0
0,0.022561332024382,2020,0
0,0.022561332024382,2020,0
0,0.022561332024382,2020,0
0,0.043081280243136,2020,0
0,0.0387782537140568,2020,0
0,0.0148772909856408,2020,0
0,0.0148772909856408,2020,0
0,0.0294377370233693,2020,0
0,0.04254113454483,2020,0
0,0.0353959141789208,2020,0
0,0.0701775026348061,2020,0
0,0.0582563088025561,2020,0
0,0.048191602482772,2020,0
0,0.0610119699160284,2020,0
0,0.059906012228585,2020,0
0,0.0503425521041658,2020,0
0,0.0610119699160284,2020,0
0,0.06019097123444,2020,0
0,0.0633664939849934,2020,0
0,0.0246644905526924,2020,0
0,0.0336872277852276,2020,0
0,0.0443394020120606,2020,0
0,0.0443394020120606,2020,0
0,0.0443394020120606,2020,0
0,0.0443394020120606,2020,0
0,0.0443394020120606,2020,0
0,0.0476869191696631,2020,0
0,0.0505498581948526,2020,0
0,0.0438748180483308,2020,0
0,0.0443394020120606,2020,0
0,0.0443394020120606,2020,0
0,0.0443394020120606,2020,0
0,0.0443394020120606,2020,0
0,0.0443394020120606,2020,0
0,0.0443394020120606,2020,0
0,0.0443394020120606,2020,0
0,0.0443394020120606,2020,0
0,0.0443394020120606,2020,0
0,0.0443394020120606,2020,0
0,0.0476869191696631,2020,0
0,0.0505498581948526,2020,0
0,0.0443394020120606,2020,0
0,0.0443394020120606,2020,0
0,0.0438748180483308,2020,0
0,0.0443394020120606,2020,0
0,0.0443394020120606,2020,0
0,0.0443394020120606,2020,0
0,0.0443394020120606,2020,0
0,0.0443394020120606,2020,0
0,0.0443394020120606,2020,0
0,0.0443394020120606,2020,0
0,0.0443394020120606,2020,0
0,0.0443394020120606,2020,0
0,0.0443394020120606,2020,0
0,0.0443394020120606,2020,0
0,0.043470640740193,2020,0
0,0.0438748180483308,2020,0
0,0.0443394020120606,2020,0
0,0.0443394020120606,2020,0
0,0.0443394020120606,2020,0
0,0.0443394020120606,2020,0
0,0.0443394020120606,2020,0
0,0.042890409855609,2020,0
0,0.0443394020120606,2020,0
0,0.0443394020120606,2020,0
0,0.043470640740193,2020,0
0,0.0443394020120606,2020,0
0,0.0443394020120606,2020,0
0,0.0479722911346703,2020,0
0,0.0480010136729777,2020,0
0,0.0479722911346703,2020,0
0,0.0479722911346703,2020,0
0,0.0480010136729777,2020,0
0,0.0479722911346703,2020,0
0,0.0160105871498492,2020,0
0,0.0223866214980254,2020,0
0,0.0223866214980254,2020,0
0,0.0160105871498492,2020,0
0,0.0223866214980254,2020,0
0,0.0160105871498492,2020,0
0,0.0160105871498492,2020,0
0,0.0438645640049636,2020,0
0,0.0722327899938285,2020,0
0,0.0227214312524329,2020,0
0,0.0226504926794294,2020,0
0,0.0226504926794294,2020,0
0,0.0226504926794294,2020,0
0,0.0226504926794294,2020,0
0,0.0226504926794294,2020,0
0,0.0226504926794294,2020,0
0,0.0226504926794294,2020,0
0,0.0226504926794294,2020,0
0,0.0226504926794294,2020,0
0,0.0226504926794294,2020,0
0,0.0226504926794294,2020,0
0,0.0469961118840239,2020,0
0,0.0400580176929777,2020,0
0,0.0150832495285494,2020,0
0,0.0150832495285494,2020,0
0,0.0150832495285494,2020,0
0,0.0291339573870728,2020,0
0,0.0440213881535273,2020,0
0,0.0363715647704265,2020,0
0,0.0690964201531018,2020,0
0,0.059062333249822,2020,0
0,0.0638091220073534,2020,0
0,0.0513887311140365,2020,0
0,0.0534762039115786,2020,0
0,0.0634965312131759,2020,0
0,0.0646473191878606,2020,0
0,0.0646473191878606,2020,0
0,0.066713861524851,2020,0
0,0.027178962560001,2020,0
0,0.0366117718250321,2020,0
0,0.0502406347594742,2020,0
0,0.0502406347594742,2020,0
0,0.0502406347594742,2020,0
0,0.0502406347594742,2020,0
0,0.0502406347594742,2020,0
0,0.0502406347594742,2020,0
0,0.0492296751260806,2020,0
0,0.0502406347594742,2020,0
0,0.0502406347594742,2020,0
0,0.0502406347594742,2020,0
0,0.0502406347594742,2020,0
0,0.0502406347594742,2020,0
0,0.0502406347594742,2020,0
0,0.0567026045984702,2020,0
0,0.0502406347594742,2020,0
0,0.0502406347594742,2020,0
0,0.0502406347594742,2020,0
0,0.0502406347594742,2020,0
0,0.0502406347594742,2020,0
0,0.0502406347594742,2020,0
0,0.0502406347594742,2020,0
0,0.0551296613490221,2020,0
0,0.0502406347594742,2020,0
0,0.0502406347594742,2020,0
0,0.0502406347594742,2020,0
0,0.0502406347594742,2020,0
0,0.0498352660787007,2020,0
0,0.0502406347594742,2020,0
0,0.0502406347594742,2020,0
0,0.0567026045984702,2020,0
0,0.0541529072999742,2020,0
0,0.0551296613490221,2020,0
0,0.0502406347594742,2020,0
0,0.0502406347594742,2020,0
0,0.0502406347594742,2020,0
0,0.0502406347594742,2020,0
0,0.0502406347594742,2020,0
0,0.0498352660787007,2020,0
0,0.0502406347594742,2020,0
0,0.0486974878273058,2020,0
0,0.0502406347594742,2020,0
0,0.0502406347594742,2020,0
0,0.0502406347594742,2020,0
0,0.0502406347594742,2020,0
0,0.0502406347594742,2020,0
0,0.0502406347594742,2020,0
0,0.0502406347594742,2020,0
0,0.0492296751260806,2020,0
0,0.0567026045984702,2020,0
0,0.0502406347594742,2020,0
0,0.0502406347594742,2020,0
0,0.0498352660787007,2020,0
0,0.0502406347594742,2020,0
0,0.0502406347594742,2020,0
0,0.0541529072999742,2020,0
0,0.0448592313951955,2020,0
0,0.0445712364008466,2020,0
0,0.0445712364008466,2020,0
0,0.0448592313951955,2020,0
0,0.0445712364008466,2020,0
0,0.0448592313951955,2020,0
0,0.0445712364008466,2020,0
0,0.0225784748164253,2020,0
0,0.0225784748164253,2020,0
0,0.0159752616151647,2020,0
0,0.0159752616151647,2020,0
0,0.0159752616151647,2020,0
0,0.0159752616151647,2020,0
0,0.0225784748164253,2020,0
0,0.0467377513913276,2020,0
0,0.0729288259397785,2020,0
0,0.0233585732360201,2020,0
0,0.0232212491174183,2020,0
0,0.0232212491174183,2020,0
0,0.0232212491174183,2020,0
0,0.0232212491174183,2020,0
0,0.0232212491174183,2020,0
0,0.0232212491174183,2020,0
0,0.0232212491174183,2020,0
0,0.0232212491174183,2020,0
0,0.0232212491174183,2020,0
0,0.0232212491174183,2020,0
0,0.0232212491174183,2020,0
0,0.0489349817287659,2020,0
0,0.040940948601255,2020,0
0,0.0171027088429106,2020,0
0,0.0171027088429106,2020,0
0,0.0171027088429106,2020,0
0,0.0313735614141315,2020,0
0,0.0453685159469926,2020,0
0,0.0372877471776977,2020,0
0,0.0736880023429689,2020,0
0,0.0643559440148324,2020,0
0,0.0702998247230967,2020,0
0,0.0711893385890248,2020,0
0,0.0711893385890248,2020,0
0,0.0586891700880883,2020,0
0,0.0664303030986739,2020,0
0,0.0699238360075897,2020,0
0,0.0567291005189337,2020,0
0,0.0702789122480992,2020,0
0,0.0371411231501801,2020,0
0,0.0273963052243025,2020,0
0,0.0496816203783794,2020,0
0,0.0486545665159922,2020,0
0,0.0496816203783794,2020,0
0,0.053743938973277,2020,0
0,0.0496816203783794,2020,0
0,0.0496816203783794,2020,0
0,0.0496816203783794,2020,0
0,0.053743938973277,2020,0
0,0.0563399766471252,2020,0
0,0.0496816203783794,2020,0
0,0.0496816203783794,2020,0
0,0.0492514755150994,2020,0
0,0.0496816203783794,2020,0
0,0.0496816203783794,2020,0
0,0.0492514755150994,2020,0
0,0.0492514755150994,2020,0
0,0.0496816203783794,2020,0
0,0.0496816203783794,2020,0
0,0.0496816203783794,2020,0
0,0.0496816203783794,2020,0
0,0.0563399766471252,2020,0
0,0.0496816203783794,2020,0
0,0.0496816203783794,2020,0
0,0.0496816203783794,2020,0
0,0.0496816203783794,2020,0
0,0.0496816203783794,2020,0
0,0.0496816203783794,2020,0
0,0.0496816203783794,2020,0
0,0.0496816203783794,2020,0
0,0.0496816203783794,2020,0
0,0.0480987289937529,2020,0
0,0.0496816203783794,2020,0
0,0.0496816203783794,2020,0
0,0.0496816203783794,2020,0
0,0.0547393255348924,2020,0
0,0.0496816203783794,2020,0
0,0.0496816203783794,2020,0
0,0.0486545665159922,2020,0
0,0.0492514755150994,2020,0
0,0.0496816203783794,2020,0
0,0.0547393255348924,2020,0
0,0.0496816203783794,2020,0
0,0.0496816203783794,2020,0
0,0.0563399766471252,2020,0
0,0.0496816203783794,2020,0
0,0.0496816203783794,2020,0
0,0.0496816203783794,2020,0
0,0.0496816203783794,2020,0
0,0.0496816203783794,2020,0
0,0.0496816203783794,2020,0
0,0.0496816203783794,2020,0
0,0.0496816203783794,2020,0
0,0.0496816203783794,2020,0
0,0.0496816203783794,2020,0
0,0.0496816203783794,2020,0
0,0.0496816203783794,2020,0
0,0.0429980541562799,2020,0
0,0.042618236460038,2020,0
0,0.042618236460038,2020,0
0,0.042618236460038,2020,0
0,0.0429980541562799,2020,0
0,0.042618236460038,2020,0
0,0.0429980541562799,2020,0
0,0.0157127022082931,2020,0
0,0.0206238201324837,2020,0
0,0.0157127022082931,2020,0
0,0.0206238201324837,2020,0
0,0.0157127022082931,2020,0
0,0.0206238201324837,2020,0
0,0.0157127022082931,2020,0
0,0.0452161519125499,2020,0
0,0.0612228635213619,2020,0
0,0.0199485968591452,2020,0
0,0.035090569102994,2020,0
0,0.0357623987944998,2020,0
0,0.0362630492263531,2020,0
0,0.0559564024305208,2020,0
0,0.0609329831806124,2020,0
0,0.0451751619953623,2020,0
0,0.0470167191419102,2020,0
0,0.0479006326791486,2020,0
0,0.0451751619953623,2020,0
0,0.0612978995272261,2020,0
0,0.0194419288748368,2020,0
0,0.0194419288748368,2020,0
0,0.0194419288748368,2020,0
0,0.0194419288748368,2020,0
0,0.0194419288748368,2020,0
0,0.0194419288748368,2020,0
0,0.0194419288748368,2020,0
0,0.0194419288748368,2020,0
0,0.0194419288748368,2020,0
0,0.0194419288748368,2020,0
0,0.0194419288748368,2020,0
0,0.034385521499447,2020,0
0,0.0343052436885283,2020,0
0,0.0164529147187274,2020,0
0,0.0164529147187274,2020,0
0,0.0287383686735601,2020,0
0,0.0340314040997193,2020,0
0,0.0410443919365679,2020,0
0,0.0701802690186061,2020,0
0,0.0747154252195746,2020,0
0,0.0643473809914037,2020,0
0,0.0559673443535042,2020,0
0,0.0591222686297815,2020,0
0,0.0584477307730172,2020,0
0,0.05418745473022,2020,0
0,0.0591222686297815,2020,0
0,0.0514434935684029,2020,0
0,0.0585190280378839,2020,0
0,0.0657729187939218,2020,0
0,0.0322228701493681,2020,0
0,0.0262698292062223,2020,0
0,0.0454138584858858,2020,0
0,0.0454138584858858,2020,0
0,0.0455617475916802,2020,0
0,0.0454138584858858,2020,0
0,0.0448223043747345,2020,0
0,0.0454138584858858,2020,0
0,0.0454138584858858,2020,0
0,0.0454138584858858,2020,0
0,0.0454138584858858,2020,0
0,0.0454138584858858,2020,0
0,0.0454138584858858,2020,0
0,0.0503178533849354,2020,0
0,0.0443438282404271,2020,0
0,0.0454138584858858,2020,0
0,0.0454138584858858,2020,0
0,0.0454138584858858,2020,0
0,0.0454138584858858,2020,0
0,0.0454138584858858,2020,0
0,0.0448223043747345,2020,0
0,0.0454138584858858,2020,0
0,0.0454138584858858,2020,0
0,0.0454138584858858,2020,0
0,0.0454138584858858,2020,0
0,0.0454138584858858,2020,0
0,0.0454138584858858,2020,0
0,0.0454138584858858,2020,0
0,0.0454138584858858,2020,0
0,0.0448223043747345,2020,0
0,0.0454138584858858,2020,0
0,0.0497219791038257,2020,0
0,0.0497219791038257,2020,0
0,0.0454138584858858,2020,0
0,0.0454138584858858,2020,0
0,0.0454138584858858,2020,0
0,0.0503178533849354,2020,0
0,0.0454138584858858,2020,0
0,0.0503178533849354,2020,0
0,0.0450669414389599,2020,0
0,0.0454138584858858,2020,0
0,0.0454138584858858,2020,0
0,0.0454138584858858,2020,0
0,0.0454138584858858,2020,0
0,0.0454138584858858,2020,0
0,0.0454138584858858,2020,0
0,0.0454138584858858,2020,0
0,0.0454138584858858,2020,0
0,0.0448223043747345,2020,0
0,0.0454138584858858,2020,0
0,0.0454138584858858,2020,0
0,0.0449189144940285,2020,0
0,0.0451127871078082,2020,0
0,0.0449189144940285,2020,0
0,0.0451127871078082,2020,0
0,0.0449189144940285,2020,0
0,0.0449189144940285,2020,0
0,0.0451127871078082,2020,0
0,0.0143670415008275,2020,0
0,0.0143670415008275,2020,0
0,0.0154660501030617,2020,0
0,0.0154660501030617,2020,0
0,0.0143670415008275,2020,0
0,0.0154660501030617,2020,0
0,0.0143670415008275,2020,0
0,0.0312507360274776,2020,0
0,0.0308772628142928,2020,0
0,0.0487712267389809,2020,0
0,0.0350274511389944,2020,0
0,0.0202784825118915,2020,0
0,0.0363398513070037,2020,0
0,0.0356404134426928,2020,0
0,0.0367488572010388,2020,0
0,0.0569927228763243,2020,0
0,0.0613121276655011,2020,0
0,0.0467983768874976,2020,0
0,0.0449587189539024,2020,0
0,0.0449587189539024,2020,0
0,0.0476834193419931,2020,0
0,0.0207970144981396,2020,0
0,0.0207970144981396,2020,0
0,0.0207970144981396,2020,0
0,0.0207970144981396,2020,0
0,0.0207970144981396,2020,0
0,0.0207970144981396,2020,0
0,0.0207970144981396,2020,0
0,0.0207970144981396,2020,0
0,0.0207970144981396,2020,0
0,0.0207970144981396,2020,0
0,0.0207970144981396,2020,0
0,0.034775933173626,2020,0
0,0.0350842748436097,2020,0
0,0.0152193863407697,2020,0
0,0.0152193863407697,2020,0
0,0.0360408261293329,2020,0
0,0.068040275425241,2020,0
0,0.073473217483579,2020,0
0,0.064299635822383,2020,0
0,0.0645071264668235,2020,0
0,0.0559998280856843,2020,0
0,0.0584799277385406,2020,0
0,0.0583300795448552,2020,0
0,0.0521171227965138,2020,0
0,0.0591547977591453,2020,0
0,0.0496444567864833,2020,0
0,0.0591547977591453,2020,0
0,0.0755559771256306,2020,0
0,0.0663819236366695,2020,0
0,0.0267414372888414,2020,0
0,0.0305425804604798,2020,0
0,0.0319664610520132,2020,0
0,0.0338336267130017,2020,0
0,0.0445467004134168,2020,0
0,0.0439633480377561,2020,0
0,0.0499954191735106,2020,0
0,0.0445467004134168,2020,0
0,0.0445467004134168,2020,0
0,0.0445467004134168,2020,0
0,0.0440433807127017,2020,0
0,0.0445467004134168,2020,0
0,0.0445467004134168,2020,0
0,0.0445467004134168,2020,0
0,0.0445467004134168,2020,0
0,0.0445467004134168,2020,0
0,0.0499954191735106,2020,0
0,0.0445467004134168,2020,0
0,0.0445467004134168,2020,0
0,0.0445467004134168,2020,0
0,0.0445467004134168,2020,0
0,0.0445467004134168,2020,0
0,0.0445467004134168,2020,0
0,0.0445467004134168,2020,0
0,0.0445467004134168,2020,0
0,0.0445467004134168,2020,0
0,0.0445467004134168,2020,0
0,0.0445467004134168,2020,0
0,0.0445467004134168,2020,0
0,0.0439633480377561,2020,0
0,0.0445467004134168,2020,0
0,0.0445467004134168,2020,0
0,0.0445467004134168,2020,0
0,0.0456722068250455,2020,0
0,0.0433340043487735,2020,0
0,0.0491719957974119,2020,0
0,0.0439633480377561,2020,0
0,0.0445467004134168,2020,0
0,0.0445467004134168,2020,0
0,0.0439633480377561,2020,0
0,0.0491719957974119,2020,0
0,0.0445467004134168,2020,0
0,0.0445467004134168,2020,0
0,0.0445467004134168,2020,0
0,0.0445467004134168,2020,0
0,0.0445467004134168,2020,0
0,0.0445467004134168,2020,0
0,0.0445467004134168,2020,0
0,0.0445467004134168,2020,0
0,0.0445467004134168,2020,0
0,0.0445467004134168,2020,0
0,0.0445467004134168,2020,0
0,0.0499954191735106,2020,0
0,0.0445467004134168,2020,0
0,0.0139458404149653,2020,0
0,0.0309995756302387,2020,0
0,0.0146062325546786,2020,0
0,0.0160249630159374,2020,0
0,0.0498766250623944,2020,0
0,0.0499893840030228,2020,0
0,0.0498766250623944,2020,0
0,0.0499893840030228,2020,0
0,0.0499893840030228,2020,0
0,0.0498766250623944,2020,0
0,0.0499893840030228,2020,0
0,0.0158781627273167,2020,0
0,0.0207176438931895,2020,0
0,0.0158781627273167,2020,0
0,0.0158781627273167,2020,0
0,0.0207176438931895,2020,0
0,0.0158781627273167,2020,0
0,0.0207176438931895,2020,0
0,0.0419120739053327,2020,0
0,0.0400240018805314,2020,0
0,0.0712747997177744,2020,0
0,0.0384386876151008,2020,0
0,0.0265071106559765,2020,0
0,0.0390235392307726,2020,0
0,0.0394591942509869,2020,0
0,0.0386050643444949,2020,0
0,0.0601578065115581,2020,0
0,0.0672530751484803,2020,0
0,0.0543735103522719,2020,0
0,0.0518788698852056,2020,0
0,0.0518788698852056,2020,0
0,0.0535691809440659,2020,0
0,0.0278788341598745,2020,0
0,0.0278788341598745,2020,0
0,0.0278788341598745,2020,0
0,0.0278788341598745,2020,0
0,0.0278788341598745,2020,0
0,0.0278788341598745,2020,0
0,0.0278788341598745,2020,0
0,0.0278788341598745,2020,0
0,0.0278788341598745,2020,0
0,0.0278788341598745,2020,0
0,0.0278788341598745,2020,0
0,0.0562675173975645,2020,0
0,0.0465288463026547,2020,0
0,0.0173853184434133,2020,0
0,0.0173853184434133,2020,0
0,0.0173853184434133,2020,0
0,0.0636025973702623,2020,0
0,0.0727144742326951,2020,0
0,0.104533910148003,2020,0
0,0.0761602910941082,2020,0
0,0.0699533256097792,2020,0
0,0.0649639931895129,2020,0
0,0.0689602903340735,2020,0
0,0.0689602903340735,2020,0
0,0.067400191562757,2020,0
0,0.0512181139411444,2020,0
0,0.063275460052448,2020,0
0,0.0526860179475217,2020,0
0,0.067934145176935,2020,0
0,0.0704162553525158,2020,0
0,0.0389704955126188,2020,0
0,0.0367349693293543,2020,0
0,0.0404246814181491,2020,0
0,0.0277381594876607,2020,0
0,0.0448926899115915,2020,0
0,0.0448926899115915,2020,0
0,0.0444757831298045,2020,0
0,0.0448926899115915,2020,0
0,0.0448926899115915,2020,0
0,0.0448926899115915,2020,0
0,0.0448926899115915,2020,0
0,0.0448926899115915,2020,0
0,0.0448926899115915,2020,0
0,0.0448926899115915,2020,0
0,0.0448926899115915,2020,0
0,0.0448926899115915,2020,0
0,0.0448926899115915,2020,0
0,0.051137482400957,2020,0
0,0.0526161219416158,2020,0
0,0.0448926899115915,2020,0
0,0.0448926899115915,2020,0
0,0.0448926899115915,2020,0
0,0.0448926899115915,2020,0
0,0.0435781382934902,2020,0
0,0.051137482400957,2020,0
0,0.0448926899115915,2020,0
0,0.0448926899115915,2020,0
0,0.0448926899115915,2020,0
0,0.0448926899115915,2020,0
0,0.0448926899115915,2020,0
0,0.0435781382934902,2020,0
0,0.0448926899115915,2020,0
0,0.0448926899115915,2020,0
0,0.0448926899115915,2020,0
0,0.0444757831298045,2020,0
0,0.0448926899115915,2020,0
0,0.0448926899115915,2020,0
0,0.0448926899115915,2020,0
0,0.0448926899115915,2020,0
0,0.0448926899115915,2020,0
0,0.0448926899115915,2020,0
0,0.0448926899115915,2020,0
0,0.0448926899115915,2020,0
0,0.0448926899115915,2020,0
0,0.0448926899115915,2020,0
0,0.0448926899115915,2020,0
0,0.0444757831298045,2020,0
0,0.0448926899115915,2020,0
0,0.0526161219416158,2020,0
0,0.0448926899115915,2020,0
0,0.0505530317680826,2020,0
0,0.0448926899115915,2020,0
0,0.0448926899115915,2020,0
0,0.0448926899115915,2020,0
0,0.0505530317680826,2020,0
0,0.043052505891496,2020,0
0,0.0526161219416158,2020,0
0,0.0444757831298045,2020,0
0,0.0448926899115915,2020,0
0,0.0448926899115915,2020,0
0,0.0448926899115915,2020,0
0,0.0605994326553385,2020,0
0,0.0496671759326499,2020,0
0,0.049755393916841,2020,0
0,0.049755393916841,2020,0
0,0.0496671759326499,2020,0
0,0.049755393916841,2020,0
0,0.0496671759326499,2020,0
0,0.049755393916841,2020,0
0,0.0308578720035614,2020,0
0,0.0308578720035614,2020,0
0,0.0177494101445067,2020,0
0,0.0177494101445067,2020,0
0,0.0177494101445067,2020,0
0,0.0308578720035614,2020,0
0,0.0177494101445067,2020,0
0,0.0709479770384608,2020,0
0,0.0540334752935641,2020,0
0,0.110469111891367,2020,0
0,0.0456511373861054,2020,0
0,0.0300259845461573,2020,0
0,0.0462265349372051,2020,0
0,0.0459274401596609,2020,0
0,0.0801866491342968,2020,0
0,0.0673909987850079,2020,0
0,0.0667352455322125,2020,0
0,0.0661652504710526,2020,0
0,0.0649359248557052,2020,0
0,0.0308420705600314,2020,0
0,0.0308420705600314,2020,0
0,0.0308420705600314,2020,0
0,0.0308420705600314,2020,0
0,0.0308420705600314,2020,0
0,0.0308420705600314,2020,0
0,0.0308420705600314,2020,0
0,0.0308420705600314,2020,0
0,0.0308420705600314,2020,0
0,0.0308420705600314,2020,0
0,0.0308420705600314,2020,0
0,0.0759847137401828,2020,0
0,0.0550665618935834,2020,0
0,0.0181064109880547,2020,0
0,0.0181064109880547,2020,0
0,0.0181064109880547,2020,0
0,0.0752058877224162,2020,0
0,0.151046278157759,2020,0
0,0.0734408024741002,2020,0
0,0.126545714894492,2020,0
0,0.0819809227499008,2020,0
0,0.0830382673327227,2020,0
0,0.0698877346493903,2020,0
0,0.0746822359037733,2020,0
0,0.0538741178942204,2020,0
0,0.0529414943553772,2020,0
0,0.0734869312703749,2020,0
0,0.072742841828191,2020,0
0,0.0746822359037733,2020,0
0,0.0727899572451468,2020,0
0,0.0438203333316841,2020,0
0,0.0411418107359556,2020,0
0,0.0449140786217236,2020,0
0,0.0292541003841623,2020,0
0,0.0459370247671565,2020,0
0,0.0459370247671565,2020,0
0,0.0459370247671565,2020,0
0,0.0459370247671565,2020,0
0,0.0459370247671565,2020,0
0,0.054546176419246,2020,0
0,0.0459370247671565,2020,0
0,0.0459370247671565,2020,0
0,0.0456337307466355,2020,0
0,0.0459370247671565,2020,0
0,0.0459370247671565,2020,0
0,0.0456337307466355,2020,0
0,0.0459370247671565,2020,0
0,0.0459370247671565,2020,0
0,0.0442476565119168,2020,0
0,0.0459370247671565,2020,0
0,0.0459370247671565,2020,0
0,0.0459370247671565,2020,0
0,0.0459370247671565,2020,0
0,0.0459370247671565,2020,0
0,0.0459370247671565,2020,0
0,0.0546619045289097,2020,0
0,0.0518919859691022,2020,0
0,0.0459370247671565,2020,0
0,0.0459370247671565,2020,0
0,0.0459370247671565,2020,0
0,0.0459370247671565,2020,0
0,0.0459370247671565,2020,0
0,0.0459370247671565,2020,0
0,0.0456337307466355,2020,0
0,0.0459370247671565,2020,0
0,0.054546176419246,2020,0
0,0.0459370247671565,2020,0
0,0.0459370247671565,2020,0
0,0.0459370247671565,2020,0
0,0.0459370247671565,2020,0
0,0.054546176419246,2020,0
0,0.0459370247671565,2020,0
0,0.0442476565119168,2020,0
0,0.0438394225457203,2020,0
0,0.0459370247671565,2020,0
0,0.0459370247671565,2020,0
0,0.0459370247671565,2020,0
0,0.0459370247671565,2020,0
0,0.0546619045289097,2020,0
0,0.0459370247671565,2020,0
0,0.0518919859691022,2020,0
0,0.0459370247671565,2020,0
0,0.0459370247671565,2020,0
0,0.0459370247671565,2020,0
0,0.0459370247671565,2020,0
0,0.0459370247671565,2020,0
0,0.0459370247671565,2020,0
0,0.0459370247671565,2020,0
0,0.0459370247671565,2020,0
0,0.0456337307466355,2020,0
0,0.0459370247671565,2020,0
0,0.0661000330038142,2020,0
0,0.0646315056372669,2020,0
0,0.048290651755507,2020,0
0,0.048290651755507,2020,0
0,0.0483197900433891,2020,0
0,0.0483197900433891,2020,0
0,0.0483197900433891,2020,0
0,0.048290651755507,2020,0
0,0.0483197900433891,2020,0
0,0.0188253709506649,2020,0
0,0.0339649729935276,2020,0
0,0.0339649729935276,2020,0
0,0.0188253709506649,2020,0
0,0.0188253709506649,2020,0
0,0.0188253709506649,2020,0
0,0.0339649729935276,2020,0
0,0.0785008205166442,2020,0
0,0.11390770847041,2020,0
0,0.0246542114422776,2020,0
0,0.0305231551067314,2020,0
0,0.0418193865213548,2020,0
0,0.0495174072593834,2020,0
0,0.0302607830422925,2020,0
0,0.0422888584294701,2020,0
0,0.0422888584294701,2020,0
0,0.0495076564523209,2020,0
0,0.0692068955326706,2020,0
0,0.0300308860355919,2020,0
0,0.0300308860355919,2020,0
0,0.0300308860355919,2020,0
0,0.0300308860355919,2020,0
0,0.0300308860355919,2020,0
0,0.0300308860355919,2020,0
0,0.0300308860355919,2020,0
0,0.0300308860355919,2020,0
0,0.0300308860355919,2020,0
0,0.0300308860355919,2020,0
0,0.0300308860355919,2020,0
0,0.0730489162178815,2020,0
0,0.0572359932963903,2020,0
0,0.0180940752580588,2020,0
0,0.0180940752580588,2020,0
0,0.0180940752580588,2020,0
0,0.145425877592116,2020,0
0,0.0765188309850421,2020,0
0,0.122208820557086,2020,0
0,0.0836394593117376,2020,0
0,0.082365523079229,2020,0
0,0.0715675028455275,2020,0
0,0.0745030116854857,2020,0
0,0.0745030116854857,2020,0
0,0.0728774271377265,2020,0
0,0.0561449916417624,2020,0
0,0.0734652359016441,2020,0
0,0.057397655120089,2020,0
0,0.0756858501129033,2020,0
0,0.0420984702470367,2020,0
0,0.0398435036101143,2020,0
0,0.0304067821836467,2020,0
0,0.0433773599705757,2020,0
0,0.0514444765122806,2020,0
0,0.0514444765122806,2020,0
0,0.056799240433024,2020,0
0,0.0514444765122806,2020,0
0,0.0591336743435003,2020,0
0,0.0514444765122806,2020,0
0,0.0514444765122806,2020,0
0,0.0514444765122806,2020,0
0,0.0514444765122806,2020,0
0,0.0514444765122806,2020,0
0,0.0514444765122806,2020,0
0,0.0514444765122806,2020,0
0,0.0514444765122806,2020,0
0,0.0514444765122806,2020,0
0,0.0514444765122806,2020,0
0,0.0514444765122806,2020,0
0,0.0514444765122806,2020,0
0,0.0499316056702815,2020,0
0,0.0591336743435003,2020,0
0,0.0511753127655114,2020,0
0,0.0514444765122806,2020,0
0,0.0514444765122806,2020,0
0,0.0514444765122806,2020,0
0,0.0511753127655114,2020,0
0,0.0514444765122806,2020,0
0,0.0514444765122806,2020,0
0,0.0514444765122806,2020,0
0,0.0514444765122806,2020,0
0,0.0514444765122806,2020,0
0,0.0514444765122806,2020,0
0,0.0514444765122806,2020,0
0,0.0514444765122806,2020,0
0,0.0495417308410338,2020,0
0,0.0511753127655114,2020,0
0,0.0514444765122806,2020,0
0,0.0514444765122806,2020,0
0,0.0514444765122806,2020,0
0,0.0514444765122806,2020,0
0,0.0514444765122806,2020,0
0,0.0514444765122806,2020,0
0,0.056799240433024,2020,0
0,0.0514444765122806,2020,0
0,0.0514444765122806,2020,0
0,0.0514444765122806,2020,0
0,0.0499316056702815,2020,0
0,0.0514444765122806,2020,0
0,0.0514444765122806,2020,0
0,0.0514444765122806,2020,0
0,0.0591336743435003,2020,0
0,0.0514444765122806,2020,0
0,0.0511753127655114,2020,0
0,0.0585296764529773,2020,0
0,0.0514444765122806,2020,0
0,0.0514444765122806,2020,0
0,0.0585296764529773,2020,0
0,0.0514444765122806,2020,0
0,0.0514444765122806,2020,0
0,0.0614546279798552,2020,0
0,0.0604436177512126,2020,0
0,0.0513121409868252,2020,0
0,0.0513121409868252,2020,0
0,0.0511108500441213,2020,0
0,0.0511108500441213,2020,0
0,0.0513121409868252,2020,0
0,0.0513121409868252,2020,0
0,0.0511108500441213,2020,0
0,0.0186142268488993,2020,0
0,0.0281837710152467,2020,0
0,0.0281837710152467,2020,0
0,0.0281837710152467,2020,0
0,0.0186142268488993,2020,0
0,0.0186142268488993,2020,0
0,0.0186142268488993,2020,0
0,0.0665659649239737,2020,0
0,0.0611984245212802,2020,0
0,0.0955001014612158,2020,0
0,0.0289915906477844,2020,0
0,0.0365718209810022,2020,0
0,0.0349940359026065,2020,0
0,0.0327364262978143,2020,0
0,0.0366178440895263,2020,0
0,0.0286240982436142,2020,0
0,0.0345188040411366,2020,0
0,0.0345188040411366,2020,0
0,0.0273711143518587,2020,0
0,0.0273711143518587,2020,0
0,0.0273711143518587,2020,0
0,0.0273711143518587,2020,0
0,0.0273711143518587,2020,0
0,0.0273711143518587,2020,0
0,0.0273711143518587,2020,0
0,0.0273711143518587,2020,0
0,0.0273711143518587,2020,0
0,0.0273711143518587,2020,0
0,0.0273711143518587,2020,0
0,0.0582711478776777,2020,0
0,0.0183395268535485,2020,0
0,0.0183395268535485,2020,0
0,0.0183395268535485,2020,0
0,0.0779139795146996,2020,0
0,0.0455541056384366,2020,0
0,0.0774987838706991,2020,0
0,0.0752498538209213,2020,0
0,0.0871127334241471,2020,0
0,0.0725444031257963,2020,0
0,0.0470759101446918,2020,0
0,0.0486590350638505,2020,0
0,0.0674613333514168,2020,0
0,0.0665345613163715,2020,0
0,0.0581236963534554,2020,0
0,0.0655928276864929,2020,0
0,0.0665345613163715,2020,0
0,0.0558557657419394,2020,0
0,0.0658132509159086,2020,0
0,0.0715350823169375,2020,0
0,0.0328280629377687,2020,0
0,0.0360935929137994,2020,0
0,0.034311852424111,2020,0
0,0.0285548537985857,2020,0
0,0.0490448954120674,2020,0
0,0.0490448954120674,2020,0
0,0.0485567768514954,2020,0
0,0.0490448954120674,2020,0
0,0.0490448954120674,2020,0
0,0.0490448954120674,2020,0
0,0.0490448954120674,2020,0
0,0.0490448954120674,2020,0
0,0.0490448954120674,2020,0
0,0.0485567768514954,2020,0
0,0.0490448954120674,2020,0
0,0.0484122496205479,2020,0
0,0.0534839985347712,2020,0
0,0.0490448954120674,2020,0
0,0.0490448954120674,2020,0
0,0.0490448954120674,2020,0
0,0.0490448954120674,2020,0
0,0.0485567768514954,2020,0
0,0.0490448954120674,2020,0
0,0.0490448954120674,2020,0
0,0.0490448954120674,2020,0
0,0.0490448954120674,2020,0
0,0.0544967209448704,2020,0
0,0.0490448954120674,2020,0
0,0.0544967209448704,2020,0
0,0.0506876096082414,2020,0
0,0.0490448954120674,2020,0
0,0.0490448954120674,2020,0
0,0.0490448954120674,2020,0
0,0.0490448954120674,2020,0
0,0.0485567768514954,2020,0
0,0.0490448954120674,2020,0
0,0.0490448954120674,2020,0
0,0.0490448954120674,2020,0
0,0.0490448954120674,2020,0
0,0.0490448954120674,2020,0
0,0.0490448954120674,2020,0
0,0.0490448954120674,2020,0
0,0.0490448954120674,2020,0
0,0.0490448954120674,2020,0
0,0.0490448954120674,2020,0
0,0.0490448954120674,2020,0
0,0.0490448954120674,2020,0
0,0.0534839985347712,2020,0
0,0.0484122496205479,2020,0
0,0.0490448954120674,2020,0
0,0.0477921624844869,2020,0
0,0.0490448954120674,2020,0
0,0.0490448954120674,2020,0
0,0.0490448954120674,2020,0
0,0.0490448954120674,2020,0
0,0.0506876096082414,2020,0
0,0.0544967209448704,2020,0
0,0.0490448954120674,2020,0
0,0.0490448954120674,2020,0
0,0.0490448954120674,2020,0
0,0.0446226045946435,2020,0
0,0.0443085526673873,2020,0
0,0.0275310573807741,2020,0
0,0.0520201017533876,2020,0
0,0.0521397243604343,2020,0
0,0.0521397243604343,2020,0
0,0.0519195062772548,2020,0
0,0.0519195062772548,2020,0
0,0.0521397243604343,2020,0
0,0.0521397243604343,2020,0
0,0.0519195062772548,2020,0
0,0.0118415773797776,2020,0
0,0.0219642062426039,2020,0
0,0.0180909827894973,2020,0
0,0.0219642062426039,2020,0
0,0.0180909827894973,2020,0
0,0.0180909827894973,2020,0
0,0.0180909827894973,2020,0
0,0.0219642062426039,2020,0
0,0.0441000240451148,2020,0
0,0.0346076527086813,2020,0
0,0.0370829691898634,2020,0
0,0.0303217375815977,2020,0
0,0.0317034528613061,2020,0
0,0.0323341571316869,2020,0
0,0.0288112945746306,2020,0
0,0.0321340814229159,2020,0
0,0.0258660428936862,2020,0
0,0.0521943730054804,2020,0
0,0.0305205173498709,2020,0
0,0.0305205173498709,2020,0
0,0.0715519820177092,2020,0
0,0.02558157334808,2020,0
0,0.02558157334808,2020,0
0,0.02558157334808,2020,0
0,0.02558157334808,2020,0
0,0.02558157334808,2020,0
0,0.02558157334808,2020,0
0,0.02558157334808,2020,0
0,0.02558157334808,2020,0
0,0.02558157334808,2020,0
0,0.02558157334808,2020,0
0,0.02558157334808,2020,0
0,0.0487695729350176,2020,0
0,0.0178354243919619,2020,0
0,0.0178354243919619,2020,0
0,0.0178354243919619,2020,0
0,0.0743471665222563,2020,0
0,0.0399979346926215,2020,0
0,0.0398585011557949,2020,0
0,0.0442936353119186,2020,0
0,0.0755080634153515,2020,0
0,0.0680428495056138,2020,0
0,0.0779715746553326,2020,0
0,0.0386208886953359,2020,0
0,0.0212783401742353,2020,0
0,0.0467702873813786,2020,0
0,0.0424383699943027,2020,0
0,0.0629861773671526,2020,0
0,0.0638226926891234,2020,0
0,0.0638226926891234,2020,0
0,0.0542869442567653,2020,0
0,0.0568196882970227,2020,0
0,0.0631405426458871,2020,0
0,0.0281592131625143,2020,0
0,0.0316115653212638,2020,0
0,0.034920214340893,2020,0
0,0.0330007562829662,2020,0
0,0.0470561601223533,2020,0
0,0.0464757376096776,2020,0
0,0.0464757376096776,2020,0
0,0.0464757376096776,2020,0
0,0.0464757376096776,2020,0
0,0.0464757376096776,2020,0
0,0.0464757376096776,2020,0
0,0.0464757376096776,2020,0
0,0.0516211676556436,2020,0
0,0.0464757376096776,2020,0
0,0.0464757376096776,2020,0
0,0.0458981754407369,2020,0
0,0.0464757376096776,2020,0
0,0.0464757376096776,2020,0
0,0.0464757376096776,2020,0
0,0.0464757376096776,2020,0
0,0.0464757376096776,2020,0
0,0.0464757376096776,2020,0
0,0.0464757376096776,2020,0
0,0.0464757376096776,2020,0
0,0.0464757376096776,2020,0
0,0.0464757376096776,2020,0
0,0.0464757376096776,2020,0
0,0.0464757376096776,2020,0
0,0.0460468697139562,2020,0
0,0.0464757376096776,2020,0
0,0.0464757376096776,2020,0
0,0.0460468697139562,2020,0
0,0.0464757376096776,2020,0
0,0.0464757376096776,2020,0
0,0.0470561601223533,2020,0
0,0.0464757376096776,2020,0
0,0.0516211676556436,2020,0
0,0.0464757376096776,2020,0
0,0.0464757376096776,2020,0
0,0.0464757376096776,2020,0
0,0.0464757376096776,2020,0
0,0.0453372451755447,2020,0
0,0.0464757376096776,2020,0
0,0.0464757376096776,2020,0
0,0.0509053160828196,2020,0
0,0.0509053160828196,2020,0
0,0.0464757376096776,2020,0
0,0.0464757376096776,2020,0
0,0.0458981754407369,2020,0
0,0.0458981754407369,2020,0
0,0.0464757376096776,2020,0
0,0.0464757376096776,2020,0
0,0.0464757376096776,2020,0
0,0.0331426571903548,2020,0
0,0.0339375839006799,2020,0
0,0.0526429972401175,2020,0
0,0.0529194870208054,2020,0
0,0.0526429972401175,2020,0
0,0.0529194870208054,2020,0
0,0.0382533451537056,2020,0
0,0.0788137622884033,2020,0
0,0.0392792963252321,2020,0
0,0.0396750153955558,2020,0
0,0.0319072389372387,2020,0
0,0.0340611049250287,2020,0
0,0.0306361292956541,2020,0
0,0.0337519931571979,2020,0
0,0.0362770314235587,2020,0
0,0.0240099122474992,2020,0
0,0.0460263500645525,2020,0
0,0.0326529764973201,2020,0
0,0.0326529764973201,2020,0
0,0.0244413002907504,2020,0
0,0.0244413002907504,2020,0
0,0.0244413002907504,2020,0
0,0.0244413002907504,2020,0
0,0.0244413002907504,2020,0
0,0.0244413002907504,2020,0
0,0.0244413002907504,2020,0
0,0.0244413002907504,2020,0
0,0.0244413002907504,2020,0
0,0.0244413002907504,2020,0
0,0.0244413002907504,2020,0
0,0.0695996228750521,2020,0
0,0.0174741339122692,2020,0
0,0.0174741339122692,2020,0
0,0.0174741339122692,2020,0
0,0.0741994288197509,2020,0
0,0.0474762443840112,2020,0
0,0.0433966626540473,2020,0
0,0.0456723391093886,2020,0
0,0.036743463506782,2020,0
0,0.0390346558390971,2020,0
0,0.036743463506782,2020,0
0,0.0366043638291409,2020,0
0,0.0167349672397567,2020,0
0,0.0178885564347247,2020,0
0,0.0104081716302695,2020,0
0,0.0436144653472825,2020,0
0,0.0317981377802017,2020,0
0,0.0592949691961551,2020,0
0,0.0874809925190726,2020,0
0,0.0729727667976428,2020,0
0,0.0192756338507216,2020,0
0,0.0398795437375424,2020,0
0,0.110870791914726,2020,0
0,0.0205922096922409,2020,0
0,0.0274106137766126,2020,0
0,0.0421546234303069,2020,0
0,0.0458483713139067,2020,0
0,0.0677114719359189,2020,0
0,0.0666996820239037,2020,0
0,0.0677114719359189,2020,0
0,0.0299874363534607,2020,0
0,0.0384638511862922,2020,0
0,0.0349958107246787,2020,0
0,0.0366304915129095,2020,0
0,0.0473018388673125,2020,0
0,0.0521176167273647,2020,0
0,0.0473018388673125,2020,0
0,0.0473018388673125,2020,0
0,0.0493388223859933,2020,0
0,0.0473018388673125,2020,0
0,0.0473018388673125,2020,0
0,0.0521176167273647,2020,0
0,0.0473018388673125,2020,0
0,0.0473018388673125,2020,0
0,0.0473018388673125,2020,0
0,0.0473018388673125,2020,0
0,0.0459557574013213,2020,0
0,0.0473018388673125,2020,0
0,0.0473018388673125,2020,0
0,0.0473018388673125,2020,0
0,0.0473018388673125,2020,0
0,0.0473018388673125,2020,0
0,0.0473018388673125,2020,0
0,0.0467614211582577,2020,0
0,0.0493388223859933,2020,0
0,0.0531989829467136,2020,0
0,0.0473018388673125,2020,0
0,0.0473018388673125,2020,0
0,0.0473018388673125,2020,0
0,0.0473018388673125,2020,0
0,0.0473018388673125,2020,0
0,0.0473018388673125,2020,0
0,0.0473018388673125,2020,0
0,0.0473018388673125,2020,0
0,0.0473018388673125,2020,0
0,0.0473018388673125,2020,0
0,0.0473018388673125,2020,0
0,0.0466244768353488,2020,0
0,0.0473018388673125,2020,0
0,0.0473018388673125,2020,0
0,0.0473018388673125,2020,0
0,0.0467614211582577,2020,0
0,0.0473018388673125,2020,0
0,0.0531989829467136,2020,0
0,0.0473018388673125,2020,0
0,0.0466244768353488,2020,0
0,0.0473018388673125,2020,0
0,0.0473018388673125,2020,0
0,0.0473018388673125,2020,0
0,0.0473018388673125,2020,0
0,0.0467614211582577,2020,0
0,0.0473018388673125,2020,0
0,0.0473018388673125,2020,0
0,0.0400390242075313,2020,0
0,0.0487039432026106,2020,0
0,0.0487039432026106,2020,0
0,0.0487040464145677,2020,0
0,0.0487040464145677,2020,0
0,0.0455720649428327,2020,0
0,0.0366627239542588,2020,0
0,0.042478645378638,2020,0
0,0.0373870203583962,2020,0
0,0.0389115568361132,2020,0
0,0.0378109486532247,2020,0
0,0.035124714298891,2020,0
0,0.0360848560751401,2020,0
0,0.0361689804067531,2020,0
0,0.0256381010859523,2020,0
0,0.0526052016107566,2020,0
0,0.0729283580405982,2020,0
0,0.0715276623061421,2020,0
0,0.0386329062885144,2020,0
0,0.0386329062885144,2020,0
0,0.0366901085316977,2020,0
0,0.0349117868967281,2020,0
0,0.0263356632971054,2020,0
0,0.0263356632971054,2020,0
0,0.0263356632971054,2020,0
0,0.0263356632971054,2020,0
0,0.0263356632971054,2020,0
0,0.0263356632971054,2020,0
0,0.0263356632971054,2020,0
0,0.0263356632971054,2020,0
0,0.0263356632971054,2020,0
0,0.0263356632971054,2020,0
0,0.075880521321043,2020,0
0,0.075880521321043,2020,0
0,0.0218863703446908,2020,0
0,0.0544826102387617,2020,0
0,0.0427696368004794,2020,0
0,0.0181502487260227,2020,0
0,0.0181502487260227,2020,0
0,0.0181502487260227,2020,0
0,0.0765504440774707,2020,0
0,0.0387653499462975,2020,0
0,0.107437564030848,2020,0
0,NA,2020,NA
0,0.0592880173331469,2020,0
0,0.101303003929107,2020,0
0,0.0388127837292384,2020,0
0,0.0582772403013793,2020,0
0,0.0267815342710194,2020,0
0,0.0430492709654552,2020,0
0,0.0386075624817564,2020,0
0,0.0427607000019648,2020,0
0,0.040996757569381,2020,0
0,0.0409845611481381,2020,0
0,0.040996757569381,2020,0
0,0.0280609362601767,2020,0
0,0.0194411526880765,2020,0
0,0.0113589368420161,2020,0
0,0.105699128523573,2020,0
0,0.0342553321880134,2020,0
0,0.0634220956107381,2020,0
0,0.103239556241042,2020,0
0,0.0798888005716716,2020,0
0,0.0258397370352577,2020,0
0,0.0421164128330274,2020,0
0,0.0611069841660525,2020,0
0,0.0851005114420277,2020,0
0,0.0827009196930811,2020,0
0,0.170483043512654,2020,0
0,0.0367747307324617,2020,0
0,0.0780660453302852,2020,0
0,0.0208495600119918,2020,0
0,0.053487042519797,2020,0
0,0.0554039956543332,2020,0
0,0.0788013207119627,2020,0
0,0.0788013207119627,2020,0
0,0.0316548557126467,2020,0
0,0.0421119906634857,2020,0
0,0.0436707227214924,2020,0
0,0.0399713223585095,2020,0
0,0.0469582679742447,2020,0
0,0.047416074773586,2020,0
0,0.0546264851533947,2020,0
0,0.047416074773586,2020,0
0,0.047416074773586,2020,0
0,0.0528597900997424,2020,0
0,0.047416074773586,2020,0
0,0.047416074773586,2020,0
0,0.047416074773586,2020,0
0,0.047416074773586,2020,0
0,0.0469582679742447,2020,0
0,0.047416074773586,2020,0
0,0.047416074773586,2020,0
0,0.047416074773586,2020,0
0,0.047416074773586,2020,0
0,0.0469582679742447,2020,0
0,0.047416074773586,2020,0
0,0.047416074773586,2020,0
0,0.047416074773586,2020,0
0,0.047416074773586,2020,0
0,0.0469582679742447,2020,0
0,0.047416074773586,2020,0
0,0.0546264851533947,2020,0
0,0.047416074773586,2020,0
0,0.047416074773586,2020,0
0,0.0522929822151423,2020,0
0,0.047416074773586,2020,0
0,0.047416074773586,2020,0
0,0.0522929822151423,2020,0
0,0.047416074773586,2020,0
0,0.0462863591810546,2020,0
0,0.047416074773586,2020,0
0,0.047416074773586,2020,0
0,0.047416074773586,2020,0
0,0.047416074773586,2020,0
0,0.047416074773586,2020,0
0,0.047416074773586,2020,0
0,0.0457096995373151,2020,0
0,0.047416074773586,2020,0
0,0.047416074773586,2020,0
0,0.047416074773586,2020,0
0,0.047416074773586,2020,0
0,0.047416074773586,2020,0
0,0.0528597900997424,2020,0
0,0.047416074773586,2020,0
0,0.0462863591810546,2020,0
0,0.047416074773586,2020,0
0,0.047416074773586,2020,0
0,0.047416074773586,2020,0
0,0.047416074773586,2020,0
0,0.047416074773586,2020,0
0,0.047416074773586,2020,0
0,0.047416074773586,2020,0
0,0.0546264851533947,2020,0
0,0.047416074773586,2020,0
0,0.0692349399661244,2020,0
0,0.0140365784115945,2020,0
0,0.0293900014652695,2020,0
0,0.0608882865581985,2020,0
0,0.0224086756679818,2020,0
0,0.0224086756679818,2020,0
0,0.0224086756679818,2020,0
0,0.0354716371571494,2020,0
0,0.0354716371571494,2020,0
0,0.0354716371571494,2020,0
0,0.0224086756679818,2020,0
0,0.0639091805052321,2020,0
0,0.0848206097946133,2020,0
0,0.0917649309770921,2020,0
0,0.0368549800225006,2020,0
0,0.0665899470708642,2020,0
0,0.0391669248005821,2020,0
0,0.0498915499580771,2020,0
0,0.0475858317360449,2020,0
0,0.0477921727263145,2020,0
0,0.0493072673564897,2020,0
0,0.0519446755781896,2020,0
0,0.038614967850126,2020,0
0,0.0098465447514292,2020,0
0,0.0314352645741006,2020,0
0,0.0708460034449071,2020,0
0,0.0779453259536287,2020,0
0,0.0258651866281317,2020,0
0,0.048229504440935,2020,0
0,0.0355304588779885,2020,0
0,0.0423822372480668,2020,0
0,0.0311886731191764,2020,0
0,0.0311886731191764,2020,0
0,0.0311886731191764,2020,0
0,0.0311886731191764,2020,0
0,0.0311886731191764,2020,0
0,0.0311886731191764,2020,0
0,0.0311886731191764,2020,0
0,0.0311886731191764,2020,0
0,0.0311886731191764,2020,0
0,0.0835865433840877,2020,0
0,0.0835865433840877,2020,0
0,0.0251684525703933,2020,0
0,0.0642192778381725,2020,0
0,0.0537337252205243,2020,0
0,0.0214957084378417,2020,0
0,0.0214957084378417,2020,0
0,0.0214957084378417,2020,0
0,0.0433625067999257,2020,0
0,0.140131795309578,2020,0
0,NA,2020,NA
0,0.0295035011616912,2020,0
0,0.114949858837688,2020,0
0,0.0470066945122217,2020,0
0,0.0327308908915022,2020,0
0,0.11967490535039,2020,0
0,0.0406064400791411,2020,0
0,0.0459389294820923,2020,0
0,0.0435262144475542,2020,0
0,0.0388095752420904,2020,0
0,0.0207256643297302,2020,0
0,0.0369674849222916,2020,0
0,0.0715600666780364,2020,0
0,0.054561933982392,2020,0
0,0.054561933982392,2020,0
0,0.129536040405698,2020,0
0,0.0909426748414306,2020,0
0,0.0303786460137485,2020,0
0,0.0472975155083132,2020,0
0,0.0651287178394625,2020,0
0,0.0881426020386735,2020,0
0,0.0850359802165962,2020,0
0,0.17527775428236,2020,0
0,0.0839825949730966,2020,0
0,0.0227120308067657,2020,0
0,0.0585204011004408,2020,0
0,0.083641284099456,2020,0
0,0.083641284099456,2020,0
0,0.0445286697510471,2020,0
0,0.0470202973288812,2020,0
0,0.033790296005953,2020,0
0,0.0482742727179247,2020,0
0,0.0530638381942335,2020,0
0,0.0530638381942335,2020,0
0,0.0530638381942335,2020,0
0,0.0607427005978374,2020,0
0,0.0530638381942335,2020,0
0,0.0530638381942335,2020,0
0,0.0612057854552592,2020,0
0,0.0530638381942335,2020,0
0,0.0530638381942335,2020,0
0,0.0607427005978374,2020,0
0,0.0530638381942335,2020,0
0,0.0587146461434655,2020,0
0,0.0530638381942335,2020,0
0,0.0530638381942335,2020,0
0,0.0530638381942335,2020,0
0,0.0527855848772768,2020,0
0,0.0514505201872803,2020,0
0,0.0530638381942335,2020,0
0,0.0530638381942335,2020,0
0,0.0612057854552592,2020,0
0,0.0514505201872803,2020,0
0,0.0530638381942335,2020,0
0,0.0530638381942335,2020,0
0,0.0530638381942335,2020,0
0,0.0530638381942335,2020,0
0,0.0530638381942335,2020,0
0,0.0530638381942335,2020,0
0,0.0530638381942335,2020,0
0,0.0530638381942335,2020,0
0,0.0530638381942335,2020,0
0,0.0527855848772768,2020,0
0,0.0530638381942335,2020,0
0,0.0530638381942335,2020,0
0,0.0530638381942335,2020,0
0,0.0530638381942335,2020,0
0,0.0612057854552592,2020,0
0,0.0530638381942335,2020,0
0,0.0530638381942335,2020,0
0,0.0530638381942335,2020,0
0,0.0530638381942335,2020,0
0,0.0530638381942335,2020,0
0,0.0530638381942335,2020,0
0,0.0530638381942335,2020,0
0,0.0530638381942335,2020,0
0,0.0530638381942335,2020,0
0,0.0530638381942335,2020,0
0,0.0530638381942335,2020,0
0,0.0530638381942335,2020,0
0,0.0527855848772768,2020,0
0,0.0530638381942335,2020,0
0,0.0530638381942335,2020,0
0,0.0530638381942335,2020,0
0,0.0621297709509191,2020,0
0,0.0472238530816171,2020,0
0,0.0129438972825031,2020,0
0,0.0119456905333854,2020,0
0,0.0113904269885052,2020,0
0,0.0119456905333854,2020,0
0,0.0119456905333854,2020,0
0,0.0532397612274435,2020,0
0,0.0661324870595021,2020,0
0,0.0663681750195223,2020,0
0,0.0311576656994506,2020,0
0,0.0311576656994506,2020,0
0,0.0311576656994506,2020,0
0,0.0214554468686938,2020,0
0,0.0214554468686938,2020,0
0,0.0214554468686938,2020,0
0,0.0214554468686938,2020,0
0,0.060517245334367,2020,0
0,0.0933792255846238,2020,0
0,0.0673521830266861,2020,0
0,0.0251590370892136,2020,0
0,0.028601797588552,2020,0
0,0.0637625704843687,2020,0
0,0.0407391543029688,2020,0
0,0.0484839720744752,2020,0
0,0.0668418293318611,2020,0
0,0.0455058731119497,2020,0
0,0.054444878376233,2020,0
0,0.0493172597445778,2020,0
0,0.0475410441531094,2020,0
0,0.0455218635097146,2020,0
0,0.0409250248383134,2020,0
0,0.0190890640283425,2020,0
0,0.0290123551144189,2020,0
0,0.0247320912955691,2020,0
0,0.0230759593345941,2020,0
0,0.0438196004768114,2020,0
0,0.0438196004768114,2020,0
0,0.0429707320886855,2020,0
0,0.0352843736348312,2020,0
0,0.0419037153532323,2020,0
0,0.0285505727286009,2020,0
0,0.0285505727286009,2020,0
0,0.0285505727286009,2020,0
0,0.0285505727286009,2020,0
0,0.0285505727286009,2020,0
0,0.0285505727286009,2020,0
0,0.0285505727286009,2020,0
0,0.0285505727286009,2020,0
0,0.0285505727286009,2020,0
0,0.0753680295798293,2020,0
0,0.0753680295798293,2020,0
0,0.0235841720660865,2020,0
0,0.0600114584357713,2020,0
0,0.0494940453733274,2020,0
0,0.0204482325573291,2020,0
0,0.0204482325573291,2020,0
0,0.0204482325573291,2020,0
0,0.0410113130126664,2020,0
0,0.125886291025103,2020,0
0,0.125886291025103,2020,0
0,NA,2020,NA
0,0.0239520646514282,2020,0
0,0.0239369561903374,2020,0
0,0.104145748462387,2020,0
0,0.0416754725668697,2020,0
0,0.0291347139572315,2020,0
0,0.12253895871143,2020,0
0,0.0383726247987802,2020,0
0,0.0323574797504901,2020,0
0,0.0418679844933752,2020,0
0,0.0395286039912052,2020,0
0,0.0259510291570787,2020,0
0,0.0187709708479421,2020,0
0,0.0440413906462931,2020,0
0,0.0440413906462931,2020,0
0,0.0356698910338468,2020,0
0,0.0679119609225798,2020,0
0,0.0499444690551238,2020,0
0,0.0499444690551238,2020,0
0,0.11614251691843,2020,0
0,0.0855972077302367,2020,0
0,0.0247843172306061,2020,0
0,0.0402587124142076,2020,0
0,0.0402587124142076,2020,0
0,0.035065531643785,2020,0
0,0.0486298279054796,2020,0
0,0.0684072796669662,2020,0
0,0.069411748397085,2020,0
0,0.127326741248033,2020,0
0,0.0199412934868285,2020,0
0,0.0520084266179519,2020,0
0,0.0772278425452643,2020,0
0,0.0772278425452643,2020,0
0,0.0432725710954471,2020,0
0,0.0323860886054493,2020,0
0,0.0447409471187943,2020,0
0,0.0510929727762483,2020,0
0,0.0510929727762483,2020,0
0,0.0510929727762483,2020,0
0,0.0510929727762483,2020,0
0,0.0510929727762483,2020,0
0,0.0497872190065757,2020,0
0,0.0510929727762483,2020,0
0,0.0510929727762483,2020,0
0,0.0510929727762483,2020,0
0,0.0510929727762483,2020,0
0,0.0510929727762483,2020,0
0,0.0563853225791351,2020,0
0,0.0510929727762483,2020,0
0,0.0510929727762483,2020,0
0,0.0584059144109165,2020,0
0,0.0510929727762483,2020,0
0,0.0510929727762483,2020,0
0,0.0510929727762483,2020,0
0,0.0510929727762483,2020,0
0,0.0510929727762483,2020,0
0,0.0584059144109165,2020,0
0,0.0510929727762483,2020,0
0,0.0510929727762483,2020,0
0,0.0510929727762483,2020,0
0,0.0507433155747127,2020,0
0,0.0510929727762483,2020,0
0,0.0510929727762483,2020,0
0,0.0510929727762483,2020,0
0,0.0568550221098925,2020,0
0,0.0510929727762483,2020,0
0,0.0510929727762483,2020,0
0,0.0507433155747127,2020,0
0,0.0497872190065757,2020,0
0,0.0584059144109165,2020,0
0,0.0510929727762483,2020,0
0,0.0510929727762483,2020,0
0,0.0510929727762483,2020,0
0,0.0507433155747127,2020,0
0,0.0510929727762483,2020,0
0,0.0510929727762483,2020,0
0,0.0568550221098925,2020,0
0,0.0510929727762483,2020,0
0,0.0510929727762483,2020,0
0,0.0436129042611361,2020,0
0,0.0456956881710526,2020,0
0,0.0354780871207836,2020,0
0,0.0113920807861649,2020,0
0,0.0104260784583287,2020,0
0,0.00990183992816946,2020,0
0,0.0104260784583287,2020,0
0,0.0104260784583287,2020,0
0,0.0339079157390807,2020,0
0,0.0593792188575541,2020,0
0,0.0568631581193717,2020,0
0,0.0251941020619155,2020,0
0,0.0251941020619155,2020,0
0,0.0183253212078443,2020,0
0,0.0183253212078443,2020,0
0,0.0251941020619155,2020,0
0,0.0183253212078443,2020,0
0,0.0183253212078443,2020,0
0,0.0555215474754277,2020,0
0,0.0186157003381739,2020,0
0,0.018423146534236,2020,0
0,0.0386967318855453,2020,0
0,0.0444137946365094,2020,0
0,0.0790471832308187,2020,0
0,0.0368863791805489,2020,0
0,0.0395350038271223,2020,0
0,0.0406325546821767,2020,0
0,0.0755548954036084,2020,0
0,0.0272083187789889,2020,0
0,0.0202172605980629,2020,0
0,0.0215577806372216,2020,0
0,0.0584766665248081,2020,0
0,0.0578051131501191,2020,0
0,0.0546653974116996,2020,0
0,0.0550862196467142,2020,0
0,0.037699896197767,2020,0
0,0.037699896197767,2020,0
0,0.0393656185633631,2020,0
0,0.0488825462551232,2020,0
0,0.0488825462551232,2020,0
0,0.0490585177511036,2020,0
0,0.0379425498629209,2020,0
0,0.0493524199208275,2020,0
0,0.0289578317573043,2020,0
0,0.0289578317573043,2020,0
0,0.0289578317573043,2020,0
0,0.0289578317573043,2020,0
0,0.0289578317573043,2020,0
0,0.0289578317573043,2020,0
0,0.0289578317573043,2020,0
0,0.0289578317573043,2020,0
0,0.0289578317573043,2020,0
0,0.0289578317573043,2020,0
0,0.0436038385978512,2020,0
0,0.0226146674731302,2020,0
0,0.0570608385262623,2020,0
0,0.0474332691531843,2020,0
0,0.0199907473147193,2020,0
0,0.0199907473147193,2020,0
0,0.0199907473147193,2020,0
0,0.116045833241851,2020,0
0,NA,2020,NA
0,0.0224762115146932,2020,0
0,0.021595842649839,2020,0
0,0.0991118253468949,2020,0
0,0.0373098883204589,2020,0
0,0.0301736587344661,2020,0
0,0.040212568237535,2020,0
0,0.0422919407439678,2020,0
0,0.0399531265353093,2020,0
0,0.0423147652261906,2020,0
0,0.0317033931789943,2020,0
0,0.062661123109861,2020,0
0,0.0480449349531818,2020,0
0,0.0480449349531818,2020,0
0,0.0480449349531818,2020,0
0,0.045348245987879,2020,0
0,0.0367147321662392,2020,0
0,0.0714829799305183,2020,0
0,0.0541824367128168,2020,0
0,0.0541824367128168,2020,0
0,0.0833301071600084,2020,0
0,0.113979940038436,2020,0
0,0.0304553689126618,2020,0
0,0.0484419536309634,2020,0
0,0.0484419536309634,2020,0
0,0.0484419536309634,2020,0
0,0.0717199572773584,2020,0
0,0.0899368475332805,2020,0
0,0.194702473575325,2020,0
0,0.0248306280683049,2020,0
0,0.0626743593819582,2020,0
0,0.0596415581839949,2020,0
0,0.0515420064335699,2020,0
0,0.0830941717113519,2020,0
0,0.043099450530417,2020,0
0,0.0445803335913812,2020,0
0,0.0316438499530849,2020,0
0,0.0493351679677218,2020,0
0,0.0493351679677218,2020,0
0,0.0480116446613381,2020,0
0,0.0493351679677218,2020,0
0,0.0493351679677218,2020,0
0,0.0493351679677218,2020,0
0,0.0493351679677218,2020,0
0,0.0493351679677218,2020,0
0,0.0493351679677218,2020,0
0,0.055333857879436,2020,0
0,0.0493351679677218,2020,0
0,0.0493351679677218,2020,0
0,0.0493351679677218,2020,0
0,0.0493351679677218,2020,0
0,0.0493351679677218,2020,0
0,0.0493351679677218,2020,0
0,0.0493351679677218,2020,0
0,0.0493351679677218,2020,0
0,0.0493351679677218,2020,0
0,0.0568293442317681,2020,0
0,0.0493351679677218,2020,0
0,0.0493351679677218,2020,0
0,0.0493351679677218,2020,0
0,0.0547736511636392,2020,0
0,0.0493351679677218,2020,0
0,0.0493351679677218,2020,0
0,0.0493351679677218,2020,0
0,0.0493351679677218,2020,0
0,0.048965071134694,2020,0
0,0.0493351679677218,2020,0
0,0.0493351679677218,2020,0
0,0.0493351679677218,2020,0
0,0.0493351679677218,2020,0
0,0.048965071134694,2020,0
0,0.0493351679677218,2020,0
0,0.048965071134694,2020,0
0,0.0493351679677218,2020,0
0,0.0568293442317681,2020,0
0,0.0480116446613381,2020,0
0,0.0786460005845575,2020,0
0,0.0580161197636929,2020,0
0,0.0140319532949962,2020,0
0,0.0146234081915196,2020,0
0,0.0146234081915196,2020,0
0,0.0146234081915196,2020,0
0,0.0360857755764189,2020,0
0,0.0259643310064797,2020,0
0,0.0589275182823865,2020,0
0,0.0241220182063625,2020,0
0,0.0241220182063625,2020,0
0,0.0387634121466782,2020,0
0,0.0387634121466782,2020,0
0,0.0241220182063625,2020,0
0,0.0241220182063625,2020,0
0,0.0387634121466782,2020,0
0,0.0730661692210063,2020,0
0,0.0766493184443756,2020,0
0,0.0632741617283291,2020,0
0,0.0242307517725172,2020,0
0,0.0246512331471049,2020,0
0,0.0918615505874095,2020,0
0,0.0395024459550494,2020,0
0,0.0501414836445098,2020,0
0,0.0946158306980331,2020,0
0,0.0497079073456721,2020,0
0,0.0480576008330101,2020,0
0,0.0521651286782617,2020,0
0,0.0400928674080206,2020,0
0,0.0892353262968034,2020,0
0,0.102637783471025,2020,0
0,0.0242493538189348,2020,0
0,0.022264640064353,2020,0
0,0.0590638593970308,2020,0
0,0.0447030057348415,2020,0
0,0.0447030057348415,2020,0
0,0.0663057460214916,2020,0
0,0.0663057460214916,2020,0
0,0.0663057460214916,2020,0
0,0.046344413356414,2020,0
0,0.0777884077952617,2020,0
0,0.0421877614605894,2020,0
0,0.0421877614605894,2020,0
0,0.0421877614605894,2020,0
0,0.0421877614605894,2020,0
0,0.0421877614605894,2020,0
0,0.0421877614605894,2020,0
0,0.0421877614605894,2020,0
0,0.0421877614605894,2020,0
0,0.0421877614605894,2020,0
0,0.0421877614605894,2020,0
0,0.0676251903245292,2020,0
0,0.0291300093476256,2020,0
0,0.0737600766015919,2020,0
0,0.0256179247798266,2020,0
0,0.0256179247798266,2020,0
0,0.0256179247798266,2020,0
0,0.133123821637672,2020,0
0,NA,2020,NA
0,0.0270579650500556,2020,0
0,0.0231937628292276,2020,0
0,0.0240479055383809,2020,0
0,0.0580242478301822,2020,0
0,0.0282538424198063,2020,0
0,0.0735898934636908,2020,0
0,0.0587014838592504,2020,0
0,0.0587014838592504,2020,0
0,0.0627738020236987,2020,0
0,0.0420178140305351,2020,0
0,0.0828666570849438,2020,0
0,0.0915900191812246,2020,0
0,0.132730754687638,2020,0
0,0.0280421174807314,2020,0
0,0.0458736871299539,2020,0
0,0.0458736871299539,2020,0
0,0.0823842426255513,2020,0
0,0.223167136670101,2020,0
0,0.0751276484344278,2020,0
0,0.0868461822015579,2020,0
0,0.0239277749100473,2020,0
0,0.047115489496924,2020,0
0,0.0593049745398198,2020,0
0,0.0408013330224772,2020,0
0,0.0423255652690466,2020,0
0,0.0306975065685912,2020,0
0,0.0542628735586837,2020,0
0,0.0542628735586837,2020,0
0,0.0542628735586837,2020,0
0,0.0542628735586837,2020,0
0,0.0542628735586837,2020,0
0,0.0542628735586837,2020,0
0,0.0528513100235092,2020,0
0,0.0542628735586837,2020,0
0,0.0528513100235092,2020,0
0,0.0542628735586837,2020,0
0,0.0542628735586837,2020,0
0,0.0542628735586837,2020,0
0,0.0593074765023316,2020,0
0,0.0542628735586837,2020,0
0,0.0614734433990828,2020,0
0,0.0604829850024913,2020,0
0,0.0542628735586837,2020,0
0,0.0542628735586837,2020,0
0,0.0542628735586837,2020,0
0,0.0542628735586837,2020,0
0,0.0542628735586837,2020,0
0,0.0496276485289123,2020,0
0,0.0740791646948047,2020,0
0,0.0520549397607953,2020,0
0,0.0133436783763865,2020,0
0,0.0127602645299103,2020,0
0,0.0879095148615822,2020,0
0,0.0330758940931288,2020,0
0,0.040634005329152,2020,0
0,0.0561733173728094,2020,0
0,0.133989738409217,2020,0
0,0.0825334964505983,2020,0
0,0.061095692062842,2020,0
0,0.056967904122024,2020,0
0,0.0575555093524089,2020,0
0,0.0668375196823975,2020,0
0,0.0268724360697692,2020,0
0,0.0243804977806692,2020,0
0,0.0640503464544652,2020,0
0,0.0657759304900359,2020,0
0,0.0712679186361365,2020,0
0,0.0555448870921859,2020,0
0,0.0555448870921859,2020,0
0,0.0555448870921859,2020,0
0,0.0662914873901689,2020,0
0,0.0639704513741451,2020,0
0,0.0647113654546732,2020,0
0,0.0555761045390795,2020,0
0,0.0882884022695094,2020,0
0,0.0332515413603788,2020,0
0,0.0332515413603788,2020,0
0,0.0332515413603788,2020,0
0,0.0332515413603788,2020,0
0,0.0332515413603788,2020,0
0,0.0332515413603788,2020,0
0,0.0647737720950569,2020,0
0,0.0454710112726234,2020,0
0,0.0201091708950396,2020,0
0,0.0201091708950396,2020,0
0,0.0484153033048419,2020,0
0,NA,2020,NA
0,0.0255676413557838,2020,0
0,0.0286419282335957,2020,0
0,0.0203942594827895,2020,0
0,0.0508439643482998,2020,0
0,0.0530084900910093,2020,0
0,0.0532210957352686,2020,0
0,0.0530084900910093,2020,0
0,0.041196644690357,2020,0
0,0.0248519339509405,2020,0
0,0.0570558085290077,2020,0
0,0.0432396848586931,2020,0
0,0.0484046653566935,2020,0
0,0.0432396848586931,2020,0
0,0.063747619481378,2020,0
0,0.07660465900338,2020,0
0,0.0368841598902535,2020,0
0,0.0507028052804996,2020,0
0,0.0507028052804996,2020,0
0,0.0791947747994062,2020,0
0,0.184418039145375,2020,0
0,0.0763401264952132,2020,0
0,0.0206202833577204,2020,0
0,0.0523082104687685,2020,0
0,0.0425467384826742,2020,0
0,0.0417180568328884,2020,0
0,0.0400661394786362,2020,0
0,0.0321498171316555,2020,0
0,0.0611136315844164,2020,0
0,0.0611136315844164,2020,0
0,0.0611136315844164,2020,0
0,0.0673406572524255,2020,0
0,0.0611136315844164,2020,0
0,0.0598675227339765,2020,0
0,0.0611136315844164,2020,0
0,0.0611136315844164,2020,0
0,0.0611136315844164,2020,0
0,0.0611136315844164,2020,0
0,0.0611136315844164,2020,0
0,0.0658315598870621,2020,0
0,0.0654409001436671,2020,0
0,0.0611136315844164,2020,0
0,0.0611136315844164,2020,0
0,0.0611136315844164,2020,0
0,0.0611136315844164,2020,0
0,0.0452946037208054,2020,0
0,0.0629024851727772,2020,0
0,0.0466710116342616,2020,0
0,0.0115297635742527,2020,0
0,0.0333192997857662,2020,0
0,0.0389147917360621,2020,0
0,0.0506039823703477,2020,0
0,0.13329124225028,2020,0
0,0.13329124225028,2020,0
0,0.0872487663203705,2020,0
0,0.0508192391335109,2020,0
0,0.0520278707887472,2020,0
0,0.0549022017555099,2020,0
0,0.0228921391378211,2020,0
0,0.025232680572408,2020,0
0,0.0641935190789576,2020,0
0,0.0613377804691304,2020,0
0,0.0625321458732943,2020,0
0,0.060026975896752,2020,0
0,0.060026975896752,2020,0
0,0.0667649736435495,2020,0
0,0.0595637954011185,2020,0
0,0.0595637954011185,2020,0
0,0.0595637954011185,2020,0
0,0.0331100601058068,2020,0
0,0.0654793560071515,2020,0
0,0.0632558756224274,2020,0
0,0.0990084727961325,2020,0
0,0.0581922660566818,2020,0
0,0.092181535199151,2020,0
0,0.0286300854385372,2020,0
0,0.0286300854385372,2020,0
0,0.0286300854385372,2020,0
0,0.0286300854385372,2020,0
0,0.0286300854385372,2020,0
0,0.0628505378848626,2020,0
0,0.0182641739794974,2020,0
0,0.0182641739794974,2020,0
0,NA,2020,NA
0,0.0765755810527033,2020,0
0,0.0265578479865507,2020,0
0,0.0211409734319131,2020,0
0,0.0295434857027,2020,0
0,0.0368646374302581,2020,0
0,0.0114595787009906,2020,0
0,0.0237954306579825,2020,0
0,0.0564651219943141,2020,0
0,0.042687203241083,2020,0
0,0.042687203241083,2020,0
0,0.0651819307145832,2020,0
0,0.0859850287033128,2020,0
0,0.0706983826288471,2020,0
0,0.042343956413925,2020,0
0,0.0590074480945868,2020,0
0,0.0590074480945868,2020,0
0,0.0879786129955913,2020,0
0,0.187868911807527,2020,0
0,0.0212562914277524,2020,0
0,0.0450635057565529,2020,0
0,0.0313589349112575,2020,0
0,0.0575405669341505,2020,0
0,0.0575405669341505,2020,0
0,0.0575405669341505,2020,0
0,0.0575405669341505,2020,0
0,0.0575405669341505,2020,0
0,0.0575405669341505,2020,0
0,0.0575405669341505,2020,0
0,0.0616365725645529,2020,0
0,0.0637129364429535,2020,0
0,0.0553971066207049,2020,0
0,0.0132699253108768,2020,0
0,0.0372775226141014,2020,0
0,0.0621630537367502,2020,0
0,0.0420239704225347,2020,0
0,0.0566183119775365,2020,0
0,0.150498230498034,2020,0
0,0.150498230498034,2020,0
0,0.058068041335347,2020,0
0,0.0611191935963245,2020,0
0,0.0572825025679891,2020,0
0,0.0289196396348705,2020,0
0,0.0264157464971907,2020,0
0,0.0669021351725382,2020,0
0,0.0649373061421079,2020,0
0,0.067248535914115,2020,0
0,0.069917735994128,2020,0
0,0.0660143454827637,2020,0
0,0.0660143454827637,2020,0
0,0.0660143454827637,2020,0
0,0.0788062677357564,2020,0
0,0.0768510970369549,2020,0
0,0.103336066959338,2020,0
0,0.0350913021249963,2020,0
0,0.0350913021249963,2020,0
0,0.0350913021249963,2020,0
0,0.0350913021249963,2020,0
0,0.0350913021249963,2020,0
0,0.0720852794086908,2020,0
0,NA,2020,NA
0,0.0239847090684621,2020,0
0,0.0302103951724405,2020,0
0,0.0489978121913304,2020,0
0,0.168265711934317,2020,0
0,0.0409991492300435,2020,0
0,0.0134883013709746,2020,0
0,0.0630617560143397,2020,0
0,0.055885777706362,2020,0
0,0.055885777706362,2020,0
0,0.0414494797224724,2020,0
0,0.0828755631566751,2020,0
0,0.0889169813783247,2020,0
0,0.110789158922362,2020,0
0,0.0964220054842858,2020,0
0,0.214864732556335,2020,0
0,0.0259716527300047,2020,0
0,0.0659920311965587,2020,0
0,0.0597991150071978,2020,0
0,0.0609463338556897,2020,0
0,0.0150768980605611,2020,0
0,0.0145110284913619,2020,0
0,0.0714901690416386,2020,0
0,0.101718547405444,2020,0
0,0.0552486138186915,2020,0
0,0.0843700344315504,2020,0
0,0.0827256863435377,2020,0
0,0.0847105531875725,2020,0
0,0.0813569881618405,2020,0
0,0.0810466631390948,2020,0
0,0.0810466631390948,2020,0
0,0.103017069224865,2020,0
0,0.104283551744669,2020,0
0,0.125344802744697,2020,0
0,0.0430196604189806,2020,0
0,0.0430196604189806,2020,0
0,0.0430196604189806,2020,0
0,0.0430196604189806,2020,0
0,NA,2020,NA
0,0.0264188034473014,2020,0
0,0.0330645298464715,2020,0
0,0.0826952184186486,2020,0
0,0.0749492495566695,2020,0
0,0.0391504909905338,2020,0
0,0.0146860246123084,2020,0
0,0.0611665319704899,2020,0
0,0.0463619159623272,2020,0
0,0.0906969981467238,2020,0
0,0.123097334293913,2020,0
0,0.0995490360585795,2020,0
0,0.0246684496548022,2020,0
0,0.0516433585738562,2020,0
0,0.0140864661732145,2020,0
0,0.013585859668393,2020,0
0,0.0972938710956793,2020,0
0,0.0913777531185498,2020,0
0,0.0463819417379242,2020,0
0,0.038970576947537,2020,0
0,0.0399644722492232,2020,0
0,0.0834847347016843,2020,0
0,0.0675960140304389,2020,0
0,0.0623449461076715,2020,0
0,0.0628877874589133,2020,0
0,0.0716389991281949,2020,0
0,0.0683793517725975,2020,0
0,0.0628029595365693,2020,0
0,0.0628029595365693,2020,0
0,0.0706123976042783,2020,0
0,0.068298251416939,2020,0
0,0.0892972014819287,2020,0
0,0.032504052352997,2020,0
0,0.032504052352997,2020,0
0,0.032504052352997,2020,0
0,0.032504052352997,2020,0
0,NA,2020,NA
0,0.0226873564036237,2020,0
0,0.0273258125452574,2020,0
0,0.0715870564311006,2020,0
0,0.0696933904067423,2020,0
0,0.0657228181937692,2020,0
0,0.0677367165584611,2020,0
0,0.0657228181937692,2020,0
0,0.136550414678374,2020,0
0,0.0358449073974956,2020,0
0,0.0135386022973035,2020,0
0,0.0405599669308737,2020,0
0,0.0780526507456987,2020,0
0,0.0875622040738682,2020,0
0,0.0437991073855041,2020,0
0,0.0224449664005168,2020,0
0,0.0613012371005742,2020,0
0,0.0704445339351963,2020,0
0,0.0160690510626971,2020,0
0,0.0160690510626971,2020,0
0,0.0388418096647026,2020,0
0,0.0377774768112296,2020,0
0,0.0765230253999516,2020,0
0,0.0688378730339438,2020,0
0,0.0275818517339019,2020,0
0,0.0727943220535886,2020,0
0,0.0668164203489408,2020,0
0,0.0668164203489408,2020,0
0,0.0839311707022665,2020,0
0,0.0839311707022665,2020,0
0,0.0370341185156173,2020,0
0,0.0370341185156173,2020,0
0,0.0370341185156173,2020,0
0,0.0370341185156173,2020,0
0,0.0917486112640732,2020,0
0,0.0308096571050524,2020,0
0,0.0252066440785883,2020,0
0,0.074974201799558,2020,0
0,0.0799683403148817,2020,0
0,0.0787451804127885,2020,0
0,0.0731643640037164,2020,0
0,0.150960643735463,2020,0
0,0.0477864654869907,2020,0
0,0.0455142914835275,2020,0
0,0.0905642732026898,2020,0
0,0.102890752706861,2020,0
0,0.0558583560822212,2020,0
0,0.0262461714173353,2020,0
0,0.0698773603339117,2020,0
0,0.0934100739513326,2020,0
0,0.0207582690194868,2020,0
0,0.0207582690194868,2020,0
0,0.0574269002722433,2020,0
0,0.0605558454128631,2020,0
0,0.0962303976196647,2020,0
0,0.0846995641469971,2020,0
0,0.114389642645405,2020,0
0,0.114389642645405,2020,0
0,0.0458871397832561,2020,0
0,0.0458871397832561,2020,0
0,0.0458871397832561,2020,0
0,0.0458871397832561,2020,0
0,0.0363291358196496,2020,0
0,0.0363291358196496,2020,0
0,0.0363291358196496,2020,0
0,0.0319123716105474,2020,0
0,0.0402950828944236,2020,0
0,0.0920474040486661,2020,0
0,0.177661372485192,2020,0
0,0.0562902509518952,2020,0
0,0.124250697189743,2020,0
0,0.0848314856603609,2020,0
0,0.0302994798418521,2020,0
0,0.10686483609721,2020,0
0,0.10686483609721,2020,0
0,0.101008270732789,2020,0
0,0.0236116328516415,2020,0
0,0.0242284925051123,2020,0
0,0.0236116328516415,2020,0
0,0.0330084680098053,2020,0
0,0.0330084680098053,2020,0
0,0.0330084680098053,2020,0
0,0.0330084680098053,2020,0
0,0.0450806430589909,2020,0
0,0.0450806430589909,2020,0
0,0.0450806430589909,2020,0
0,0.0601876197223356,2020,0
0,0.0636748329475537,2020,0
1,0.0602606302620866,2020,0
1,0.0567669832638651,2020,0
1,0.0584622994368134,2020,0
1,0.0356828950557415,2020,0
1,0.0392654403523224,2020,0
1,0.0286300854385372,2020,0
1,0.0332515413603788,2020,0
1,0.0392654403523224,2020,0
1,0.0293614331871396,2020,0
1,0.0430196604189806,2020,0
1,0.0669440782713217,2020,0
1,0.0561577639830144,2020,0
1,0.0773393723157471,2020,0
1,0.0639313416365948,2020,0
1,0.0703323867732239,2020,0
1,0.0847724258275323,2020,0
1,0.0847724258275323,2020,0
1,0.0309558685225379,2020,0
1,0.0309558685225379,2020,0
1,0.0309558685225379,2020,0
1,0.0332515413603788,2020,0
1,0.0553801600642925,2020,0
1,0.0553801600642925,2020,0
1,0.0553801600642925,2020,0
1,0.0553801600642925,2020,0
1,0.0553801600642925,2020,0
1,0.0510929727762483,2020,0
1,0.0553801600642925,2020,0
1,0.0510929727762483,2020,0
1,0.0510929727762483,2020,0
1,0.0510929727762483,2020,0
1,0.0586636810836502,2020,0
1,0.0899321818623967,2020,0
1,0.0866911856733649,2020,0
1,0.0553801600642925,2020,0
1,0.0510929727762483,2020,0
1,0.0473018388673125,2020,0
1,0.0510929727762483,2020,0
1,0.0332515413603788,2020,0
1,0.0611136315844164,2020,0
1,0.0529194870208054,2020,0
1,0.0670514808403661,2020,0
1,0.0615201395087387,2020,0
1,0.0207938274933375,2020,0
1,0.0207938274933375,2020,0
1,0.0207938274933375,2020,0
1,0.0207938274933375,2020,0
1,0.0554434508714472,2020,0
1,0.0615727168154636,2020,0
1,0.0510929727762483,2020,0
1,0.0510929727762483,2020,0
1,0.045560628723482,2020,0
1,0.0801908295926666,2020,0
1,0.0510929727762483,2020,0
1,0.0615201395087387,2020,0
1,0.0445026490227687,2020,0
1,0.0323070000774665,2020,0
1,0.0572338733827736,2020,0
1,0.0584593730445445,2020,0
1,0.107697043868442,2020,0
1,0.0352769660626291,2020,0
1,0.0627119803726619,2020,0
1,0.0627119803726619,2020,0
1,0.0711872600806112,2020,0
1,0.0228252839115897,2020,0
1,0.0228252839115897,2020,0
1,0.0615201395087387,2020,0
1,0.0684474685808149,2020,0
1,0.0359768427784969,2020,0
1,0.0353935108329888,2020,0
1,0.0800691678644604,2020,0
1,0.0489987466570661,2020,0
1,0.0458871397832561,2020,0
1,0.102129641261692,2020,0
1,0.0746086578622247,2020,0
1,0.13719166940374,2020,0
1,0.0846995641469971,2020,0
1,0.0815024259405387,2020,0
1,0.109948004446942,2020,0
1,0.0447030057348415,2020,0
1,0.0668164203489408,2020,0
1,0.0550251982150239,2020,0
1,0.014021256168097,2020,0
1,0.0871171192432785,2020,0
1,0.0477788216161569,2020,0
1,0.0369017364457966,2020,0
1,0.110229159497972,2020,0
1,0.0612929717931991,2020,0
1,0.0471457814670054,2020,0
1,0.0339073259477011,2020,0
1,0.188130762402574,2020,0
1,0.0644059960778195,2020,0
1,0.138134074447093,2020,0
1,0.0460434404809087,2020,0
1,0.0459389294820923,2020,0
1,0.114804278400114,2020,0
1,0.0506163342683768,2020,0
1,0.0115369684050973,2020,0
1,0.0246493264686672,2020,0
1,0.0955774853843648,2020,0
1,0.0156529755124251,2020,0
1,0.0155478817334075,2020,0
1,0.0140864661732145,2020,0
1,0.0923431244603681,2020,0
1,0.0355116791025936,2020,0
1,0.0380029875945692,2020,0
1,0.0314042665335329,2020,0
1,0.0567527665639503,2020,0
1,0.0731643640037164,2020,0
1,0.0638250607973356,2020,0
1,0.0325060762697821,2020,0
1,0.0587014838592504,2020,0
1,0.0480449349531818,2020,0
1,0.0698074081301699,2020,0
1,0.0478750215891027,2020,0
1,0.0580281642074251,2020,0
1,0.0449322652897236,2020,0
1,0.0458736871299539,2020,0
1,0.0513964044054969,2020,0
1,0.100008076559172,2020,0
1,0.0668472163089467,2020,0
1,0.0664058303578991,2020,0
1,0.0706123976042783,2020,0
1,0.0848686378859985,2020,0
1,0.0495903399277726,2020,0
0,0.0874236725749946,2021,0
0,0.142259158098573,2021,0
0,0.177501760710898,2021,0
0,0.177501760710898,2021,0
0,0.0528639541134801,2021,0
0,0.0528639541134801,2021,0
0,0.0528639541134801,2021,0
0,0.0528639541134801,2021,0
0,0.0455937288262719,2021,0
0,0.0455937288262719,2021,0
0,0.0455937288262719,2021,0
0,0.0522670376598682,2021,0
0,0.0724623898731191,2021,0
0,0.0836913249112534,2021,0
0,0.049454648896967,2021,0
0,0.0818679330725297,2021,0
0,0.0987228577270089,2021,0
0,0.204644934699237,2021,0
0,0.0551062505782896,2021,0
0,0.0949543328886322,2021,0
0,0.0949543328886322,2021,0
0,0.116246332418807,2021,0
0,0.13386118355097,2021,0
0,0.117237511742053,2021,0
0,0.117237511742053,2021,0
0,0.117237511742053,2021,0
0,0.0607395770819107,2021,0
0,0.0368302655246661,2021,0
0,0.0607395770819107,2021,0
0,0.0607395770819107,2021,0
0,0.0368302655246661,2021,0
0,0.0368302655246661,2021,0
0,0.0368302655246661,2021,0
0,0.070338453550008,2021,0
0,0.072294361974193,2021,0
0,0.0506578164319412,2021,0
0,0.117217403282993,2021,0
0,0.133843541984433,2021,0
0,0.129449428302812,2021,0
0,0.129449428302812,2021,0
0,0.0442322396090447,2021,0
0,0.0442322396090447,2021,0
0,0.0442322396090447,2021,0
0,0.0442322396090447,2021,0
0,0.0442322396090447,2021,0
0,0.0442322396090447,2021,0
0,0.10335269865668,2021,0
0,0.036856703200009,2021,0
0,0.036856703200009,2021,0
0,0.036856703200009,2021,0
0,NA,2021,NA
0,0.0534903752588653,2021,0
0,0.0416130520385548,2021,0
0,0.0384949854138271,2021,0
0,0.128365366172615,2021,0
0,0.0594354903071201,2021,0
0,0.150165618587963,2021,0
0,0.0429079610956301,2021,0
0,0.112586700031108,2021,0
0,0.120081773246029,2021,0
0,0.072173229111996,2021,0
0,0.072173229111996,2021,0
0,0.072173229111996,2021,0
0,0.072173229111996,2021,0
0,0.0488587226947123,2021,0
0,0.0488587226947123,2021,0
0,0.0671333482539499,2021,0
0,0.0673044691760104,2021,0
0,0.0434241154771767,2021,0
0,0.0779041493776123,2021,0
0,0.0777208283483493,2021,0
0,0.104280382056463,2021,0
0,0.0779041493776123,2021,0
0,0.0779041493776123,2021,0
0,0.0779041493776123,2021,0
0,0.0779041493776123,2021,0
0,0.0931261247883756,2021,0
0,0.0779041493776123,2021,0
0,0.0779041493776123,2021,0
0,0.135694143834206,2021,0
0,0.0703318940540661,2021,0
0,0.0345245789566937,2021,0
0,0.0402180089193139,2021,0
0,0.0223548830355438,2021,0
0,0.0402180089193139,2021,0
0,0.0223548830355438,2021,0
0,0.0402180089193139,2021,0
0,0.0223548830355438,2021,0
0,0.0223548830355438,2021,0
0,0.106660528844257,2021,0
0,0.0418680610971933,2021,0
0,0.0413902916316098,2021,0
0,0.0661531108578933,2021,0
0,0.0305934887367331,2021,0
0,0.0305934887367331,2021,0
0,0.0305934887367331,2021,0
0,0.0305934887367331,2021,0
0,0.0305934887367331,2021,0
0,0.0305934887367331,2021,0
0,0.0305934887367331,2021,0
0,0.0305934887367331,2021,0
0,0.0305934887367331,2021,0
0,0.0305934887367331,2021,0
0,0.0305934887367331,2021,0
0,0.0305934887367331,2021,0
0,0.0305934887367331,2021,0
0,0.0305934887367331,2021,0
0,0.0305934887367331,2021,0
0,0.0305934887367331,2021,0
0,0.0305934887367331,2021,0
0,0.0305934887367331,2021,0
0,0.0305934887367331,2021,0
0,0.0305934887367331,2021,0
0,0.0305934887367331,2021,0
0,0.0305934887367331,2021,0
0,0.0316088900801661,2021,0
0,0.0696886613748971,2021,0
0,0.0696886613748971,2021,0
0,0.0734879896989295,2021,0
0,0.0734879896989295,2021,0
0,0.0287763509537306,2021,0
0,0.0287763509537306,2021,0
0,0.0287763509537306,2021,0
0,0.0287763509537306,2021,0
0,0.0287763509537306,2021,0
0,0.0287763509537306,2021,0
0,0.0287763509537306,2021,0
0,0.0287763509537306,2021,0
0,0.0564093123053266,2021,0
0,0.0264052268031209,2021,0
0,0.0264052268031209,2021,0
0,0.0264052268031209,2021,0
0,NA,2021,NA
0,0.033549716866146,2021,0
0,0.0284785904287635,2021,0
0,0.022434301006149,2021,0
0,0.0536470344222011,2021,0
0,0.076655114417914,2021,0
0,0.0448945785967509,2021,0
0,0.0531391854901686,2021,0
0,0.031643841429332,2021,0
0,0.0291184174564002,2021,0
0,0.0556553461026328,2021,0
0,0.0560702129061297,2021,0
0,0.0560702129061297,2021,0
0,0.0560702129061297,2021,0
0,0.0560702129061297,2021,0
0,0.0560702129061297,2021,0
0,0.0550095375594538,2021,0
0,0.0560702129061297,2021,0
0,0.0560702129061297,2021,0
0,0.031564142261289,2021,0
0,0.0539642710377196,2021,0
0,0.054312228919576,2021,0
0,0.033516448178463,2021,0
0,0.0564250379988836,2021,0
0,0.0564250379988836,2021,0
0,0.0564250379988836,2021,0
0,0.0564250379988836,2021,0
0,0.0715105414708224,2021,0
0,0.0564250379988836,2021,0
0,0.0564250379988836,2021,0
0,0.0832655959532465,2021,0
0,0.0564250379988836,2021,0
0,0.111503972806339,2021,0
0,0.040636198591374,2021,0
0,0.018374080647454,2021,0
0,0.018374080647454,2021,0
0,0.018374080647454,2021,0
0,0.0351123149871229,2021,0
0,0.0351123149871229,2021,0
0,0.0351123149871229,2021,0
0,0.018374080647454,2021,0
0,0.0959532800188064,2021,0
0,0.0342934882695001,2021,0
0,0.0337519946930278,2021,0
0,0.0610517065745298,2021,0
0,0.0389647965752281,2021,0
0,0.0389647965752281,2021,0
0,0.0389647965752281,2021,0
0,0.0389647965752281,2021,0
0,0.0389647965752281,2021,0
0,0.0389647965752281,2021,0
0,0.0389647965752281,2021,0
0,0.0389647965752281,2021,0
0,0.0389647965752281,2021,0
0,0.0389647965752281,2021,0
0,0.0389647965752281,2021,0
0,0.0389647965752281,2021,0
0,0.0389647965752281,2021,0
0,0.0389647965752281,2021,0
0,0.0389647965752281,2021,0
0,0.0389647965752281,2021,0
0,0.0389647965752281,2021,0
0,0.0389647965752281,2021,0
0,0.0389647965752281,2021,0
0,0.0389647965752281,2021,0
0,0.0389647965752281,2021,0
0,0.0389647965752281,2021,0
0,0.0402834860468437,2021,0
0,0.0828857314976112,2021,0
0,0.107528112181516,2021,0
0,0.107528112181516,2021,0
0,0.0658696768136486,2021,0
0,0.0396641815629725,2021,0
0,0.0396641815629725,2021,0
0,0.0396641815629725,2021,0
0,0.0396641815629725,2021,0
0,0.0396641815629725,2021,0
0,0.0396641815629725,2021,0
0,0.0396641815629725,2021,0
0,0.0396641815629725,2021,0
0,0.0284110880199741,2021,0
0,0.0284110880199741,2021,0
0,0.0284110880199741,2021,0
0,0.0468903935417665,2021,0
0,0.035558353172083,2021,0
0,0.0622616792427351,2021,0
0,0.0263276938571878,2021,0
0,0.102723520563472,2021,0
0,0.102723520563472,2021,0
0,0.0574272022844625,2021,0
0,0.0793723001996254,2021,0
0,0.0421576282720878,2021,0
0,0.0394756161150963,2021,0
0,0.0669107497362497,2021,0
0,0.0652250098162483,2021,0
0,0.0669107497362497,2021,0
0,0.0669107497362497,2021,0
0,0.066198375774972,2021,0
0,0.0669107497362497,2021,0
0,0.0669107497362497,2021,0
0,0.0669107497362497,2021,0
0,0.0669107497362497,2021,0
0,0.0505534689592015,2021,0
0,0.0485159430330118,2021,0
0,0.0859508293459808,2021,0
0,0.0859508293459808,2021,0
0,0.104782028166823,2021,0
0,0.118644538062393,2021,0
0,0.0859508293459808,2021,0
0,0.0859508293459808,2021,0
0,0.0859508293459808,2021,0
0,0.0859508293459808,2021,0
0,0.0859508293459808,2021,0
0,0.0859508293459808,2021,0
0,0.0764577802371798,2021,0
0,0.0859508293459808,2021,0
0,0.0801890095196698,2021,0
0,0.0927098044946874,2021,0
0,0.0296184334285921,2021,0
0,0.0296184334285921,2021,0
0,0.052167775632537,2021,0
0,0.052167775632537,2021,0
0,0.0296184334285921,2021,0
0,0.052167775632537,2021,0
0,0.0296184334285921,2021,0
0,0.147761829792067,2021,0
0,0.053900464600805,2021,0
0,0.0551579715427095,2021,0
0,0.116674929755397,2021,0
0,0.114133885227877,2021,0
0,0.0802379569485903,2021,0
0,0.0802379569485903,2021,0
0,0.0802379569485903,2021,0
0,0.0802379569485903,2021,0
0,0.0802379569485903,2021,0
0,0.0802379569485903,2021,0
0,0.0802379569485903,2021,0
0,0.0802379569485903,2021,0
0,0.0802379569485903,2021,0
0,0.0802379569485903,2021,0
0,0.0802379569485903,2021,0
0,0.0802379569485903,2021,0
0,0.0802379569485903,2021,0
0,0.0802379569485903,2021,0
0,0.0802379569485903,2021,0
0,0.0802379569485903,2021,0
0,0.0802379569485903,2021,0
0,0.0802379569485903,2021,0
0,0.0802379569485903,2021,0
0,0.0802379569485903,2021,0
0,0.0802379569485903,2021,0
0,0.0802379569485903,2021,0
0,0.0802379569485903,2021,0
0,0.0802379569485903,2021,0
0,0.0802379569485903,2021,0
0,0.0709368522544953,2021,0
0,0.135470130922278,2021,0
0,0.23140187675038,2021,0
0,0.0889892317243644,2021,0
0,0.0889892317243644,2021,0
0,0.0889892317243644,2021,0
0,0.0889892317243644,2021,0
0,0.0889892317243644,2021,0
0,0.0889892317243644,2021,0
0,0.0889892317243644,2021,0
0,0.0889892317243644,2021,0
0,0.0889892317243644,2021,0
0,0.056687550999018,2021,0
0,0.056687550999018,2021,0
0,0.056687550999018,2021,0
0,0.0567781202235861,2021,0
0,0.0860204891027917,2021,0
0,0.13383051482717,2021,0
0,0.0598161495325513,2021,0
0,0.223115449827346,2021,0
0,0.223115449827346,2021,0
0,0.0972745500514824,2021,0
0,0.182244222223201,2021,0
0,0.226470296672405,2021,0
0,0.12204512863518,2021,0
0,0.12204512863518,2021,0
0,0.12204512863518,2021,0
0,0.12204512863518,2021,0
0,0.125088766831488,2021,0
0,0.12204512863518,2021,0
0,0.12204512863518,2021,0
0,0.117454846744936,2021,0
0,0.12204512863518,2021,0
0,0.095355900532792,2021,0
0,0.0894834142300064,2021,0
0,0.161404759322658,2021,0
0,0.161404759322658,2021,0
0,0.150177299724784,2021,0
0,0.161404759322658,2021,0
0,0.161404759322658,2021,0
0,0.161404759322658,2021,0
0,0.161404759322658,2021,0
0,0.161404759322658,2021,0
0,0.161404759322658,2021,0
0,0.161404759322658,2021,0
0,0.193535977982722,2021,0
0,0.180893387822156,2021,0
0,0.108002899098582,2021,0
0,0.222388440561728,2021,0
0,0.0704754793437337,2021,0
0,0.0675136644823837,2021,0
0,0.135281941233913,2021,0
0,0.139356058774889,2021,0
0,0.0750506449516419,2021,0
0,0.0750506449516419,2021,0
0,0.0750506449516419,2021,0
0,0.0750506449516419,2021,0
0,0.0750506449516419,2021,0
0,0.0750506449516419,2021,0
0,0.0750506449516419,2021,0
0,0.0750506449516419,2021,0
0,0.0750506449516419,2021,0
0,0.0750506449516419,2021,0
0,0.0750506449516419,2021,0
0,0.0750506449516419,2021,0
0,0.0750506449516419,2021,0
0,0.0750506449516419,2021,0
0,0.0750506449516419,2021,0
0,0.0750506449516419,2021,0
0,0.0750506449516419,2021,0
0,0.0750506449516419,2021,0
0,0.0750506449516419,2021,0
0,0.0750506449516419,2021,0
0,0.0750506449516419,2021,0
0,0.0750506449516419,2021,0
0,0.0750506449516419,2021,0
0,0.0750506449516419,2021,0
0,0.0749717675084621,2021,0
0,0.147713130157499,2021,0
0,0.232653635517891,2021,0
0,0.0771905984316886,2021,0
0,0.0771905984316886,2021,0
0,0.0771905984316886,2021,0
0,0.0771905984316886,2021,0
0,0.0771905984316886,2021,0
0,0.0771905984316886,2021,0
0,0.0771905984316886,2021,0
0,0.0771905984316886,2021,0
0,0.0771905984316886,2021,0
0,0.0771905984316886,2021,0
0,0.0628304528595694,2021,0
0,0.0628304528595694,2021,0
0,0.0628304528595694,2021,0
0,0.0888391474227161,2021,0
0,0.0574691262452154,2021,0
0,0.0709661350594917,2021,0
0,0.242296954592907,2021,0
0,0.242296954592907,2021,0
0,0.0948916187346189,2021,0
0,0.176055172708682,2021,0
0,0.244126420290801,2021,0
0,0.145429260070338,2021,0
0,0.140134857466687,2021,0
0,0.140134857466687,2021,0
0,0.140134857466687,2021,0
0,0.140134857466687,2021,0
0,0.140134857466687,2021,0
0,0.140134857466687,2021,0
0,0.140134857466687,2021,0
0,0.135082081843451,2021,0
0,0.124174066908743,2021,0
0,0.101413857210392,2021,0
0,0.180266516061829,2021,0
0,0.183851161862031,2021,0
0,0.183851161862031,2021,0
0,0.183851161862031,2021,0
0,0.17381714294268,2021,0
0,0.209654245064561,2021,0
0,0.183851161862031,2021,0
0,0.183851161862031,2021,0
0,0.183851161862031,2021,0
0,0.183008301004572,2021,0
0,0.168198165324572,2021,0
0,0.180266516061829,2021,0
0,0.183851161862031,2021,0
0,0.183851161862031,2021,0
0,0.209751602495398,2021,0
0,0.183851161862031,2021,0
0,0.183851161862031,2021,0
0,0.183851161862031,2021,0
0,0.183851161862031,2021,0
0,0.19996385549188,2021,0
0,0.183851161862031,2021,0
0,0.183851161862031,2021,0
0,0.0783929304965173,2021,0
0,0.234595657434359,2021,0
0,0.0940820158966116,2021,0
0,0.0885388073852218,2021,0
0,0.171690051145891,2021,0
0,0.189860818506856,2021,0
0,0.186387266162044,2021,0
0,0.0701512914371262,2021,0
0,0.0701512914371262,2021,0
0,0.0701512914371262,2021,0
0,0.0701512914371262,2021,0
0,0.0701512914371262,2021,0
0,0.0701512914371262,2021,0
0,0.0701512914371262,2021,0
0,0.0701512914371262,2021,0
0,0.0701512914371262,2021,0
0,0.0701512914371262,2021,0
0,0.0701512914371262,2021,0
0,0.0701512914371262,2021,0
0,0.0701512914371262,2021,0
0,0.0701512914371262,2021,0
0,0.0701512914371262,2021,0
0,0.0701512914371262,2021,0
0,0.0701512914371262,2021,0
0,0.0701512914371262,2021,0
0,0.0701512914371262,2021,0
0,0.0701512914371262,2021,0
0,0.0701512914371262,2021,0
0,0.0701512914371262,2021,0
0,0.0701512914371262,2021,0
0,0.0992637881543487,2021,0
0,0.196849541557923,2021,0
0,0.266180709263094,2021,0
0,0.266180709263094,2021,0
0,0.266180709263094,2021,0
0,0.0723285952485181,2021,0
0,0.0723285952485181,2021,0
0,0.0723285952485181,2021,0
0,0.0723285952485181,2021,0
0,0.0723285952485181,2021,0
0,0.0723285952485181,2021,0
0,0.0723285952485181,2021,0
0,0.0723285952485181,2021,0
0,0.0723285952485181,2021,0
0,0.0723285952485181,2021,0
0,0.0617090705873847,2021,0
0,0.0617090705873847,2021,0
0,0.0617090705873847,2021,0
0,0.0727307905738398,2021,0
0,0.115219357736862,2021,0
0,0.0756215233947323,2021,0
0,0.255332457715409,2021,0
0,0.255332457715409,2021,0
0,0.238069387379992,2021,0
0,0.255332457715409,2021,0
0,0.0956408957066365,2021,0
0,0.162597730172516,2021,0
0,0.270505159910947,2021,0
0,0.174036461137381,2021,0
0,0.174036461137381,2021,0
0,0.174036461137381,2021,0
0,0.174036461137381,2021,0
0,0.168193437997744,2021,0
0,0.174036461137381,2021,0
0,0.174036461137381,2021,0
0,0.174036461137381,2021,0
0,0.174036461137381,2021,0
0,0.182796450300132,2021,0
0,0.167872837826459,2021,0
0,0.11974464268268,2021,0
0,0.204475483582587,2021,0
0,0.214676657303565,2021,0
0,0.214676657303565,2021,0
0,0.214676657303565,2021,0
0,0.214676657303565,2021,0
0,0.207252909709312,2021,0
0,0.214676657303565,2021,0
0,0.214676657303565,2021,0
0,0.214676657303565,2021,0
0,0.214676657303565,2021,0
0,0.214676657303565,2021,0
0,0.214676657303565,2021,0
0,0.214676657303565,2021,0
0,0.214676657303565,2021,0
0,0.231802119039111,2021,0
0,0.214676657303565,2021,0
0,0.214676657303565,2021,0
0,0.230136539121591,2021,0
0,0.214676657303565,2021,0
0,0.214215462303776,2021,0
0,0.20994971150516,2021,0
0,0.224932794352644,2021,0
0,0.101417037306396,2021,0
0,0.363700765057552,2021,0
0,0.356376176593758,2021,0
0,0.351460539500796,2021,0
0,0.254716570078211,2021,0
0,0.106258761770426,2021,0
0,0.113570347888202,2021,0
0,0.181957302092418,2021,0
0,0.200206733582935,2021,0
0,0.0982775608515854,2021,0
0,0.0982775608515854,2021,0
0,0.0982775608515854,2021,0
0,0.0982775608515854,2021,0
0,0.0982775608515854,2021,0
0,0.0982775608515854,2021,0
0,0.0982775608515854,2021,0
0,0.0982775608515854,2021,0
0,0.0982775608515854,2021,0
0,0.0982775608515854,2021,0
0,0.0982775608515854,2021,0
0,0.0982775608515854,2021,0
0,0.0982775608515854,2021,0
0,0.0982775608515854,2021,0
0,0.0982775608515854,2021,0
0,0.0982775608515854,2021,0
0,0.0982775608515854,2021,0
0,0.0982775608515854,2021,0
0,0.0982775608515854,2021,0
0,0.0982775608515854,2021,0
0,0.0982775608515854,2021,0
0,0.0982775608515854,2021,0
0,0.0982775608515854,2021,0
0,0.0982775608515854,2021,0
0,0.0982775608515854,2021,0
0,0.100307423371138,2021,0
0,0.266590264130506,2021,0
0,0.266590264130506,2021,0
0,0.0994919867601413,2021,0
0,0.0994919867601413,2021,0
0,0.0994919867601413,2021,0
0,0.0994919867601413,2021,0
0,0.0994919867601413,2021,0
0,0.0994919867601413,2021,0
0,0.0994919867601413,2021,0
0,0.0994919867601413,2021,0
0,0.0994919867601413,2021,0
0,0.0994919867601413,2021,0
0,0.0755141119133453,2021,0
0,0.118738225009155,2021,0
0,0.140917018985628,2021,0
0,0.172475012173133,2021,0
0,0.244707093649544,2021,0
0,0.230308550023459,2021,0
0,0.244707093649544,2021,0
0,0.0926806433001721,2021,0
0,0.183509640106027,2021,0
0,0.105417327433789,2021,0
0,0.233269397700061,2021,0
0,0.150556287001297,2021,0
0,0.150556287001297,2021,0
0,0.157819182776697,2021,0
0,0.150556287001297,2021,0
0,0.150556287001297,2021,0
0,0.145820043312756,2021,0
0,0.150556287001297,2021,0
0,0.150556287001297,2021,0
0,0.150556287001297,2021,0
0,0.119974544004885,2021,0
0,0.112024248073008,2021,0
0,0.202063405432161,2021,0
0,0.188042349617528,2021,0
0,0.188042349617528,2021,0
0,0.188042349617528,2021,0
0,0.188042349617528,2021,0
0,0.188042349617528,2021,0
0,0.188042349617528,2021,0
0,0.190120653647538,2021,0
0,0.188042349617528,2021,0
0,0.1788908540755,2021,0
0,0.188042349617528,2021,0
0,0.184096212697591,2021,0
0,0.188042349617528,2021,0
0,0.188042349617528,2021,0
0,0.188042349617528,2021,0
0,0.188042349617528,2021,0
0,0.188042349617528,2021,0
0,0.197267164209902,2021,0
0,0.202063405432161,2021,0
0,0.188042349617528,2021,0
0,0.188042349617528,2021,0
0,0.203350424638862,2021,0
0,0.188042349617528,2021,0
0,0.187626223140292,2021,0
0,0.188042349617528,2021,0
0,0.181493758834843,2021,0
0,0.188042349617528,2021,0
0,0.0916006219588181,2021,0
0,0.245981050887654,2021,0
0,0.197777253058033,2021,0
0,0.0805359221404336,2021,0
0,0.0765037440645406,2021,0
0,0.109027927792974,2021,0
0,0.0737149389985568,2021,0
0,0.0737149389985568,2021,0
0,0.0737149389985568,2021,0
0,0.0737149389985568,2021,0
0,0.0737149389985568,2021,0
0,0.0737149389985568,2021,0
0,0.0737149389985568,2021,0
0,0.0737149389985568,2021,0
0,0.0737149389985568,2021,0
0,0.0737149389985568,2021,0
0,0.0737149389985568,2021,0
0,0.0737149389985568,2021,0
0,0.0737149389985568,2021,0
0,0.0737149389985568,2021,0
0,0.0737149389985568,2021,0
0,0.0737149389985568,2021,0
0,0.0737149389985568,2021,0
0,0.0737149389985568,2021,0
0,0.0737149389985568,2021,0
0,0.0737149389985568,2021,0
0,0.0737149389985568,2021,0
0,0.0737149389985568,2021,0
0,0.0737149389985568,2021,0
0,0.0737149389985568,2021,0
0,0.0737149389985568,2021,0
0,0.10770674337922,2021,0
0,0.0618699607929861,2021,0
0,0.136216540282908,2021,0
0,0.136216540282908,2021,0
0,0.0651690433555537,2021,0
0,0.0651690433555537,2021,0
0,0.0651690433555537,2021,0
0,0.0651690433555537,2021,0
0,0.0651690433555537,2021,0
0,0.0651690433555537,2021,0
0,0.0651690433555537,2021,0
0,0.0651690433555537,2021,0
0,0.0651690433555537,2021,0
0,0.0651690433555537,2021,0
0,0.0674569459123278,2021,0
0,0.0881446676031987,2021,0
0,0.137345439071037,2021,0
0,0.122731861952968,2021,0
0,0.137345439071037,2021,0
0,0.129310418401379,2021,0
0,0.0853776447369756,2021,0
0,0.0853776447369756,2021,0
0,0.0818522349862435,2021,0
0,0.0879908684673805,2021,0
0,0.0853776447369756,2021,0
0,0.0853776447369756,2021,0
0,0.0853776447369756,2021,0
0,0.0853776447369756,2021,0
0,0.0853776447369756,2021,0
0,0.0973260966264135,2021,0
0,0.0538671691628382,2021,0
0,0.0592170026136187,2021,0
0,0.0891026953799774,2021,0
0,0.0891026953799774,2021,0
0,0.0956291033007514,2021,0
0,0.0891026953799774,2021,0
0,0.0768781212674874,2021,0
0,0.0891026953799774,2021,0
0,0.0875524797977182,2021,0
0,0.0891026953799774,2021,0
0,0.111392836998964,2021,0
0,0.0891026953799774,2021,0
0,0.111392836998964,2021,0
0,0.111392836998964,2021,0
0,0.0891026953799774,2021,0
0,0.0891026953799774,2021,0
0,0.0891026953799774,2021,0
0,0.110447524268421,2021,0
0,0.0891026953799774,2021,0
0,0.0892602814724678,2021,0
0,0.0891026953799774,2021,0
0,0.0891026953799774,2021,0
0,0.0891026953799774,2021,0
0,0.0891026953799774,2021,0
0,0.0891026953799774,2021,0
0,0.0891026953799774,2021,0
0,0.0891026953799774,2021,0
0,0.0875524797977182,2021,0
0,0.111392836998964,2021,0
0,0.0891026953799774,2021,0
0,0.0979526434680667,2021,0
0,0.0883859687851226,2021,0
0,0.111392836998964,2021,0
0,0.0891026953799774,2021,0
0,0.102450900445326,2021,0
0,0.0891026953799774,2021,0
0,0.0891026953799774,2021,0
0,0.0891026953799774,2021,0
0,0.0875524797977182,2021,0
0,0.0891026953799774,2021,0
0,0.102450900445326,2021,0
0,0.0875524797977182,2021,0
0,0.081656576962441,2021,0
0,0.0891026953799774,2021,0
0,0.0891026953799774,2021,0
0,0.0891026953799774,2021,0
0,0.121496486192483,2021,0
0,0.0987793816962697,2021,0
0,0.0307541012329765,2021,0
0,0.0489194493095271,2021,0
0,0.0489194493095271,2021,0
0,0.0489194493095271,2021,0
0,0.0307541012329765,2021,0
0,0.0307541012329765,2021,0
0,0.0307541012329765,2021,0
0,0.0497803266108982,2021,0
0,0.0516777008423106,2021,0
0,0.0443937900289321,2021,0
0,0.0492767044576556,2021,0
0,0.0492767044576556,2021,0
0,0.0492767044576556,2021,0
0,0.0492767044576556,2021,0
0,0.0492767044576556,2021,0
0,0.0492767044576556,2021,0
0,0.0492767044576556,2021,0
0,0.0492767044576556,2021,0
0,0.0492767044576556,2021,0
0,0.0492767044576556,2021,0
0,0.0492767044576556,2021,0
0,0.0492767044576556,2021,0
0,0.0492767044576556,2021,0
0,0.0492767044576556,2021,0
0,0.0492767044576556,2021,0
0,0.0492767044576556,2021,0
0,0.0492767044576556,2021,0
0,0.0492767044576556,2021,0
0,0.0492767044576556,2021,0
0,0.0492767044576556,2021,0
0,0.0492767044576556,2021,0
0,0.0492767044576556,2021,0
0,0.0492767044576556,2021,0
0,0.0492767044576556,2021,0
0,0.0492767044576556,2021,0
0,0.0492767044576556,2021,0
0,0.152202102199853,2021,0
0,0.152202102199853,2021,0
0,0.152202102199853,2021,0
0,0.050365342608747,2021,0
0,0.050365342608747,2021,0
0,0.050365342608747,2021,0
0,0.050365342608747,2021,0
0,0.050365342608747,2021,0
0,0.050365342608747,2021,0
0,0.050365342608747,2021,0
0,0.050365342608747,2021,0
0,0.050365342608747,2021,0
0,0.050365342608747,2021,0
0,0.050365342608747,2021,0
0,0.0310392821015587,2021,0
0,0.0310392821015587,2021,0
0,0.0310392821015587,2021,0
0,0.0574698309198808,2021,0
0,0.0710141809018062,2021,0
0,0.0819478880803475,2021,0
0,0.159231705792277,2021,0
0,0.143298757380232,2021,0
0,0.067487066906553,2021,0
0,0.091902630098764,2021,0
0,0.091902630098764,2021,0
0,0.091902630098764,2021,0
0,0.091902630098764,2021,0
0,0.091902630098764,2021,0
0,0.091902630098764,2021,0
0,0.0872133343106296,2021,0
0,0.091902630098764,2021,0
0,0.108337039253032,2021,0
0,0.0952564786853263,2021,0
0,0.0565902507445729,2021,0
0,0.0897938597064831,2021,0
0,0.0897938597064831,2021,0
0,0.0917432553444949,2021,0
0,0.0917432553444949,2021,0
0,0.114787529045962,2021,0
0,0.0917432553444949,2021,0
0,0.114787529045962,2021,0
0,0.0917432553444949,2021,0
0,0.0917432553444949,2021,0
0,0.0917432553444949,2021,0
0,0.0917432553444949,2021,0
0,0.0917432553444949,2021,0
0,0.0917432553444949,2021,0
0,0.114080939716266,2021,0
0,0.0917432553444949,2021,0
0,0.114787529045962,2021,0
0,0.0917432553444949,2021,0
0,0.0917432553444949,2021,0
0,0.0917432553444949,2021,0
0,0.0917432553444949,2021,0
0,0.105623046734464,2021,0
0,0.0917432553444949,2021,0
0,0.0897938597064831,2021,0
0,0.114787529045962,2021,0
0,0.0917432553444949,2021,0
0,0.0917432553444949,2021,0
0,0.114787529045962,2021,0
0,0.0917432553444949,2021,0
0,0.0917432553444949,2021,0
0,0.0917432553444949,2021,0
0,0.0897938597064831,2021,0
0,0.0917432553444949,2021,0
0,0.0917432553444949,2021,0
0,0.0917432553444949,2021,0
0,0.0921504008709235,2021,0
0,0.0917432553444949,2021,0
0,0.0790470921369359,2021,0
0,0.114787529045962,2021,0
0,0.105623046734464,2021,0
0,0.0838855552686381,2021,0
0,0.0917432553444949,2021,0
0,0.101009691592993,2021,0
0,0.0917432553444949,2021,0
0,0.0917432553444949,2021,0
0,0.0897938597064831,2021,0
0,0.0910033558032059,2021,0
0,0.0917432553444949,2021,0
0,0.0917432553444949,2021,0
0,0.0984000469047987,2021,0
0,0.0917432553444949,2021,0
0,0.0917432553444949,2021,0
0,0.0520183970496808,2021,0
0,0.0520183970496808,2021,0
0,0.0520183970496808,2021,0
0,0.0328842068832431,2021,0
0,0.0328842068832431,2021,0
0,0.0328842068832431,2021,0
0,0.0328842068832431,2021,0
0,0.0553918118660531,2021,0
0,0.0527697364655078,2021,0
0,0.0598351120786514,2021,0
0,0.0642523966080724,2021,0
0,0.0508367565888256,2021,0
0,0.0508367565888256,2021,0
0,0.0508367565888256,2021,0
0,0.0508367565888256,2021,0
0,0.0508367565888256,2021,0
0,0.0508367565888256,2021,0
0,0.0508367565888256,2021,0
0,0.0508367565888256,2021,0
0,0.0508367565888256,2021,0
0,0.0508367565888256,2021,0
0,0.0508367565888256,2021,0
0,0.0508367565888256,2021,0
0,0.0508367565888256,2021,0
0,0.0508367565888256,2021,0
0,0.0508367565888256,2021,0
0,0.0508367565888256,2021,0
0,0.0508367565888256,2021,0
0,0.0508367565888256,2021,0
0,0.0508367565888256,2021,0
0,0.0508367565888256,2021,0
0,0.0508367565888256,2021,0
0,0.0508367565888256,2021,0
0,0.0508367565888256,2021,0
0,0.0508367565888256,2021,0
0,0.0508367565888256,2021,0
0,0.0508367565888256,2021,0
0,0.0955524962377777,2021,0
0,0.0955524962377777,2021,0
0,0.176249163704847,2021,0
0,0.176249163704847,2021,0
0,0.053186995580075,2021,0
0,0.053186995580075,2021,0
0,0.053186995580075,2021,0
0,0.053186995580075,2021,0
0,0.053186995580075,2021,0
0,0.053186995580075,2021,0
0,0.053186995580075,2021,0
0,0.053186995580075,2021,0
0,0.053186995580075,2021,0
0,0.053186995580075,2021,0
0,0.053186995580075,2021,0
0,0.0394378444661491,2021,0
0,0.0394378444661491,2021,0
0,0.0394378444661491,2021,0
0,0.0519700173659468,2021,0
0,0.0319832844789683,2021,0
0,0.0721087735792916,2021,0
0,0.0838984647667232,2021,0
0,0.156213542438504,2021,0
0,0.172714419013216,2021,0
0,0.123656346133836,2021,0
0,0.153769478520091,2021,0
0,0.05133341166133,2021,0
0,0.0728970112359973,2021,0
0,0.0728970112359973,2021,0
0,0.0728970112359973,2021,0
0,0.0728970112359973,2021,0
0,0.0745548854660413,2021,0
0,0.0728970112359973,2021,0
0,0.0728970112359973,2021,0
0,0.0728970112359973,2021,0
0,0.0692282888696253,2021,0
0,0.0494142617334105,2021,0
0,0.054131133899909,2021,0
0,0.0761929822303748,2021,0
0,0.0747082507308754,2021,0
0,0.0761929822303748,2021,0
0,0.0761929822303748,2021,0
0,0.0763587196161909,2021,0
0,0.0823854551714966,2021,0
0,0.0761929822303748,2021,0
0,0.0761929822303748,2021,0
0,0.0761929822303748,2021,0
0,0.0944781814149194,2021,0
0,0.0761929822303748,2021,0
0,0.0761929822303748,2021,0
0,0.0747082507308754,2021,0
0,0.0975572462101925,2021,0
0,0.0889277607505197,2021,0
0,0.0975572462101925,2021,0
0,0.0761929822303748,2021,0
0,0.0755121242074698,2021,0
0,0.0761929822303748,2021,0
0,0.0889277607505197,2021,0
0,0.0975572462101925,2021,0
0,0.0761929822303748,2021,0
0,0.0761929822303748,2021,0
0,0.0975572462101925,2021,0
0,0.0747082507308754,2021,0
0,0.0761929822303748,2021,0
0,0.0761929822303748,2021,0
0,0.0761929822303748,2021,0
0,0.0889277607505197,2021,0
0,0.0763587196161909,2021,0
0,0.0747082507308754,2021,0
0,0.0761929822303748,2021,0
0,0.0755121242074698,2021,0
0,0.0761929822303748,2021,0
0,0.0761929822303748,2021,0
0,0.0747082507308754,2021,0
0,0.0647155228116074,2021,0
0,0.0761929822303748,2021,0
0,0.0761929822303748,2021,0
0,0.0761929822303748,2021,0
0,0.0747082507308754,2021,0
0,0.0761929822303748,2021,0
0,0.0761929822303748,2021,0
0,0.0966632058409371,2021,0
0,0.0975572462101925,2021,0
0,0.0761929822303748,2021,0
0,0.0761929822303748,2021,0
0,0.0761929822303748,2021,0
0,0.0761929822303748,2021,0
0,0.0647155228116074,2021,0
0,0.0691722802789343,2021,0
0,0.0761929822303748,2021,0
0,0.0761929822303748,2021,0
0,0.0761929822303748,2021,0
0,0.0761929822303748,2021,0
0,0.0975572462101925,2021,0
0,0.0761929822303748,2021,0
0,0.0761929822303748,2021,0
0,0.0747082507308754,2021,0
0,0.0846164181836178,2021,0
0,0.0761929822303748,2021,0
0,0.0761929822303748,2021,0
0,0.0682979483994209,2021,0
0,0.0276626889315815,2021,0
0,0.0455766587978091,2021,0
0,0.0276626889315815,2021,0
0,0.0455766587978091,2021,0
0,0.0455766587978091,2021,0
0,0.0276626889315815,2021,0
0,0.0276626889315815,2021,0
0,0.040389531125176,2021,0
0,0.0389708897103819,2021,0
0,0.036742353126537,2021,0
0,0.0639403243913778,2021,0
0,0.0751827287587399,2021,0
0,0.0396537361343417,2021,0
0,0.0396537361343417,2021,0
0,0.0396537361343417,2021,0
0,0.0396537361343417,2021,0
0,0.0396537361343417,2021,0
0,0.0396537361343417,2021,0
0,0.0396537361343417,2021,0
0,0.0396537361343417,2021,0
0,0.0396537361343417,2021,0
0,0.0396537361343417,2021,0
0,0.0396537361343417,2021,0
0,0.0396537361343417,2021,0
0,0.0396537361343417,2021,0
0,0.0396537361343417,2021,0
0,0.0396537361343417,2021,0
0,0.0396537361343417,2021,0
0,0.0396537361343417,2021,0
0,0.0396537361343417,2021,0
0,0.0396537361343417,2021,0
0,0.0396537361343417,2021,0
0,0.0396537361343417,2021,0
0,0.0396537361343417,2021,0
0,0.0396537361343417,2021,0
0,0.0396537361343417,2021,0
0,0.0396537361343417,2021,0
0,0.0396537361343417,2021,0
0,0.0263936566879527,2021,0
0,0.0617302380404271,2021,0
0,0.0617302380404271,2021,0
0,0.0385216217658007,2021,0
0,0.0385216217658007,2021,0
0,0.0385216217658007,2021,0
0,0.0385216217658007,2021,0
0,0.0385216217658007,2021,0
0,0.0385216217658007,2021,0
0,0.0385216217658007,2021,0
0,0.0385216217658007,2021,0
0,0.0385216217658007,2021,0
0,0.0385216217658007,2021,0
0,0.0385216217658007,2021,0
0,0.0710964974351968,2021,0
0,0.134875222049999,2021,0
0,0.0301324316388683,2021,0
0,0.0301324316388683,2021,0
0,0.0301324316388683,2021,0
0,0.0195874317037088,2021,0
0,0.0319962072396931,2021,0
0,0.0539748797508626,2021,0
0,0.12663818264575,2021,0
0,0.111558244077946,2021,0
0,0.0509048518598352,2021,0
0,0.113991283583578,2021,0
0,0.0567906663471555,2021,0
0,0.0567906663471555,2021,0
0,0.0536146306725112,2021,0
0,0.0567906663471555,2021,0
0,0.0567906663471555,2021,0
0,0.0567906663471555,2021,0
0,0.0575869696097784,2021,0
0,0.0575869696097784,2021,0
0,0.0567906663471555,2021,0
0,0.0567906663471555,2021,0
0,0.0567906663471555,2021,0
0,0.046071397767606,2021,0
0,0.0621789244169406,2021,0
0,0.0610656241243783,2021,0
0,0.0621789244169406,2021,0
0,0.0512001619265272,2021,0
0,0.0610656241243783,2021,0
0,0.0835690919195043,2021,0
0,0.0621789244169406,2021,0
0,0.0621789244169406,2021,0
0,0.0621789244169406,2021,0
0,0.0683570236666929,2021,0
0,0.0747261305116455,2021,0
0,0.0835690919195043,2021,0
0,0.0621789244169406,2021,0
0,0.0621121920904496,2021,0
0,0.0615071320415654,2021,0
0,0.0621789244169406,2021,0
0,0.0621789244169406,2021,0
0,0.0621789244169406,2021,0
0,0.0421871461255674,2021,0
0,0.0251664720989998,2021,0
0,0.0251664720989998,2021,0
0,0.0251664720989998,2021,0
0,0.0251664720989998,2021,0
0,0.0421871461255674,2021,0
0,0.0421871461255674,2021,0
0,0.033300557369788,2021,0
0,0.0324607973079799,2021,0
0,0.0461544580335066,2021,0
0,0.0340512113303733,2021,0
0,0.060395723928297,2021,0
0,0.060395723928297,2021,0
0,0.116239180756774,2021,0
0,0.0238336724058612,2021,0
0,0.0238336724058612,2021,0
0,0.0238336724058612,2021,0
0,0.032425602568605,2021,0
0,0.0196919283003901,2021,0
0,0.0462905240881453,2021,0
0,0.0969296514046243,2021,0
0,0.0955497675362835,2021,0
0,0.110204162750649,2021,0
0,0.140558184168935,2021,0
0,0.04454934040395,2021,0
0,0.0919842983097763,2021,0
0,0.0747121742051459,2021,0
0,0.0747121742051459,2021,0
0,0.037220576682566,2021,0
0,0.0373272881556506,2021,0
0,0.0348930156404919,2021,0
0,0.0373272881556506,2021,0
0,0.0373272881556506,2021,0
0,0.0373272881556506,2021,0
0,0.0373272881556506,2021,0
0,0.0373272881556506,2021,0
0,0.0373272881556506,2021,0
0,0.0373272881556506,2021,0
0,0.035685183748507,2021,0
0,0.0573086189675033,2021,0
0,0.0509909569992768,2021,0
0,0.0730737405758744,2021,0
0,0.0509909569992768,2021,0
0,0.0507039183336383,2021,0
0,0.0503132722058982,2021,0
0,0.0509909569992768,2021,0
0,0.0509909569992768,2021,0
0,0.0502051730280132,2021,0
0,0.0509909569992768,2021,0
0,0.0183517525984806,2021,0
0,0.0183517525984806,2021,0
0,0.0183517525984806,2021,0
0,0.0337881208254877,2021,0
0,0.0183517525984806,2021,0
0,0.0337881208254877,2021,0
0,0.0337881208254877,2021,0
0,0.0309515882037765,2021,0
0,0.0303312634271245,2021,0
0,0.0618768169456326,2021,0
0,0.0740344670276826,2021,0
0,0.0740344670276826,2021,0
0,0.0741090563871055,2021,0
0,0.0316170128458164,2021,0
0,0.0568906084241154,2021,0
0,0.0568906084241154,2021,0
0,0.0568906084241154,2021,0
0,0.100618583099067,2021,0
0,0.0224641397616987,2021,0
0,0.0224641397616987,2021,0
0,0.0224641397616987,2021,0
0,0.0185320801732849,2021,0
0,0.0302843950995166,2021,0
0,0.0410299791515022,2021,0
0,0.0921332162077536,2021,0
0,0.138981473032928,2021,0
0,0.106832844328907,2021,0
0,0.0917155844543251,2021,0
0,0.0435954134947684,2021,0
0,0.0894025019925573,2021,0
0,0.104378702919396,2021,0
0,0.0367320503386836,2021,0
0,0.0366607146095579,2021,0
0,0.034254590665152,2021,0
0,0.0366607146095579,2021,0
0,0.0443636794338168,2021,0
0,0.0367320503386836,2021,0
0,0.0367320503386836,2021,0
0,0.0367320503386836,2021,0
0,0.0367320503386836,2021,0
0,0.0367320503386836,2021,0
0,0.0367320503386836,2021,0
0,0.0363556553893346,2021,0
0,0.0564678372094019,2021,0
0,0.0499131110298835,2021,0
0,0.0499131110298835,2021,0
0,0.0491502012544137,2021,0
0,0.0499131110298835,2021,0
0,0.0499131110298835,2021,0
0,0.0495851159352205,2021,0
0,0.0499131110298835,2021,0
0,0.0729364964150869,2021,0
0,0.0492116961543094,2021,0
0,0.114848799892259,2021,0
0,0.0339892205237576,2021,0
0,0.018167052307261,2021,0
0,0.018167052307261,2021,0
0,0.018167052307261,2021,0
0,0.0339892205237576,2021,0
0,0.018167052307261,2021,0
0,0.0339892205237576,2021,0
0,0.0294308101035583,2021,0
0,0.0321524606001703,2021,0
0,0.0316451017993034,2021,0
0,0.0249066352988528,2021,0
0,0.0532315214037353,2021,0
0,0.0532315214037353,2021,0
0,0.0307502471870854,2021,0
0,0.102882777592374,2021,0
0,0.0233617449199919,2021,0
0,0.0233617449199919,2021,0
0,0.0233617449199919,2021,0
0,0.0183942903787459,2021,0
0,0.0292736298466077,2021,0
0,0.0442016594177213,2021,0
0,0.0978278596452587,2021,0
0,0.143118331109114,2021,0
0,0.0916266090025236,2021,0
0,0.0448401575417565,2021,0
0,0.104514206909368,2021,0
0,0.0890719238647041,2021,0
0,0.0409059540238292,2021,0
0,0.040713756418947,2021,0
0,0.0409059540238292,2021,0
0,0.0481363939835754,2021,0
0,0.0409059540238292,2021,0
0,0.0386107463801268,2021,0
0,0.040713756418947,2021,0
0,0.0409059540238292,2021,0
0,0.040713756418947,2021,0
0,0.0409059540238292,2021,0
0,0.0409059540238292,2021,0
0,0.0409059540238292,2021,0
0,0.0409059540238292,2021,0
0,0.041522344319754,2021,0
0,0.05377319153867,2021,0
0,0.0542080415481771,2021,0
0,0.0542080415481771,2021,0
0,0.0609982039943086,2021,0
0,0.0542080415481771,2021,0
0,0.0542080415481771,2021,0
0,0.0777606637994481,2021,0
0,0.0542080415481771,2021,0
0,0.0535561020112024,2021,0
0,0.0534834842376985,2021,0
0,0.0382489554584311,2021,0
0,0.0382489554584311,2021,0
0,0.0204115614258696,2021,0
0,0.0204115614258696,2021,0
0,0.0204115614258696,2021,0
0,0.0382489554584311,2021,0
0,0.0204115614258696,2021,0
0,0.0272672613238418,2021,0
0,0.0331942555279349,2021,0
0,0.0277767708758451,2021,0
0,0.0217180703310576,2021,0
0,0.0500436228729351,2021,0
0,0.0500436228729351,2021,0
0,0.0317882618658117,2021,0
0,0.0942394318749577,2021,0
0,0.0191967840872063,2021,0
0,0.0191967840872063,2021,0
0,0.0191967840872063,2021,0
0,0.0263422416720502,2021,0
0,0.0171889817341596,2021,0
0,0.0461442244358619,2021,0
0,0.0919180414473298,2021,0
0,0.131924861337716,2021,0
0,0.0731549501232388,2021,0
0,0.0396801991269051,2021,0
0,0.0726542109079681,2021,0
0,0.0889732779880957,2021,0
0,0.035018537199118,2021,0
0,0.035018537199118,2021,0
0,0.035018537199118,2021,0
0,0.0345106267768321,2021,0
0,0.035018537199118,2021,0
0,0.035018537199118,2021,0
0,0.035018537199118,2021,0
0,0.035018537199118,2021,0
0,0.0427901906046511,2021,0
0,0.0345106267768321,2021,0
0,0.035018537199118,2021,0
0,0.035018537199118,2021,0
0,0.0328743059559712,2021,0
0,0.0345106267768321,2021,0
0,0.035018537199118,2021,0
0,0.035018537199118,2021,0
0,0.0402882974793003,2021,0
0,0.0512655965153316,2021,0
0,0.0518032001032203,2021,0
0,0.0518032001032203,2021,0
0,0.0518032001032203,2021,0
0,0.0512095795967313,2021,0
0,0.0510037135291033,2021,0
0,0.0518032001032203,2021,0
0,0.0593562047776108,2021,0
0,0.0783147497782558,2021,0
0,0.0518032001032203,2021,0
0,0.016954268568773,2021,0
0,0.0351995728514512,2021,0
0,0.016954268568773,2021,0
0,0.0351995728514512,2021,0
0,0.016954268568773,2021,0
0,0.016954268568773,2021,0
0,0.0351995728514512,2021,0
0,0.0257933257880727,2021,0
0,0.0269595769532088,2021,0
0,0.0179867601163497,2021,0
0,0.0233514565845925,2021,0
0,0.0448506048108153,2021,0
0,0.0448506048108153,2021,0
0,0.0448506048108153,2021,0
0,0.0812886508695844,2021,0
0,0.0150848224794075,2021,0
0,0.0150848224794075,2021,0
0,0.0150848224794075,2021,0
0,0.0146128348795397,2021,0
0,0.0222386980193557,2021,0
0,0.0390891658937004,2021,0
0,0.0872483729977956,2021,0
0,0.125350634266678,2021,0
0,0.0634027209197451,2021,0
0,0.036870988269767,2021,0
0,0.0808232790592744,2021,0
0,0.0642860192596119,2021,0
0,0.0307215034340306,2021,0
0,0.029148127415252,2021,0
0,0.0312132691104939,2021,0
0,0.0312132691104939,2021,0
0,0.0312132691104939,2021,0
0,0.0312132691104939,2021,0
0,0.0312132691104939,2021,0
0,0.0312132691104939,2021,0
0,0.0387992462130543,2021,0
0,0.0307215034340306,2021,0
0,0.0312132691104939,2021,0
0,0.0292532148696509,2021,0
0,0.0312132691104939,2021,0
0,0.0307215034340306,2021,0
0,0.0300742457550556,2021,0
0,0.0312132691104939,2021,0
0,0.0312132691104939,2021,0
0,0.0412741332528285,2021,0
0,0.0312132691104939,2021,0
0,0.0312132691104939,2021,0
0,0.0312132691104939,2021,0
0,0.0312132691104939,2021,0
0,0.0398945946920616,2021,0
0,0.0472679451635271,2021,0
0,0.0464269505544913,2021,0
0,0.0472679451635271,2021,0
0,0.0467369866508814,2021,0
0,0.0472679451635271,2021,0
0,0.0552659400401444,2021,0
0,0.0759289088272227,2021,0
0,0.0466287839277901,2021,0
0,0.0472679451635271,2021,0
0,0.0341034631737445,2021,0
0,0.0156074011506634,2021,0
0,0.0156074011506634,2021,0
0,0.0341034631737445,2021,0
0,0.0156074011506634,2021,0
0,0.0341034631737445,2021,0
0,0.0156074011506634,2021,0
0,0.0231634023265898,2021,0
0,0.023588012641716,2021,0
0,0.0301293236592128,2021,0
0,0.0237323480209562,2021,0
0,0.023004062190091,2021,0
0,0.0175941961649961,2021,0
0,0.0443649602970219,2021,0
0,0.0443649602970219,2021,0
0,0.0443649602970219,2021,0
0,0.0786840867995588,2021,0
0,0.0148459534015525,2021,0
0,0.0148459534015525,2021,0
0,0.0148459534015525,2021,0
0,0.0211731585618701,2021,0
0,0.0139667254674627,2021,0
0,0.0384913886410892,2021,0
0,0.0890026920693356,2021,0
0,0.128179393430474,2021,0
0,0.0642239082496326,2021,0
0,0.0806443341519256,2021,0
0,0.0468143505051943,2021,0
0,0.0356206158784285,2021,0
0,0.078645803082578,2021,0
0,0.0625633351213803,2021,0
0,0.0550078404499456,2021,0
0,0.0472475865828189,2021,0
0,0.0373132184209575,2021,0
0,0.0367122593782694,2021,0
0,0.0362572008132566,2021,0
0,0.0373132184209575,2021,0
0,0.0373132184209575,2021,0
0,0.0373132184209575,2021,0
0,0.0367122593782694,2021,0
0,0.0373132184209575,2021,0
0,0.0373132184209575,2021,0
0,0.0373132184209575,2021,0
0,0.0373132184209575,2021,0
0,0.0373132184209575,2021,0
0,0.0373132184209575,2021,0
0,0.0373132184209575,2021,0
0,0.0352377183249871,2021,0
0,0.0367122593782694,2021,0
0,0.0450406171272206,2021,0
0,0.0373132184209575,2021,0
0,0.0373132184209575,2021,0
0,0.0373132184209575,2021,0
0,0.0373132184209575,2021,0
0,0.0373132184209575,2021,0
0,0.0373132184209575,2021,0
0,0.0373132184209575,2021,0
0,0.0354254388370649,2021,0
0,0.0374047887379898,2021,0
0,0.0321801469708944,2021,0
0,0.0321801469708944,2021,0
0,0.0145043488368207,2021,0
0,0.0145043488368207,2021,0
0,0.0321801469708944,2021,0
0,0.0145043488368207,2021,0
0,0.0145043488368207,2021,0
0,0.0276408128770948,2021,0
0,0.0236127788576559,2021,0
0,0.0182860345217864,2021,0
0,0.0387197710872717,2021,0
0,0.0387197710872717,2021,0
0,0.0387197710872717,2021,0
0,0.0149879204301103,2021,0
0,0.0149879204301103,2021,0
0,0.0149879204301103,2021,0
0,0.0462224253695958,2021,0
0,0.0164770825893418,2021,0
0,0.0124969553399421,2021,0
0,0.0437036092591681,2021,0
0,0.0332282989169476,2021,0
0,0.0697308753657117,2021,0
0,0.0487476576829395,2021,0
0,0.0615081455082677,2021,0
0,0.0262992980024396,2021,0
0,0.0476789315487287,2021,0
0,0.0601943212924523,2021,0
0,0.0355100185987811,2021,0
0,0.0544064907609995,2021,0
0,0.0480215192793443,2021,0
0,0.0480215192793443,2021,0
0,0.0333560376070229,2021,0
0,0.0333560376070229,2021,0
0,0.0333560376070229,2021,0
0,0.0333560376070229,2021,0
0,0.0321591276691458,2021,0
0,0.0333560376070229,2021,0
0,0.0333560376070229,2021,0
0,0.0333560376070229,2021,0
0,0.0333560376070229,2021,0
0,0.0319599301096149,2021,0
0,0.0321591276691458,2021,0
0,0.0333560376070229,2021,0
0,0.0407466047938072,2021,0
0,0.033349816210945,2021,0
0,0.0333560376070229,2021,0
0,0.0406026172300455,2021,0
0,0.0333560376070229,2021,0
0,0.0333560376070229,2021,0
0,0.0333560376070229,2021,0
0,0.0321591276691458,2021,0
0,0.0333560376070229,2021,0
0,0.0333560376070229,2021,0
0,0.0333560376070229,2021,0
0,0.0312768272597775,2021,0
0,0.0333560376070229,2021,0
0,0.0333560376070229,2021,0
0,0.085696104580157,2021,0
0,0.0246751630174031,2021,0
0,0.0246751630174031,2021,0
0,0.0109446729030022,2021,0
0,0.0109446729030022,2021,0
0,0.0109446729030022,2021,0
0,0.0246751630174031,2021,0
0,0.0109446729030022,2021,0
0,0.0217923793135814,2021,0
0,0.023536335412718,2021,0
0,0.0218856659995485,2021,0
0,0.0154720467600336,2021,0
0,0.0162639587542763,2021,0
0,0.030409200625114,2021,0
0,0.030409200625114,2021,0
0,0.030409200625114,2021,0
0,0.0131312510571505,2021,0
0,0.0131312510571505,2021,0
0,0.0131312510571505,2021,0
0,0.0373099146227147,2021,0
0,0.0129962501858156,2021,0
0,0.0147759537645527,2021,0
0,0.0382038344446673,2021,0
0,0.0284305405398265,2021,0
0,0.0586516021973226,2021,0
0,0.0376914237387325,2021,0
0,0.0484011257433556,2021,0
0,0.0209720317060166,2021,0
0,0.0474176269878,2021,0
0,0.0368689612989185,2021,0
0,0.0344533646853916,2021,0
0,0.0318612330329751,2021,0
0,0.0511658935894243,2021,0
0,0.0494234115429806,2021,0
0,0.0439206614627475,2021,0
0,0.0511658935894243,2021,0
0,0.0494980669477691,2021,0
0,0.0392838891625362,2021,0
0,0.0439206614627475,2021,0
0,0.0412989049141788,2021,0
0,0.0252009749889845,2021,0
0,0.0229606263025079,2021,0
0,0.0252009749889845,2021,0
0,0.0318235501714072,2021,0
0,0.0252009749889845,2021,0
0,0.0252009749889845,2021,0
0,0.0252009749889845,2021,0
0,0.0252009749889845,2021,0
0,0.0252009749889845,2021,0
0,0.0252009749889845,2021,0
0,0.0252009749889845,2021,0
0,0.0252009749889845,2021,0
0,0.0252009749889845,2021,0
0,0.0239240756261633,2021,0
0,0.0252009749889845,2021,0
0,0.0239240756261633,2021,0
0,0.0252009749889845,2021,0
0,0.0252009749889845,2021,0
0,0.0239240756261633,2021,0
0,0.0252009749889845,2021,0
0,0.0254606889243769,2021,0
0,0.0252009749889845,2021,0
0,0.0252009749889845,2021,0
0,0.0321910359489646,2021,0
0,0.0252009749889845,2021,0
0,0.0690566330513737,2021,0
0,0.0195489689726537,2021,0
0,0.00846879516861467,2021,0
0,0.0195489689726537,2021,0
0,0.00846879516861467,2021,0
0,0.0195489689726537,2021,0
0,0.00846879516861467,2021,0
0,0.00846879516861467,2021,0
0,0.0243647680432624,2021,0
0,0.0278292311105065,2021,0
0,0.0387033817944375,2021,0
0,0.0387033817944375,2021,0
0,0.0387033817944375,2021,0
0,0.0948414538115054,2021,0
0,0.0127828275279286,2021,0
0,0.0127828275279286,2021,0
0,0.0127828275279286,2021,0
0,0.0384455152534281,2021,0
0,0.0178411891391103,2021,0
0,0.049341376395379,2021,0
0,0.0329730620063107,2021,0
0,0.0634436045448789,2021,0
0,0.040045464958283,2021,0
0,0.0934102498826612,2021,0
0,0.0517614738292312,2021,0
0,0.02440674083166,2021,0
0,0.0139388746461439,2021,0
0,0.052772123729699,2021,0
0,0.0407918042213761,2021,0
0,0.0393262251375251,2021,0
0,0.0582559014249759,2021,0
0,0.0487918047492168,2021,0
0,0.0487918047492168,2021,0
0,0.0582559014249759,2021,0
0,0.0358243986689572,2021,0
0,0.0561069763030795,2021,0
0,0.0559241285002542,2021,0
0,0.0469151634204366,2021,0
0,0.0234883729742125,2021,0
0,0.024924813962041,2021,0
0,0.0261460733856494,2021,0
0,0.0261460733856494,2021,0
0,0.0261460733856494,2021,0
0,0.024924813962041,2021,0
0,0.0261460733856494,2021,0
0,0.0261460733856494,2021,0
0,0.0261460733856494,2021,0
0,0.0261460733856494,2021,0
0,0.0261460733856494,2021,0
0,0.0261460733856494,2021,0
0,0.0261460733856494,2021,0
0,0.0261460733856494,2021,0
0,0.0261460733856494,2021,0
0,0.0261460733856494,2021,0
0,0.0261460733856494,2021,0
0,0.024924813962041,2021,0
0,0.034457168897241,2021,0
0,0.0348865448913838,2021,0
0,0.0261460733856494,2021,0
0,0.0261460733856494,2021,0
0,0.0261460733856494,2021,0
0,0.0261460733856494,2021,0
0,0.0260310432209313,2021,0
0,0.0234868813102107,2021,0
0,0.0104299291481674,2021,0
0,0.0104299291481674,2021,0
0,0.0234868813102107,2021,0
0,0.0104299291481674,2021,0
0,0.0234868813102107,2021,0
0,0.0104299291481674,2021,0
0,0.0290461486540849,2021,0
0,0.0285027113537271,2021,0
0,0.0445575494070327,2021,0
0,0.0445575494070327,2021,0
0,0.0445575494070327,2021,0
0,0.101351425249932,2021,0
0,0.01363952658566,2021,0
0,0.01363952658566,2021,0
0,0.01363952658566,2021,0
0,0.0177488095242652,2021,0
0,0.0478933657142348,2021,0
0,0.0357339471054742,2021,0
0,0.0349697344027178,2021,0
0,0.0684649506183542,2021,0
0,0.0266743858198419,2021,0
0,0.0652907378014927,2021,0
0,0.0549172770730708,2021,0
0,0.0652907378014927,2021,0
0,0.0549172770730708,2021,0
0,0.0527789911838372,2021,0
0,0.0287317542852371,2021,0
0,0.0287317542852371,2021,0
0,0.0287317542852371,2021,0
0,0.0287317542852371,2021,0
0,0.0287317542852371,2021,0
0,0.027549580319907,2021,0
0,0.0287317542852371,2021,0
0,0.0287317542852371,2021,0
0,0.0287317542852371,2021,0
0,0.0260592517673207,2021,0
0,0.0270090971962078,2021,0
0,0.0287317542852371,2021,0
0,0.0372845247413946,2021,0
0,0.0287317542852371,2021,0
0,0.027549580319907,2021,0
0,0.0287317542852371,2021,0
0,0.0287317542852371,2021,0
0,0.027549580319907,2021,0
0,0.0287317542852371,2021,0
0,0.0284722043859839,2021,0
0,0.0287317542852371,2021,0
0,0.0287317542852371,2021,0
0,0.0287317542852371,2021,0
0,0.0380089417803419,2021,0
0,0.0287317542852371,2021,0
0,0.0287317542852371,2021,0
0,0.0494470245047122,2021,0
0,0.0494470245047122,2021,0
0,0.0494470245047122,2021,0
0,0.0494470245047122,2021,0
0,0.0494470245047122,2021,0
0,0.0207370307090968,2021,0
0,0.0207370307090968,2021,0
0,0.0361324603174561,2021,0
0,0.0361324603174561,2021,0
0,0.0408810075517247,2021,0
0,0.0361324603174561,2021,0
0,0.0361324603174561,2021,0
0,NA,2021,NA
0,0.0341309093544111,2021,0
0,0.0257159628989282,2021,0
0,0.0335769847414856,2021,0
0,0.0417148703976061,2021,0
0,0.0691400491293911,2021,0
0,0.0416736054651805,2021,0
0,0.0416736054651805,2021,0
0,0.0348616315759139,2021,0
0,0.0416736054651805,2021,0
0,0.063346482479488,2021,0
0,0.0300181733460333,2021,0
0,0.0493957501709565,2021,0
0,0.0416736054651805,2021,0
0,0.0417148703976061,2021,0
0,0.0407060548805672,2021,0
0,0.0691400491293911,2021,0
0,0.0416736054651805,2021,0
0,0.0416736054651805,2021,0
0,0.0416736054651805,2021,0
0,0.0567595379553049,2021,0
0,0.0691400491293911,2021,0
0,0.0416736054651805,2021,0
0,0.0416736054651805,2021,0
0,0.0416736054651805,2021,0
0,0.0416736054651805,2021,0
0,0.0416736054651805,2021,0
0,0.0408786421287021,2021,0
0,0.0416736054651805,2021,0
0,0.0691400491293911,2021,0
0,0.0416736054651805,2021,0
0,0.0691400491293911,2021,0
0,0.0416736054651805,2021,0
0,0.0510294025069796,2021,0
0,0.0416736054651805,2021,0
0,0.0631939261925376,2021,0
0,0.0416736054651805,2021,0
0,0.0416736054651805,2021,0
0,0.0416736054651805,2021,0
0,0.0416736054651805,2021,0
0,0.0416736054651805,2021,0
0,0.0416736054651805,2021,0
0,0.0416736054651805,2021,0
0,0.0416736054651805,2021,0
0,0.0416736054651805,2021,0
0,0.0662232901040003,2021,0
0,0.0417148703976061,2021,0
0,0.0346887302437197,2021,0
0,0.0416736054651805,2021,0
0,0.0416736054651805,2021,0
0,0.0416736054651805,2021,0
0,0.0416736054651805,2021,0
0,0.0416736054651805,2021,0
0,0.0416736054651805,2021,0
0,0.0416736054651805,2021,0
0,0.0408786421287021,2021,0
0,0.0417148703976061,2021,0
0,0.0300181733460333,2021,0
0,0.0417148703976061,2021,0
0,0.0416736054651805,2021,0
0,0.0416736054651805,2021,0
0,0.0567595379553049,2021,0
0,0.0416736054651805,2021,0
0,0.0691400491293911,2021,0
0,0.0567595379553049,2021,0
0,0.0407060548805672,2021,0
0,0.0417148703976061,2021,0
0,0.0417148703976061,2021,0
0,0.0416736054651805,2021,0
0,0.0122409676060155,2021,0
0,0.0267083087825573,2021,0
0,0.0122409676060155,2021,0
0,0.0267083087825573,2021,0
0,0.0267083087825573,2021,0
0,0.0122409676060155,2021,0
0,0.0122409676060155,2021,0
0,0.0214601420529207,2021,0
0,0.0271482472272414,2021,0
0,0.0287687969412476,2021,0
0,0.0414128067012034,2021,0
0,0.0414128067012034,2021,0
0,0.0414128067012034,2021,0
0,0.0414128067012034,2021,0
0,0.0414128067012034,2021,0
0,0.0414128067012034,2021,0
0,0.0510246387568365,2021,0
0,0.04446233182217,2021,0
0,0.0488606417857206,2021,0
0,0.0568889708895202,2021,0
0,0.0828079090226776,2021,0
0,0.083891323413492,2021,0
0,0.0338258513919502,2021,0
0,0.0284083977425023,2021,0
0,0.0284083977425023,2021,0
0,0.105734266141053,2021,0
0,0.112878047124616,2021,0
0,0.0152244894029763,2021,0
0,0.0152244894029763,2021,0
0,0.0152244894029763,2021,0
0,0.0181550295967053,2021,0
0,0.0330561189815197,2021,0
0,0.0373280038380809,2021,0
0,0.0342630381028904,2021,0
0,0.0792795907912403,2021,0
0,0.0280999158417371,2021,0
0,0.0377817278203217,2021,0
0,0.0377817278203217,2021,0
0,0.0408723227292636,2021,0
0,0.0570998123648103,2021,0
0,0.0570998123648103,2021,0
0,0.0680956627462388,2021,0
0,0.0567245555489832,2021,0
0,0.0418765759830925,2021,0
0,0.0320484372026479,2021,0
0,0.0320484372026479,2021,0
0,0.0315495477928428,2021,0
0,0.0320484372026479,2021,0
0,0.0320484372026479,2021,0
0,0.0320484372026479,2021,0
0,0.0309851747235644,2021,0
0,0.0418765759830925,2021,0
0,0.0320484372026479,2021,0
0,0.0320484372026479,2021,0
0,0.0320484372026479,2021,0
0,0.0294730486572058,2021,0
0,0.0320484372026479,2021,0
0,0.0320484372026479,2021,0
0,0.0320484372026479,2021,0
0,0.0320484372026479,2021,0
0,0.0320484372026479,2021,0
0,0.0309851747235644,2021,0
0,0.0406817431500056,2021,0
0,0.0320484372026479,2021,0
0,0.0320484372026479,2021,0
0,0.0301579049823674,2021,0
0,0.0320484372026479,2021,0
0,0.0320484372026479,2021,0
0,0.0439424636183444,2021,0
0,0.0439424636183444,2021,0
0,0.0439424636183444,2021,0
0,0.0439424636183444,2021,0
0,0.0439424636183444,2021,0
0,0.0202460745965067,2021,0
0,0.0202460745965067,2021,0
0,0.0376342212262108,2021,0
0,0.0376342212262108,2021,0
0,0.0376342212262108,2021,0
0,0.0376342212262108,2021,0
0,0.0425174415288002,2021,0
0,NA,2021,NA
0,0.0331980777301642,2021,0
0,0.0248046967781157,2021,0
0,0.0323925242968856,2021,0
0,0.0525632265090255,2021,0
0,0.0387774050540767,2021,0
0,0.047244743623233,2021,0
0,0.0640684952599021,2021,0
0,0.0386256067417728,2021,0
0,0.0386256067417728,2021,0
0,0.0386256067417728,2021,0
0,0.0278565424013912,2021,0
0,0.0386256067417728,2021,0
0,0.0386256067417728,2021,0
0,0.0640684952599021,2021,0
0,0.0386256067417728,2021,0
0,0.0386256067417728,2021,0
0,0.032368999462821,2021,0
0,0.0387774050540767,2021,0
0,0.0386256067417728,2021,0
0,0.0386256067417728,2021,0
0,0.0386256067417728,2021,0
0,0.0585017881439861,2021,0
0,0.0612521707582878,2021,0
0,0.0386256067417728,2021,0
0,0.0458060435451389,2021,0
0,0.0640684952599021,2021,0
0,0.0386256067417728,2021,0
0,0.0386256067417728,2021,0
0,0.0640684952599021,2021,0
0,0.0386256067417728,2021,0
0,0.0378897674159198,2021,0
0,0.0386256067417728,2021,0
0,0.0386256067417728,2021,0
0,0.0386256067417728,2021,0
0,0.0376535706852995,2021,0
0,0.0386256067417728,2021,0
0,0.0386256067417728,2021,0
0,0.0386256067417728,2021,0
0,0.0525632265090255,2021,0
0,0.0386256067417728,2021,0
0,0.0387774050540767,2021,0
0,0.0386256067417728,2021,0
0,0.0386256067417728,2021,0
0,0.0386256067417728,2021,0
0,0.0386256067417728,2021,0
0,0.0378897674159198,2021,0
0,0.0386256067417728,2021,0
0,0.0386256067417728,2021,0
0,0.0387774050540767,2021,0
0,0.0386256067417728,2021,0
0,0.0387774050540767,2021,0
0,0.0386256067417728,2021,0
0,0.0525632265090255,2021,0
0,0.0386256067417728,2021,0
0,0.0387774050540767,2021,0
0,0.0586003359438866,2021,0
0,0.0386256067417728,2021,0
0,0.0386256067417728,2021,0
0,0.0386256067417728,2021,0
0,0.0386256067417728,2021,0
0,0.0387774050540767,2021,0
0,0.0376535706852995,2021,0
0,0.0640684952599021,2021,0
0,0.0386256067417728,2021,0
0,0.0278565424013912,2021,0
0,0.0322571017365337,2021,0
0,0.0386256067417728,2021,0
0,0.011778163025814,2021,0
0,0.025503896101681,2021,0
0,0.011778163025814,2021,0
0,0.011778163025814,2021,0
0,0.011778163025814,2021,0
0,0.025503896101681,2021,0
0,0.025503896101681,2021,0
0,0.0674754495230329,2021,0
0,0.0276076483499316,2021,0
0,0.036414104561364,2021,0
0,0.0387116573179331,2021,0
0,0.0401295335814524,2021,0
0,0.0401295335814524,2021,0
0,0.0401295335814524,2021,0
0,0.0401295335814524,2021,0
0,0.0401295335814524,2021,0
0,0.0401295335814524,2021,0
0,0.0626342740210808,2021,0
0,0.057370189985816,2021,0
0,0.0507963973813794,2021,0
0,0.0969453516520316,2021,0
0,0.0975708759644895,2021,0
0,0.0380286498158618,2021,0
0,0.0306613370549821,2021,0
0,0.110511707815273,2021,0
0,0.0162494680541829,2021,0
0,0.0162494680541829,2021,0
0,0.0162494680541829,2021,0
0,0.0203666329149287,2021,0
0,0.127931256487478,2021,0
0,0.0372617352029696,2021,0
0,0.0264427512764727,2021,0
0,0.0380942087425223,2021,0
0,0.0336742475022327,2021,0
0,0.0770710512642863,2021,0
0,0.0287193875585363,2021,0
0,0.0346998207411734,2021,0
0,0.0683357068860148,2021,0
0,0.0505000916251371,2021,0
0,0.0411371921184886,2021,0
0,0.0380123026709861,2021,0
0,0.0568166218713724,2021,0
0,0.0568166218713724,2021,0
0,0.0680709501860153,2021,0
0,0.0514691466429679,2021,0
0,0.0652328963262039,2021,0
0,0.0424941068895795,2021,0
0,0.0655835440318702,2021,0
0,0.0579016894548964,2021,0
0,0.036016909321299,2021,0
0,0.0332091588339266,2021,0
0,0.046913078905273,2021,0
0,0.036016909321299,2021,0
0,0.034892859359154,2021,0
0,0.036016909321299,2021,0
0,0.034892859359154,2021,0
0,0.036016909321299,2021,0
0,0.036016909321299,2021,0
0,0.046913078905273,2021,0
0,0.036016909321299,2021,0
0,0.036016909321299,2021,0
0,0.036016909321299,2021,0
0,0.0454685826224056,2021,0
0,0.036016909321299,2021,0
0,0.036016909321299,2021,0
0,0.036016909321299,2021,0
0,0.036016909321299,2021,0
0,0.036016909321299,2021,0
0,0.0339012131175159,2021,0
0,0.036016909321299,2021,0
0,0.036016909321299,2021,0
0,0.036016909321299,2021,0
0,0.036016909321299,2021,0
0,0.0354001465486837,2021,0
0,0.0501125304539523,2021,0
0,0.0501125304539523,2021,0
0,0.0501125304539523,2021,0
0,0.0501125304539523,2021,0
0,0.0501125304539523,2021,0
0,0.0256290794953608,2021,0
0,0.0256290794953608,2021,0
0,0.0514794736456397,2021,0
0,0.0464540819083071,2021,0
0,0.0464540819083071,2021,0
0,0.0464540819083071,2021,0
0,0.0464540819083071,2021,0
0,NA,2021,NA
0,0.0370523678159937,2021,0
0,0.0339987659890983,2021,0
0,0.0262004251957725,2021,0
0,0.0339251350891971,2021,0
0,0.0403592365353721,2021,0
0,0.0403592365353721,2021,0
0,0.0405254754420743,2021,0
0,0.0403592365353721,2021,0
0,0.0403592365353721,2021,0
0,0.0403592365353721,2021,0
0,0.0403592365353721,2021,0
0,0.0403592365353721,2021,0
0,0.0292653770514795,2021,0
0,0.0663725547527734,2021,0
0,0.0403592365353721,2021,0
0,0.0403592365353721,2021,0
0,0.0403592365353721,2021,0
0,0.0546358234208637,2021,0
0,0.0403592365353721,2021,0
0,0.0403592365353721,2021,0
0,0.0393531300759964,2021,0
0,0.0403592365353721,2021,0
0,0.0546358234208637,2021,0
0,0.0405254754420743,2021,0
0,0.0405254754420743,2021,0
0,0.0477286109366874,2021,0
0,0.0403592365353721,2021,0
0,0.0634935474076131,2021,0
0,0.0491952685331148,2021,0
0,0.0403592365353721,2021,0
0,0.0403592365353721,2021,0
0,0.0403592365353721,2021,0
0,0.0403592365353721,2021,0
0,0.060695196817246,2021,0
0,0.0403592365353721,2021,0
0,0.0403592365353721,2021,0
0,0.0396032479845403,2021,0
0,0.0403592365353721,2021,0
0,0.0546358234208637,2021,0
0,0.0403592365353721,2021,0
0,0.0405254754420743,2021,0
0,0.0403592365353721,2021,0
0,0.0663725547527734,2021,0
0,0.0663725547527734,2021,0
0,0.0403592365353721,2021,0
0,0.0663725547527734,2021,0
0,0.0405254754420743,2021,0
0,0.0403592365353721,2021,0
0,0.0393531300759964,2021,0
0,0.0403592365353721,2021,0
0,0.0403592365353721,2021,0
0,0.0403592365353721,2021,0
0,0.0403592365353721,2021,0
0,0.0405254754420743,2021,0
0,0.0403592365353721,2021,0
0,0.0663725547527734,2021,0
0,0.0396032479845403,2021,0
0,0.0403592365353721,2021,0
0,0.0607918548837908,2021,0
0,0.0403592365353721,2021,0
0,0.0403592365353721,2021,0
0,0.0403592365353721,2021,0
0,0.0292653770514795,2021,0
0,0.0403592365353721,2021,0
0,0.0403592365353721,2021,0
0,0.0338141645629718,2021,0
0,0.0405254754420743,2021,0
0,0.0277906389130955,2021,0
0,0.0128478829095542,2021,0
0,0.0128478829095542,2021,0
0,0.0277906389130955,2021,0
0,0.0128478829095542,2021,0
0,0.0277906389130955,2021,0
0,0.0128478829095542,2021,0
0,0.0698633295511998,2021,0
0,0.12326171925342,2021,0
0,0.0321020487750304,2021,0
0,0.0403956623503716,2021,0
0,0.0425702936268256,2021,0
0,0.0425702936268256,2021,0
0,0.0425702936268256,2021,0
0,0.0425702936268256,2021,0
0,0.0425702936268256,2021,0
0,0.0425702936268256,2021,0
0,0.0541755800734012,2021,0
0,0.0665463663386845,2021,0
0,0.0609853843966875,2021,0
0,0.104791190403395,2021,0
0,0.103855551250718,2021,0
0,0.0343668764734406,2021,0
0,0.0630240212550529,2021,0
0,0.106624890242335,2021,0
0,0.0164193307373496,2021,0
0,0.0164193307373496,2021,0
0,0.0164193307373496,2021,0
0,0.0225908275838701,2021,0
0,0.0316539639526204,2021,0
0,0.136490720617859,2021,0
0,0.0299783725069876,2021,0
0,0.0376734771164719,2021,0
0,0.0166593593159288,2021,0
0,0.0792803950220666,2021,0
0,0.0321746407530862,2021,0
0,0.0752803790926913,2021,0
0,0.0549909491619879,2021,0
0,0.0458893253773355,2021,0
0,0.043280981957056,2021,0
0,0.0735932648049754,2021,0
0,0.0709485047426934,2021,0
0,0.0558746866048696,2021,0
0,0.0704559318269221,2021,0
0,0.0613633401637324,2021,0
0,0.0613633401637324,2021,0
0,0.0735932648049754,2021,0
0,0.0466699203072222,2021,0
0,0.0632010199794372,2021,0
0,0.0388200343925841,2021,0
0,0.0388200343925841,2021,0
0,0.0388200343925841,2021,0
0,0.0388200343925841,2021,0
0,0.0388200343925841,2021,0
0,0.0388200343925841,2021,0
0,0.0364895851617053,2021,0
0,0.0388200343925841,2021,0
0,0.0388200343925841,2021,0
0,0.0388200343925841,2021,0
0,0.0388200343925841,2021,0
0,0.0378269836141513,2021,0
0,0.050536964113229,2021,0
0,0.0388200343925841,2021,0
0,0.0485286833166867,2021,0
0,0.0388200343925841,2021,0
0,0.0379218873202371,2021,0
0,0.0388200343925841,2021,0
0,0.0388200343925841,2021,0
0,0.0388200343925841,2021,0
0,0.0388200343925841,2021,0
0,0.0388200343925841,2021,0
0,0.0378269836141513,2021,0
0,0.0388200343925841,2021,0
0,0.0360406516949617,2021,0
0,0.0378269836141513,2021,0
0,0.0388200343925841,2021,0
0,0.050536964113229,2021,0
0,0.057245530671118,2021,0
0,0.057245530671118,2021,0
0,0.057245530671118,2021,0
0,0.057245530671118,2021,0
0,0.057245530671118,2021,0
0,0.0281680147472059,2021,0
0,0.0281680147472059,2021,0
0,0.0436334183042691,2021,0
0,0.0486285503426093,2021,0
0,0.0436334183042691,2021,0
0,0.0436334183042691,2021,0
0,0.0436334183042691,2021,0
0,NA,2021,NA
0,0.0404648052322889,2021,0
0,0.0381499987699713,2021,0
0,0.0299242389789329,2021,0
0,0.0462204620299629,2021,0
0,0.0453989139979766,2021,0
0,0.0462204620299629,2021,0
0,0.0462204620299629,2021,0
0,0.0462204620299629,2021,0
0,0.0541673791945547,2021,0
0,0.0616547760831993,2021,0
0,0.074113581855559,2021,0
0,0.0340333106608993,2021,0
0,0.0462749689803663,2021,0
0,0.0462204620299629,2021,0
0,0.0462749689803663,2021,0
0,0.0462204620299629,2021,0
0,0.0462204620299629,2021,0
0,0.0462204620299629,2021,0
0,0.0462204620299629,2021,0
0,0.074113581855559,2021,0
0,0.0462204620299629,2021,0
0,0.0462749689803663,2021,0
0,0.0462204620299629,2021,0
0,0.0462749689803663,2021,0
0,0.074113581855559,2021,0
0,0.074113581855559,2021,0
0,0.0462204620299629,2021,0
0,0.0462204620299629,2021,0
0,0.0462204620299629,2021,0
0,0.0462204620299629,2021,0
0,0.0711785141758366,2021,0
0,0.0462204620299629,2021,0
0,0.0391352433398304,2021,0
0,0.0682923668723564,2021,0
0,0.0462204620299629,2021,0
0,0.0616547760831993,2021,0
0,0.0462204620299629,2021,0
0,0.0462204620299629,2021,0
0,0.0616547760831993,2021,0
0,0.0462749689803663,2021,0
0,0.0462204620299629,2021,0
0,0.0340333106608993,2021,0
0,0.0462749689803663,2021,0
0,0.0462204620299629,2021,0
0,0.0389591735428468,2021,0
0,0.0462204620299629,2021,0
0,0.0462204620299629,2021,0
0,0.0462204620299629,2021,0
0,0.0453989139979766,2021,0
0,0.0462204620299629,2021,0
0,0.0462204620299629,2021,0
0,0.0462204620299629,2021,0
0,0.0462204620299629,2021,0
0,0.0452090732999355,2021,0
0,0.0462204620299629,2021,0
0,0.0462204620299629,2021,0
0,0.0462204620299629,2021,0
0,0.0452090732999355,2021,0
0,0.0462749689803663,2021,0
0,0.0462204620299629,2021,0
0,0.0462204620299629,2021,0
0,0.0462204620299629,2021,0
0,0.0462204620299629,2021,0
0,0.0558285400465589,2021,0
0,0.0462204620299629,2021,0
0,0.074113581855559,2021,0
0,0.0681433230818748,2021,0
0,0.0338297121712943,2021,0
0,0.0338297121712943,2021,0
0,0.0160494022724766,2021,0
0,0.0160494022724766,2021,0
0,0.0160494022724766,2021,0
0,0.0160494022724766,2021,0
0,0.0338297121712943,2021,0
0,0.0847286420630761,2021,0
0,0.0164538621741528,2021,0
0,0.0375920659354897,2021,0
0,0.0370634590519408,2021,0
0,0.0548779264593901,2021,0
0,0.0548779264593901,2021,0
0,0.0548779264593901,2021,0
0,0.0548779264593901,2021,0
0,0.0548779264593901,2021,0
0,0.0548779264593901,2021,0
0,0.0729221145133569,2021,0
0,0.0665891866541987,2021,0
0,0.0598739565524612,2021,0
0,0.111726893550839,2021,0
0,0.105922755467367,2021,0
0,0.0406248543900931,2021,0
0,0.0499247131565156,2021,0
0,0.0763482852506119,2021,0
0,0.13143431517031,2021,0
0,0.0893693316842004,2021,0
0,0.0196930252815641,2021,0
0,0.0196930252815641,2021,0
0,0.0196930252815641,2021,0
0,0.0285147989850158,2021,0
0,0.037181691382138,2021,0
0,0.135087554887655,2021,0
0,0.0350322986885991,2021,0
0,0.0468238002225675,2021,0
0,0.0211620701241531,2021,0
0,0.0960289109255372,2021,0
0,0.0385314040281457,2021,0
0,0.0928349672866343,2021,0
0,0.0679882988726894,2021,0
0,0.0515786903896349,2021,0
0,0.0531023587423626,2021,0
0,0.0515786903896349,2021,0
0,0.0794428523561302,2021,0
0,0.0687221113931479,2021,0
0,0.0822961423150679,2021,0
0,0.0535372375059833,2021,0
0,0.0630240571054215,2021,0
0,0.0822961423150679,2021,0
0,0.0687221113931479,2021,0
0,0.0787458371300436,2021,0
0,0.0697997061206872,2021,0
0,0.0619400909536861,2021,0
0,0.0406363157590147,2021,0
0,0.0406363157590147,2021,0
0,0.0520507799181974,2021,0
0,0.0406363157590147,2021,0
0,0.0406363157590147,2021,0
0,0.0406363157590147,2021,0
0,0.038360897343266,2021,0
0,0.0406363157590147,2021,0
0,0.0406363157590147,2021,0
0,0.0406363157590147,2021,0
0,0.0406363157590147,2021,0
0,0.0406363157590147,2021,0
0,0.0406363157590147,2021,0
0,0.0495024785255724,2021,0
0,0.0406363157590147,2021,0
0,0.0382682885551097,2021,0
0,0.0406363157590147,2021,0
0,0.0399537025939542,2021,0
0,0.0406363157590147,2021,0
0,0.0406363157590147,2021,0
0,0.0406363157590147,2021,0
0,0.0520507799181974,2021,0
0,0.0399537025939542,2021,0
0,0.0394325927782958,2021,0
0,0.0406363157590147,2021,0
0,0.0406363157590147,2021,0
0,0.0597822207473782,2021,0
0,0.0597822207473782,2021,0
0,0.0597822207473782,2021,0
0,0.0597822207473782,2021,0
0,0.0597822207473782,2021,0
0,0.0433800269464139,2021,0
0,0.0385252042433203,2021,0
0,0.0385252042433203,2021,0
0,0.0385252042433203,2021,0
0,0.0433800269464139,2021,0
0,0.0385252042433203,2021,0
0,0.0433800269464139,2021,0
0,NA,2021,NA
0,0.0430282719644383,2021,0
0,0.0425782923067895,2021,0
0,0.0338675946087863,2021,0
0,0.0844585174865863,2021,0
0,0.054364174409898,2021,0
0,0.054364174409898,2021,0
0,0.0533777174207772,2021,0
0,0.054364174409898,2021,0
0,0.054364174409898,2021,0
0,0.054364174409898,2021,0
0,0.0844585174865863,2021,0
0,0.054364174409898,2021,0
0,0.054364174409898,2021,0
0,0.054364174409898,2021,0
0,0.054364174409898,2021,0
0,0.0844585174865863,2021,0
0,0.0844585174865863,2021,0
0,0.0542363614210223,2021,0
0,0.0844585174865863,2021,0
0,0.054364174409898,2021,0
0,0.054364174409898,2021,0
0,0.054364174409898,2021,0
0,0.054364174409898,2021,0
0,0.054364174409898,2021,0
0,0.0542363614210223,2021,0
0,0.054364174409898,2021,0
0,0.040808950811227,2021,0
0,0.054364174409898,2021,0
0,0.054364174409898,2021,0
0,0.054364174409898,2021,0
0,0.054364174409898,2021,0
0,0.054364174409898,2021,0
0,0.0711896545142313,2021,0
0,0.054364174409898,2021,0
0,0.0542363614210223,2021,0
0,0.054364174409898,2021,0
0,0.054364174409898,2021,0
0,0.054364174409898,2021,0
0,0.054364174409898,2021,0
0,0.0711896545142313,2021,0
0,0.0533777174207772,2021,0
0,0.0649167034804927,2021,0
0,0.054364174409898,2021,0
0,0.0844585174865863,2021,0
0,0.0542363614210223,2021,0
0,0.053463169626169,2021,0
0,0.0542363614210223,2021,0
0,0.0784058210028551,2021,0
0,0.054364174409898,2021,0
0,0.0542363614210223,2021,0
0,0.0542363614210223,2021,0
0,0.054364174409898,2021,0
0,0.0711896545142313,2021,0
0,0.054364174409898,2021,0
0,0.053463169626169,2021,0
0,0.0464554411765965,2021,0
0,0.054364174409898,2021,0
0,0.0781795277353955,2021,0
0,0.054364174409898,2021,0
0,0.054364174409898,2021,0
0,0.0815058925667177,2021,0
0,0.054364174409898,2021,0
0,0.062994766988003,2021,0
0,0.054364174409898,2021,0
0,0.054364174409898,2021,0
0,0.0461782909368856,2021,0
0,0.054364174409898,2021,0
0,0.040808950811227,2021,0
0,0.03570320316605,2021,0
0,0.03570320316605,2021,0
0,0.03570320316605,2021,0
0,0.0172243125744793,2021,0
0,0.0172243125744793,2021,0
0,0.0172243125744793,2021,0
0,0.0172243125744793,2021,0
0,0.0954320148109205,2021,0
0,0.0354842709495644,2021,0
0,0.0334295527328453,2021,0
0,0.0415655366229893,2021,0
0,0.0524048896939786,2021,0
0,0.0524048896939786,2021,0
0,0.0524048896939786,2021,0
0,0.0524048896939786,2021,0
0,0.0524048896939786,2021,0
0,0.0524048896939786,2021,0
0,0.0553931000049293,2021,0
0,0.0618170665074723,2021,0
0,0.067620699077202,2021,0
0,0.0943624806900757,2021,0
0,0.0961242096510175,2021,0
0,0.0371368895247417,2021,0
0,0.0305082072155409,2021,0
0,0.0719630708506269,2021,0
0,0.0466679840832397,2021,0
0,0.0208630646634262,2021,0
0,0.0208630646634262,2021,0
0,0.0208630646634262,2021,0
0,0.0246073534140439,2021,0
0,0.0647259458036887,2021,0
0,0.0407106992709527,2021,0
0,0.0296959761908743,2021,0
0,0.040308257554253,2021,0
0,0.0192502615366642,2021,0
0,0.0423249976907457,2021,0
0,0.0922383372337632,2021,0
0,0.0346778024592155,2021,0
0,0.0450228330696198,2021,0
0,0.0615234479975885,2021,0
0,0.0485108624559243,2021,0
0,0.0462459319375168,2021,0
0,0.0462459319375168,2021,0
0,0.0513006723703275,2021,0
0,0.0750032921077603,2021,0
0,0.075421185185708,2021,0
0,0.077956382098478,2021,0
0,0.077956382098478,2021,0
0,0.0662703570334188,2021,0
0,0.0662703570334188,2021,0
0,0.060553723997944,2021,0
0,0.0667150657412928,2021,0
0,0.0610350387317169,2021,0
0,0.0405295581223435,2021,0
0,0.0498598669219633,2021,0
0,0.0405295581223435,2021,0
0,0.0385773995827078,2021,0
0,0.0405295581223435,2021,0
0,0.0405295581223435,2021,0
0,0.0498598669219633,2021,0
0,0.039808649564143,2021,0
0,0.0405295581223435,2021,0
0,0.0405295581223435,2021,0
0,0.0405295581223435,2021,0
0,0.0405295581223435,2021,0
0,0.0405295581223435,2021,0
0,0.0396680019923236,2021,0
0,0.0480913806415705,2021,0
0,0.0405295581223435,2021,0
0,0.0405295581223435,2021,0
0,0.0405295581223435,2021,0
0,0.0405295581223435,2021,0
0,0.0405295581223435,2021,0
0,0.0405295581223435,2021,0
0,0.0405295581223435,2021,0
0,0.0405295581223435,2021,0
0,0.0405295581223435,2021,0
0,0.0387515735622791,2021,0
0,0.0405295581223435,2021,0
0,0.039808649564143,2021,0
0,0.0496999751039163,2021,0
0,0.0496999751039163,2021,0
0,0.0496999751039163,2021,0
0,0.0496999751039163,2021,0
0,0.0496999751039163,2021,0
0,0.0234904451248005,2021,0
0,0.0398834220054034,2021,0
0,0.0398834220054034,2021,0
0,0.0398834220054034,2021,0
0,0.0398834220054034,2021,0
0,0.0449159671538458,2021,0
0,0.0449159671538458,2021,0
0,0.0449159671538458,2021,0
0,NA,2021,NA
0,0.0381751464462468,2021,0
0,0.0299188460349947,2021,0
0,0.0381262694531387,2021,0
0,0.0493907804571852,2021,0
0,0.0493907804571852,2021,0
0,0.0494896729177461,2021,0
0,0.0493907804571852,2021,0
0,0.0493907804571852,2021,0
0,0.064924749474798,2021,0
0,0.0369363080754173,2021,0
0,0.0485577079043545,2021,0
0,0.0493907804571852,2021,0
0,0.0493907804571852,2021,0
0,0.0493907804571852,2021,0
0,0.0493907804571852,2021,0
0,0.0493907804571852,2021,0
0,0.0493907804571852,2021,0
0,0.064924749474798,2021,0
0,0.0493907804571852,2021,0
0,0.0493907804571852,2021,0
0,0.0494896729177461,2021,0
0,0.0493907804571852,2021,0
0,0.0493907804571852,2021,0
0,0.0493907804571852,2021,0
0,0.0773382697804304,2021,0
0,0.0773382697804304,2021,0
0,0.0493907804571852,2021,0
0,0.0493907804571852,2021,0
0,0.0369363080754173,2021,0
0,0.0493907804571852,2021,0
0,0.0493907804571852,2021,0
0,0.0493907804571852,2021,0
0,0.0493907804571852,2021,0
0,0.0483331543115918,2021,0
0,0.0493907804571852,2021,0
0,0.0494896729177461,2021,0
0,0.0483331543115918,2021,0
0,0.0494896729177461,2021,0
0,0.0493907804571852,2021,0
0,0.0713871642215124,2021,0
0,0.0420273740843157,2021,0
0,0.0743830547008205,2021,0
0,0.0494896729177461,2021,0
0,0.0773382697804304,2021,0
0,0.0493907804571852,2021,0
0,0.0493907804571852,2021,0
0,0.0493907804571852,2021,0
0,0.0493907804571852,2021,0
0,0.0493907804571852,2021,0
0,0.0493907804571852,2021,0
0,0.0494896729177461,2021,0
0,0.0493907804571852,2021,0
0,0.0421887596756172,2021,0
0,0.0574358394317979,2021,0
0,0.0493907804571852,2021,0
0,0.0494896729177461,2021,0
0,0.0590790743479728,2021,0
0,0.0715198083911202,2021,0
0,0.0493907804571852,2021,0
0,0.0773382697804304,2021,0
0,0.0493907804571852,2021,0
0,0.0773382697804304,2021,0
0,0.0493907804571852,2021,0
0,0.064924749474798,2021,0
0,0.0493907804571852,2021,0
0,0.0493907804571852,2021,0
0,0.0773382697804304,2021,0
0,0.0485577079043545,2021,0
0,0.0143987585193622,2021,0
0,0.0299326947758821,2021,0
0,0.0143987585193622,2021,0
0,0.0143987585193622,2021,0
0,0.0143987585193622,2021,0
0,0.0299326947758821,2021,0
0,0.0299326947758821,2021,0
0,0.0837452844801359,2021,0
0,0.0379760256243036,2021,0
0,0.0284347419489538,2021,0
0,0.0365816871940968,2021,0
0,0.0396231558403314,2021,0
0,0.0386303269823411,2021,0
0,0.0386303269823411,2021,0
0,0.0386303269823411,2021,0
0,0.0386303269823411,2021,0
0,0.0386303269823411,2021,0
0,0.0386303269823411,2021,0
0,0.0571874875150048,2021,0
0,0.0459743264877144,2021,0
0,0.0523303191491221,2021,0
0,0.0814978303533942,2021,0
0,0.0858906500063924,2021,0
0,0.0284489317100683,2021,0
0,0.032170811297201,2021,0
0,0.058350189130403,2021,0
0,0.0391311668775506,2021,0
0,0.0188985122688419,2021,0
0,0.0188985122688419,2021,0
0,0.0188985122688419,2021,0
0,0.0184651225817738,2021,0
0,0.0225733361250374,2021,0
0,0.0244592431381493,2021,0
0,0.0468603539105757,2021,0
0,0.0167996697658728,2021,0
0,0.0385658773944603,2021,0
0,0.0837772819185993,2021,0
0,0.0285946047988237,2021,0
0,0.0304456973152973,2021,0
0,0.0382659387663338,2021,0
0,0.0520470158819343,2021,0
0,0.0408723515397827,2021,0
0,0.0438197594442344,2021,0
0,0.0408723515397827,2021,0
0,0.0592718906402563,2021,0
0,0.0669933295751688,2021,0
0,0.0668103847248173,2021,0
0,0.069242409271297,2021,0
0,0.0537815460291752,2021,0
0,0.069242409271297,2021,0
0,0.0592718906402563,2021,0
0,0.0449506016890567,2021,0
0,0.0614011197918928,2021,0
0,0.0569651216876032,2021,0
0,0.0367062782127538,2021,0
0,0.0383667439067147,2021,0
0,0.0383667439067147,2021,0
0,0.0383667439067147,2021,0
0,0.0383667439067147,2021,0
0,0.0383667439067147,2021,0
0,0.0456740792324042,2021,0
0,0.0466095625825393,2021,0
0,0.0466095625825393,2021,0
0,0.0383667439067147,2021,0
0,0.0383667439067147,2021,0
0,0.0383667439067147,2021,0
0,0.0374096204054735,2021,0
0,0.0383667439067147,2021,0
0,0.0383667439067147,2021,0
0,0.0383667439067147,2021,0
0,0.0383667439067147,2021,0
0,0.0383667439067147,2021,0
0,0.0383667439067147,2021,0
0,0.0374096204054735,2021,0
0,0.03652003963758,2021,0
0,0.037936334054391,2021,0
0,0.0383667439067147,2021,0
0,0.0383667439067147,2021,0
0,0.0383667439067147,2021,0
0,0.0383667439067147,2021,0
0,0.0383667439067147,2021,0
0,0.0374096204054735,2021,0
0,0.0383667439067147,2021,0
0,0.0433845140940487,2021,0
0,0.0433845140940487,2021,0
0,0.0433845140940487,2021,0
0,0.0433845140940487,2021,0
0,0.0433845140940487,2021,0
0,0.0219425669486378,2021,0
0,0.0219425669486378,2021,0
0,0.0219425669486378,2021,0
0,0.0489966026919324,2021,0
0,0.0542570260481383,2021,0
0,0.0489966026919324,2021,0
0,0.0489966026919324,2021,0
0,0.0542570260481383,2021,0
0,0.0489966026919324,2021,0
0,0.0542570260481383,2021,0
0,NA,2021,NA
0,0.0346742122374566,2021,0
0,0.0343241452104715,2021,0
0,0.0267335306311788,2021,0
0,0.0430388982698188,2021,0
0,0.0430388982698188,2021,0
0,0.0430388982698188,2021,0
0,0.0419465097911757,2021,0
0,0.0430388982698188,2021,0
0,0.0430388982698188,2021,0
0,0.0422975047156008,2021,0
0,0.068055077491233,2021,0
0,0.0626364348016157,2021,0
0,0.0320372686369498,2021,0
0,0.0515917443511212,2021,0
0,0.0430388982698188,2021,0
0,0.0367438406168155,2021,0
0,0.0433540437848707,2021,0
0,0.0651832182938411,2021,0
0,0.0422975047156008,2021,0
0,0.0430388982698188,2021,0
0,0.0433540437848707,2021,0
0,0.0430388982698188,2021,0
0,0.0430388982698188,2021,0
0,0.0320372686369498,2021,0
0,0.0430388982698188,2021,0
0,0.0430388982698188,2021,0
0,0.0430388982698188,2021,0
0,0.0430388982698188,2021,0
0,0.0430388982698188,2021,0
0,0.0430388982698188,2021,0
0,0.0625992827448828,2021,0
0,0.0430388982698188,2021,0
0,0.0430388982698188,2021,0
0,0.068055077491233,2021,0
0,0.0430388982698188,2021,0
0,0.0430388982698188,2021,0
0,0.0430388982698188,2021,0
0,0.0433540437848707,2021,0
0,0.0568447156953956,2021,0
0,0.0430388982698188,2021,0
0,0.0433540437848707,2021,0
0,0.0568447156953956,2021,0
0,0.068055077491233,2021,0
0,0.0430388982698188,2021,0
0,0.0568447156953956,2021,0
0,0.0430388982698188,2021,0
0,0.0430388982698188,2021,0
0,0.0433540437848707,2021,0
0,0.068055077491233,2021,0
0,0.0433540437848707,2021,0
0,0.0430388982698188,2021,0
0,0.068055077491233,2021,0
0,0.0430388982698188,2021,0
0,0.0366989664249409,2021,0
0,0.0433540437848707,2021,0
0,0.0430388982698188,2021,0
0,0.0430388982698188,2021,0
0,0.0430388982698188,2021,0
0,0.0430388982698188,2021,0
0,0.068055077491233,2021,0
0,0.0502691507995449,2021,0
0,0.0430388982698188,2021,0
0,0.0430388982698188,2021,0
0,0.0430388982698188,2021,0
0,0.0419465097911757,2021,0
0,0.0430388982698188,2021,0
0,0.0430388982698188,2021,0
0,0.0430388982698188,2021,0
0,0.0433725157058073,2021,0
0,0.0286755772817512,2021,0
0,0.0286755772817512,2021,0
0,0.0140737979432198,2021,0
0,0.0140737979432198,2021,0
0,0.0140737979432198,2021,0
0,0.0140737979432198,2021,0
0,0.0286755772817512,2021,0
0,0.0720648094412036,2021,0
0,0.311585161619838,2021,0
0,0.0334008850912213,2021,0
0,0.0264625473689509,2021,0
0,0.0404359749417709,2021,0
0,0.0431657093288162,2021,0
0,0.0359966710056757,2021,0
0,0.0329711556529848,2021,0
0,0.0329711556529848,2021,0
0,0.0329711556529848,2021,0
0,0.0329711556529848,2021,0
0,0.0329711556529848,2021,0
0,0.0329711556529848,2021,0
0,0.049268984238856,2021,0
0,0.0428768649804025,2021,0
0,0.0537755144560049,2021,0
0,0.0777422181509622,2021,0
0,0.0845204690107544,2021,0
0,0.0247960828229638,2021,0
0,0.0351207570754102,2021,0
0,0.0551770949422455,2021,0
0,0.0380168569356603,2021,0
0,0.0164954068162787,2021,0
0,0.0164954068162787,2021,0
0,0.0164954068162787,2021,0
0,0.0175128929044934,2021,0
0,0.0201784673906077,2021,0
0,0.0430979421117309,2021,0
0,0.0220646156278117,2021,0
0,0.113021102559965,2021,0
0,0.0251551193478077,2021,0
0,0.0702402858162266,2021,0
0,0.0395942243449378,2021,0
0,0.0159016997376854,2021,0
0,0.0381636603391304,2021,0
0,0.0785423341741962,2021,0
0,0.0269389575458191,2021,0
0,0.0284711211950198,2021,0
0,0.0357407668363164,2021,0
0,0.0491283142767411,2021,0
0,0.0430871449459281,2021,0
0,0.0401459843303185,2021,0
0,0.0570522500834683,2021,0
0,0.051651445085769,2021,0
0,0.0429413030888793,2021,0
0,0.0644985815446132,2021,0
0,0.0570522500834683,2021,0
0,0.0643581109719475,2021,0
0,0.0666931564903566,2021,0
0,0.0666931564903566,2021,0
0,0.0597288988494073,2021,0
0,0.0556450093828654,2021,0
0,0.0376329578316342,2021,0
0,0.0379810162766727,2021,0
0,0.0463117467722797,2021,0
0,0.0379810162766727,2021,0
0,0.0379810162766727,2021,0
0,0.0379810162766727,2021,0
0,0.0463117467722797,2021,0
0,0.0455208039788583,2021,0
0,0.0379810162766727,2021,0
0,0.0379810162766727,2021,0
0,0.0379810162766727,2021,0
0,0.0379810162766727,2021,0
0,0.0379810162766727,2021,0
0,0.0379810162766727,2021,0
0,0.036938752888196,2021,0
0,0.0379810162766727,2021,0
0,0.0359920819024304,2021,0
0,0.0379810162766727,2021,0
0,0.0379810162766727,2021,0
0,0.0379810162766727,2021,0
0,0.036938752888196,2021,0
0,0.0379810162766727,2021,0
0,0.0379810162766727,2021,0
0,0.0379810162766727,2021,0
0,0.0379810162766727,2021,0
0,0.0379810162766727,2021,0
0,0.0379810162766727,2021,0
0,0.0363266374668709,2021,0
0,0.036938752888196,2021,0
0,0.0379810162766727,2021,0
0,0.0432721284752467,2021,0
0,0.0432721284752467,2021,0
0,0.0432721284752467,2021,0
0,0.0432721284752467,2021,0
0,0.0432721284752467,2021,0
0,0.0219323419354037,2021,0
0,0.0219323419354037,2021,0
0,0.0219323419354037,2021,0
0,0.0490906314195352,2021,0
0,0.0490906314195352,2021,0
0,0.0490906314195352,2021,0
0,0.0545911150936659,2021,0
0,0.0490906314195352,2021,0
0,0.0545911150936659,2021,0
0,NA,2021,NA
0,0.0330710584170255,2021,0
0,0.0331689634800452,2021,0
0,0.025826149595669,2021,0
0,0.0402186712723843,2021,0
0,0.0402186712723843,2021,0
0,0.0402186712723843,2021,0
0,0.0402186712723843,2021,0
0,0.0406070573443,2021,0
0,0.0639606383205867,2021,0
0,0.0402186712723843,2021,0
0,0.0395173347613866,2021,0
0,0.039125813949959,2021,0
0,0.0402186712723843,2021,0
0,0.0402186712723843,2021,0
0,0.0639606383205867,2021,0
0,0.0402186712723843,2021,0
0,0.0402186712723843,2021,0
0,0.0470879717817521,2021,0
0,0.0343074054934076,2021,0
0,0.0639606383205867,2021,0
0,0.039125813949959,2021,0
0,0.0402186712723843,2021,0
0,0.0402186712723843,2021,0
0,0.0532771630558435,2021,0
0,0.0402186712723843,2021,0
0,0.0611426916157478,2021,0
0,0.0639606383205867,2021,0
0,0.0402186712723843,2021,0
0,0.0402186712723843,2021,0
0,0.0587281853568574,2021,0
0,0.0402186712723843,2021,0
0,0.0402186712723843,2021,0
0,0.0298495193599374,2021,0
0,0.0402186712723843,2021,0
0,0.0406070573443,2021,0
0,0.0402186712723843,2021,0
0,0.0402186712723843,2021,0
0,0.0402186712723843,2021,0
0,0.0298495193599374,2021,0
0,0.0395173347613866,2021,0
0,0.0532771630558435,2021,0
0,0.0402186712723843,2021,0
0,0.04828406333524,2021,0
0,0.0402186712723843,2021,0
0,0.0402186712723843,2021,0
0,0.0402186712723843,2021,0
0,0.0639606383205867,2021,0
0,0.058730913444027,2021,0
0,0.0406070573443,2021,0
0,0.0532771630558435,2021,0
0,0.0406070573443,2021,0
0,0.0402186712723843,2021,0
0,0.0406070573443,2021,0
0,0.0402186712723843,2021,0
0,0.0402186712723843,2021,0
0,0.0402186712723843,2021,0
0,0.0402186712723843,2021,0
0,0.0343107657831278,2021,0
0,0.0402186712723843,2021,0
0,0.0402186712723843,2021,0
0,0.0402186712723843,2021,0
0,0.0639606383205867,2021,0
0,0.0402186712723843,2021,0
0,0.0406070573443,2021,0
0,0.0402186712723843,2021,0
0,0.0402186712723843,2021,0
0,0.0402186712723843,2021,0
0,0.0406070573443,2021,0
0,0.0509358369270781,2021,0
0,0.0133752608961864,2021,0
0,0.0133752608961864,2021,0
0,0.0270829255772675,2021,0
0,0.0133752608961864,2021,0
0,0.0270829255772675,2021,0
0,0.0270829255772675,2021,0
0,0.0133752608961864,2021,0
0,0.0651388021611267,2021,0
0,0.0325772692351994,2021,0
0,0.0391440383508424,2021,0
0,0.029740860172532,2021,0
0,0.039498252185054,2021,0
0,0.0433404118727947,2021,0
0,0.0411120630087039,2021,0
0,0.0411120630087039,2021,0
0,0.0411120630087039,2021,0
0,0.0411120630087039,2021,0
0,0.0411120630087039,2021,0
0,0.0411120630087039,2021,0
0,0.0600227223741125,2021,0
0,0.0549139402535072,2021,0
0,0.0483276619405829,2021,0
0,0.0878651913994446,2021,0
0,0.0912136615018301,2021,0
0,0.0287180957807399,2021,0
0,0.0512468868022167,2021,0
0,0.0561521539816555,2021,0
0,0.0339270039809194,2021,0
0,0.0591054481993153,2021,0
0,0.0398363416409033,2021,0
0,0.0154646341028055,2021,0
0,0.016204575504841,2021,0
0,0.016204575504841,2021,0
0,0.016204575504841,2021,0
0,0.0837670667897725,2021,0
0,0.0218312557140757,2021,0
0,0.0541380024142889,2021,0
0,0.0260802244668853,2021,0
0,0.0243143489589678,2021,0
0,0.0343765482276427,2021,0
0,0.0527254071142694,2021,0
0,0.072195757792786,2021,0
0,0.0396121837422955,2021,0
0,0.0798304103722496,2021,0
0,0.0538894171425587,2021,0
0,0.0360603182577024,2021,0
0,0.0387419233347923,2021,0
0,0.0543083889956298,2021,0
0,0.043999856130061,2021,0
0,0.0467809501392497,2021,0
0,0.0565581514801852,2021,0
0,0.0731519253018482,2021,0
0,0.0731519253018482,2021,0
0,0.0473601682803703,2021,0
0,0.0622031819077155,2021,0
0,0.0704343947214152,2021,0
0,0.0622031819077155,2021,0
0,0.0707219197741366,2021,0
0,0.0650916588706136,2021,0
0,0.0600695764848681,2021,0
0,0.0409638428806968,2021,0
0,0.0419226983220997,2021,0
0,0.0419226983220997,2021,0
0,0.0419226983220997,2021,0
0,0.0419226983220997,2021,0
0,0.0419226983220997,2021,0
0,0.0419226983220997,2021,0
0,0.0516872190845209,2021,0
0,0.0419226983220997,2021,0
0,0.0419226983220997,2021,0
0,0.0419226983220997,2021,0
0,0.0419226983220997,2021,0
0,0.0419226983220997,2021,0
0,0.0419226983220997,2021,0
0,0.0419226983220997,2021,0
0,0.0419226983220997,2021,0
0,0.0397757217406273,2021,0
0,0.0409638428806968,2021,0
0,0.0419226983220997,2021,0
0,0.0516872190845209,2021,0
0,0.0419226983220997,2021,0
0,0.0419226983220997,2021,0
0,0.0399338150694354,2021,0
0,0.0419226983220997,2021,0
0,0.0419226983220997,2021,0
0,0.050245254158766,2021,0
0,0.0419226983220997,2021,0
0,0.0412454841966873,2021,0
0,0.052629091849752,2021,0
0,0.052629091849752,2021,0
0,0.052629091849752,2021,0
0,0.052629091849752,2021,0
0,0.052629091849752,2021,0
0,0.0251716940199336,2021,0
0,0.0251716940199336,2021,0
0,0.0251716940199336,2021,0
0,0.0558057695394031,2021,0
0,0.050569433099113,2021,0
0,0.050569433099113,2021,0
0,0.0558057695394031,2021,0
0,0.050569433099113,2021,0
0,NA,2021,NA
0,0.039957128519596,2021,0
0,0.0305460712967793,2021,0
0,0.0387457691132923,2021,0
0,0.0462854580888975,2021,0
0,0.0462854580888975,2021,0
0,0.0462854580888975,2021,0
0,0.0464440383317053,2021,0
0,0.0675472525586161,2021,0
0,0.0462854580888975,2021,0
0,0.0703111435918909,2021,0
0,0.0462854580888975,2021,0
0,0.0464440383317053,2021,0
0,0.0462854580888975,2021,0
0,0.0462854580888975,2021,0
0,0.0462854580888975,2021,0
0,0.0462854580888975,2021,0
0,0.0462854580888975,2021,0
0,0.0462854580888975,2021,0
0,0.0462854580888975,2021,0
0,0.0462854580888975,2021,0
0,0.0462854580888975,2021,0
0,0.0464440383317053,2021,0
0,0.0462854580888975,2021,0
0,0.0462854580888975,2021,0
0,0.0462854580888975,2021,0
0,0.0343993993301011,2021,0
0,0.0452296005384361,2021,0
0,0.0462854580888975,2021,0
0,0.0462854580888975,2021,0
0,0.0462854580888975,2021,0
0,0.0462854580888975,2021,0
0,0.0612093337377218,2021,0
0,0.0732331189247703,2021,0
0,0.0464440383317053,2021,0
0,0.0462854580888975,2021,0
0,0.0462854580888975,2021,0
0,0.0462854580888975,2021,0
0,0.0392967494393489,2021,0
0,0.0452296005384361,2021,0
0,0.0462854580888975,2021,0
0,0.0540276891521687,2021,0
0,0.0462854580888975,2021,0
0,0.0612093337377218,2021,0
0,0.0343993993301011,2021,0
0,0.0462854580888975,2021,0
0,0.0732331189247703,2021,0
0,0.0454866281791783,2021,0
0,0.0555682907271386,2021,0
0,0.0732331189247703,2021,0
0,0.0462854580888975,2021,0
0,0.0394233025731336,2021,0
0,0.0464440383317053,2021,0
0,0.0732331189247703,2021,0
0,0.0462854580888975,2021,0
0,0.0462854580888975,2021,0
0,0.0674420097798403,2021,0
0,0.0464440383317053,2021,0
0,0.0462854580888975,2021,0
0,0.0454866281791783,2021,0
0,0.0464440383317053,2021,0
0,0.0462854580888975,2021,0
0,0.0462854580888975,2021,0
0,0.0732331189247703,2021,0
0,0.0612093337377218,2021,0
0,0.0462854580888975,2021,0
0,0.0462854580888975,2021,0
0,0.0462854580888975,2021,0
0,0.0732331189247703,2021,0
0,0.0149944489548744,2021,0
0,0.0149944489548744,2021,0
0,0.0149944489548744,2021,0
0,0.0308806738863072,2021,0
0,0.0308806738863072,2021,0
0,0.0149944489548744,2021,0
0,0.0308806738863072,2021,0
0,0.0783722006555689,2021,0
0,0.0345545517258214,2021,0
0,0.0497520961001215,2021,0
0,0.0347902871365296,2021,0
0,0.0387692510976074,2021,0
0,0.0477566597400412,2021,0
0,0.0537849924956902,2021,0
0,0.0537849924956902,2021,0
0,0.0537849924956902,2021,0
0,0.0537849924956902,2021,0
0,0.0537849924956902,2021,0
0,0.0537849924956902,2021,0
0,0.0560752354500059,2021,0
0,0.0627363647092832,2021,0
0,0.0686013771858909,2021,0
0,0.102537766847986,2021,0
0,0.100034330732206,2021,0
0,0.0352015200633599,2021,0
0,0.0621577849446,2021,0
0,0.0578220753883564,2021,0
0,0.0380278145960913,2021,0
0,0.07110727436523,2021,0
0,0.0474954186285579,2021,0
0,0.0781453293557017,2021,0
0,0.0178459991637426,2021,0
0,0.0178459991637426,2021,0
0,0.0178459991637426,2021,0
0,0.0927485686465701,2021,0
0,0.0318540069060158,2021,0
0,0.0411240490495342,2021,0
0,0.0609507571321543,2021,0
0,0.0804283210950761,2021,0
0,0.0432216685168663,2021,0
0,0.0759522904460637,2021,0
0,0.0591065154791593,2021,0
0,0.0459066727765751,2021,0
0,0.0515031429170645,2021,0
0,0.0600337193579121,2021,0
0,0.0504250151998082,2021,0
0,0.0479899328070786,2021,0
0,0.0659096059750116,2021,0
0,0.0777248232022651,2021,0
0,0.0601621737655621,2021,0
0,0.0659096059750116,2021,0
0,0.0507859848524013,2021,0
0,0.0777248232022651,2021,0
0,0.0751548044257272,2021,0
0,0.0747406305509627,2021,0
0,0.069922946843822,2021,0
0,0.0446466912321112,2021,0
0,0.0446466912321112,2021,0
0,0.0446466912321112,2021,0
0,0.0446466912321112,2021,0
0,0.0446466912321112,2021,0
0,0.0446466912321112,2021,0
0,0.0446466912321112,2021,0
0,0.0424823478673668,2021,0
0,0.0446466912321112,2021,0
0,0.0446466912321112,2021,0
0,0.0446466912321112,2021,0
0,0.0446466912321112,2021,0
0,0.0549671447595108,2021,0
0,0.0549671447595108,2021,0
0,0.0446466912321112,2021,0
0,0.043871625583862,2021,0
0,0.0446466912321112,2021,0
0,0.0436719991434508,2021,0
0,0.0446466912321112,2021,0
0,0.0446466912321112,2021,0
0,0.0446466912321112,2021,0
0,0.0529687705520955,2021,0
0,0.043871625583862,2021,0
0,0.0426609993782792,2021,0
0,0.0446466912321112,2021,0
0,0.0446466912321112,2021,0
0,0.0446466912321112,2021,0
0,0.0604107724029129,2021,0
0,0.0604107724029129,2021,0
0,0.0604107724029129,2021,0
0,0.0604107724029129,2021,0
0,0.0604107724029129,2021,0
0,0.0271506894080692,2021,0
0,0.0271506894080692,2021,0
0,0.0271506894080692,2021,0
0,0.0519566421256807,2021,0
0,0.0564149846159479,2021,0
0,0.0519566421256807,2021,0
0,0.0519566421256807,2021,0
0,0.0564149846159479,2021,0
0,NA,2021,NA
0,0.0583364433158629,2021,0
0,0.0467967485336153,2021,0
0,0.0425854737453798,2021,0
0,0.0340568379501196,2021,0
0,0.050951248502401,2021,0
0,0.050951248502401,2021,0
0,0.050951248502401,2021,0
0,0.0509635277054847,2021,0
0,0.0609061211411234,2021,0
0,0.0795396432586629,2021,0
0,0.050951248502401,2021,0
0,0.0500977825559331,2021,0
0,0.0795396432586629,2021,0
0,0.050951248502401,2021,0
0,0.0591674379120885,2021,0
0,0.050951248502401,2021,0
0,0.050951248502401,2021,0
0,0.050951248502401,2021,0
0,0.0766034490594659,2021,0
0,0.050951248502401,2021,0
0,0.0499271859962554,2021,0
0,0.050951248502401,2021,0
0,0.0381598125120559,2021,0
0,0.050951248502401,2021,0
0,0.050951248502401,2021,0
0,0.050951248502401,2021,0
0,0.050951248502401,2021,0
0,0.050951248502401,2021,0
0,0.050951248502401,2021,0
0,0.050951248502401,2021,0
0,0.0509635277054847,2021,0
0,0.050951248502401,2021,0
0,0.050951248502401,2021,0
0,0.050951248502401,2021,0
0,0.050951248502401,2021,0
0,0.0668774839527739,2021,0
0,0.050951248502401,2021,0
0,0.050951248502401,2021,0
0,0.0509635277054847,2021,0
0,0.0509635277054847,2021,0
0,0.0433234096733274,2021,0
0,0.050951248502401,2021,0
0,0.0500977825559331,2021,0
0,0.0736677139749591,2021,0
0,0.050951248502401,2021,0
0,0.0435275984777911,2021,0
0,0.050951248502401,2021,0
0,0.050951248502401,2021,0
0,0.0499271859962554,2021,0
0,0.050951248502401,2021,0
0,0.0795396432586629,2021,0
0,0.0509635277054847,2021,0
0,0.050951248502401,2021,0
0,0.0509635277054847,2021,0
0,0.0795396432586629,2021,0
0,0.050951248502401,2021,0
0,0.050951248502401,2021,0
0,0.0795396432586629,2021,0
0,0.0509635277054847,2021,0
0,0.0668774839527739,2021,0
0,0.0735002617734735,2021,0
0,0.050951248502401,2021,0
0,0.050951248502401,2021,0
0,0.050951248502401,2021,0
0,0.050951248502401,2021,0
0,0.0381598125120559,2021,0
0,0.0668774839527739,2021,0
0,0.050951248502401,2021,0
0,0.0795396432586629,2021,0
0,0.0524678329881781,2021,0
0,0.107202163299548,2021,0
0,0.0154938691903056,2021,0
0,0.0154938691903056,2021,0
0,0.0320570339693408,2021,0
0,0.0320570339693408,2021,0
0,0.0320570339693408,2021,0
0,0.0154938691903056,2021,0
0,0.0154938691903056,2021,0
0,0.0827258284003759,2021,0
0,0.0515252015357771,2021,0
0,0.0356329126868951,2021,0
0,0.0382048409519836,2021,0
0,0.0468823619090192,2021,0
0,0.0239288253651273,2021,0
0,0.0570549175989572,2021,0
0,0.0570549175989572,2021,0
0,0.0570549175989572,2021,0
0,0.0570549175989572,2021,0
0,0.0570549175989572,2021,0
0,0.0570549175989572,2021,0
0,0.0714835702642408,2021,0
0,0.0655871658960858,2021,0
0,0.0588844230034277,2021,0
0,0.100336500788601,2021,0
0,0.102832452020687,2021,0
0,0.038106863097532,2021,0
0,0.0601291052468645,2021,0
0,0.0559258264343683,2021,0
0,0.0379369027550954,2021,0
0,0.0479225264962761,2021,0
0,0.0700997994064371,2021,0
0,0.0184816968455142,2021,0
0,0.0184816968455142,2021,0
0,0.0184816968455142,2021,0
0,0.088567093216371,2021,0
0,0.0438191912352697,2021,0
0,0.0495890722163583,2021,0
0,0.0302091849787135,2021,0
0,0.0336784425184811,2021,0
0,0.0603709486605886,2021,0
0,0.0790156408327651,2021,0
0,0.0344809047026702,2021,0
0,0.0425661844879455,2021,0
0,0.0408498136434861,2021,0
0,0.0566242544230621,2021,0
0,0.0735161679825327,2021,0
0,0.0490011756657199,2021,0
0,0.0304903554063721,2021,0
0,0.0561720952603781,2021,0
0,0.0468721263329044,2021,0
0,0.0440113840884249,2021,0
0,0.0440113840884249,2021,0
0,0.0619624735049576,2021,0
0,0.0697569092103203,2021,0
0,0.0722858195450529,2021,0
0,0.0722858195450529,2021,0
0,0.0699723312376665,2021,0
0,0.0619624735049576,2021,0
0,0.0472992017763288,2021,0
0,0.0563333632565488,2021,0
0,0.0664133583133626,2021,0
0,0.0423543579974252,2021,0
0,0.0432548907507278,2021,0
0,0.0440123558156424,2021,0
0,0.0440123558156424,2021,0
0,0.0440123558156424,2021,0
0,0.0440123558156424,2021,0
0,0.0440123558156424,2021,0
0,0.0440123558156424,2021,0
0,0.0440123558156424,2021,0
0,0.0440123558156424,2021,0
0,0.0432548907507278,2021,0
0,0.0440123558156424,2021,0
0,0.0506391473065601,2021,0
0,0.0440123558156424,2021,0
0,0.0440123558156424,2021,0
0,0.0427153273151679,2021,0
0,0.0518545647629409,2021,0
0,0.0440123558156424,2021,0
0,0.0440123558156424,2021,0
0,0.0440123558156424,2021,0
0,0.0440123558156424,2021,0
0,0.0440123558156424,2021,0
0,0.0432548907507278,2021,0
0,0.043396690395469,2021,0
0,0.0518545647629409,2021,0
0,0.0440123558156424,2021,0
0,0.0440123558156424,2021,0
0,0.0440123558156424,2021,0
0,0.05575779766018,2021,0
0,0.05575779766018,2021,0
0,0.05575779766018,2021,0
0,0.05575779766018,2021,0
0,0.05575779766018,2021,0
0,0.0253572340432777,2021,0
0,0.0253572340432777,2021,0
0,0.0253572340432777,2021,0
0,0.0515997218204967,2021,0
0,0.0472365831371757,2021,0
0,0.0472365831371757,2021,0
0,0.0472365831371757,2021,0
0,0.0515997218204967,2021,0
0,NA,2021,NA
0,0.0515526281304069,2021,0
0,0.0384763825815199,2021,0
0,0.027645520901695,2021,0
0,0.0351008398363516,2021,0
0,0.0424619329701275,2021,0
0,0.0424619329701275,2021,0
0,0.0424619329701275,2021,0
0,0.0495956062143843,2021,0
0,0.042842656851641,2021,0
0,0.0424619329701275,2021,0
0,0.0560263928961985,2021,0
0,0.0670703610328017,2021,0
0,0.0413397467960869,2021,0
0,0.0424619329701275,2021,0
0,0.042842656851641,2021,0
0,0.0424619329701275,2021,0
0,0.0424619329701275,2021,0
0,0.0560263928961985,2021,0
0,0.0424619329701275,2021,0
0,0.0560263928961985,2021,0
0,0.0424619329701275,2021,0
0,0.0424619329701275,2021,0
0,0.0670703610328017,2021,0
0,0.0424619329701275,2021,0
0,0.0670703610328017,2021,0
0,0.0424619329701275,2021,0
0,0.042842656851641,2021,0
0,0.0424619329701275,2021,0
0,0.0424619329701275,2021,0
0,0.0362958206794104,2021,0
0,0.0417321490006734,2021,0
0,0.0424619329701275,2021,0
0,0.0424619329701275,2021,0
0,0.0424619329701275,2021,0
0,0.0424619329701275,2021,0
0,0.0424619329701275,2021,0
0,0.0424619329701275,2021,0
0,0.0424619329701275,2021,0
0,0.0670703610328017,2021,0
0,0.0316426375401237,2021,0
0,0.0424619329701275,2021,0
0,0.0670703610328017,2021,0
0,0.0641803726732276,2021,0
0,0.0670703610328017,2021,0
0,0.050851902961538,2021,0
0,0.042842656851641,2021,0
0,0.0413397467960869,2021,0
0,0.0424619329701275,2021,0
0,0.0417321490006734,2021,0
0,0.0424619329701275,2021,0
0,0.0424619329701275,2021,0
0,0.0316426375401237,2021,0
0,0.0424619329701275,2021,0
0,0.0424619329701275,2021,0
0,0.042842656851641,2021,0
0,0.0362821666411016,2021,0
0,0.0424619329701275,2021,0
0,0.0616841089780485,2021,0
0,0.0424619329701275,2021,0
0,0.042842656851641,2021,0
0,0.042842656851641,2021,0
0,0.0424619329701275,2021,0
0,0.0424619329701275,2021,0
0,0.0424619329701275,2021,0
0,0.0424619329701275,2021,0
0,0.0616728890282868,2021,0
0,0.0424619329701275,2021,0
0,0.0424619329701275,2021,0
0,0.0455630865389412,2021,0
0,0.0944978267076484,2021,0
0,0.0757256129168162,2021,0
0,0.093095937818507,2021,0
0,0.093095937818507,2021,0
0,0.117335571451216,2021,0
0,0.0944978267076484,2021,0
0,0.0133528133215053,2021,0
0,0.0133528133215053,2021,0
0,0.0133528133215053,2021,0
0,0.0270401553815109,2021,0
0,0.0270401553815109,2021,0
0,0.0133528133215053,2021,0
0,0.0270401553815109,2021,0
0,0.0723601301128086,2021,0
0,0.0492346444692241,2021,0
0,0.0338883062571872,2021,0
0,0.0414516951023575,2021,0
0,0.0202849590866468,2021,0
0,0.0512477089408081,2021,0
0,0.0512477089408081,2021,0
0,0.0512477089408081,2021,0
0,0.0512477089408081,2021,0
0,0.0512477089408081,2021,0
0,0.0512477089408081,2021,0
0,0.0708725507190342,2021,0
0,0.0655155122665166,2021,0
0,0.0587742262013926,2021,0
0,0.0998229081847611,2021,0
0,0.0996419909433468,2021,0
0,0.0368172058965675,2021,0
0,0.0524049134656748,2021,0
0,0.0569331820869511,2021,0
0,0.0340112721197955,2021,0
0,0.041580584361543,2021,0
0,0.0592046178630904,2021,0
0,0.0766074474186592,2021,0
0,0.0200456718750683,2021,0
0,0.0200456718750683,2021,0
0,0.0200456718750683,2021,0
0,0.0846374551971437,2021,0
0,0.0405612153708921,2021,0
0,0.0438451397725242,2021,0
0,0.0436868455654808,2021,0
0,0.0302298958777281,2021,0
0,0.0269637285512942,2021,0
0,0.0553488748820532,2021,0
0,0.0328542699377933,2021,0
0,0.0430647852794949,2021,0
0,0.0533138223672979,2021,0
0,0.0837536842362585,2021,0
0,0.0583682576701976,2021,0
0,0.0727342522933499,2021,0
0,0.0468087871361301,2021,0
0,0.0318276925977066,2021,0
0,0.0597791372637135,2021,0
0,0.0468401496961291,2021,0
0,0.0498284307995476,2021,0
0,0.0756766165581451,2021,0
0,0.0613348257509948,2021,0
0,0.0673295274154731,2021,0
0,0.051754234360987,2021,0
0,0.0780899251925162,2021,0
0,0.0780899251925162,2021,0
0,0.0754673612000476,2021,0
0,0.0673295274154731,2021,0
0,0.0683279262459115,2021,0
0,0.0644267322624103,2021,0
0,0.046020824434007,2021,0
0,0.046020824434007,2021,0
0,0.046020824434007,2021,0
0,0.046020824434007,2021,0
0,0.046020824434007,2021,0
0,0.046020824434007,2021,0
0,0.046020824434007,2021,0
0,0.046020824434007,2021,0
0,0.0453723697978551,2021,0
0,0.046020824434007,2021,0
0,0.046020824434007,2021,0
0,0.046020824434007,2021,0
0,0.0534217134296517,2021,0
0,0.0453491941292853,2021,0
0,0.046020824434007,2021,0
0,0.0453491941292853,2021,0
0,0.046020824434007,2021,0
0,0.0534217134296517,2021,0
0,0.046020824434007,2021,0
0,0.046020824434007,2021,0
0,0.046020824434007,2021,0
0,0.0450282616825009,2021,0
0,0.046020824434007,2021,0
0,0.046020824434007,2021,0
0,0.044426194585899,2021,0
0,0.046020824434007,2021,0
0,0.0453491941292853,2021,0
0,0.046020824434007,2021,0
0,0.0521821667355899,2021,0
0,0.0585742904560545,2021,0
0,0.0585742904560545,2021,0
0,0.0585742904560545,2021,0
0,0.0585742904560545,2021,0
0,0.0585742904560545,2021,0
0,0.0271285038512637,2021,0
0,0.0271285038512637,2021,0
0,0.046703471499287,2021,0
0,0.046703471499287,2021,0
0,0.046703471499287,2021,0
0,0.0515061912282249,2021,0
0,0.0515061912282249,2021,0
0,NA,2021,NA
0,0.0293933719762109,2021,0
0,0.0372362892041454,2021,0
0,0.0446240103587413,2021,0
0,0.0446240103587413,2021,0
0,0.0669787694550827,2021,0
0,0.0699271210681594,2021,0
0,0.0446240103587413,2021,0
0,0.0450030514334765,2021,0
0,0.0450030514334765,2021,0
0,0.0450030514334765,2021,0
0,0.0446240103587413,2021,0
0,0.0446240103587413,2021,0
0,0.0446240103587413,2021,0
0,0.0446240103587413,2021,0
0,0.0644177228081759,2021,0
0,0.0446240103587413,2021,0
0,0.0450030514334765,2021,0
0,0.0446240103587413,2021,0
0,0.0334167693710001,2021,0
0,0.0532812357222267,2021,0
0,0.0446240103587413,2021,0
0,0.0446240103587413,2021,0
0,0.0382393928998032,2021,0
0,0.0446240103587413,2021,0
0,0.0446240103587413,2021,0
0,0.0450030514334765,2021,0
0,0.0446240103587413,2021,0
0,0.0446240103587413,2021,0
0,0.0446240103587413,2021,0
0,0.0446240103587413,2021,0
0,0.0446240103587413,2021,0
0,0.0699271210681594,2021,0
0,0.0699271210681594,2021,0
0,0.0434737181815775,2021,0
0,0.0446240103587413,2021,0
0,0.0699271210681594,2021,0
0,0.0438703308571508,2021,0
0,0.0446240103587413,2021,0
0,0.0446240103587413,2021,0
0,0.0446240103587413,2021,0
0,0.0446240103587413,2021,0
0,0.0434737181815775,2021,0
0,0.0446240103587413,2021,0
0,0.0446240103587413,2021,0
0,0.0644011573755726,2021,0
0,0.0446240103587413,2021,0
0,0.0382190807944954,2021,0
0,0.0446240103587413,2021,0
0,0.0450030514334765,2021,0
0,0.0446240103587413,2021,0
0,0.0446240103587413,2021,0
0,0.0446240103587413,2021,0
0,0.0446240103587413,2021,0
0,0.0586019860355907,2021,0
0,0.0586019860355907,2021,0
0,0.0450030514334765,2021,0
0,0.0446240103587413,2021,0
0,0.0699271210681594,2021,0
0,0.0446240103587413,2021,0
0,0.0438703308571508,2021,0
0,0.0334167693710001,2021,0
0,0.0586019860355907,2021,0
0,0.0446240103587413,2021,0
0,0.0519785556382604,2021,0
0,0.0446240103587413,2021,0
0,0.0699271210681594,2021,0
0,0.0467399007425469,2021,0
0,0.094995800647293,2021,0
0,0.0766823064093091,2021,0
0,0.0964101312873559,2021,0
0,0.120188254093414,2021,0
0,0.0964101312873559,2021,0
0,0.094995800647293,2021,0
0,0.0502865842150659,2021,0
0,0.0158979367617064,2021,0
0,0.0158979367617064,2021,0
0,0.0320576844483731,2021,0
0,0.0158979367617064,2021,0
0,0.0320576844483731,2021,0
0,0.0158979367617064,2021,0
0,0.0320576844483731,2021,0
0,0.0858231993964612,2021,0
0,0.0542008192010798,2021,0
0,0.0391319987977385,2021,0
0,0.0411500788454429,2021,0
0,0.0244209674790197,2021,0
0,0.0553765419675892,2021,0
0,0.0507562916363809,2021,0
0,0.0507562916363809,2021,0
0,0.0507562916363809,2021,0
0,0.0507562916363809,2021,0
0,0.0507562916363809,2021,0
0,0.0507562916363809,2021,0
0,0.0638063833630009,2021,0
0,0.0569582750495974,2021,0
0,0.0991946510792385,2021,0
0,0.0985156831811955,2021,0
0,0.0359213830346323,2021,0
0,0.0552355549828809,2021,0
0,0.0505153240434086,2021,0
0,0.03028638079897,2021,0
0,0.0341323302707775,2021,0
0,0.0688389358832229,2021,0
0,0.0558394372336562,2021,0
0,0.0470463838989915,2021,0
0,0.066678854577625,2021,0
0,0.0201352077378307,2021,0
0,0.0201352077378307,2021,0
0,0.0201352077378307,2021,0
0,0.100447026381952,2021,0
0,0.0383428356685991,2021,0
0,0.0399791410778606,2021,0
0,0.0295541715560949,2021,0
0,0.0537000499828402,2021,0
0,0.0346833203022979,2021,0
0,0.05453409444664,2021,0
0,0.0873724704317515,2021,0
0,0.0619792868775022,2021,0
0,0.0628957137110912,2021,0
0,0.0799905043865306,2021,0
0,0.0454217252543555,2021,0
0,0.0300939745002481,2021,0
0,0.0593067988456177,2021,0
0,0.0488637528107741,2021,0
0,0.0515292714541095,2021,0
0,0.0829603888157772,2021,0
0,0.0804993806591524,2021,0
0,0.0802709990086181,2021,0
0,0.0719293175525663,2021,0
0,0.0657144579849685,2021,0
0,0.0558892410940208,2021,0
0,0.0829603888157772,2021,0
0,0.0719293175525663,2021,0
0,0.071429744602109,2021,0
0,0.0662872072939232,2021,0
0,0.0496164249914314,2021,0
0,0.0487870552239711,2021,0
0,0.0496164249914314,2021,0
0,0.0496164249914314,2021,0
0,0.0491534809363202,2021,0
0,0.0491534809363202,2021,0
0,0.0496164249914314,2021,0
0,0.0491534809363202,2021,0
0,0.0496164249914314,2021,0
0,0.0496164249914314,2021,0
0,0.0496164249914314,2021,0
0,0.0496164249914314,2021,0
0,0.0496164249914314,2021,0
0,0.0496164249914314,2021,0
0,0.0577839985823896,2021,0
0,0.0558975748131985,2021,0
0,0.0577839985823896,2021,0
0,0.0496164249914314,2021,0
0,0.0486088139738512,2021,0
0,0.0496164249914314,2021,0
0,0.0254785251751603,2021,0
0,0.0254785251751603,2021,0
0,0.0516849132602637,2021,0
0,0.0464669918491769,2021,0
0,0.0516849132602637,2021,0
0,0.0464669918491769,2021,0
0,0.0464669918491769,2021,0
0,0.0447665939567109,2021,0
0,0.117876711511938,2021,0
0,0.0936327118564835,2021,0
0,0.0921158695161347,2021,0
0,0.0936327118564835,2021,0
0,0.0921158695161347,2021,0
0,0.0289064044505256,2021,0
0,0.0289064044505256,2021,0
0,0.0142650878633465,2021,0
0,0.0142650878633465,2021,0
0,0.0142650878633465,2021,0
0,0.0289064044505256,2021,0
0,0.0142650878633465,2021,0
0,0.082287704852774,2021,0
0,0.0341642666128196,2021,0
0,0.0411526440643097,2021,0
0,0.0424634653690896,2021,0
0,0.0490213170338091,2021,0
0,0.0431592370717717,2021,0
0,0.0431592370717717,2021,0
0,0.0431592370717717,2021,0
0,0.0431592370717717,2021,0
0,0.0431592370717717,2021,0
0,0.0431592370717717,2021,0
0,0.056357359683123,2021,0
0,0.0879205955032409,2021,0
0,0.0845877615118458,2021,0
0,0.0494571407044095,2021,0
0,0.0543983916199823,2021,0
0,0.0336424975097862,2021,0
0,0.0296482955416699,2021,0
0,0.04769142203123,2021,0
0,0.0422431849510512,2021,0
0,0.0616595736559791,2021,0
0,0.0205756171658872,2021,0
0,0.0205756171658872,2021,0
0,0.0205756171658872,2021,0
0,0.0320427041879548,2021,0
0,0.0342797767903996,2021,0
0,0.0288419814864964,2021,0
0,0.0526645687035881,2021,0
0,0.0317805199588318,2021,0
0,0.0507980996700267,2021,0
0,0.0835281627656696,2021,0
0,0.0452285146803128,2021,0
0,0.0582301496362362,2021,0
0,0.0804866459093282,2021,0
0,0.0591151106425429,2021,0
0,0.0749533000468242,2021,0
0,0.0456740756717485,2021,0
0,0.055662966771316,2021,0
0,0.0480429778696494,2021,0
0,0.0451193255701213,2021,0
0,0.0451193255701213,2021,0
0,0.0611191588071026,2021,0
0,0.0671559050425754,2021,0
0,0.0774610652807029,2021,0
0,0.0774610652807029,2021,0
0,0.0751202702502003,2021,0
0,0.0671559050425754,2021,0
0,0.0515416683172998,2021,0
0,0.074985469362407,2021,0
0,0.0677405436547596,2021,0
0,0.0476147066205422,2021,0
0,0.0476147066205422,2021,0
0,0.0476147066205422,2021,0
0,0.0469605186141761,2021,0
0,0.0468582475138105,2021,0
0,0.0540950147929512,2021,0
0,0.0476147066205422,2021,0
0,0.0476147066205422,2021,0
0,0.0555415729178874,2021,0
0,0.0476147066205422,2021,0
0,0.0469605186141761,2021,0
0,0.0476147066205422,2021,0
0,0.0555415729178874,2021,0
0,0.0476147066205422,2021,0
0,0.0476147066205422,2021,0
0,0.0469605186141761,2021,0
0,0.0476147066205422,2021,0
0,0.0226247722855689,2021,0
0,0.0226247722855689,2021,0
0,0.0226247722855689,2021,0
0,0.0506097555123686,2021,0
0,0.0452412316873062,2021,0
0,0.0452412316873062,2021,0
0,0.0506097555123686,2021,0
0,0.0452412316873062,2021,0
0,0.0279159175491936,2021,0
0,0.0134480399394041,2021,0
0,0.0266200201926214,2021,0
0,0.0134480399394041,2021,0
0,0.0134480399394041,2021,0
0,0.0266200201926214,2021,0
0,0.0134480399394041,2021,0
0,0.0266200201926214,2021,0
0,0.0731742412477037,2021,0
0,0.0283678583561459,2021,0
0,0.0443756515525411,2021,0
0,0.0418676148777445,2021,0
0,0.045368565156519,2021,0
0,0.0380475853982183,2021,0
0,0.0380475853982183,2021,0
0,0.0380475853982183,2021,0
0,0.0380475853982183,2021,0
0,0.0380475853982183,2021,0
0,0.0892082811916321,2021,0
0,0.0549672063699296,2021,0
0,0.0598015384449737,2021,0
0,0.0306662583638505,2021,0
0,0.0348670846705113,2021,0
0,0.0488559012412719,2021,0
0,0.0393354709545782,2021,0
0,0.0574290137093135,2021,0
0,0.07045561476175,2021,0
0,0.0821722030714344,2021,0
0,0.0230994508879746,2021,0
0,0.0230994508879746,2021,0
0,0.0230994508879746,2021,0
0,0.0291154257074929,2021,0
0,0.0315313834951219,2021,0
0,0.163348400141963,2021,0
0,0.0550214533142648,2021,0
0,0.0317410602344862,2021,0
0,0.0534229621968485,2021,0
0,0.089595177626129,2021,0
0,0.0577913925523195,2021,0
0,0.0739256247890645,2021,0
0,0.0481655209377279,2021,0
0,0.0630754563488849,2021,0
0,0.0481062083687113,2021,0
0,0.0507812574648015,2021,0
0,0.0481062083687113,2021,0
0,0.0696373064348744,2021,0
0,0.0790816162352666,2021,0
0,0.0817437702187051,2021,0
0,0.0635211544926335,2021,0
0,0.0535079093777345,2021,0
0,0.0817437702187051,2021,0
0,0.0696373064348744,2021,0
0,0.0787227311833362,2021,0
0,0.0688841136858326,2021,0
0,0.0465162895785087,2021,0
0,0.0465162895785087,2021,0
0,0.0465162895785087,2021,0
0,0.0539187985589054,2021,0
0,0.0465162895785087,2021,0
0,0.045854389537682,2021,0
0,0.0465162895785087,2021,0
0,0.0455655766921599,2021,0
0,0.045854389537682,2021,0
0,0.0557934570896639,2021,0
0,0.0465162895785087,2021,0
0,0.0465162895785087,2021,0
0,0.0465162895785087,2021,0
0,0.0465162895785087,2021,0
0,0.024482398800329,2021,0
0,0.024482398800329,2021,0
0,0.024482398800329,2021,0
0,0.0437478396952576,2021,0
0,0.0472552807668275,2021,0
0,0.0472552807668275,2021,0
0,0.0526424249882684,2021,0
0,0.0526424249882684,2021,0
0,0.0472552807668275,2021,0
0,0.0484379647196669,2021,0
0,0.0161554353919856,2021,0
0,0.0161554353919856,2021,0
0,0.0319523754128592,2021,0
0,0.0161554353919856,2021,0
0,0.0161554353919856,2021,0
0,0.0319523754128592,2021,0
0,0.0319523754128592,2021,0
0,0.08828314457454,2021,0
0,0.029663777972672,2021,0
0,0.0458019768905058,2021,0
0,0.0318694428903536,2021,0
0,0.0413493615348706,2021,0
0,0.0503063476393141,2021,0
0,0.0460141406700367,2021,0
0,0.0460141406700367,2021,0
0,0.0460141406700367,2021,0
0,0.0460141406700367,2021,0
0,0.0460141406700367,2021,0
0,0.0533743559905804,2021,0
0,0.0971189567916261,2021,0
0,0.0524088136819231,2021,0
0,0.0571030012896595,2021,0
0,0.0334178717850894,2021,0
0,0.0486361680704445,2021,0
0,0.0690959233354095,2021,0
0,0.0456761087366728,2021,0
0,0.062931375613181,2021,0
0,0.0212153449170847,2021,0
0,0.0212153449170847,2021,0
0,0.0212153449170847,2021,0
0,0.0394830448429372,2021,0
0,0.0362328380771119,2021,0
0,0.0535664184323923,2021,0
0,0.0353866946123084,2021,0
0,0.056736603779512,2021,0
0,0.0919497557792356,2021,0
0,0.0750883383176026,2021,0
0,0.043141568603872,2021,0
0,0.0616392267546824,2021,0
0,0.0480721725375245,2021,0
0,0.0480721725375245,2021,0
0,0.050309811663267,2021,0
0,0.0799671820464686,2021,0
0,0.0765322318495487,2021,0
0,0.0608105703381872,2021,0
0,0.0771058065027307,2021,0
0,0.0799671820464686,2021,0
0,0.0509483240161152,2021,0
0,0.0666423669119042,2021,0
0,0.0666423669119042,2021,0
0,0.0664403706405284,2021,0
0,0.0426893303220242,2021,0
0,0.0250627299595084,2021,0
0,0.0420065216060699,2021,0
0,0.0471632831211434,2021,0
0,0.0420065216060699,2021,0
0,0.0420065216060699,2021,0
0,0.0471632831211434,2021,0
0,0.0536667462121073,2021,0
0,0.0323567182804136,2021,0
0,0.0154957814282176,2021,0
0,0.0323567182804136,2021,0
0,0.0323567182804136,2021,0
0,0.0154957814282176,2021,0
0,0.0154957814282176,2021,0
0,0.0154957814282176,2021,0
0,0.0912427656023809,2021,0
0,0.0367763530102475,2021,0
0,0.0347329704993498,2021,0
0,0.0580836210479675,2021,0
0,0.0580836210479675,2021,0
0,0.0580836210479675,2021,0
0,0.0580836210479675,2021,0
0,0.0580836210479675,2021,0
0,0.0580836210479675,2021,0
0,0.0648325291436433,2021,0
0,0.05833229217605,2021,0
0,0.0710245997485733,2021,0
0,0.10786161144702,2021,0
0,0.102026927437635,2021,0
0,0.0494957716813515,2021,0
0,0.0449907678370878,2021,0
0,0.0305585088958435,2021,0
0,0.0489991650967808,2021,0
0,0.0764021292097265,2021,0
0,0.0174809294943005,2021,0
0,0.0174809294943005,2021,0
0,0.0174809294943005,2021,0
0,0.0470608385049507,2021,0
0,0.0469114064030159,2021,0
0,0.0246820637920941,2021,0
0,0.0576846976991939,2021,0
0,0.0886747426933076,2021,0
0,0.0396075132451604,2021,0
0,0.0578960999301179,2021,0
0,0.071896173802628,2021,0
0,0.0384792057782623,2021,0
0,0.081847136189496,2021,0
0,0.0591733500070897,2021,0
0,0.0474917956091565,2021,0
0,0.0474917956091565,2021,0
0,0.0491632419358391,2021,0
0,0.0757489590187438,2021,0
0,0.0476117908958173,2021,0
0,0.0722276681355827,2021,0
0,0.0757489590187438,2021,0
0,0.0729056368148827,2021,0
0,0.056900304220897,2021,0
0,0.0642280633626536,2021,0
0,0.0536412660478272,2021,0
0,0.0269012904877055,2021,0
0,0.0390878805941588,2021,0
0,0.0439137662719634,2021,0
0,0.0390878805941588,2021,0
0,0.0390878805941588,2021,0
0,0.0439137662719634,2021,0
0,0.0398435811842336,2021,0
0,0.0500223367065106,2021,0
0,0.0144640379379404,2021,0
0,0.030261448237373,2021,0
0,0.0144640379379404,2021,0
0,0.030261448237373,2021,0
0,0.0144640379379404,2021,0
0,0.0144640379379404,2021,0
0,0.030261448237373,2021,0
0,0.0802455615229055,2021,0
0,0.0418261712398547,2021,0
0,0.0381105670578287,2021,0
0,0.0896227188825793,2021,0
0,0.0674590872426976,2021,0
0,0.0475189701591783,2021,0
0,0.0587325425385729,2021,0
0,0.0587325425385729,2021,0
0,0.0587325425385729,2021,0
0,0.0587325425385729,2021,0
0,0.0587325425385729,2021,0
0,0.0587325425385729,2021,0
0,0.0604889811167615,2021,0
0,0.0725713705374152,2021,0
0,0.0666363003417168,2021,0
0,0.115742395382898,2021,0
0,0.0404877279483772,2021,0
0,0.0554572134335696,2021,0
0,0.0510610162578316,2021,0
0,0.0338588549307153,2021,0
0,0.0780182137753465,2021,0
0,0.0741769311563756,2021,0
0,0.0482400894447422,2021,0
0,0.0302626624195646,2021,0
0,0.0193899427668884,2021,0
0,0.0186269461558088,2021,0
0,0.0186269461558088,2021,0
0,0.0186269461558088,2021,0
0,0.0436050295688442,2021,0
0,0.0449878939170637,2021,0
0,0.0461282464607779,2021,0
0,0.0476197819843828,2021,0
0,0.0729673967665269,2021,0
0,0.0555597776016605,2021,0
0,0.0847307080190583,2021,0
0,0.0417216041411378,2021,0
0,0.0570776825877659,2021,0
0,0.0697044464702282,2021,0
0,0.0438078361192938,2021,0
0,0.0800396026639453,2021,0
0,0.0587417378792045,2021,0
0,0.0460071180497518,2021,0
0,0.0483132925038192,2021,0
0,0.0738444687969598,2021,0
0,0.0501517601531205,2021,0
0,0.076695654713642,2021,0
0,0.074189667522075,2021,0
0,0.0595211175488431,2021,0
0,0.076695654713642,2021,0
0,0.0650094370281569,2021,0
0,0.0486052840326572,2021,0
0,0.0594936987901166,2021,0
0,0.050541857420766,2021,0
0,0.0274562190589674,2021,0
0,0.0491927014311585,2021,0
0,0.0443061538040666,2021,0
0,0.0443061538040666,2021,0
0,0.0425518456681544,2021,0
0,0.0299093944088294,2021,0
0,0.0146908746000795,2021,0
0,0.0299093944088294,2021,0
0,0.0146908746000795,2021,0
0,0.0299093944088294,2021,0
0,0.0146908746000795,2021,0
0,0.0146908746000795,2021,0
0,0.079638204019537,2021,0
0,0.0465100762897279,2021,0
0,0.0378196257198776,2021,0
0,0.0378918821277769,2021,0
0,0.0777349824162668,2021,0
0,0.051218393824562,2021,0
0,0.051218393824562,2021,0
0,0.051218393824562,2021,0
0,0.051218393824562,2021,0
0,0.051218393824562,2021,0
0,0.051218393824562,2021,0
0,0.0608022597681516,2021,0
0,0.0542081582020469,2021,0
0,0.0665501150272437,2021,0
0,0.0981149525030724,2021,0
0,0.0357887847631039,2021,0
0,0.0555704347843206,2021,0
0,0.0507949317801568,2021,0
0,0.0331162340346671,2021,0
0,0.0636818863326114,2021,0
0,0.0270298132619334,2021,0
0,0.016642732860311,2021,0
0,0.0199071298387179,2021,0
0,0.0199071298387179,2021,0
0,0.0199071298387179,2021,0
0,0.0378562820560661,2021,0
0,0.0380981252777254,2021,0
0,0.0337705967305092,2021,0
0,0.0334949922081947,2021,0
0,0.0393121199530883,2021,0
0,0.0388592830653378,2021,0
0,0.0501928410457076,2021,0
0,0.0688499139187948,2021,0
0,0.0482285431953785,2021,0
0,0.0380423226330259,2021,0
0,0.0773589819234499,2021,0
0,0.0696359416316637,2021,0
0,0.0445137247139765,2021,0
0,0.0529037168010227,2021,0
0,0.064829593234079,2021,0
0,0.04199862013415,2021,0
0,0.0737726356143774,2021,0
0,0.0524660428500321,2021,0
0,0.0449655157999745,2021,0
0,0.041692462752408,2021,0
0,0.0705976708702348,2021,0
0,0.0483520592359248,2021,0
0,0.0577207069781107,2021,0
0,0.0727300993662921,2021,0
0,0.0706461238728568,2021,0
0,0.0727300993662921,2021,0
0,0.0603803157090327,2021,0
0,0.0448058679828514,2021,0
0,0.0579680684858162,2021,0
0,0.0448058679828514,2021,0
0,0.0579680684858162,2021,0
0,0.0448058679828514,2021,0
0,0.0300949892229487,2021,0
0,0.0317037111957483,2021,0
0,0.0300949892229487,2021,0
0,0.0300949892229487,2021,0
0,0.0225236414111962,2021,0
0,0.0464145732873345,2021,0
0,0.0384347467836481,2021,0
0,0.012573551965908,2021,0
0,0.0257910225768096,2021,0
0,0.0257910225768096,2021,0
0,0.012573551965908,2021,0
0,0.012573551965908,2021,0
0,0.0257910225768096,2021,0
0,0.012573551965908,2021,0
0,0.0727671735293558,2021,0
0,0.0830210188984569,2021,0
0,0.0419206249849605,2021,0
0,0.029152160856495,2021,0
0,0.0436116723007473,2021,0
0,0.0298549716997838,2021,0
0,0.0356243410812271,2021,0
0,0.0700029604541763,2021,0
0,0.0414651014171354,2021,0
0,0.0414651014171354,2021,0
0,0.0414651014171354,2021,0
0,0.0414651014171354,2021,0
0,0.0414651014171354,2021,0
0,0.0414651014171354,2021,0
0,0.0833311823677957,2021,0
0,0.0870741465645984,2021,0
0,0.0430872960620401,2021,0
0,0.0480029979741787,2021,0
0,0.0301469539409332,2021,0
0,0.058371086992589,2021,0
0,0.0638678711287309,2021,0
0,0.0264745347813419,2021,0
0,0.0162179320998308,2021,0
0,0.0195471562203319,2021,0
0,0.0195471562203319,2021,0
0,0.0195471562203319,2021,0
0,0.0307865749199442,2021,0
0,0.0320012132102366,2021,0
0,0.0298532924202949,2021,0
0,0.0282085044278479,2021,0
0,0.0350235829057272,2021,0
0,0.0639712033916327,2021,0
0,0.0454089777415934,2021,0
0,0.0457285239675156,2021,0
0,0.0360073888882439,2021,0
0,0.075445183372778,2021,0
0,0.0422211441722319,2021,0
0,0.049386333789302,2021,0
0,0.070888865502848,2021,0
0,0.0613221218637831,2021,0
0,0.0413820097928893,2021,0
0,0.0686419518311606,2021,0
0,0.0466605571060601,2021,0
0,0.0394648441497132,2021,0
0,0.0358325579111314,2021,0
0,0.0442633398758624,2021,0
0,0.0655629299262099,2021,0
0,0.0675236451271343,2021,0
0,0.0532572925101509,2021,0
0,0.0654839451696934,2021,0
0,0.0675236451271343,2021,0
0,0.0551813044128011,2021,0
0,0.0421968406149043,2021,0
0,0.0553607097747885,2021,0
0,0.0421968406149043,2021,0
0,0.0421968406149043,2021,0
0,0.0421968406149043,2021,0
0,0.0553607097747885,2021,0
0,0.0271810678108993,2021,0
0,0.0524065615273244,2021,0
0,0.0285845021724008,2021,0
0,0.0524065615273244,2021,0
0,0.0271810678108993,2021,0
0,0.0271810678108993,2021,0
0,0.0200543706417455,2021,0
0,0.0468363452795671,2021,0
0,0.0344877942900778,2021,0
0,0.0368058704000101,2021,0
0,0.0252837007606606,2021,0
0,0.0252837007606606,2021,0
0,0.0252837007606606,2021,0
0,0.0123005697752394,2021,0
0,0.0123005697752394,2021,0
0,0.0123005697752394,2021,0
0,0.0123005697752394,2021,0
0,0.0696057223426429,2021,0
0,0.0395242669585993,2021,0
0,0.0282607461624081,2021,0
0,0.0417457916908271,2021,0
0,0.0278354733011897,2021,0
0,0.0369848342406155,2021,0
0,0.0369249749601226,2021,0
0,0.0369249749601226,2021,0
0,0.0369249749601226,2021,0
0,0.0369249749601226,2021,0
0,0.0369249749601226,2021,0
0,0.0369249749601226,2021,0
0,0.0841306858584365,2021,0
0,0.0455649326807865,2021,0
0,0.0407012876157863,2021,0
0,0.0290051487833937,2021,0
0,0.0416651555861384,2021,0
0,0.0556712038229092,2021,0
0,0.0380158189999178,2021,0
0,0.0152719454809693,2021,0
0,0.0519096488925477,2021,0
0,0.0263131188162555,2021,0
0,0.0157943395858632,2021,0
0,0.019680721886517,2021,0
0,0.019680721886517,2021,0
0,0.019680721886517,2021,0
0,0.0313583951981385,2021,0
0,0.0288563326278001,2021,0
0,0.02712194829068,2021,0
0,0.0334730340904906,2021,0
0,0.0463993525202615,2021,0
0,0.0652248746699736,2021,0
0,0.0492418612359677,2021,0
0,0.080289605865,2021,0
0,0.0452071541541961,2021,0
0,0.0528436130725344,2021,0
0,0.0648310438663611,2021,0
0,0.0511430916164981,2021,0
0,0.0287805599129884,2021,0
0,0.0442068375198627,2021,0
0,0.0528863861976426,2021,0
0,0.0384151858383782,2021,0
0,0.0778847414154704,2021,0
0,0.0778847414154704,2021,0
0,0.0756248537389824,2021,0
0,0.0523617530694908,2021,0
0,0.075566727389391,2021,0
0,0.0619472950551337,2021,0
0,0.0622390475995596,2021,0
0,0.0470831294386767,2021,0
0,0.0470831294386767,2021,0
0,0.0470831294386767,2021,0
0,0.0600897033391358,2021,0
0,0.0470831294386767,2021,0
0,0.059271941017279,2021,0
0,0.059271941017279,2021,0
0,0.0309567074316664,2021,0
0,0.0309567074316664,2021,0
0,0.0331785698435334,2021,0
0,0.0309567074316664,2021,0
0,0.0347481907417611,2021,0
0,0.0228930757933307,2021,0
0,0.0501078639648391,2021,0
0,0.0374243736136999,2021,0
0,0.0460312070877357,2021,0
0,0.0142450364059202,2021,0
0,0.0142450364059202,2021,0
0,0.0290368544115835,2021,0
0,0.0290368544115835,2021,0
0,0.0290368544115835,2021,0
0,0.0142450364059202,2021,0
0,0.0142450364059202,2021,0
0,0.0799200085493525,2021,0
0,0.0450182484670686,2021,0
0,0.076188051864969,2021,0
0,0.0495553470982233,2021,0
0,0.035972098801772,2021,0
0,0.0396389768055165,2021,0
0,0.0490668868681028,2021,0
0,0.0490668868681028,2021,0
0,0.0490668868681028,2021,0
0,0.0490668868681028,2021,0
0,0.0490668868681028,2021,0
0,0.0490668868681028,2021,0
0,0.0519846709219084,2021,0
0,0.0470617371507242,2021,0
0,0.031344601693011,2021,0
0,0.0433965974397718,2021,0
0,0.0629220407561914,2021,0
0,0.0419132846477291,2021,0
0,0.0177101360674514,2021,0
0,0.0578334514277933,2021,0
0,0.02843356347159,2021,0
0,0.0173888169564323,2021,0
0,0.0211519453353735,2021,0
0,0.0211519453353735,2021,0
0,0.0211519453353735,2021,0
0,0.0370558680923811,2021,0
0,0.0367366314498384,2021,0
0,0.0330344674983467,2021,0
0,0.0388193759236221,2021,0
0,0.0499353036604879,2021,0
0,0.0690915760057232,2021,0
0,0.0554127017721799,2021,0
0,0.0866555730501138,2021,0
0,0.0517746913025226,2021,0
0,0.05860110661871,2021,0
0,0.0560534950431773,2021,0
0,0.0433350299641692,2021,0
0,0.0489555487050434,2021,0
0,0.0489555487050434,2021,0
0,0.0489555487050434,2021,0
0,0.0489555487050434,2021,0
0,0.0624844844135956,2021,0
0,0.0365647231784595,2021,0
0,0.0365647231784595,2021,0
0,0.0365647231784595,2021,0
0,0.0660810333403846,2021,0
0,0.038753272618067,2021,0
0,0.0660810333403846,2021,0
0,0.038753272618067,2021,0
0,0.0533488239487588,2021,0
0,0.0419465703875496,2021,0
0,0.044321565514254,2021,0
0,0.0265563356876341,2021,0
0,0.0265563356876341,2021,0
0,0.0133687661501415,2021,0
0,0.0133687661501415,2021,0
0,0.0133687661501415,2021,0
0,0.0265563356876341,2021,0
0,0.0133687661501415,2021,0
0,0.0765847256545999,2021,0
0,0.0441243306363438,2021,0
0,0.0761729657536766,2021,0
0,0.0536504614117113,2021,0
0,0.0536504614117113,2021,0
0,0.0536504614117113,2021,0
0,0.0536504614117113,2021,0
0,0.0536504614117113,2021,0
0,0.0696250067636224,2021,0
0,0.0750984610972139,2021,0
0,0.0628270997950614,2021,0
0,0.107466596379088,2021,0
0,0.0390022731353604,2021,0
0,0.0658047609582476,2021,0
0,0.061080070609541,2021,0
0,0.0360488035510868,2021,0
0,0.0484605024217478,2021,0
0,0.0667698650539216,2021,0
0,0.0617738471325537,2021,0
0,0.0180200775849107,2021,0
0,0.027428414288075,2021,0
0,0.0163409195517153,2021,0
0,0.0720986738206454,2021,0
0,0.021993387944641,2021,0
0,0.021993387944641,2021,0
0,0.021993387944641,2021,0
0,0.0369465235018856,2021,0
0,0.0380987136967663,2021,0
0,0.0323601409431028,2021,0
0,0.055975433929818,2021,0
0,0.0756754935471831,2021,0
0,0.0564417648724364,2021,0
0,0.0562648546580241,2021,0
0,0.0802150948748981,2021,0
0,0.0490491473796219,2021,0
0,0.053112432229745,2021,0
0,0.0516765138205859,2021,0
0,0.0433828096820962,2021,0
0,0.0357801200479524,2021,0
0,0.0443047144497765,2021,0
0,0.0443047144497765,2021,0
0,0.0585487720930037,2021,0
0,0.0443047144497765,2021,0
0,0.0443047144497765,2021,0
0,0.0443047144497765,2021,0
0,0.0585487720930037,2021,0
0,0.0320792071378568,2021,0
0,0.0320792071378568,2021,0
0,0.0561497312002636,2021,0
0,0.0326787428008585,2021,0
0,0.0326787428008585,2021,0
0,0.0320792071378568,2021,0
0,0.0561497312002636,2021,0
0,0.0320792071378568,2021,0
0,0.0265992386906358,2021,0
0,0.0601912137055114,2021,0
0,0.0242196302899767,2021,0
0,0.0261363963175,2021,0
0,0.013392599573654,2021,0
0,0.013392599573654,2021,0
0,0.013392599573654,2021,0
0,0.0261363963175,2021,0
0,0.0261363963175,2021,0
0,0.013392599573654,2021,0
0,0.071102241283056,2021,0
0,0.0358068063792308,2021,0
0,0.0764692715212501,2021,0
0,0.0428857293385164,2021,0
0,0.0428857293385164,2021,0
0,0.0428857293385164,2021,0
0,0.0954562168881453,2021,0
0,0.0539346672883171,2021,0
0,0.0586918234827968,2021,0
0,0.0359410543427858,2021,0
0,0.060969350779255,2021,0
0,0.017320837745832,2021,0
0,0.0267670346592934,2021,0
0,0.0157781517673785,2021,0
0,0.0229211448119288,2021,0
0,0.0229211448119288,2021,0
0,0.0252466286777569,2021,0
0,0.0272121660708382,2021,0
0,0.0321807341746619,2021,0
0,0.0270633815116481,2021,0
0,0.0715792995952351,2021,0
0,0.0504317934370107,2021,0
0,0.0491012770248833,2021,0
0,0.0543870889999465,2021,0
0,0.0404750354179026,2021,0
0,0.0785068758352648,2021,0
0,0.0466581518773482,2021,0
0,0.0529764237747538,2021,0
0,0.0496275777924047,2021,0
0,0.0689358439292093,2021,0
0,0.0431394899052433,2021,0
0,0.039949015083583,2021,0
0,0.0515722965530327,2021,0
0,0.0515722965530327,2021,0
0,0.065957141770369,2021,0
0,0.065957141770369,2021,0
0,0.0515722965530327,2021,0
0,0.0515722965530327,2021,0
0,0.0515722965530327,2021,0
0,0.032867389008972,2021,0
0,0.0317053064907427,2021,0
0,0.0317053064907427,2021,0
0,0.0317053064907427,2021,0
0,0.0568142094394163,2021,0
0,0.032867389008972,2021,0
0,0.0568142094394163,2021,0
0,0.0317053064907427,2021,0
0,0.0673488153932141,2021,0
0,0.0383689225201084,2021,0
0,0.04612781976109,2021,0
0,0.132037826430073,2021,0
0,0.0290167960131244,2021,0
0,0.0290167960131244,2021,0
0,0.0617743095481141,2021,0
0,0.0551179424272862,2021,0
0,0.070702141952203,2021,0
0,0.0431426649480715,2021,0
0,0.0539025828138193,2021,0
0,0.0408580457484653,2021,0
0,0.0550729349356847,2021,0
0,0.0408580457484653,2021,0
0,0.0326577914324327,2021,0
0,0.0175054315128793,2021,0
0,0.0175054315128793,2021,0
0,0.0326577914324327,2021,0
0,0.0175054315128793,2021,0
0,0.0175054315128793,2021,0
0,0.0943633855175472,2021,0
0,0.0517307717234209,2021,0
0,0.0421947843597835,2021,0
0,0.0392483546369483,2021,0
0,0.0392103457468119,2021,0
0,0.0530521641273111,2021,0
0,0.0392103457468119,2021,0
0,0.0768577338112014,2021,0
0,0.0683286179097798,2021,0
0,0.0392103457468119,2021,0
0,0.0441669839677252,2021,0
0,0.0530521641273111,2021,0
0,0.0476004303161557,2021,0
0,0.0476004303161557,2021,0
0,0.0476004303161557,2021,0
0,0.0476004303161557,2021,0
0,0.0666392516316115,2021,0
0,0.0776565532573548,2021,0
0,0.11273842487789,2021,0
0,0.0405060575517665,2021,0
0,0.0736065319343274,2021,0
0,0.0691572773366776,2021,0
0,0.0437998453322269,2021,0
0,0.0399576571033814,2021,0
0,0.0311264177466013,2021,0
0,0.0181672116973172,2021,0
0,0.0874797442112114,2021,0
0,0.0310975279308354,2021,0
0,0.0305641840763484,2021,0
0,0.0347267763180424,2021,0
0,0.0331563902637938,2021,0
0,0.076823964277818,2021,0
0,0.0383901719717756,2021,0
0,0.0351056677988797,2021,0
0,0.0511320389820188,2021,0
0,0.0630530581567456,2021,0
0,0.0490049133287668,2021,0
0,0.0902824251676505,2021,0
0,0.0562718607363975,2021,0
0,0.0673686796242986,2021,0
0,0.078949885545732,2021,0
0,0.0762788463044542,2021,0
0,0.0525204006872368,2021,0
0,0.0449517360167526,2021,0
0,0.0474942040405509,2021,0
0,0.0607854552980661,2021,0
0,0.0765757216287692,2021,0
0,0.0610081449075141,2021,0
0,0.0765757216287692,2021,0
0,0.0610081449075141,2021,0
0,0.0610081449075141,2021,0
0,0.0610081449075141,2021,0
0,0.0610081449075141,2021,0
0,0.0416740345760244,2021,0
0,0.0694614342064213,2021,0
0,0.0416740345760244,2021,0
0,0.0416740345760244,2021,0
0,0.0694614342064213,2021,0
0,0.0429675740554882,2021,0
0,0.0429675740554882,2021,0
0,0.0416740345760244,2021,0
0,0.077542078772465,2021,0
0,0.12574407428205,2021,0
0,0.053508072378436,2021,0
0,0.0452029868473567,2021,0
0,0.149312088674086,2021,0
0,0.0303200637396656,2021,0
0,0.0303200637396656,2021,0
0,0.0291926602744774,2021,0
0,0.0659809452637205,2021,0
0,0.0525181102956013,2021,0
0,0.0416527660389448,2021,0
0,0.0538761993944988,2021,0
0,0.0690454248391109,2021,0
0,0.028136038408045,2021,0
0,0.0353701936024869,2021,0
0,0.0632215767056034,2021,0
0,0.0479544759025886,2021,0
0,0.0491926905210704,2021,0
0,0.0491926905210704,2021,0
0,0.0484275869519363,2021,0
0,0.0491926905210704,2021,0
0,0.0491926905210704,2021,0
0,0.0491926905210704,2021,0
0,0.0491926905210704,2021,0
0,0.0427280519926795,2021,0
0,0.0491926905210704,2021,0
0,0.0491926905210704,2021,0
0,0.04967638499821,2021,0
0,0.0744388989850258,2021,0
0,0.0744388989850258,2021,0
0,0.0427056508135062,2021,0
0,0.0491926905210704,2021,0
0,0.0566520513626438,2021,0
0,0.0491926905210704,2021,0
0,0.0491926905210704,2021,0
0,0.0529156546820296,2021,0
0,0.0549882954713389,2021,0
0,0.0419045554714842,2021,0
0,0.0564377207139296,2021,0
0,0.0176979198937828,2021,0
0,0.0176979198937828,2021,0
0,0.0176979198937828,2021,0
0,0.0946929231847448,2021,0
0,0.0475831437810662,2021,0
0,0.0478430026580368,2021,0
0,0.0634820072250638,2021,0
0,0.0478430026580368,2021,0
0,0.0892217678377761,2021,0
0,0.0600978683130994,2021,0
0,0.0600978683130994,2021,0
0,0.0760764834362907,2021,0
0,0.0718610449571865,2021,0
0,0.0466287926318842,2021,0
0,0.0494819990503128,2021,0
0,0.0219689519578879,2021,0
0,0.0412226341235622,2021,0
0,0.0397230045714729,2021,0
0,0.042523348384188,2021,0
0,0.067658622351633,2021,0
0,0.0568535683455277,2021,0
0,0.0857415035932442,2021,0
0,0.0479329776909957,2021,0
0,0.0568264852044575,2021,0
0,0.0714056384020577,2021,0
0,0.0952475514258469,2021,0
0,0.0538120577040874,2021,0
0,0.0668435981620182,2021,0
0,0.0631708234773179,2021,0
0,0.0487818859508927,2021,0
0,0.0568009922763341,2021,0
0,0.0723833094628224,2021,0
0,0.0568009922763341,2021,0
0,0.0568009922763341,2021,0
0,0.0723833094628224,2021,0
0,0.0568009922763341,2021,0
0,0.0568009922763341,2021,0
0,0.0425015620748628,2021,0
0,0.0425015620748628,2021,0
0,0.0703374077748694,2021,0
0,0.0436160766984684,2021,0
0,0.0425015620748628,2021,0
0,0.0436160766984684,2021,0
0,0.0425015620748628,2021,0
0,0.0703374077748694,2021,0
0,0.150799811274859,2021,0
0,0.0305098593581739,2021,0
0,0.0335123522411361,2021,0
0,0.0631261834287792,2021,0
0,0.0665626987074325,2021,0
0,0.0940529591903533,2021,0
0,0.0563624559390883,2021,0
0,0.0724215190521231,2021,0
0,0.0751862727880159,2021,0
0,0.047932585387063,2021,0
0,0.0497346567510152,2021,0
0,0.0495528329631631,2021,0
0,0.0539159878288798,2021,0
0,0.0815478938969741,2021,0
0,0.0541163071470998,2021,0
0,0.0876037612286065,2021,0
0,0.0719458210906261,2021,0
0,0.0793783367576756,2021,0
0,0.0989592421299288,2021,0
0,0.0623040899043608,2021,0
0,0.0837026902429195,2021,0
0,0.0673958528088824,2021,0
0,0.110083249185481,2021,0
0,0.0551974042257491,2021,0
0,0.0741187303716315,2021,0
0,0.067665053712885,2021,0
0,0.0653702258562788,2021,0
0,0.0653702258562788,2021,0
0,0.0653702258562788,2021,0
0,0.0785038767165555,2021,0
0,0.0785038767165555,2021,0
0,0.0653702258562788,2021,0
0,0.0653702258562788,2021,0
0,0.0517934868462162,2021,0
0,0.0517934868462162,2021,0
0,0.0479740787964476,2021,0
0,0.0479740787964476,2021,0
0,0.0823438310137852,2021,0
0,0.0479740787964476,2021,0
0,0.0823438310137852,2021,0
0,0.0479740787964476,2021,0
0,0.0479740787964476,2021,0
0,0.0550273578557254,2021,0
0,0.047093105221317,2021,0
0,0.0723752188830449,2021,0
0,0.0608530687459386,2021,0
0,0.0324611178589797,2021,0
0,0.0858522562452196,2021,0
0,0.0858522562452196,2021,0
0,0.109597093661359,2021,0
0,0.0680324587829366,2021,0
0,0.0596218396923269,2021,0
0,0.0533577282264931,2021,0
0,0.0736240550467268,2021,0
0,0.0952849455968018,2021,0
0,0.0683614120782015,2021,0
0,0.100517252887946,2021,0
0,0.130051032496834,2021,0
0,0.115365115493669,2021,0
0,0.0744099544385348,2021,0
0,0.0811505733998018,2021,0
0,0.0941030434319113,2021,0
0,0.130787784990361,2021,0
0,0.145692455985291,2021,0
0,0.0626513737246,2021,0
0,0.0929237926170729,2021,0
0,0.0791182686193006,2021,0
0,0.0929327765687336,2021,0
0,0.0929327765687336,2021,0
0,0.0836939031332643,2021,0
0,0.0836939031332643,2021,0
0,0.0836939031332643,2021,0
0,0.0836939031332643,2021,0
0,0.0836939031332643,2021,0
0,0.0610666018121229,2021,0
0,0.067759159706839,2021,0
0,0.0992481570968903,2021,0
0,0.0610666018121229,2021,0
0,0.0610666018121229,2021,0
0,0.0610666018121229,2021,0
0,0.0992481570968903,2021,0
0,0.0610666018121229,2021,0
0,0.067759159706839,2021,0
0,0.0801792576532851,2021,0
0,0.0674838835297434,2021,0
0,0.104299016699387,2021,0
0,0.109012652994887,2021,0
0,0.0891460324665495,2021,0
0,0.0824094827767676,2021,0
0,0.132072197135032,2021,0
0,0.0461740022720313,2021,0
0,0.136750669035636,2021,0
0,0.194875215658578,2021,0
0,0.12499029282098,2021,0
0,0.126126923187971,2021,0
0,0.149625996415421,2021,0
0,0.151471565819454,2021,0
0,0.202294029452467,2021,0
0,0.0990624069984564,2021,0
0,0.109016434856153,2021,0
0,0.152834920142799,2021,0
0,0.116678369501454,2021,0
0,0.143255365226864,2021,0
0,0.143255365226864,2021,0
0,0.143255365226864,2021,0
0,0.143255365226864,2021,0
0,0.139239666847088,2021,0
0,0.139239666847088,2021,0
0,0.143255365226864,2021,0
0,0.104012954421838,2021,0
0,0.104012954421838,2021,0
0,0.0912557715783179,2021,0
0,0.132406970479193,2021,0
0,0.0912557715783179,2021,0
0,0.132406970479193,2021,0
0,0.0912557715783179,2021,0
0,0.0912557715783179,2021,0
0,0.0912557715783179,2021,0
0,0.124057280660506,2021,0
0,0.124057280660506,2021,0
0,0.192749361640487,2021,0
0,0.155462300335294,2021,0
0,0.216245267650516,2021,0
1,0.0623338880637525,2021,0
1,0.0623338880637525,2021,0
1,0.0659735074343874,2021,0
1,0.0442322396090447,2021,0
1,0.0802379569485903,2021,0
1,0.0750506449516419,2021,0
1,0.0794109591249471,2021,0
1,0.0562535801150676,2021,0
1,0.0794552240127597,2021,0
1,0.0569684812124921,2021,0
1,0.0659763669583243,2021,0
1,0.0815744269770025,2021,0
1,0.0815744269770025,2021,0
1,0.0491927014311585,2021,0
1,0.0326407768232271,2021,0
1,0.0326407768232271,2021,0
1,0.0326577914324327,2021,0
1,0.031641539353978,2021,0
1,0.0423749589428984,2021,0
1,0.0426893303220242,2021,0
1,0.0496164249914314,2021,0
1,0.0496164249914314,2021,0
1,0.0465162895785087,2021,0
1,0.0426893303220242,2021,0
1,0.0669107497362497,2021,0
1,0.0426893303220242,2021,0
1,0.0496164249914314,2021,0
1,0.0496164249914314,2021,0
1,0.150556287001297,2021,0
1,0.0426893303220242,2021,0
1,0.150556287001297,2021,0
1,0.042812203219023,2021,0
1,0.0446466912321112,2021,0
1,0.0370624310316745,2021,0
1,0.0426893303220242,2021,0
1,0.0496164249914314,2021,0
1,0.0476147066205422,2021,0
1,0.035018537199118,2021,0
1,0.046020824434007,2021,0
1,0.12204512863518,2021,0
1,0.0476147066205422,2021,0
1,0.0426893303220242,2021,0
1,0.0465162895785087,2021,0
1,0.0426893303220242,2021,0
1,0.0426893303220242,2021,0
1,0.0467499156510059,2021,0
1,0.0411502820740191,2021,0
1,0.0790645919974629,2021,0
1,0.0411502820740191,2021,0
1,0.0176979198937828,2021,0
1,0.0176567717547657,2021,0
1,0.0176567717547657,2021,0
1,0.0176567717547657,2021,0
1,0.0600897033391358,2021,0
1,0.0496164249914314,2021,0
1,0.0629534347316077,2021,0
1,0.0414475930431429,2021,0
1,0.0477914556630369,2021,0
1,0.0421497098348124,2021,0
1,0.0421497098348124,2021,0
1,0.037220576682566,2021,0
1,0.045854389537682,2021,0
1,0.0532016909656376,2021,0
1,0.050676002358757,2021,0
1,0.0868604484142938,2021,0
1,0.0557934570896639,2021,0
1,0.0610694682288895,2021,0
1,0.0311844576564844,2021,0
1,0.0395092135281843,2021,0
1,0.0465457619104753,2021,0
1,0.0347144053511532,2021,0
1,0.208940698834974,2021,0
1,0.0523631718008507,2021,0
1,0.0890485515904273,2021,0
1,0.0443061538040666,2021,0
1,0.0734781853969711,2021,0
1,0.0380475853982183,2021,0
1,0.15790198545233,2021,0
1,0.171200650223015,2021,0
1,0.0952787312366003,2021,0
1,0.0972705636929301,2021,0
1,0.0704962329574641,2021,0
1,0.0536504614117113,2021,0
1,0.0600978683130994,2021,0
1,0.200773835440011,2021,0
1,0.0703123405611709,2021,0
1,0.0757847192078182,2021,0
1,0.143179959913561,2021,0
1,0.048094673199571,2021,0
1,0.149801059585972,2021,0
1,0.0574154663988638,2021,0
1,0.101037079511829,2021,0
1,0.262702226806741,2021,0
1,0.0738553294950966,2021,0
1,0.0655051272386872,2021,0
1,0.0472679451635271,2021,0
1,0.0478151186409115,2021,0
1,0.0271297145362934,2021,0
1,0.031564142261289,2021,0
1,0.0271297145362934,2021,0
1,0.0566113564810114,2021,0
1,0.0424619329701275,2021,0
1,0.0564250379988836,2021,0
1,0.188042349617528,2021,0
1,0.142550178951656,2021,0
1,0.0859508293459808,2021,0
1,0.0566113564810114,2021,0
1,0.0491926905210704,2021,0
1,0.161404759322658,2021,0
1,0.03768969913694,2021,0
1,NA,2021,NA
1,0.0770166236098079,2021,0
1,0.150945737809781,2021,0
1,0.0250627299595084,2021,0
1,0.112116611442351,2021,0
1,0.0365190806134756,2021,0
1,0.0344241822231247,2021,0
1,0.0447027396219131,2021,0
1,0.038526462571691,2021,0
1,0.255591490402058,2021,0
1,0.23140187675038,2021,0
1,0.104194407925877,2021,0
1,0.13715372293907,2021,0
1,0.0706843620780458,2021,0
1,0.0230502729008057,2021,0
1,0.0428857293385164,2021,0
1,0.0600978683130994,2021,0
1,0.136750669035636,2021,0
1,0.132306927565981,2021,0
1,0.0895253929686925,2021,0
1,0.121965127380077,2021,0
1,0.0526260815260887,2021,0
1,0.0299843418461727,2021,0
1,0.0891424295870209,2021,0
1,0.0327004429532886,2021,0
1,0.0712877725058698,2021,0
1,0.0694487883469041,2021,0
1,0.0832309915379447,2021,0
1,0.0377738541868084,2021,0
1,0.0373928545678359,2021,0
1,0.141879369168205,2021,0
1,0.0264850652193881,2021,0
1,0.0487794597567712,2021,0
1,0.0466655288905571,2021,0
1,0.0645537617685199,2021,0
1,0.0441514858133161,2021,0
1,0.103683874018783,2021,0
1,0.0554096744407284,2021,0
1,0.0435084289951875,2021,0
1,0.0370481508831742,2021,0
1,0.0170936068070134,2021,0
1,0.0443903688886992,2021,0
1,0.0367873659184729,2021,0
0,0.126225926095794,2022,0
0,0.127961943940632,2022,0
0,0.230993588531736,2022,0
0,0.0407423759792189,2022,0
0,0.207806332712812,2022,0
0,0.240743805650602,2022,0
0,0.186332994492536,2022,0
0,0.169282996057279,2022,0
0,0.169282996057279,2022,0
0,0.169282996057279,2022,0
0,0.169282996057279,2022,0
0,0.169282996057279,2022,0
0,0.0886481978277666,2022,0
0,0.107002444186543,2022,0
0,0.107002444186543,2022,0
0,0.0886481978277666,2022,0
0,0.108377199697802,2022,0
0,0.0886481978277666,2022,0
0,0.108377199697802,2022,0
0,0.0886481978277666,2022,0
0,0.0886481978277666,2022,0
0,0.225816742350084,2022,0
0,0.225816742350084,2022,0
0,0.212525148106695,2022,0
0,0.0413193963301636,2022,0
0,0.141934347983608,2022,0
0,0.200060628124824,2022,0
0,0.0619836700592876,2022,0
0,0.18678664439512,2022,0
0,0.308509340167859,2022,0
0,0.0968208488593661,2022,0
0,0.0987832640490622,2022,0
0,0.198794736934937,2022,0
0,0.0399448289980859,2022,0
0,0.117983444106715,2022,0
0,0.131544415553973,2022,0
0,0.124309139758655,2022,0
0,0.124309139758655,2022,0
0,0.124309139758655,2022,0
0,0.124309139758655,2022,0
0,0.124309139758655,2022,0
0,0.261573002696504,2022,0
0,0.0820267790242427,2022,0
0,0.0820267790242427,2022,0
0,0.0775720777293831,2022,0
0,0.0661240436760672,2022,0
0,0.0661240436760672,2022,0
0,0.0661240436760672,2022,0
0,0.0775720777293831,2022,0
0,0.0661240436760672,2022,0
0,0.15867974219347,2022,0
0,0.177774566732925,2022,0
0,0.177774566732925,2022,0
0,0.141373260063554,2022,0
0,0.0670946500652061,2022,0
0,0.0675284234982383,2022,0
0,0.128924510634412,2022,0
0,0.145446983197736,2022,0
0,0.139661009507289,2022,0
0,0.0643170480754788,2022,0
0,0.0273893861203723,2022,0
0,0.143814588854547,2022,0
0,0.262937810674108,2022,0
0,0.131744655318119,2022,0
0,0.128069762338407,2022,0
0,0.0309595538149134,2022,0
0,0.109325786524446,2022,0
0,0.0832864311627277,2022,0
0,0.0388043084105539,2022,0
0,0.0989733631951205,2022,0
0,0.118623428250252,2022,0
0,0.108182011623376,2022,0
0,0.108182011623376,2022,0
0,0.108182011623376,2022,0
0,0.108182011623376,2022,0
0,0.108182011623376,2022,0
0,0.211068855670774,2022,0
0,0.0573432137510417,2022,0
0,0.0573432137510417,2022,0
0,0.0740782080921657,2022,0
0,0.0573432137510417,2022,0
0,0.0685091261884464,2022,0
0,0.0685091261884464,2022,0
0,0.0740782080921657,2022,0
0,0.0573432137510417,2022,0
0,0.184691611362009,2022,0
0,0.164345164178013,2022,0
0,0.0701479781865143,2022,0
0,0.16393051552636,2022,0
0,0.171227152431916,2022,0
0,0.0662299278333885,2022,0
0,0.0273428877294101,2022,0
0,0.0273428877294101,2022,0
0,0.0273428877294101,2022,0
0,0.327164329222607,2022,0
0,0.165126122599371,2022,0
0,0.0308203516880301,2022,0
0,0.109121035660972,2022,0
0,0.175965462675462,2022,0
0,0.166625702234827,2022,0
0,0.0861867587506341,2022,0
0,0.0399531541156767,2022,0
0,0.103362426440448,2022,0
0,0.124487423315918,2022,0
0,0.335411362148292,2022,0
0,0.12808526837606,2022,0
0,0.112691037821369,2022,0
0,0.112691037821369,2022,0
0,0.112691037821369,2022,0
0,0.112691037821369,2022,0
0,0.112691037821369,2022,0
0,0.201343932694318,2022,0
0,0.0544230889677949,2022,0
0,0.0544230889677949,2022,0
0,0.066576841722243,2022,0
0,0.0725207781705153,2022,0
0,0.0544230889677949,2022,0
0,0.0725207781705153,2022,0
0,0.0544230889677949,2022,0
0,0.187013488139102,2022,0
0,0.211534039376849,2022,0
0,0.0688520911470956,2022,0
0,0.0566331906272279,2022,0
0,0.0783799160849333,2022,0
0,0.0566331906272279,2022,0
0,0.0566331906272279,2022,0
0,0.0566331906272279,2022,0
0,0.0783799160849333,2022,0
0,0.0783799160849333,2022,0
0,0.33738174929972,2022,0
0,0.217767960978064,2022,0
0,0.0611659834554601,2022,0
0,0.038672574217625,2022,0
0,0.038672574217625,2022,0
0,0.038672574217625,2022,0
0,0.452100278821961,2022,0
0,0.0983562726337596,2022,0
0,0.0319326498536684,2022,0
0,0.0336694561105339,2022,0
0,0.182898379188977,2022,0
0,0.19679559754617,2022,0
0,0.0527469731682275,2022,0
0,0.125183716824419,2022,0
0,0.134792373953537,2022,0
0,0.172425919887715,2022,0
0,0.139593150165584,2022,0
0,0.129377647652306,2022,0
0,0.129377647652306,2022,0
0,0.129377647652306,2022,0
0,0.129377647652306,2022,0
0,0.129377647652306,2022,0
0,0.244619021202955,2022,0
0,0.0584978409488772,2022,0
0,0.0584978409488772,2022,0
0,0.0759300483949102,2022,0
0,0.0708252251238354,2022,0
0,0.0584978409488772,2022,0
0,0.0584978409488772,2022,0
0,0.0759300483949102,2022,0
0,0.195924305365152,2022,0
0,0.0554368944236449,2022,0
0,0.055890726228522,2022,0
0,0.0543630467419359,2022,0
0,0.0742560272100486,2022,0
0,0.0742560272100486,2022,0
0,0.0543630467419359,2022,0
0,0.0543630467419359,2022,0
0,0.0543630467419359,2022,0
0,0.0742560272100486,2022,0
0,0.189464595885262,2022,0
0,0.0539476099794379,2022,0
0,0.0698296210099379,2022,0
0,0.0414886486433916,2022,0
0,0.0414886486433916,2022,0
0,0.0414886486433916,2022,0
0,0.0990151453710637,2022,0
0,0.0286397140658728,2022,0
0,0.0301626991757988,2022,0
0,0.188951711390862,2022,0
0,0.178788589130579,2022,0
0,0.117994419439202,2022,0
0,0.117994419439202,2022,0
0,0.117994419439202,2022,0
0,0.117994419439202,2022,0
0,0.222343607225824,2022,0
0,0.0747021702792194,2022,0
0,0.0563077031742819,2022,0
0,0.0747021702792194,2022,0
0,0.0563077031742819,2022,0
0,0.0563077031742819,2022,0
0,0.0692942811047083,2022,0
0,0.182335125412058,2022,0
0,0.0510469726606183,2022,0
0,0.0700190222867814,2022,0
0,0.0700190222867814,2022,0
0,0.0700190222867814,2022,0
0,0.0502837405951894,2022,0
0,0.0502837405951894,2022,0
0,0.0502837405951894,2022,0
0,0.0502837405951894,2022,0
0,0.187974241399588,2022,0
0,0.052906712867006,2022,0
0,0.0548794946597646,2022,0
0,0.0336990832616696,2022,0
0,0.0336990832616696,2022,0
0,0.0336990832616696,2022,0
0,0.0657893286000664,2022,0
0,0.09435032567195,2022,0
0,0.0917605599142138,2022,0
0,0.134474710452816,2022,0
0,0.159621120710882,2022,0
0,0.164800458867795,2022,0
0,0.098023215557474,2022,0
0,0.098023215557474,2022,0
0,0.0890598816175356,2022,0
0,0.182129625361928,2022,0
0,0.0507785994268897,2022,0
0,0.0673385575203335,2022,0
0,0.052064797753284,2022,0
0,0.0403693179779462,2022,0
0,0.0562242858775768,2022,0
0,0.0562242858775768,2022,0
0,0.0403693179779462,2022,0
0,0.0403693179779462,2022,0
0,0.0403693179779462,2022,0
0,0.0562242858775768,2022,0
0,0.0797959703435317,2022,0
0,0.147253844229524,2022,0
0,0.0470310057082116,2022,0
0,0.0306151554383968,2022,0
0,0.0306151554383968,2022,0
0,0.0306151554383968,2022,0
0,0.210213598465319,2022,0
0,0.110411363897765,2022,0
0,0.0519444588959921,2022,0
0,0.0860591180290084,2022,0
0,0.0920721849486999,2022,0
0,0.133243831817361,2022,0
0,0.131369934142319,2022,0
0,0.0882977974148696,2022,0
0,0.0952415025671109,2022,0
0,0.184456826603239,2022,0
0,0.0488515500598243,2022,0
0,0.0649091806646758,2022,0
0,0.0407111609034905,2022,0
0,0.0422282018395766,2022,0
0,0.0439216682509366,2022,0
0,0.0297698451807523,2022,0
0,0.0297698451807523,2022,0
0,0.0439216682509366,2022,0
0,0.0439216682509366,2022,0
0,0.0297698451807523,2022,0
0,0.0297698451807523,2022,0
0,0.0586138844328785,2022,0
0,0.109506709793299,2022,0
0,0.109506709793299,2022,0
0,0.043405346709381,2022,0
0,0.025855283220206,2022,0
0,0.025855283220206,2022,0
0,0.025855283220206,2022,0
0,0.0416128353433737,2022,0
0,0.0783358632970627,2022,0
0,0.0583184462739599,2022,0
0,0.0181451680040044,2022,0
0,0.0830921185791043,2022,0
0,0.126181359325551,2022,0
0,0.125178326594067,2022,0
0,0.124888863578853,2022,0
0,0.0876923174768092,2022,0
0,0.0973265040783957,2022,0
0,0.185840526038192,2022,0
0,0.0672247595180899,2022,0
0,0.0467874440747991,2022,0
0,0.087853505786586,2022,0
0,0.0436845655863964,2022,0
0,0.0451646274757804,2022,0
0,0.0307269008143029,2022,0
0,0.0307269008143029,2022,0
0,0.0496089549135558,2022,0
0,0.0307269008143029,2022,0
0,0.0496089549135558,2022,0
0,0.0307269008143029,2022,0
0,0.0496089549135558,2022,0
0,0.0534999027819061,2022,0
0,0.027578683537619,2022,0
0,0.027578683537619,2022,0
0,0.027578683537619,2022,0
0,0.0477830699189224,2022,0
0,0.0708796003207343,2022,0
0,0.0674635219479773,2022,0
0,0.023855685917611,2022,0
0,0.125379893746762,2022,0
0,0.109486391476891,2022,0
0,0.199915857945785,2022,0
0,0.0351579397439511,2022,0
0,0.0566265016067235,2022,0
0,0.0566265016067235,2022,0
0,0.0351579397439511,2022,0
0,0.0351579397439511,2022,0
0,0.0566265016067235,2022,0
0,0.0351579397439511,2022,0
0,0.0236925900096229,2022,0
0,0.0236925900096229,2022,0
0,0.0236925900096229,2022,0
0,0.0470602483798279,2022,0
0,0.045184136649215,2022,0
0,0.0249336596905059,2022,0
0,0.0236798103888701,2022,0
0,0.0461737509191004,2022,0
0,0.0702857492111886,2022,0
0,0.0702857492111886,2022,0
0,0.114142029930396,2022,0
0,0.0435609546823134,2022,0
0,0.0555540640065597,2022,0
0,0.0263725946644139,2022,0
0,0.0445295809706552,2022,0
0,0.0263725946644139,2022,0
0,0.0445295809706552,2022,0
0,0.0263725946644139,2022,0
0,0.0263725946644139,2022,0
0,0.0445295809706552,2022,0
0,0.0480622223458133,2022,0
0,0.0177955984371928,2022,0
0,0.0182645663034907,2022,0
0,0.0182645663034907,2022,0
0,0.0182645663034907,2022,0
0,0.0488464427590001,2022,0
0,0.112454992660167,2022,0
0,0.0172269602667975,2022,0
0,0.0225828503684716,2022,0
0,0.022479236001196,2022,0
0,0.0119244230572857,2022,0
0,0.0565477103980749,2022,0
0,0.0454175937236886,2022,0
0,0.0495868872122867,2022,0
0,0.0495868872122867,2022,0
0,0.0805761494017496,2022,0
0,0.0284466941740655,2022,0
0,0.0362165280294159,2022,0
0,0.0412638906781833,2022,0
0,0.0412638906781833,2022,0
0,0.0412638906781833,2022,0
0,0.0176610612385391,2022,0
0,0.0202416842809786,2022,0
0,0.0202416842809786,2022,0
0,0.0330852930920291,2022,0
0,0.0202416842809786,2022,0
0,0.0330852930920291,2022,0
0,0.0202416842809786,2022,0
0,0.0377388727407199,2022,0
0,0.0370489802083293,2022,0
0,0.0154503296677248,2022,0
0,0.0171596701133581,2022,0
0,0.0171596701133581,2022,0
0,0.0171596701133581,2022,0
0,0.0151717679905843,2022,0
0,0.0239731414006477,2022,0
0,0.0209158383763467,2022,0
0,0.0208315165422833,2022,0
0,0.0360817559255336,2022,0
0,0.0360817559255336,2022,0
0,0.0446498039379236,2022,0
0,0.0271208878874676,2022,0
0,0.0380666611765657,2022,0
0,0.0363480239390791,2022,0
0,0.0363480239390791,2022,0
0,0.0213735771813079,2022,0
0,0.0213735771813079,2022,0
0,0.0341029063905158,2022,0
0,0.0213735771813079,2022,0
0,0.0341029063905158,2022,0
0,0.0213735771813079,2022,0
0,0.0364950546955092,2022,0
0,0.032900383321178,2022,0
0,0.016589659919748,2022,0
0,0.02034070902578,2022,0
0,0.02034070902578,2022,0
0,0.02034070902578,2022,0
0,0.0412158411625047,2022,0
0,0.0451209975710596,2022,0
0,0.0172484417992117,2022,0
0,0.0254495698666142,2022,0
0,0.0224618928688892,2022,0
0,0.0224949131189345,2022,0
0,0.0392777468984905,2022,0
0,0.0392777468984905,2022,0
0,0.0386429347950725,2022,0
0,0.0392777468984905,2022,0
0,0.0392777468984905,2022,0
0,0.0386429347950725,2022,0
0,0.0447363041328087,2022,0
0,0.0224282283454783,2022,0
0,0.0331987456213001,2022,0
0,0.0269124937644388,2022,0
0,0.0420020091357463,2022,0
0,0.0395377833971705,2022,0
0,0.0395377833971705,2022,0
0,0.0367512492356911,2022,0
0,0.0251314680211061,2022,0
0,0.0251314680211061,2022,0
0,0.0367512492356911,2022,0
0,0.0367512492356911,2022,0
0,0.0251314680211061,2022,0
0,0.0251314680211061,2022,0
0,0.0411751602060849,2022,0
0,0.0378511577129213,2022,0
0,0.032345081776414,2022,0
0,0.032345081776414,2022,0
0,0.0235402392807744,2022,0
0,0.0501416774013239,2022,0
0,0.0209958207449509,2022,0
0,0.0209958207449509,2022,0
0,0.0209958207449509,2022,0
0,0.0454148865356137,2022,0
0,0.0229550196492591,2022,0
0,0.0296566057820051,2022,0
0,0.0262481121852846,2022,0
0,0.0262984962478652,2022,0
0,0.0113558655157529,2022,0
0,0.0456145437058308,2022,0
0,0.0456145437058308,2022,0
0,0.0446339412673318,2022,0
0,0.0456145437058308,2022,0
0,0.0456145437058308,2022,0
0,0.0446339412673318,2022,0
0,0.0406290890315355,2022,0
0,0.055084322370307,2022,0
0,0.0236113926671898,2022,0
0,0.020632542682201,2022,0
0,0.0293202347914285,2022,0
0,0.0390549526387448,2022,0
0,0.0472247991890234,2022,0
0,0.0444362211865541,2022,0
0,0.0444362211865541,2022,0
0,0.0251867812039096,2022,0
0,0.0296745837953518,2022,0
0,0.0296745837953518,2022,0
0,0.0198244991409867,2022,0
0,0.0198244991409867,2022,0
0,0.0198244991409867,2022,0
0,0.0296745837953518,2022,0
0,0.0198244991409867,2022,0
0,0.0405550138516285,2022,0
0,0.0313380529164068,2022,0
0,0.0200483550245577,2022,0
0,0.0441153238743807,2022,0
0,0.0152568395404789,2022,0
0,0.0152568395404789,2022,0
0,0.0152568395404789,2022,0
0,0.0144540399086153,2022,0
0,0.0196480999985121,2022,0
0,0.0378413518390775,2022,0
0,0.0217249832632611,2022,0
0,0.0215089656067604,2022,0
0,0.0254973756192759,2022,0
0,0.00806509833319776,2022,0
0,0.035354447171182,2022,0
0,0.0350739712229355,2022,0
0,0.0350739712229355,2022,0
0,0.0350739712229355,2022,0
0,0.0350739712229355,2022,0
0,0.035354447171182,2022,0
0,0.048977836542937,2022,0
0,0.0343813100553462,2022,0
0,0.0433433471035726,2022,0
0,0.0285239410567943,2022,0
0,0.0255786496642404,2022,0
0,0.0174238755695079,2022,0
0,0.0201091512980511,2022,0
0,0.0315870551121001,2022,0
0,0.0315870551121001,2022,0
0,0.0372636212952027,2022,0
0,0.0337188438609591,2022,0
0,0.0337188438609591,2022,0
0,0.0140108556224729,2022,0
0,0.0250510078002061,2022,0
0,0.0250510078002061,2022,0
0,0.0140108556224729,2022,0
0,0.0250510078002061,2022,0
0,0.0140108556224729,2022,0
0,0.0140108556224729,2022,0
0,0.0308532319883732,2022,0
0,0.0282727906671599,2022,0
0,0.0282727906671599,2022,0
0,0.0282727906671599,2022,0
0,0.0324194040336275,2022,0
0,0.0113378148946722,2022,0
0,0.0113378148946722,2022,0
0,0.0113378148946722,2022,0
1,0.151311727811808,2022,0
1,0.0507785994268897,2022,0
1,0.0610821675129392,2022,0
1,0.0563077031742819,2022,0
1,0.0764920287047939,2022,0
1,0.117994419439202,2022,0
1,0.109486391476891,2022,0
1,0.0507785994268897,2022,0
1,0.0952415025671109,2022,0
1,0.098023215557474,2022,0
1,0.098023215557474,2022,0
1,0.0533508747724019,2022,0
1,0.0661240436760672,2022,0
1,0.0673385575203335,2022,0
1,0.0952765946067609,2022,0
1,0.066576841722243,2022,0
1,0.109032783223667,2022,0
1,0.127648562038817,2022,0
1,0.126437488604076,2022,0
1,0.162965486037939,2022,0
1,0.37017568845025,2022,0
1,0.0506739588641943,2022,0
1,0.1682258587245,2022,0
1,0.124988551607125,2022,0
1,0.322286471487023,2022,0
1,0.155601177000837,2022,0
1,0.0234847608454655,2022,0
1,0.0413109176425242,2022,0
1,0.0801262297769433,2022,0
1,0.0662684689717686,2022,0
1,0.176744194651174,2022,0
1,0.168358850030576,2022,0
1,0.0755259043812151,2022,0
1,0.0709758008926596,2022,0
