"fl_binary","pred","year","pred.bin"
0,0.171718364693412,2014,0
0,0.103090478581773,2014,0
0,0.204289252506182,2014,0
0,0.186024893828118,2014,0
0,0.0836361359183765,2014,0
0,0.0836361359183765,2014,0
0,0.147286198379466,2014,0
0,0.101937567574098,2014,0
0,0.0796934891025053,2014,0
0,0.0796934891025053,2014,0
0,0.107410367467295,2014,0
0,0.0719034829184702,2014,0
0,0.0522572741521928,2014,0
0,0.0522572741521928,2014,0
0,0.0938777268453669,2014,0
0,0.0573502365449957,2014,0
0,0.0577824050600709,2014,0
0,0.0577824050600709,2014,0
0,0.0991078467573816,2014,0
0,0.0991078467573816,2014,0
0,0.064033593798598,2014,0
0,0.134335732522227,2014,0
0,0.0752475120884509,2014,0
0,0.0770888675576739,2014,0
0,0.0770888675576739,2014,0
0,0.0801246836144508,2014,0
0,0.0801246836144508,2014,0
0,0.0842743917608025,2014,0
0,0.272565370640594,2014,0
0,0.272565370640594,2014,0
0,0.133981916507236,2014,0
0,0.109345361651049,2014,0
0,0.109345361651049,2014,0
0,0.109345361651049,2014,0
0,0.108557547476222,2014,0
0,0.108557547476222,2014,0
0,0.108557547476222,2014,0
0,0.108557547476222,2014,0
0,0.103906982579039,2014,0
0,0.103906982579039,2014,0
0,0.103906982579039,2014,0
0,0.205972814092241,2014,0
0,0.205972814092241,2014,0
0,0.205972814092241,2014,0
0,0.0970649042680344,2014,0
0,0.141905185378094,2014,0
0,0.0975584726831088,2014,0
0,0.0975584726831088,2014,0
0,0.0902114726236826,2014,0
0,0.0902114726236826,2014,0
0,0.0816546215859705,2014,0
0,0.0816546215859705,2014,0
0,0.0698349117699735,2014,0
0,0.0590125168657136,2014,0
0,0.0590125168657136,2014,0
0,0.0730740542945027,2014,0
0,0.0554683241665369,2014,0
0,0.0554683241665369,2014,0
0,0.0554683241665369,2014,0
0,0.0554683241665369,2014,0
0,0.0554683241665369,2014,0
0,0.0751675709042177,2014,0
0,0.0499812807538148,2014,0
0,0.0466911346118,2014,0
0,0.0516794222476037,2014,0
0,0.0520433241246693,2014,0
0,0.0745520014940532,2014,0
0,0.055102869005011,2014,0
0,0.0504922253849175,2014,0
0,0.0504658487678982,2014,0
0,0.0483522726950124,2014,0
0,0.0304279223342472,2014,0
0,0.0413424934096786,2014,0
0,0.0378572533621753,2014,0
0,0.0378572533621753,2014,0
0,0.0847138665442918,2014,0
0,0.0395782627616855,2014,0
0,0.0615370186088579,2014,0
0,0.040132062378581,2014,0
0,0.0415123888231063,2014,0
0,0.0415121088993875,2014,0
0,0.0401892601671499,2014,0
0,0.040118250671071,2014,0
0,0.0398224454888369,2014,0
0,0.0398224454888369,2014,0
0,0.0591259961542813,2014,0
0,0.037199630442983,2014,0
0,0.069279234539329,2014,0
0,0.0338772659871869,2014,0
0,0.0312260191096041,2014,0
0,0.0297882450309212,2014,0
0,0.0290859898150153,2014,0
0,0.0290859898150153,2014,0
0,0.0166871218368036,2014,0
0,0.0291502215767743,2014,0
0,0.0295512211752707,2014,0
0,0.0295512211752707,2014,0
0,0.0367899994583108,2014,0
0,0.0619238967079412,2014,0
0,0.0619238967079412,2014,0
0,0.0280716778985468,2014,0
0,0.0261569191421227,2014,0
0,0.0261569191421227,2014,0
0,0.0407737234804499,2014,0
0,0.0242329634045438,2014,0
0,0.0229276108797111,2014,0
0,0.0229276108797111,2014,0
0,0.0125497423783071,2014,0
0,0.0210821587927389,2014,0
0,0.0203401731229621,2014,0
0,0.0203401731229621,2014,0
0,0.0173588097443646,2014,0
0,0.0356023422502795,2014,0
0,0.0216434140875971,2014,0
0,0.0232517138237419,2014,0
0,0.0232517138237419,2014,0
0,0.0238352443486267,2014,0
0,0.0246052039169793,2014,0
0,0.0246052039169793,2014,0
0,0.0173665475223012,2014,0
0,0.024808905241288,2014,0
0,0.0243305335466038,2014,0
0,0.0192787317598494,2014,0
0,0.0336217454237377,2014,0
0,0.023179007222789,2014,0
0,0.023179007222789,2014,0
0,0.0233938085743494,2014,0
0,0.0233938085743494,2014,0
0,0.022945999385853,2014,0
0,0.0222697478654148,2014,0
0,0.0222697478654148,2014,0
0,0.0222697478654148,2014,0
0,0.0159898317229515,2014,0
0,0.0159898317229515,2014,0
0,0.0216705090141532,2014,0
0,0.0216705090141532,2014,0
0,0.0202022574652205,2014,0
0,0.0183197890429766,2014,0
0,0.0196562557367103,2014,0
0,0.0196562557367103,2014,0
0,0.0196562557367103,2014,0
0,0.0279450491928415,2014,0
0,0.0279450491928415,2014,0
0,0.0189362259994937,2014,0
0,0.0189362259994937,2014,0
0,0.0173123112324118,2014,0
0,0.0173123112324118,2014,0
0,0.0173123112324118,2014,0
0,0.0124871305683031,2014,0
0,0.0124871305683031,2014,0
0,0.0124871305683031,2014,0
0,0.0166801299162513,2014,0
0,0.0166801299162513,2014,0
0,0.0182011054383206,2014,0
0,0.0179975077707427,2014,0
0,0.0257478796753829,2014,0
0,0.0180422749175876,2014,0
0,0.0176949136922694,2014,0
0,0.0175067283679588,2014,0
0,0.0175067283679588,2014,0
0,0.0175067283679588,2014,0
0,0.0175067283679588,2014,0
0,0.0186066203012898,2014,0
0,0.0200254442589771,2014,0
0,0.0255814401847893,2014,0
0,0.0464033935367265,2014,0
0,0.0175799281050859,2014,0
0,0.0170624355756583,2014,0
0,0.0186016878417401,2014,0
0,0.0186016878417401,2014,0
0,0.0186016878417401,2014,0
0,0.0186016878417401,2014,0
0,0.0173035682944763,2014,0
0,0.0305744314546502,2014,0
0,0.0183528410010418,2014,0
0,0.0248631588757879,2014,0
0,0.0248631588757879,2014,0
0,0.0181960775416475,2014,0
0,0.0181960775416475,2014,0
0,0.0181960775416475,2014,0
0,0.0181960775416475,2014,0
0,0.0187847901046185,2014,0
0,0.0187847901046185,2014,0
0,0.0187847901046185,2014,0
0,0.0187847901046185,2014,0
0,0.0187847901046185,2014,0
0,0.0327955279611894,2014,0
0,0.0178429529535558,2014,0
0,0.0178429529535558,2014,0
0,0.0178429529535558,2014,0
0,0.0178429529535558,2014,0
0,0.0198964773458503,2014,0
0,0.0319342987404217,2014,0
0,0.0198548736203565,2014,0
0,0.0282213309809684,2014,0
0,0.0248458846630259,2014,0
0,0.0193405116070909,2014,0
0,0.0193405116070909,2014,0
0,0.0193405116070909,2014,0
0,0.0197586401638673,2014,0
0,0.0197586401638673,2014,0
0,0.0249121915837311,2014,0
0,0.0176506542589773,2014,0
0,0.0176506542589773,2014,0
0,0.0176506542589773,2014,0
0,0.0176506542589773,2014,0
0,0.0206130100872504,2014,0
0,0.0158826224989746,2014,0
0,0.0221319294969192,2014,0
0,0.0397408059200553,2014,0
0,0.0155846740086448,2014,0
0,0.0155846740086448,2014,0
0,0.0155846740086448,2014,0
0,0.0155846740086448,2014,0
0,0.0159242603719348,2014,0
0,0.0159242603719348,2014,0
0,0.0157110900484454,2014,0
0,0.0157110900484454,2014,0
0,0.0187519740144343,2014,0
0,0.0165263730978726,2014,0
0,0.0165263730978726,2014,0
0,0.0165263730978726,2014,0
0,0.0165263730978726,2014,0
0,0.0147523527594731,2014,0
0,0.016931044001874,2014,0
0,0.0205504248494621,2014,0
0,0.0147348055251984,2014,0
0,0.0231921866467461,2014,0
0,0.0452115775460757,2014,0
0,0.0148260626745592,2014,0
0,0.0148260626745592,2014,0
0,0.0149699088999743,2014,0
0,0.0149699088999743,2014,0
0,0.0149699088999743,2014,0
0,0.0149699088999743,2014,0
0,0.0623764919806749,2014,0
0,0.0144944453053586,2014,0
0,0.0144944453053586,2014,0
0,0.0142041650654261,2014,0
0,0.0167757060849952,2014,0
0,0.0187604545236593,2014,0
0,0.0187604545236593,2014,0
0,0.0187604545236593,2014,0
0,0.0187604545236593,2014,0
0,0.0142615451199949,2014,0
0,0.0279156649618489,2014,0
0,0.0207327694725066,2014,0
0,0.0207327694725066,2014,0
0,0.0154349848408637,2014,0
0,0.0243699987803654,2014,0
0,0.0512413393483553,2014,0
0,0.0162775368754423,2014,0
0,0.0162775368754423,2014,0
0,0.0652564525970255,2014,0
0,0.0161500219452353,2014,0
0,0.0374802373998041,2014,0
0,0.020574868505181,2014,0
0,0.0207241945618242,2014,0
0,0.0207241945618242,2014,0
0,0.0207241945618242,2014,0
0,0.0207241945618242,2014,0
0,0.016585555778903,2014,0
0,0.0338539943259444,2014,0
0,0.0444956243186998,2014,0
0,0.0268424006481805,2014,0
0,0.0268424006481805,2014,0
0,0.0178926951616338,2014,0
0,0.0178926951616338,2014,0
0,0.0178926951616338,2014,0
0,0.0518532121501818,2014,0
0,0.0190116169701737,2014,0
0,0.0190116169701737,2014,0
0,0.0190116169701737,2014,0
0,0.0190116169701737,2014,0
0,0.0640825882292577,2014,0
0,0.0196917685733107,2014,0
0,0.0260879375035713,2014,0
0,0.0208641803129757,2014,0
0,0.0208641803129757,2014,0
0,0.0208641803129757,2014,0
0,0.0208641803129757,2014,0
0,0.020947671184439,2014,0
0,0.0371485815361754,2014,0
0,0.0214316803927334,2014,0
0,0.0499127247906701,2014,0
0,0.0318300316694537,2014,0
0,0.0318300316694537,2014,0
0,0.0214967420265517,2014,0
0,0.0214967420265517,2014,0
0,0.0214967420265517,2014,0
0,0.0279932313390508,2014,0
0,0.0504704963731038,2014,0
0,0.0205030457083395,2014,0
0,0.0205030457083395,2014,0
0,0.0276216824547503,2014,0
0,0.021367098419385,2014,0
0,0.021367098419385,2014,0
0,0.021367098419385,2014,0
0,0.021367098419385,2014,0
0,0.0208912891431474,2014,0
0,0.0356707789141986,2014,0
0,0.0475067017061438,2014,0
0,0.0283263722544763,2014,0
0,0.0283263722544763,2014,0
0,0.0273773595206697,2014,0
0,0.0546268719598582,2014,0
0,0.0202127708197302,2014,0
0,0.0202127708197302,2014,0
0,0.0198359796644871,2014,0
0,0.0198359796644871,2014,0
0,0.0198359796644871,2014,0
0,0.0198359796644871,2014,0
0,0.0198359796644871,2014,0
0,0.0207284428930813,2014,0
0,0.0264528153526156,2014,0
0,0.0261307443711715,2014,0
0,0.0261307443711715,2014,0
0,0.0213025692227277,2014,0
0,0.0213025692227277,2014,0
0,0.0394640653615846,2014,0
0,0.0282906646526034,2014,0
0,0.0282906646526034,2014,0
0,0.0312004235267981,2014,0
0,0.0201734368416394,2014,0
0,0.0201734368416394,2014,0
0,0.0201734368416394,2014,0
0,0.0201734368416394,2014,0
0,0.0201734368416394,2014,0
0,0.0282884529179164,2014,0
0,0.0304602712835481,2014,0
0,0.0281828813259727,2014,0
0,0.0312433227122527,2014,0
0,0.0312433227122527,2014,0
0,0.0220549433692547,2014,0
0,0.0335711836202104,2014,0
0,0.0335711836202104,2014,0
0,0.02288234018421,2014,0
0,0.02288234018421,2014,0
0,0.0348625372124609,2014,0
0,0.023316509088892,2014,0
0,0.0248237816994021,2014,0
0,0.0248237816994021,2014,0
0,0.0248237816994021,2014,0
0,0.0244633853141483,2014,0
0,0.0244633853141483,2014,0
0,0.0244633853141483,2014,0
0,0.0244633853141483,2014,0
0,0.0410445631414435,2014,0
0,0.0410445631414435,2014,0
0,0.0353993456033734,2014,0
0,0.0247464510697538,2014,0
0,0.0326660878246866,2014,0
0,0.0336067378050193,2014,0
0,0.0336067378050193,2014,0
0,0.0336067378050193,2014,0
0,0.0252338583016696,2014,0
0,0.0392360521228519,2014,0
0,0.0392360521228519,2014,0
0,0.0361989867257151,2014,0
0,0.0361989867257151,2014,0
0,0.0274617071791741,2014,0
0,0.0281383034122019,2014,0
0,0.0281383034122019,2014,0
0,0.0281383034122019,2014,0
0,0.0281383034122019,2014,0
0,0.0282521107499348,2014,0
0,0.0282521107499348,2014,0
0,0.0282521107499348,2014,0
0,0.0282521107499348,2014,0
0,0.0390806006507774,2014,0
0,0.0390806006507774,2014,0
0,0.035116498848564,2014,0
0,0.0306731789989926,2014,0
0,0.031746331894183,2014,0
0,0.031746331894183,2014,0
0,0.031746331894183,2014,0
0,0.0254708468661843,2014,0
0,0.0363252443115226,2014,0
0,0.0363252443115226,2014,0
0,0.0245431692142916,2014,0
0,0.0354644948579094,2014,0
0,0.0354644948579094,2014,0
0,0.0258383745169598,2014,0
0,0.0258383745169598,2014,0
0,0.0258383745169598,2014,0
0,0.0258383745169598,2014,0
0,0.0264102995798125,2014,0
0,0.0329646335502242,2014,0
0,0.026244491623118,2014,0
0,0.026244491623118,2014,0
0,0.0307496383146225,2014,0
0,0.0445410550033706,2014,0
0,0.0333083720436532,2014,0
0,0.0333083720436532,2014,0
0,0.0333083720436532,2014,0
0,0.0251963367592788,2014,0
0,0.0334171726697721,2014,0
0,0.0344191636720889,2014,0
0,0.0344191636720889,2014,0
0,0.0236756796537849,2014,0
0,0.0356036328007902,2014,0
0,0.0356036328007902,2014,0
0,0.0767753155653502,2014,0
0,0.0245955769591119,2014,0
0,0.0237364698164384,2014,0
0,0.0237364698164384,2014,0
0,0.0237364698164384,2014,0
0,0.0237364698164384,2014,0
0,0.0237364698164384,2014,0
0,0.023553603444126,2014,0
0,0.0358690927870924,2014,0
0,0.0383839810016862,2014,0
0,0.0383839810016862,2014,0
0,0.0335107870421728,2014,0
0,0.0485816957865714,2014,0
0,0.0261242264151146,2014,0
0,0.0471939760738683,2014,0
0,0.042248774841253,2014,0
0,0.0391293797065598,2014,0
0,0.0391293797065598,2014,0
0,0.0254595309668789,2014,0
0,0.0381986471355779,2014,0
0,0.0381986471355779,2014,0
0,0.0784523732513446,2014,0
0,0.0266519744206876,2014,0
0,0.0266519744206876,2014,0
0,0.0266519744206876,2014,0
0,0.0268725806775975,2014,0
0,0.0268725806775975,2014,0
0,0.0268725806775975,2014,0
0,0.0268725806775975,2014,0
0,0.0268725806775975,2014,0
0,0.0268725806775975,2014,0
0,0.0333206650644981,2014,0
0,0.0333206650644981,2014,0
0,0.0333206650644981,2014,0
0,0.0509108935507341,2014,0
0,0.0509108935507341,2014,0
0,0.0501884703285849,2014,0
0,0.0388425002183119,2014,0
0,0.0368528021440523,2014,0
0,0.0368528021440523,2014,0
0,0.0267749991789181,2014,0
0,0.0402705012719263,2014,0
0,0.0402705012719263,2014,0
0,0.0774990823762722,2014,0
0,0.0282770272897406,2014,0
0,0.0282770272897406,2014,0
0,0.0294265173408962,2014,0
0,0.0294265173408962,2014,0
0,0.0294265173408962,2014,0
0,0.0294265173408962,2014,0
0,0.0294265173408962,2014,0
0,0.0294265173408962,2014,0
0,0.0324505956144366,2014,0
0,0.0324505956144366,2014,0
0,0.0308511946061236,2014,0
0,0.0533049715117936,2014,0
0,0.0533049715117936,2014,0
0,0.0512103636762306,2014,0
0,0.0359081006064332,2014,0
0,0.0351049489191125,2014,0
0,0.0351049489191125,2014,0
0,0.0519136921830395,2014,0
0,0.0443623132265222,2014,0
0,0.0443623132265222,2014,0
0,0.0287240715959084,2014,0
0,0.0278731324900132,2014,0
0,0.0278731324900132,2014,0
0,0.0278731324900132,2014,0
0,0.0422658269721795,2014,0
0,0.0286574994311128,2014,0
0,0.0256775041099523,2014,0
0,0.0362884223248481,2014,0
0,0.0344369963912504,2014,0
0,0.0344369963912504,2014,0
0,0.0239482841984064,2014,0
0,0.0239482841984064,2014,0
0,0.0239482841984064,2014,0
0,0.0239482841984064,2014,0
0,0.050428162501422,2014,0
0,0.050428162501422,2014,0
0,0.0466902010288736,2014,0
0,0.0518796883698846,2014,0
0,0.0430064023108545,2014,0
0,0.0430064023108545,2014,0
0,0.0275787422337408,2014,0
0,0.0275787422337408,2014,0
0,0.0282373423368064,2014,0
0,0.0282373423368064,2014,0
0,0.0282373423368064,2014,0
0,0.0282373423368064,2014,0
0,0.0282373423368064,2014,0
0,0.0290230293142263,2014,0
0,0.0364686799462119,2014,0
0,0.0364686799462119,2014,0
0,0.0465195766381688,2014,0
0,0.0655294442519852,2014,0
0,0.0398999847015662,2014,0
0,0.0373824444381054,2014,0
0,0.0568515924969984,2014,0
0,0.071062761545064,2014,0
0,0.0466160532172938,2014,0
0,0.0466160532172938,2014,0
0,0.0294344571795982,2014,0
0,0.0294344571795982,2014,0
0,0.0294344571795982,2014,0
0,0.0294344571795982,2014,0
0,0.0294344571795982,2014,0
0,0.0552444221607164,2014,0
0,0.0451221547784612,2014,0
0,0.0451221547784612,2014,0
0,0.0338279660069575,2014,0
0,0.0338279660069575,2014,0
0,0.0338279660069575,2014,0
0,0.0352459218874366,2014,0
0,0.0352459218874366,2014,0
0,0.0352459218874366,2014,0
0,0.0352459218874366,2014,0
0,0.0384424215393825,2014,0
0,0.0395035600328518,2014,0
0,0.0539807333842369,2014,0
0,0.104605686024072,2014,0
0,0.0516128910416943,2014,0
0,0.0595471892719083,2014,0
0,0.0595471892719083,2014,0
0,0.048183336931593,2014,0
0,0.0355299283490045,2014,0
0,0.0355299283490045,2014,0
0,0.0355299283490045,2014,0
0,0.0355299283490045,2014,0
0,0.0355299283490045,2014,0
0,0.0630274573080947,2014,0
0,0.0576280454744709,2014,0
0,0.0489313871731925,2014,0
0,0.0489313871731925,2014,0
0,0.0407886131236941,2014,0
0,0.0407886131236941,2014,0
0,0.0407886131236941,2014,0
0,0.0407886131236941,2014,0
0,0.0393880902423706,2014,0
0,0.0393880902423706,2014,0
0,0.0597605950703625,2014,0
0,0.0505321029084134,2014,0
0,0.0333669453283564,2014,0
0,0.0333669453283564,2014,0
0,0.0567437923648258,2014,0
0,0.0917018431351236,2014,0
0,0.0452670032051585,2014,0
0,0.065691886895304,2014,0
0,0.0469086695445224,2014,0
0,0.0469086695445224,2014,0
0,0.0340032903973837,2014,0
0,0.0392396017284643,2014,0
0,0.0315492098061989,2014,0
0,0.0315492098061989,2014,0
0,0.0315492098061989,2014,0
0,0.0315492098061989,2014,0
0,0.0562405254760924,2014,0
0,0.0500851480593327,2014,0
0,0.0419733629456868,2014,0
0,0.0419733629456868,2014,0
0,0.0361084581303621,2014,0
0,0.0361084581303621,2014,0
0,0.0361084581303621,2014,0
0,0.0361084581303621,2014,0
0,0.0353660098879774,2014,0
0,0.0463793313256669,2014,0
0,0.0591172495707982,2014,0
0,0.0951890136666698,2014,0
0,0.0405933561406874,2014,0
0,0.0318483675244837,2014,0
0,0.0326958941984034,2014,0
0,0.040274145079811,2014,0
0,0.040274145079811,2014,0
0,0.0319571971829109,2014,0
0,0.0365985587893175,2014,0
0,0.0329319580800315,2014,0
0,0.0329319580800315,2014,0
0,0.0329319580800315,2014,0
0,0.056092523677366,2014,0
0,0.0445767331420528,2014,0
0,0.0445767331420528,2014,0
0,0.0329296010742747,2014,0
0,0.0327659846472911,2014,0
0,0.0327659846472911,2014,0
0,0.0393901086929255,2014,0
0,0.0499563693940622,2014,0
0,0.0333554069898735,2014,0
0,0.0310063367352227,2014,0
0,0.0535677533994829,2014,0
0,0.0758880154287231,2014,0
0,0.030987932181425,2014,0
0,0.030987932181425,2014,0
0,0.0262853042480596,2014,0
0,0.0274251174823565,2014,0
0,0.0317499144499646,2014,0
0,0.0284453989674251,2014,0
0,0.0284453989674251,2014,0
0,0.0284453989674251,2014,0
0,0.104947966481778,2014,0
0,0.051688218554628,2014,0
0,0.0413188145319012,2014,0
0,0.0413188145319012,2014,0
0,0.0665813893549245,2014,0
0,0.0264225122205844,2014,0
0,0.0260468429372167,2014,0
0,0.0254305231412023,2014,0
0,0.0307944851355308,2014,0
0,0.0251230120974099,2014,0
0,0.044509700438259,2014,0
0,0.0299694975177971,2014,0
0,0.0283592692210721,2014,0
0,0.0470424546542883,2014,0
0,0.0635849274571872,2014,0
0,0.0305132378744424,2014,0
0,0.0305132378744424,2014,0
0,0.0233313179984439,2014,0
0,0.0233313179984439,2014,0
0,0.0276164121939443,2014,0
0,0.0218635761886667,2014,0
0,0.0218635761886667,2014,0
0,0.0218635761886667,2014,0
0,0.0458727964772332,2014,0
0,0.0344786816174803,2014,0
0,0.0344786816174803,2014,0
0,0.065657820003831,2014,0
0,0.0229024077830652,2014,0
0,0.0225622058898389,2014,0
0,0.0224653154551047,2014,0
0,0.0228214774999625,2014,0
0,0.0391168449928976,2014,0
0,0.0324181393806208,2014,0
0,0.0303292295503395,2014,0
0,0.0444303811145012,2014,0
0,0.0606291521172301,2014,0
0,0.0399870105855403,2014,0
0,0.0399870105855403,2014,0
0,0.0242112594944334,2014,0
0,0.0242112594944334,2014,0
0,0.0493758426854529,2014,0
0,0.0395756992559449,2014,0
0,0.0395756992559449,2014,0
0,0.0823371905992217,2014,0
0,0.0265040860286316,2014,0
0,0.0270521541804119,2014,0
0,0.0277697478884929,2014,0
0,0.0272327819215156,2014,0
0,0.0278348069955643,2014,0
0,0.0270362414571427,2014,0
0,0.0453016367872265,2014,0
0,0.0379428888871661,2014,0
0,0.0745166856108645,2014,0
0,0.0661115195388824,2014,0
0,0.0425586123086418,2014,0
0,0.0425586123086418,2014,0
0,0.063579294987177,2014,0
0,0.0548872092636508,2014,0
0,0.0548872092636508,2014,0
0,0.0917626398782328,2014,0
0,0.0334156500543358,2014,0
0,0.0334156500543358,2014,0
0,0.0334156500543358,2014,0
0,0.0334156500543358,2014,0
0,0.0334156500543358,2014,0
0,0.0396909513222388,2014,0
0,0.0771565103823395,2014,0
0,0.0402131185212225,2014,0
0,0.0631366021883815,2014,0
0,0.0463203930095119,2014,0
0,0.130381904740407,2014,0
0,0.0397595408891995,2014,0
0,0.0891768650953264,2014,0
0,0.0598205841902968,2014,0
0,0.0429371997044578,2014,0
0,0.0429371997044578,2014,0
0,0.0625008110945427,2014,0
0,0.0509007044355785,2014,0
0,0.0509007044355785,2014,0
0,0.0351585790472529,2014,0
0,0.0351585790472529,2014,0
0,0.0351585790472529,2014,0
0,0.0351585790472529,2014,0
0,0.0445047838064753,2014,0
0,0.0915944065601285,2014,0
0,0.0753523611015723,2014,0
0,0.0331884790643099,2014,0
0,0.0554219404569469,2014,0
0,0.055583703086689,2014,0
0,0.0347022093819549,2014,0
0,0.0347022093819549,2014,0
0,0.039069071962703,2014,0
0,0.0318827457232007,2014,0
0,0.0318827457232007,2014,0
0,0.047301820901279,2014,0
0,0.0379925320993636,2014,0
0,0.0379925320993636,2014,0
0,0.033599667828971,2014,0
0,0.0335290308581343,2014,0
0,0.0335290308581343,2014,0
0,0.0335290308581343,2014,0
0,0.0335290308581343,2014,0
0,0.0305478509093402,2014,0
0,0.100447097650827,2014,0
0,0.0440700198730355,2014,0
0,0.0837212486255397,2014,0
0,0.0288482784918446,2014,0
0,0.0332350454117921,2014,0
0,0.0506647993366099,2014,0
0,0.0280039586624342,2014,0
0,0.0280039586624342,2014,0
0,0.0387649845710788,2014,0
0,0.038988128781686,2014,0
0,0.0402938098348114,2014,0
0,0.0402938098348114,2014,0
0,0.0402938098348114,2014,0
0,0.0281352965775297,2014,0
0,0.10310196121621,2014,0
0,0.0393126480672592,2014,0
0,0.0477228038153771,2014,0
0,0.197870822238655,2014,0
0,0.044213952861125,2014,0
0,0.0764151047817743,2014,0
0,0.0650841482026916,2014,0
0,0.0638344259294172,2014,0
0,0.0656249404059317,2014,0
0,0.0656249404059317,2014,0
0,0.0656249404059317,2014,0
0,0.0686734534418286,2014,0
0,0.102447843014502,2014,0
0,0.0744183198126101,2014,0
0,0.0487578545332778,2014,0
0,0.0526790936975412,2014,0
0,0.106962455512562,2014,0
0,0.0463544878379862,2014,0
0,0.0778826115153712,2014,0
0,0.0845506929397323,2014,0
0,0.0644377655449764,2014,0
0,0.059190713194383,2014,0
0,0.057082181496377,2014,0
0,0.057082181496377,2014,0
0,0.057082181496377,2014,0
0,0.0803844928635434,2014,0
0,0.0453400750927991,2014,0
0,0.0415839970303177,2014,0
0,0.0853153415794791,2014,0
0,0.0327001938805698,2014,0
0,0.0327001938805698,2014,0
0,0.0680576873933826,2014,0
0,0.0734164774350531,2014,0
0,0.0540286913314396,2014,0
0,0.0342330736599537,2014,0
0,0.0339424659892827,2014,0
0,0.0339424659892827,2014,0
0,0.0573087186914221,2014,0
0,0.0608678745737954,2014,0
0,0.0479056934018758,2014,0
0,0.0904214622960394,2014,0
0,0.0368015757282196,2014,0
0,0.0354054214169428,2014,0
0,0.0354054214169428,2014,0
0,0.0710367846440147,2014,0
0,0.0564205731772009,2014,0
0,0.0382327838130497,2014,0
0,0.0382327838130497,2014,0
0,0.0386181223959135,2014,0
0,0.0386181223959135,2014,0
0,0.0386181223959135,2014,0
1,0.0764151047817743,2014,0
1,0.0208034413134166,2014,0
1,0.0324505956144366,2014,0
1,0.070503087370215,2014,0
1,0.0312004235267981,2014,0
1,0.0356023422502795,2014,0
1,0.0387649845710788,2014,0
1,0.0350952629182582,2014,0
1,0.0273774339413611,2014,0
1,0.0273159267756359,2014,0
1,0.0166871218368036,2014,0
1,0.0339336287667071,2014,0
1,0.0335582030256513,2014,0
1,0.0609224624271935,2014,0
1,0.121514832806721,2014,0
1,0.104985242682784,2014,0
1,0.0375098866615924,2014,0
1,0.0434602791084969,2014,0
1,0.0932318086489984,2014,0
1,0.0745520014940532,2014,0
1,0.0490486562724982,2014,0
1,0.0752475120884509,2014,0
1,0.0486063985003324,2014,0
1,0.0801246836144508,2014,0
1,0.0520433241246693,2014,0
1,0.0353753914964097,2014,0
1,0.0519677398616663,2014,0
1,0.0486063985003324,2014,0
1,0.0161500219452353,2014,0
1,0.0482492433101191,2014,0
1,0.031601060110864,2014,0
1,0.0232517138237419,2014,0
1,0.0466911346118,2014,0
1,0.0329380866239934,2014,0
1,0.0272327819215156,2014,0
1,0.0466911346118,2014,0
1,0.0555634725374179,2014,0
1,0.0289429147886657,2014,0
1,0.105115522872359,2014,0
1,0.04217701676454,2014,0
1,0.0280789088787583,2014,0
1,0.106379175986316,2014,0
1,0.0509180506367276,2014,0
1,0.0583164973373893,2014,0
1,0.044213952861125,2014,0
1,0.0329576978133869,2014,0
1,0.103918182945126,2014,0
1,0.0489619197709787,2014,0
1,0.0585901834760989,2014,0
1,0.0490640545862066,2014,0
1,0.0764151047817743,2014,0
1,0.0438612867405778,2014,0
1,0.0853153415794791,2014,0
1,0.0680576873933826,2014,0
1,0.0458727964772332,2014,0
1,0.0661115195388824,2014,0
1,0.0504648549119205,2014,0
1,0.0699695603947128,2014,0
0,0.0953267145166483,2015,0
0,0.0573385633148155,2015,0
0,0.130351192100256,2015,0
0,0.0671461193548938,2015,0
0,0.0671461193548938,2015,0
0,0.0720897241556725,2015,0
0,0.0720897241556725,2015,0
0,0.0983471675240978,2015,0
0,0.0740384823978936,2015,0
0,0.0711791777129948,2015,0
0,0.0711791777129948,2015,0
0,0.153282545113471,2015,0
0,0.0720934573509999,2015,0
0,0.0720934573509999,2015,0
0,0.0884914672083356,2015,0
0,0.180472407863049,2015,0
0,0.0841756635380518,2015,0
0,0.101282155479105,2015,0
0,0.101282155479105,2015,0
0,0.104853042355004,2015,0
0,0.100762509064881,2015,0
0,0.100762509064881,2015,0
0,0.100762509064881,2015,0
0,0.100762509064881,2015,0
0,0.202299775593896,2015,0
0,0.111069826073365,2015,0
0,0.111069826073365,2015,0
0,0.211433088211416,2015,0
0,0.111699954038403,2015,0
0,0.123730556236996,2015,0
0,0.223516801962146,2015,0
0,0.491510992954675,2015,0
0,0.0937994215489953,2015,0
0,0.0978688936026779,2015,0
0,0.0978688936026779,2015,0
0,0.151186979416954,2015,0
0,0.116807646090209,2015,0
0,0.0918722296463736,2015,0
0,0.0900777860325985,2015,0
0,0.0900777860325985,2015,0
0,0.0900777860325985,2015,0
0,0.0910262233268848,2015,0
0,0.0910262233268848,2015,0
0,0.173885587762264,2015,0
0,0.107165123663566,2015,0
0,0.107165123663566,2015,0
0,0.100462036180431,2015,0
0,0.0962305365783034,2015,0
0,0.101905029233203,2015,0
0,0.0769920103190591,2015,0
0,0.0769920103190591,2015,0
0,0.0769920103190591,2015,0
0,0.0769920103190591,2015,0
0,0.101192918557302,2015,0
0,0.0715082503585477,2015,0
0,0.0715082503585477,2015,0
0,0.0715082503585477,2015,0
0,0.177811004924807,2015,0
0,0.0638015491325286,2015,0
0,0.0638015491325286,2015,0
0,0.0638015491325286,2015,0
0,0.0597152440809584,2015,0
0,0.0698074691951036,2015,0
0,0.0977776144788249,2015,0
0,0.0663408948357452,2015,0
0,0.0583781834286343,2015,0
0,0.0583781834286343,2015,0
0,0.0597936869428161,2015,0
0,0.0597936869428161,2015,0
0,0.11387336733203,2015,0
0,0.0586444609962308,2015,0
0,0.192623541825695,2015,0
0,0.0542150050741442,2015,0
0,0.0532541624658872,2015,0
0,0.0532541624658872,2015,0
0,0.0614956289105487,2015,0
0,0.0815263409095358,2015,0
0,0.0556703886625788,2015,0
0,0.0510178333352005,2015,0
0,0.0510178333352005,2015,0
0,0.0960220961410171,2015,0
0,0.0502258081967055,2015,0
0,0.142223285356056,2015,0
0,0.0537324454357892,2015,0
0,0.0537324454357892,2015,0
0,0.0493403646016786,2015,0
0,0.0593989333821626,2015,0
0,0.05546606880268,2015,0
0,0.0528060965614957,2015,0
0,0.0528060965614957,2015,0
0,0.0913112569610406,2015,0
0,0.0544802270170821,2015,0
0,0.116426493102149,2015,0
0,0.0592946457381088,2015,0
0,0.0592946457381088,2015,0
0,0.0592946457381088,2015,0
0,0.0886235458077763,2015,0
0,0.0760632148665454,2015,0
0,0.0760632148665454,2015,0
0,0.0800179029519641,2015,0
0,0.0800179029519641,2015,0
0,0.0800179029519641,2015,0
0,0.114314771568598,2015,0
0,0.0597257002748517,2015,0
0,0.0597257002748517,2015,0
0,0.0597257002748517,2015,0
0,0.0648348937053527,2015,0
0,0.0737238113327193,2015,0
0,0.046884101543389,2015,0
0,0.0448794598981381,2015,0
0,0.115387146181189,2015,0
0,0.0782519005333567,2015,0
0,0.0467532443598081,2015,0
0,0.0385834307802179,2015,0
0,0.037196018153464,2015,0
0,0.0559650974878769,2015,0
0,0.036171777765156,2015,0
0,0.0319139663736408,2015,0
0,0.0305051839926299,2015,0
0,0.0451746748341546,2015,0
0,0.030809078549036,2015,0
0,0.026689247379745,2015,0
0,0.0264939704030007,2015,0
0,0.0349372147505639,2015,0
0,0.0269831027908272,2015,0
0,0.0269831027908272,2015,0
0,0.0304193432799828,2015,0
0,0.0299714379060331,2015,0
0,0.0297215293920508,2015,0
0,0.0410837807157354,2015,0
0,0.0345869217669567,2015,0
0,0.0345869217669567,2015,0
0,0.0345869217669567,2015,0
0,0.0291935597351029,2015,0
0,0.068242311059928,2015,0
0,0.0357191359849951,2015,0
0,0.036799436083921,2015,0
0,0.0423037539147317,2015,0
0,0.045350467253698,2015,0
0,0.040519355353715,2015,0
0,0.040519355353715,2015,0
0,0.040519355353715,2015,0
0,0.040519355353715,2015,0
0,0.0242441652809127,2015,0
0,0.0773546073154743,2015,0
0,0.0368055644972497,2015,0
0,0.0324987901443496,2015,0
0,0.0427389961311771,2015,0
0,0.0336475490235611,2015,0
0,0.0338442682378591,2015,0
0,0.0338442682378591,2015,0
0,0.0284178887804646,2015,0
0,0.058505457859787,2015,0
0,0.0290887232818039,2015,0
0,0.0464942870505653,2015,0
0,0.0625003329985672,2015,0
0,0.0625003329985672,2015,0
0,0.0380444956210029,2015,0
0,0.0333923954092235,2015,0
0,0.0394701459058966,2015,0
0,0.0772296252727726,2015,0
0,0.0772296252727726,2015,0
0,0.0772296252727726,2015,0
0,0.0252614826070649,2015,0
0,0.025561972743581,2015,0
0,0.0351297837447426,2015,0
0,0.029232981576054,2015,0
0,0.0293869321119571,2015,0
0,0.0287294895913472,2015,0
0,0.0287294895913472,2015,0
0,0.0255017841829706,2015,0
0,0.027928143999855,2015,0
0,0.050063175012824,2015,0
0,0.0231514624053758,2015,0
0,0.0253666342699198,2015,0
0,0.0429823701879317,2015,0
0,0.0429823701879317,2015,0
0,0.0402832451474704,2015,0
0,0.0519813903572224,2015,0
0,0.0519813903572224,2015,0
0,0.0328248075124421,2015,0
0,0.0276943557659358,2015,0
0,0.0318336135136765,2015,0
0,0.0698091294703259,2015,0
0,0.0698091294703259,2015,0
0,0.0698091294703259,2015,0
0,0.0216479862378018,2015,0
0,0.0209575607211248,2015,0
0,0.0209575607211248,2015,0
0,0.0209575607211248,2015,0
0,0.0209575607211248,2015,0
0,0.0209575607211248,2015,0
0,0.0208373473406233,2015,0
0,0.0208373473406233,2015,0
0,0.0208373473406233,2015,0
0,0.0247497949411314,2015,0
0,0.0249040872054338,2015,0
0,0.0255451540927951,2015,0
0,0.0255451540927951,2015,0
0,0.0255451540927951,2015,0
0,0.0197864928983232,2015,0
0,0.0174970871988639,2015,0
0,0.0490533608474983,2015,0
0,0.0185652553286221,2015,0
0,0.0198737428679445,2015,0
0,0.0330331748500754,2015,0
0,0.0330331748500754,2015,0
0,0.0289642520262078,2015,0
0,0.040507335753384,2015,0
0,0.040507335753384,2015,0
0,0.0247723493475502,2015,0
0,0.0201293840128628,2015,0
0,0.0256194109158768,2015,0
0,0.0322615374610243,2015,0
0,0.0322615374610243,2015,0
0,0.0322615374610243,2015,0
0,0.0176225109593936,2015,0
0,0.0176225109593936,2015,0
0,0.0164214837398737,2015,0
0,0.0164214837398737,2015,0
0,0.0164214837398737,2015,0
0,0.0164214837398737,2015,0
0,0.0164214837398737,2015,0
0,0.0164214837398737,2015,0
0,0.0164214837398737,2015,0
0,0.0164214837398737,2015,0
0,0.0164214837398737,2015,0
0,0.0164214837398737,2015,0
0,0.0164214837398737,2015,0
0,0.0153613210587455,2015,0
0,0.0153613210587455,2015,0
0,0.0187435605078816,2015,0
0,0.0200867219458612,2015,0
0,0.0203332206153374,2015,0
0,0.0203332206153374,2015,0
0,0.0203332206153374,2015,0
0,0.0203332206153374,2015,0
0,0.013802895499129,2015,0
0,0.0389119079115481,2015,0
0,0.0153001440064598,2015,0
0,0.0294169209213106,2015,0
0,0.0294169209213106,2015,0
0,0.0256398964765814,2015,0
0,0.0380017311469097,2015,0
0,0.0380017311469097,2015,0
0,0.0194452791659385,2015,0
0,0.0251321543717931,2015,0
0,0.024395079154942,2015,0
0,0.0339611960829706,2015,0
0,0.0339611960829706,2015,0
0,0.0339611960829706,2015,0
0,0.0133748754182282,2015,0
0,0.0133748754182282,2015,0
0,0.0133748754182282,2015,0
0,0.0132483581297978,2015,0
0,0.0132483581297978,2015,0
0,0.0132483581297978,2015,0
0,0.0132483581297978,2015,0
0,0.0132483581297978,2015,0
0,0.0132483581297978,2015,0
0,0.0132483581297978,2015,0
0,0.0132483581297978,2015,0
0,0.0132483581297978,2015,0
0,0.0132483581297978,2015,0
0,0.0132483581297978,2015,0
0,0.0130380775348218,2015,0
0,0.0130380775348218,2015,0
0,0.0130380775348218,2015,0
0,0.0218182931548762,2015,0
0,0.0177318936140913,2015,0
0,0.0177318936140913,2015,0
0,0.0177318936140913,2015,0
0,0.0177318936140913,2015,0
0,0.013369135314398,2015,0
0,0.0169019567516756,2015,0
0,0.0285969294129337,2015,0
0,0.0285969294129337,2015,0
0,0.0264691361529821,2015,0
0,0.0378163544907408,2015,0
0,0.0378163544907408,2015,0
0,0.0235648422766101,2015,0
0,0.0240351087506703,2015,0
0,0.0194640584960187,2015,0
0,0.0494493901390419,2015,0
0,0.0494493901390419,2015,0
0,0.0494493901390419,2015,0
0,0.0144423223165081,2015,0
0,0.0144423223165081,2015,0
0,0.0144423223165081,2015,0
0,0.0152283756431733,2015,0
0,0.0152283756431733,2015,0
0,0.0152283756431733,2015,0
0,0.0152283756431733,2015,0
0,0.0152283756431733,2015,0
0,0.0152283756431733,2015,0
0,0.0152283756431733,2015,0
0,0.0152283756431733,2015,0
0,0.0152283756431733,2015,0
0,0.0152283756431733,2015,0
0,0.0160813047203977,2015,0
0,0.0238852707284234,2015,0
0,0.0224432854132084,2015,0
0,0.0224432854132084,2015,0
0,0.0224432854132084,2015,0
0,0.0224432854132084,2015,0
0,0.0171333397193239,2015,0
0,0.0215632735569341,2015,0
0,0.0980918557920565,2015,0
0,0.0327884559736622,2015,0
0,0.0327884559736622,2015,0
0,0.0327884559736622,2015,0
0,0.0327884559736622,2015,0
0,0.0327884559736622,2015,0
0,0.0277543660482611,2015,0
0,0.0327884559736622,2015,0
0,0.0327884559736622,2015,0
0,0.0327884559736622,2015,0
0,0.0327884559736622,2015,0
0,0.0327884559736622,2015,0
0,0.0327884559736622,2015,0
0,0.0310070974717498,2015,0
0,0.0316390542637068,2015,0
0,0.0431882675069329,2015,0
0,0.0431882675069329,2015,0
0,0.0256218376225833,2015,0
0,0.026107308093611,2015,0
0,0.0214455114100085,2015,0
0,0.0576255633675603,2015,0
0,0.0576255633675603,2015,0
0,0.0576255633675603,2015,0
0,0.0184322030400783,2015,0
0,0.0184322030400783,2015,0
0,0.0184322030400783,2015,0
0,0.0184322030400783,2015,0
0,0.0189585809119011,2015,0
0,0.0189585809119011,2015,0
0,0.0189585809119011,2015,0
0,0.0189585809119011,2015,0
0,0.0189585809119011,2015,0
0,0.0189585809119011,2015,0
0,0.0189585809119011,2015,0
0,0.0189585809119011,2015,0
0,0.0189585809119011,2015,0
0,0.0327003270609729,2015,0
0,0.0193945415779587,2015,0
0,0.0193945415779587,2015,0
0,0.0193945415779587,2015,0
0,0.0192961409358361,2015,0
0,0.0248791293466081,2015,0
0,0.0277412244894313,2015,0
0,0.0277412244894313,2015,0
0,0.0277412244894313,2015,0
0,0.0277412244894313,2015,0
0,0.0191877483543274,2015,0
0,0.0201903361439051,2015,0
0,0.0315417534001312,2015,0
0,0.0315417534001312,2015,0
0,0.0237888039004535,2015,0
0,0.119088823980356,2015,0
0,0.0423620791490204,2015,0
0,0.0423620791490204,2015,0
0,0.0423620791490204,2015,0
0,0.0358553391182052,2015,0
0,0.0423620791490204,2015,0
0,0.0423620791490204,2015,0
0,0.0423620791490204,2015,0
0,0.0423620791490204,2015,0
0,0.0423620791490204,2015,0
0,0.0423620791490204,2015,0
0,0.0423620791490204,2015,0
0,0.0423620791490204,2015,0
0,0.0405210554357084,2015,0
0,0.0423620791490204,2015,0
0,0.0398512203525947,2015,0
0,0.055692663755914,2015,0
0,0.055692663755914,2015,0
0,0.0349636713619637,2015,0
0,0.0285897242069522,2015,0
0,0.0340684758731275,2015,0
0,0.0340684758731275,2015,0
0,0.0692302581452547,2015,0
0,0.0692302581452547,2015,0
0,0.0692302581452547,2015,0
0,0.0214889603849908,2015,0
0,0.0214889603849908,2015,0
0,0.0214889603849908,2015,0
0,0.0214889603849908,2015,0
0,0.0214889603849908,2015,0
0,0.0218501836608008,2015,0
0,0.0218501836608008,2015,0
0,0.0218501836608008,2015,0
0,0.0218501836608008,2015,0
0,0.0218501836608008,2015,0
0,0.0218501836608008,2015,0
0,0.0218501836608008,2015,0
0,0.0218501836608008,2015,0
0,0.0218501836608008,2015,0
0,0.0363007890046801,2015,0
0,0.021625082329047,2015,0
0,0.021625082329047,2015,0
0,0.021625082329047,2015,0
0,0.0217830721257549,2015,0
0,0.0266052943600407,2015,0
0,0.0336462223279945,2015,0
0,0.0336462223279945,2015,0
0,0.0215660582371783,2015,0
0,0.0409309009121424,2015,0
0,0.0192659307965142,2015,0
0,0.0654362665722542,2015,0
0,0.0320508772528815,2015,0
0,0.0320508772528815,2015,0
0,0.0226506137572876,2015,0
0,0.0399310735033729,2015,0
0,0.0399310735033729,2015,0
0,0.0399310735033729,2015,0
0,0.0399310735033729,2015,0
0,0.0399310735033729,2015,0
0,0.0376930290727646,2015,0
0,0.0399310735033729,2015,0
0,0.0399310735033729,2015,0
0,0.0399310735033729,2015,0
0,0.0399310735033729,2015,0
0,0.0399310735033729,2015,0
0,0.032758224972919,2015,0
0,0.0399310735033729,2015,0
0,0.0399310735033729,2015,0
0,0.0378436766073218,2015,0
0,0.0539200152839868,2015,0
0,0.0539200152839868,2015,0
0,0.026300090983088,2015,0
0,0.0320297694717101,2015,0
0,0.0320297694717101,2015,0
0,0.0329982423123743,2015,0
0,0.0491104067132041,2015,0
0,0.0491104067132041,2015,0
0,0.0491104067132041,2015,0
0,0.0604331814401035,2015,0
0,0.0202959480767089,2015,0
0,0.0202959480767089,2015,0
0,0.0202959480767089,2015,0
0,0.0202959480767089,2015,0
0,0.0202959480767089,2015,0
0,0.019724770911756,2015,0
0,0.019724770911756,2015,0
0,0.019724770911756,2015,0
0,0.019724770911756,2015,0
0,0.019724770911756,2015,0
0,0.019724770911756,2015,0
0,0.019724770911756,2015,0
0,0.019724770911756,2015,0
0,0.019724770911756,2015,0
0,0.0313756733038644,2015,0
0,0.0194994151271722,2015,0
0,0.0194994151271722,2015,0
0,0.0322256569808581,2015,0
0,0.0321926143809358,2015,0
0,0.019873847406883,2015,0
0,0.015749989443776,2015,0
0,0.0259441838493478,2015,0
0,0.0322633314465392,2015,0
0,0.0322633314465392,2015,0
0,0.0197702223127402,2015,0
0,0.0349428543387747,2015,0
0,0.017972252323272,2015,0
0,0.0329342054325993,2015,0
0,0.0329342054325993,2015,0
0,0.02178708252498,2015,0
0,0.0364896925891625,2015,0
0,0.0364896925891625,2015,0
0,0.0364896925891625,2015,0
0,0.0364896925891625,2015,0
0,0.0364896925891625,2015,0
0,0.0364896925891625,2015,0
0,0.0364896925891625,2015,0
0,0.0295392154083721,2015,0
0,0.0364896925891625,2015,0
0,0.0364896925891625,2015,0
0,0.0364896925891625,2015,0
0,0.0364896925891625,2015,0
0,0.0364896925891625,2015,0
0,0.0341500831001611,2015,0
0,0.0364896925891625,2015,0
0,0.0358372387568541,2015,0
0,0.0493418535279398,2015,0
0,0.0493418535279398,2015,0
0,0.0281907482165565,2015,0
0,0.0289677916491098,2015,0
0,0.0281907482165565,2015,0
0,0.0227765179277788,2015,0
0,0.0421985557507583,2015,0
0,0.0421985557507583,2015,0
0,0.0421985557507583,2015,0
0,0.0558586790453203,2015,0
0,0.0185906912827281,2015,0
0,0.0185906912827281,2015,0
0,0.0185906912827281,2015,0
0,0.0185906912827281,2015,0
0,0.0185906912827281,2015,0
0,0.0185906912827281,2015,0
0,0.0184566616035481,2015,0
0,0.0184566616035481,2015,0
0,0.0184566616035481,2015,0
0,0.0184566616035481,2015,0
0,0.0296578868331729,2015,0
0,0.018836876625065,2015,0
0,0.018836876625065,2015,0
0,0.0287131429705813,2015,0
0,0.0193443480305639,2015,0
0,0.0149722476002744,2015,0
0,0.0311698310387945,2015,0
0,0.0286107225740413,2015,0
0,0.0286107225740413,2015,0
0,0.0199884613636905,2015,0
0,0.0389908957694036,2015,0
0,0.019120890406935,2015,0
0,0.0337886154332618,2015,0
0,0.0337886154332618,2015,0
0,0.02483618228506,2015,0
0,0.0396219817589403,2015,0
0,0.0396219817589403,2015,0
0,0.0396219817589403,2015,0
0,0.0333866548702792,2015,0
0,0.0396219817589403,2015,0
0,0.0377240761669163,2015,0
0,0.0396219817589403,2015,0
0,0.0396219817589403,2015,0
0,0.0396219817589403,2015,0
0,0.0396219817589403,2015,0
0,0.0396219817589403,2015,0
0,0.0396219817589403,2015,0
0,0.0396219817589403,2015,0
0,0.0396219817589403,2015,0
0,0.0396219817589403,2015,0
0,0.0395813223739664,2015,0
0,0.0541114974336993,2015,0
0,0.0541114974336993,2015,0
0,0.0302625913447213,2015,0
0,0.0302625913447213,2015,0
0,0.0309525908150664,2015,0
0,0.0251623932603016,2015,0
0,0.0592501822769731,2015,0
0,0.0592501822769731,2015,0
0,0.0592501822769731,2015,0
0,0.0609164665779035,2015,0
0,0.0617122500735927,2015,0
0,0.0577576037245776,2015,0
0,0.0227116328334624,2015,0
0,0.0227116328334624,2015,0
0,0.0227116328334624,2015,0
0,0.0227116328334624,2015,0
0,0.0238242801762347,2015,0
0,0.0238242801762347,2015,0
0,0.0238242801762347,2015,0
0,0.0238242801762347,2015,0
0,0.0238242801762347,2015,0
0,0.0323682409707193,2015,0
0,0.0246622653269852,2015,0
0,0.0246622653269852,2015,0
0,0.0246622653269852,2015,0
0,0.0246622653269852,2015,0
0,0.0246622653269852,2015,0
0,0.0314589467610668,2015,0
0,0.0314589467610668,2015,0
0,0.0248957997556484,2015,0
0,0.0248957997556484,2015,0
0,0.0180654169943826,2015,0
0,0.0381037990657186,2015,0
0,0.0310435838188015,2015,0
0,0.0310435838188015,2015,0
0,0.0248372983507384,2015,0
0,0.0469329996375765,2015,0
0,0.0195636111109877,2015,0
0,0.0381521679290184,2015,0
0,0.0381521679290184,2015,0
0,0.0253716847602261,2015,0
0,0.0253716847602261,2015,0
0,0.0280169396277287,2015,0
0,0.0406417063979433,2015,0
0,0.0406417063979433,2015,0
0,0.0406417063979433,2015,0
0,0.0389212797376842,2015,0
0,0.0406417063979433,2015,0
0,0.0406417063979433,2015,0
0,0.0406417063979433,2015,0
0,0.0406417063979433,2015,0
0,0.0406417063979433,2015,0
0,0.0406417063979433,2015,0
0,0.0406417063979433,2015,0
0,0.0402337234596388,2015,0
0,0.0564289195059298,2015,0
0,0.0564289195059298,2015,0
0,0.0313300504349724,2015,0
0,0.0313300504349724,2015,0
0,0.0264196935414989,2015,0
0,0.0320980409535484,2015,0
0,0.140957238760099,2015,0
0,0.0538546766408002,2015,0
0,0.0538546766408002,2015,0
0,0.0538546766408002,2015,0
0,0.0667134828276688,2015,0
0,0.0629172711245508,2015,0
0,0.0657540746387758,2015,0
0,0.0269088121120616,2015,0
0,0.027154745162083,2015,0
0,0.027154745162083,2015,0
0,0.027154745162083,2015,0
0,0.027154745162083,2015,0
0,0.027154745162083,2015,0
0,0.027154745162083,2015,0
0,0.0344637537405066,2015,0
0,0.0257420525056828,2015,0
0,0.0257420525056828,2015,0
0,0.0257420525056828,2015,0
0,0.0257420525056828,2015,0
0,0.0257420525056828,2015,0
0,0.0257420525056828,2015,0
0,0.0500823246680862,2015,0
0,0.032139825032394,2015,0
0,0.032139825032394,2015,0
0,0.0250224325657682,2015,0
0,0.0250224325657682,2015,0
0,0.0185547366480746,2015,0
0,0.0359925488435192,2015,0
0,0.0323347222595402,2015,0
0,0.0323347222595402,2015,0
0,0.0244465378092232,2015,0
0,0.0482931553663642,2015,0
0,0.0187387072563195,2015,0
0,0.037364377124958,2015,0
0,0.037364377124958,2015,0
0,0.0224380483361555,2015,0
0,0.0263530943938659,2015,0
0,0.0405538073442493,2015,0
0,0.0383584743345117,2015,0
0,0.0405538073442493,2015,0
0,0.0405538073442493,2015,0
0,0.0405538073442493,2015,0
0,0.0405538073442493,2015,0
0,0.0405538073442493,2015,0
0,0.0405538073442493,2015,0
0,0.0387545174615415,2015,0
0,0.0555001598307436,2015,0
0,0.0555001598307436,2015,0
0,0.0310969858666677,2015,0
0,0.0310969858666677,2015,0
0,0.0320494863055526,2015,0
0,0.025585952725697,2015,0
0,0.0392185230680125,2015,0
0,0.0392185230680125,2015,0
0,0.0392185230680125,2015,0
0,0.0702211936498028,2015,0
0,0.0667277827477982,2015,0
0,0.071401450554168,2015,0
0,0.0218413531774199,2015,0
0,0.0218413531774199,2015,0
0,0.0324373735802299,2015,0
0,0.0324373735802299,2015,0
0,0.02144506712729,2015,0
0,0.02144506712729,2015,0
0,0.02144506712729,2015,0
0,0.02144506712729,2015,0
0,0.02144506712729,2015,0
0,0.02144506712729,2015,0
0,0.02144506712729,2015,0
0,0.02144506712729,2015,0
0,0.0338633122398401,2015,0
0,0.0209129079638743,2015,0
0,0.0209129079638743,2015,0
0,0.0209129079638743,2015,0
0,0.0209129079638743,2015,0
0,0.0209129079638743,2015,0
0,0.0209129079638743,2015,0
0,0.045491481010577,2015,0
0,0.045491481010577,2015,0
0,0.031779529814019,2015,0
0,0.031779529814019,2015,0
0,0.0205509711500905,2015,0
0,0.0205509711500905,2015,0
0,0.0176471706437653,2015,0
0,0.0297802909262038,2015,0
0,0.0209831218550888,2015,0
0,0.0414997252313534,2015,0
0,0.0187432930007181,2015,0
0,0.0226829064850273,2015,0
0,0.0318075238056335,2015,0
0,0.0318075238056335,2015,0
0,0.0254232185579561,2015,0
0,0.0433976109688771,2015,0
0,0.0433976109688771,2015,0
0,0.0433976109688771,2015,0
0,0.0433976109688771,2015,0
0,0.0433976109688771,2015,0
0,0.0433976109688771,2015,0
0,0.0408595089879478,2015,0
0,0.0433976109688771,2015,0
0,0.0408525944288802,2015,0
0,0.0595386962755624,2015,0
0,0.0595386962755624,2015,0
0,0.0335518422438105,2015,0
0,0.0272085771984229,2015,0
0,0.0335518422438105,2015,0
0,0.0347017038712306,2015,0
0,0.0447211524432583,2015,0
0,0.0447211524432583,2015,0
0,0.0447211524432583,2015,0
0,0.0725389406444942,2015,0
0,0.0208958615644952,2015,0
0,0.0208958615644952,2015,0
0,0.0316267720578418,2015,0
0,0.0316267720578418,2015,0
0,0.0213279852244276,2015,0
0,0.0213279852244276,2015,0
0,0.0213279852244276,2015,0
0,0.0213279852244276,2015,0
0,0.0213279852244276,2015,0
0,0.0213279852244276,2015,0
0,0.0213279852244276,2015,0
0,0.0213279852244276,2015,0
0,0.0213279852244276,2015,0
0,0.0357569373999818,2015,0
0,0.0230050989115537,2015,0
0,0.0230050989115537,2015,0
0,0.0230050989115537,2015,0
0,0.0230050989115537,2015,0
0,0.0230050989115537,2015,0
0,0.0510181337181184,2015,0
0,0.0359843656382055,2015,0
0,0.0359843656382055,2015,0
0,0.0381581879866102,2015,0
0,0.0310514984685343,2015,0
0,0.025454054965649,2015,0
0,0.0258522784898261,2015,0
0,0.0350564327537971,2015,0
0,0.0450292333863158,2015,0
0,0.0395272188791745,2015,0
0,0.0395272188791745,2015,0
0,0.0337612145029997,2015,0
0,0.0509402198369789,2015,0
0,0.0509402198369789,2015,0
0,0.0509402198369789,2015,0
0,0.0509402198369789,2015,0
0,0.049169796999913,2015,0
0,0.0509402198369789,2015,0
0,0.0509402198369789,2015,0
0,0.0509402198369789,2015,0
0,0.0495415772864398,2015,0
0,0.0712990874675355,2015,0
0,0.0712990874675355,2015,0
0,0.0401690156739575,2015,0
0,0.0340349969961114,2015,0
0,0.0415321017284952,2015,0
0,0.0401690156739575,2015,0
0,0.0793691305539029,2015,0
0,0.0793691305539029,2015,0
0,0.0793691305539029,2015,0
0,0.0273430222162683,2015,0
0,0.0273430222162683,2015,0
0,0.0412780003491756,2015,0
0,0.0412780003491756,2015,0
0,0.0275833543298088,2015,0
0,0.0275833543298088,2015,0
0,0.0275833543298088,2015,0
0,0.0275833543298088,2015,0
0,0.0275833543298088,2015,0
0,0.0275833543298088,2015,0
0,0.0446527746796235,2015,0
0,0.0279647925976758,2015,0
0,0.0279647925976758,2015,0
0,0.0279647925976758,2015,0
0,0.0394808266834684,2015,0
0,0.0394808266834684,2015,0
0,0.0493479589579224,2015,0
0,0.0396806638184032,2015,0
0,0.0396806638184032,2015,0
0,0.0577437785370696,2015,0
0,0.0419081208892425,2015,0
0,0.0457750155503084,2015,0
0,0.0457750155503084,2015,0
0,0.0365894333812264,2015,0
0,0.0561043594474565,2015,0
0,0.0561043594474565,2015,0
0,0.0561043594474565,2015,0
0,0.0561043594474565,2015,0
0,0.0561043594474565,2015,0
0,0.0561043594474565,2015,0
0,0.0552836331621147,2015,0
0,0.0788109565843464,2015,0
0,0.0788109565843464,2015,0
0,0.0444035295397519,2015,0
0,0.0444035295397519,2015,0
0,0.0459018988030112,2015,0
0,0.0388476188020576,2015,0
0,0.0864633719891246,2015,0
0,0.0864633719891246,2015,0
0,0.0864633719891246,2015,0
0,0.0614507221919535,2015,0
0,0.0728587043545455,2015,0
0,0.0728587043545455,2015,0
0,0.0728587043545455,2015,0
0,0.0728587043545455,2015,0
0,0.0728587043545455,2015,0
0,0.0728587043545455,2015,0
0,0.0728587043545455,2015,0
0,0.0728587043545455,2015,0
0,0.0728587043545455,2015,0
0,0.0728587043545455,2015,0
0,0.0728587043545455,2015,0
0,0.0728587043545455,2015,0
0,0.0728587043545455,2015,0
0,0.0728587043545455,2015,0
0,0.0728587043545455,2015,0
0,0.067509107243227,2015,0
0,0.0728587043545455,2015,0
0,0.067509107243227,2015,0
0,0.0728587043545455,2015,0
0,0.029505853567769,2015,0
0,0.029505853567769,2015,0
0,0.029505853567769,2015,0
0,0.029505853567769,2015,0
0,0.044071686593659,2015,0
0,0.044071686593659,2015,0
0,0.0292224883703924,2015,0
0,0.0292224883703924,2015,0
0,0.0292224883703924,2015,0
0,0.0292224883703924,2015,0
0,0.0292224883703924,2015,0
0,0.0292224883703924,2015,0
0,0.0292224883703924,2015,0
0,0.0292224883703924,2015,0
0,0.0480774973313593,2015,0
0,0.0284763842396469,2015,0
0,0.0284763842396469,2015,0
0,0.0434549808177391,2015,0
0,0.0434549808177391,2015,0
0,0.0379104537424173,2015,0
0,0.0379104537424173,2015,0
0,0.0371487584799737,2015,0
0,0.041664466020973,2015,0
0,0.037391275103506,2015,0
0,0.037391275103506,2015,0
0,0.0272936119935187,2015,0
0,0.0272936119935187,2015,0
0,0.0518743030616102,2015,0
0,0.0421204779649067,2015,0
0,0.0421558100839896,2015,0
0,0.0421558100839896,2015,0
0,0.0389558561578914,2015,0
0,0.0389558561578914,2015,0
0,0.0294740193935778,2015,0
0,0.0519995865844701,2015,0
0,0.0519995865844701,2015,0
0,0.0519995865844701,2015,0
0,0.0519995865844701,2015,0
0,0.0519995865844701,2015,0
0,0.0519995865844701,2015,0
0,0.0508784365029561,2015,0
0,0.0727832000288709,2015,0
0,0.0727832000288709,2015,0
0,0.0399193543948298,2015,0
0,0.0412789553694095,2015,0
0,0.0801453946399436,2015,0
0,0.079872418380888,2015,0
0,0.0761966023782619,2015,0
0,0.0602512566683619,2015,0
0,0.0654140867438443,2015,0
0,0.0654140867438443,2015,0
0,0.0602512566683619,2015,0
0,0.0654140867438443,2015,0
0,0.0654140867438443,2015,0
0,0.0654140867438443,2015,0
0,0.0654140867438443,2015,0
0,0.0654140867438443,2015,0
0,0.0654140867438443,2015,0
0,0.0654140867438443,2015,0
0,0.0654140867438443,2015,0
0,0.0654140867438443,2015,0
0,0.0654140867438443,2015,0
0,0.0654140867438443,2015,0
0,0.0654140867438443,2015,0
0,0.0654140867438443,2015,0
0,0.0654140867438443,2015,0
0,0.0548148178706135,2015,0
0,0.0654140867438443,2015,0
0,0.0654140867438443,2015,0
0,0.0276068025267744,2015,0
0,0.0276068025267744,2015,0
0,0.0276068025267744,2015,0
0,0.0416201888125219,2015,0
0,0.0402555826098731,2015,0
0,0.0402555826098731,2015,0
0,0.0281223624606765,2015,0
0,0.0281223624606765,2015,0
0,0.0281223624606765,2015,0
0,0.0281223624606765,2015,0
0,0.0281223624606765,2015,0
0,0.0281223624606765,2015,0
0,0.0281223624606765,2015,0
0,0.0281223624606765,2015,0
0,0.0281223624606765,2015,0
0,0.0440292785963692,2015,0
0,0.0421811890818404,2015,0
0,0.028187273230504,2015,0
0,0.028187273230504,2015,0
0,0.028187273230504,2015,0
0,0.028187273230504,2015,0
0,0.0426201480992085,2015,0
0,0.0426201480992085,2015,0
0,0.0357811053983084,2015,0
0,0.0420261436863107,2015,0
0,0.0353004919365614,2015,0
0,0.0353004919365614,2015,0
0,0.0353004919365614,2015,0
0,0.0279110183817252,2015,0
0,0.0279110183817252,2015,0
0,0.0290121018562611,2015,0
0,0.0405966625478138,2015,0
0,0.0239754311879899,2015,0
0,0.0413044058565628,2015,0
0,0.0413044058565628,2015,0
0,0.0418991791163135,2015,0
0,0.0332933561073229,2015,0
0,0.0332933561073229,2015,0
0,0.0262421580114998,2015,0
0,0.0283456077195867,2015,0
0,0.0515818961826805,2015,0
0,0.0515818961826805,2015,0
0,0.0515818961826805,2015,0
0,0.0515818961826805,2015,0
0,0.0515818961826805,2015,0
0,0.0490455351923327,2015,0
0,0.0691696672955503,2015,0
0,0.0383293002628108,2015,0
0,0.0370229598653472,2015,0
0,0.157012191382713,2015,0
0,0.0757109703536143,2015,0
0,0.0717121628795808,2015,0
0,0.0759169209510433,2015,0
0,0.0566561682371373,2015,0
0,0.0566561682371373,2015,0
0,0.0566561682371373,2015,0
0,0.0475155530651806,2015,0
0,0.0566561682371373,2015,0
0,0.0566561682371373,2015,0
0,0.0566561682371373,2015,0
0,0.0566561682371373,2015,0
0,0.0566561682371373,2015,0
0,0.0566561682371373,2015,0
0,0.0566561682371373,2015,0
0,0.0566561682371373,2015,0
0,0.0566561682371373,2015,0
0,0.0520492945361888,2015,0
0,0.0566561682371373,2015,0
0,0.0566561682371373,2015,0
0,0.0566561682371373,2015,0
0,0.0520492945361888,2015,0
0,0.0566561682371373,2015,0
0,0.0566561682371373,2015,0
0,0.0566561682371373,2015,0
0,0.0566561682371373,2015,0
0,0.0566561682371373,2015,0
0,0.0566561682371373,2015,0
0,0.0268673399947807,2015,0
0,0.0268673399947807,2015,0
0,0.0268673399947807,2015,0
0,0.0477502179731307,2015,0
0,0.0402878983572798,2015,0
0,0.0277767379272295,2015,0
0,0.0277767379272295,2015,0
0,0.0277767379272295,2015,0
0,0.0277767379272295,2015,0
0,0.0277767379272295,2015,0
0,0.0467107050117814,2015,0
0,0.0513457976987051,2015,0
0,0.0281831825231311,2015,0
0,0.0281831825231311,2015,0
0,0.0281831825231311,2015,0
0,0.0559331412581235,2015,0
0,0.0559331412581235,2015,0
0,0.0559331412581235,2015,0
0,0.0361948136395506,2015,0
0,0.0459790604405055,2015,0
0,0.0607798658056285,2015,0
0,0.0369261796437893,2015,0
0,0.0291636000898162,2015,0
0,0.0291636000898162,2015,0
0,0.0562477500998294,2015,0
0,0.0471928185405151,2015,0
0,0.0631839073486703,2015,0
0,0.0319758150863036,2015,0
0,0.0668207338326355,2015,0
0,0.0668207338326355,2015,0
0,0.0533108908745199,2015,0
0,0.0469389982233627,2015,0
0,0.0469389982233627,2015,0
0,0.0326686826966391,2015,0
0,0.0326686826966391,2015,0
0,0.0368399589280411,2015,0
0,0.0585240298995133,2015,0
0,0.0585240298995133,2015,0
0,0.0585240298995133,2015,0
0,0.0585240298995133,2015,0
0,0.0585240298995133,2015,0
0,0.0767367829713456,2015,0
0,0.0428259223433157,2015,0
0,0.0517356130970332,2015,0
0,0.0619598473797218,2015,0
0,0.0619598473797218,2015,0
0,0.0619598473797218,2015,0
0,0.0619598473797218,2015,0
0,0.0619598473797218,2015,0
0,0.0619598473797218,2015,0
0,0.0619598473797218,2015,0
0,0.0619598473797218,2015,0
0,0.0619598473797218,2015,0
0,0.0619598473797218,2015,0
0,0.0619598473797218,2015,0
0,0.0619598473797218,2015,0
0,0.0619598473797218,2015,0
0,0.0619598473797218,2015,0
0,0.0619598473797218,2015,0
0,0.0619598473797218,2015,0
0,0.0619598473797218,2015,0
0,0.0619598473797218,2015,0
0,0.0568776583489536,2015,0
0,0.0619598473797218,2015,0
0,0.0568776583489536,2015,0
0,0.0619598473797218,2015,0
0,0.0619598473797218,2015,0
0,0.033330877541392,2015,0
0,0.033330877541392,2015,0
0,0.0335350774168591,2015,0
0,0.0335350774168591,2015,0
0,0.0335350774168591,2015,0
0,0.0335350774168591,2015,0
0,0.0335350774168591,2015,0
0,0.0557728765274626,2015,0
0,0.034840511966121,2015,0
0,0.034840511966121,2015,0
0,0.0720294126576124,2015,0
0,0.0388558637352136,2015,0
0,0.0388558637352136,2015,0
0,0.0235254499217194,2015,0
0,0.0545233330661723,2015,0
0,0.0735412104616814,2015,0
0,0.0387040307250132,2015,0
0,0.0341793354285409,2015,0
0,0.0609267611865627,2015,0
0,0.0741044935437208,2015,0
0,0.0378686725580961,2015,0
0,0.0731043451741391,2015,0
0,0.0513581543672035,2015,0
0,0.0476219608965118,2015,0
0,0.050473068443761,2015,0
0,0.050473068443761,2015,0
0,0.0354153695968461,2015,0
0,0.0399025445824833,2015,0
0,0.058425227984637,2015,0
0,0.058425227984637,2015,0
0,0.058425227984637,2015,0
0,0.058425227984637,2015,0
0,0.058425227984637,2015,0
0,0.0577875252810474,2015,0
0,0.0768766572634146,2015,0
0,0.0442617092683075,2015,0
0,0.0623896878705378,2015,0
0,0.0623896878705378,2015,0
0,0.0623896878705378,2015,0
0,0.0623896878705378,2015,0
0,0.0623896878705378,2015,0
0,0.0623896878705378,2015,0
0,0.0623896878705378,2015,0
0,0.0623896878705378,2015,0
0,0.0623896878705378,2015,0
0,0.0623896878705378,2015,0
0,0.0516491989456739,2015,0
0,0.056980201281574,2015,0
0,0.0623896878705378,2015,0
0,0.0623896878705378,2015,0
0,0.0623896878705378,2015,0
0,0.056980201281574,2015,0
0,0.0623896878705378,2015,0
0,0.0623896878705378,2015,0
0,0.0623896878705378,2015,0
0,0.0623896878705378,2015,0
0,0.0623896878705378,2015,0
0,0.0623896878705378,2015,0
0,0.0623896878705378,2015,0
0,0.0349422005148517,2015,0
0,0.0349422005148517,2015,0
0,0.0365432915155009,2015,0
0,0.0365432915155009,2015,0
0,0.0365432915155009,2015,0
0,0.0330151632158238,2015,0
0,0.0330151632158238,2015,0
0,0.0330151632158238,2015,0
0,0.0330151632158238,2015,0
0,0.0330151632158238,2015,0
0,0.0330151632158238,2015,0
0,0.0330151632158238,2015,0
0,0.0330151632158238,2015,0
0,0.0518810630848286,2015,0
0,0.0322186957423795,2015,0
0,0.0322186957423795,2015,0
0,0.0322186957423795,2015,0
0,0.0322186957423795,2015,0
0,0.0322186957423795,2015,0
0,0.0322186957423795,2015,0
0,0.0322186957423795,2015,0
0,0.0581126258943479,2015,0
0,0.0378711412288001,2015,0
0,0.0323875170562479,2015,0
0,0.0612258873765698,2015,0
0,0.021134663186031,2015,0
0,0.047501612146051,2015,0
0,0.0576085884082184,2015,0
0,0.0378796425729902,2015,0
0,0.0378796425729902,2015,0
0,0.0323338703247117,2015,0
0,0.0483570808814577,2015,0
0,0.0565890137482765,2015,0
0,0.0271203621157795,2015,0
0,0.0562460341716042,2015,0
0,0.0446312591750129,2015,0
0,0.0402710268268948,2015,0
0,0.0397526550104563,2015,0
0,0.0397526550104563,2015,0
0,0.0305965393788914,2015,0
0,0.0338247050255866,2015,0
0,0.051014147198532,2015,0
0,0.051014147198532,2015,0
0,0.051014147198532,2015,0
0,0.051014147198532,2015,0
0,0.051014147198532,2015,0
0,0.051014147198532,2015,0
0,0.0493270888395849,2015,0
0,0.0473862736708779,2015,0
0,0.0656620753833014,2015,0
0,0.0396307111080507,2015,0
0,0.0396307111080507,2015,0
0,0.0496466430761795,2015,0
0,0.0543649531622455,2015,0
0,0.0451584005004933,2015,0
0,0.0496466430761795,2015,0
0,0.0543649531622455,2015,0
0,0.0543649531622455,2015,0
0,0.0543649531622455,2015,0
0,0.0543649531622455,2015,0
0,0.0543649531622455,2015,0
0,0.0543649531622455,2015,0
0,0.0543649531622455,2015,0
0,0.0543649531622455,2015,0
0,0.0543649531622455,2015,0
0,0.0543649531622455,2015,0
0,0.0543649531622455,2015,0
0,0.0543649531622455,2015,0
0,0.0543649531622455,2015,0
0,0.0543649531622455,2015,0
0,0.0543649531622455,2015,0
0,0.0543649531622455,2015,0
0,0.0543649531622455,2015,0
0,0.0543649531622455,2015,0
0,0.0543649531622455,2015,0
0,0.0543649531622455,2015,0
0,0.0543649531622455,2015,0
0,0.0543649531622455,2015,0
0,0.0543649531622455,2015,0
0,0.0543649531622455,2015,0
0,0.0543649531622455,2015,0
0,0.0543649531622455,2015,0
0,0.0543649531622455,2015,0
0,0.0543649531622455,2015,0
0,0.0304317155819404,2015,0
0,0.0304317155819404,2015,0
0,0.0316902831277989,2015,0
0,0.0316902831277989,2015,0
0,0.0295117277159337,2015,0
0,0.0295117277159337,2015,0
0,0.0295117277159337,2015,0
0,0.0295117277159337,2015,0
0,0.0295117277159337,2015,0
0,0.0295117277159337,2015,0
0,0.0295117277159337,2015,0
0,0.0295117277159337,2015,0
0,0.0295117277159337,2015,0
0,0.0411353777690152,2015,0
0,0.0286104826802414,2015,0
0,0.0286104826802414,2015,0
0,0.0286104826802414,2015,0
0,0.0286104826802414,2015,0
0,0.0286104826802414,2015,0
0,0.0286104826802414,2015,0
0,0.0544069643891321,2015,0
0,0.0384761538629486,2015,0
0,0.0279405769180932,2015,0
0,0.05314042152363,2015,0
0,0.0191663628970547,2015,0
0,0.0407509733291977,2015,0
0,0.054955991523238,2015,0
0,0.0387837941123683,2015,0
0,0.0387837941123683,2015,0
0,0.0387837941123683,2015,0
0,0.0282037368669771,2015,0
0,0.0437868150359066,2015,0
0,0.0557355620544694,2015,0
0,0.0583030975068337,2015,0
0,0.0477046560030897,2015,0
0,0.0427354835230639,2015,0
0,0.0432013549265949,2015,0
0,0.0432013549265949,2015,0
0,0.0301336520587751,2015,0
0,0.0469881766490481,2015,0
0,0.0469881766490481,2015,0
0,0.0469881766490481,2015,0
0,0.0469881766490481,2015,0
0,0.0469881766490481,2015,0
0,0.0448606563287196,2015,0
0,0.0469881766490481,2015,0
0,0.043039699855989,2015,0
0,0.0369943387380781,2015,0
0,0.0369943387380781,2015,0
0,0.0382796604717458,2015,0
0,0.0305505196794594,2015,0
0,0.0549270930745691,2015,0
0,0.0549270930745691,2015,0
0,0.0549270930745691,2015,0
0,0.0549270930745691,2015,0
0,0.0549270930745691,2015,0
0,0.0549270930745691,2015,0
0,0.0549270930745691,2015,0
0,0.0549270930745691,2015,0
0,0.0549270930745691,2015,0
0,0.0549270930745691,2015,0
0,0.0549270930745691,2015,0
0,0.0549270930745691,2015,0
0,0.0549270930745691,2015,0
0,0.0549270930745691,2015,0
0,0.0549270930745691,2015,0
0,0.0462323997400528,2015,0
0,0.0549270930745691,2015,0
0,0.0549270930745691,2015,0
0,0.0549270930745691,2015,0
0,0.0549270930745691,2015,0
0,0.0505836794936332,2015,0
0,0.0549270930745691,2015,0
0,0.0505836794936332,2015,0
0,0.0549270930745691,2015,0
0,0.0549270930745691,2015,0
0,0.0549270930745691,2015,0
0,0.0549270930745691,2015,0
0,0.0549270930745691,2015,0
0,0.0549270930745691,2015,0
0,0.0549270930745691,2015,0
0,0.0549270930745691,2015,0
0,0.0549270930745691,2015,0
0,0.0298107556971102,2015,0
0,0.0288439384061593,2015,0
0,0.0288439384061593,2015,0
0,0.0305920786753379,2015,0
0,0.0305920786753379,2015,0
0,0.0305920786753379,2015,0
0,0.0305920786753379,2015,0
0,0.0305920786753379,2015,0
0,0.0305920786753379,2015,0
0,0.0305920786753379,2015,0
0,0.0305920786753379,2015,0
0,0.0305920786753379,2015,0
0,0.0305920786753379,2015,0
0,0.0375450490150067,2015,0
0,0.0312201561600825,2015,0
0,0.0312201561600825,2015,0
0,0.0312201561600825,2015,0
0,0.0312201561600825,2015,0
0,0.0312201561600825,2015,0
0,0.0690465560121211,2015,0
0,0.039333351040585,2015,0
0,0.0205373220217124,2015,0
0,0.0487330418367291,2015,0
0,0.0656897283404228,2015,0
0,0.0387179782370339,2015,0
0,0.0387179782370339,2015,0
0,0.0387179782370339,2015,0
0,0.0303216820783228,2015,0
0,0.0481013992432869,2015,0
0,0.0633506049264962,2015,0
0,0.0595053446893709,2015,0
0,0.0605444729005755,2015,0
0,0.0483224067088428,2015,0
0,0.0527801978790807,2015,0
0,0.0483224067088428,2015,0
0,0.0488226445825321,2015,0
0,0.0488226445825321,2015,0
0,0.0317342735543817,2015,0
0,0.0483956654329386,2015,0
0,0.0483956654329386,2015,0
0,0.0483956654329386,2015,0
0,0.0483956654329386,2015,0
0,0.0483956654329386,2015,0
0,0.0467279594620423,2015,0
0,0.0483956654329386,2015,0
0,0.0483956654329386,2015,0
0,0.0461375912132478,2015,0
0,0.0630768697062185,2015,0
0,0.0361166022714334,2015,0
0,0.0361166022714334,2015,0
0,0.0610289196192092,2015,0
0,0.0535058369016922,2015,0
0,0.0535058369016922,2015,0
0,0.0535058369016922,2015,0
0,0.0535058369016922,2015,0
0,0.0535058369016922,2015,0
0,0.0535058369016922,2015,0
0,0.0535058369016922,2015,0
0,0.0535058369016922,2015,0
0,0.0535058369016922,2015,0
0,0.0535058369016922,2015,0
0,0.0535058369016922,2015,0
0,0.0535058369016922,2015,0
0,0.0495898224413336,2015,0
0,0.0535058369016922,2015,0
0,0.0495898224413336,2015,0
0,0.0535058369016922,2015,0
0,0.0535058369016922,2015,0
0,0.0535058369016922,2015,0
0,0.0535058369016922,2015,0
0,0.0535058369016922,2015,0
0,0.0535058369016922,2015,0
0,0.0535058369016922,2015,0
0,0.0535058369016922,2015,0
0,0.0535058369016922,2015,0
0,0.0535058369016922,2015,0
0,0.0535058369016922,2015,0
0,0.0535058369016922,2015,0
0,0.0456645573005396,2015,0
0,0.0535058369016922,2015,0
0,0.0535058369016922,2015,0
0,0.0535058369016922,2015,0
0,0.0293691573553156,2015,0
0,0.0291736290101138,2015,0
0,0.0291736290101138,2015,0
0,0.0291736290101138,2015,0
0,0.0295364970877111,2015,0
0,0.0295364970877111,2015,0
0,0.0295364970877111,2015,0
0,0.0295364970877111,2015,0
0,0.0295364970877111,2015,0
0,0.0295364970877111,2015,0
0,0.0295364970877111,2015,0
0,0.0295364970877111,2015,0
0,0.0295364970877111,2015,0
0,0.0295364970877111,2015,0
0,0.0295364970877111,2015,0
0,0.0295364970877111,2015,0
0,0.0295364970877111,2015,0
0,0.0385508334687627,2015,0
0,0.0288127426875746,2015,0
0,0.0452579266034131,2015,0
0,0.0387624477717845,2015,0
0,0.0387624477717845,2015,0
0,0.0387624477717845,2015,0
0,0.0290544099621326,2015,0
0,0.0407458802919712,2015,0
0,0.0547820400224187,2015,0
0,0.0603715795742174,2015,0
0,0.0501952342766528,2015,0
0,0.0457605116749368,2015,0
0,0.0457605116749368,2015,0
0,0.0427283189754741,2015,0
0,0.0427283189754741,2015,0
0,0.031583363567728,2015,0
0,0.0453750384350912,2015,0
0,0.047288959257638,2015,0
0,0.047288959257638,2015,0
0,0.047288959257638,2015,0
0,0.047288959257638,2015,0
0,0.047288959257638,2015,0
0,0.047288959257638,2015,0
0,0.047288959257638,2015,0
0,0.0613343419136488,2015,0
0,0.0613343419136488,2015,0
0,0.0356626705798391,2015,0
0,0.0356626705798391,2015,0
0,0.0661950283105724,2015,0
0,0.0661950283105724,2015,0
0,0.0661950283105724,2015,0
0,0.0499963466292581,2015,0
0,0.0499963466292581,2015,0
0,0.0499963466292581,2015,0
0,0.0499963466292581,2015,0
0,0.0499963466292581,2015,0
0,0.0499963466292581,2015,0
0,0.0499963466292581,2015,0
0,0.0499963466292581,2015,0
0,0.0463485285175035,2015,0
0,0.0499963466292581,2015,0
0,0.0499963466292581,2015,0
0,0.0499963466292581,2015,0
0,0.0427621326762797,2015,0
0,0.0463485285175035,2015,0
0,0.0499963466292581,2015,0
0,0.0499963466292581,2015,0
0,0.0499963466292581,2015,0
0,0.0499963466292581,2015,0
0,0.0499963466292581,2015,0
0,0.0499963466292581,2015,0
0,0.0499963466292581,2015,0
0,0.0499963466292581,2015,0
0,0.0499963466292581,2015,0
0,0.0499963466292581,2015,0
0,0.0499963466292581,2015,0
0,0.0499963466292581,2015,0
0,0.0499963466292581,2015,0
0,0.0499963466292581,2015,0
0,0.0499963466292581,2015,0
0,0.0499963466292581,2015,0
0,0.026327278279831,2015,0
0,0.026327278279831,2015,0
0,0.026327278279831,2015,0
0,0.026327278279831,2015,0
0,0.026327278279831,2015,0
0,0.026327278279831,2015,0
0,0.0382851956198412,2015,0
0,0.0265671690784358,2015,0
0,0.0304626630728209,2015,0
0,0.0304626630728209,2015,0
0,0.0304626630728209,2015,0
0,0.037086025075341,2015,0
0,0.037086025075341,2015,0
0,0.025722085168224,2015,0
0,0.0296704805755391,2015,0
0,0.0372029493896729,2015,0
0,0.0365611659135565,2015,0
0,0.0348631468977122,2015,0
0,0.0394697210871867,2015,0
0,0.0348631468977122,2015,0
0,0.0326898493955428,2015,0
0,0.0326898493955428,2015,0
0,0.0248565880904237,2015,0
0,0.0287632572626185,2015,0
0,0.045533561571638,2015,0
0,0.045533561571638,2015,0
0,0.0433868442730718,2015,0
0,0.045533561571638,2015,0
0,0.045533561571638,2015,0
0,0.0620878449231398,2015,0
0,0.0375217673947882,2015,0
0,0.0375217673947882,2015,0
0,0.0614288197427815,2015,0
0,0.0614288197427815,2015,0
0,0.0614288197427815,2015,0
0,0.0585998683042028,2015,0
0,0.0558786965573252,2015,0
0,0.0558786965573252,2015,0
0,0.0558786965573252,2015,0
0,0.0475635980331272,2015,0
0,0.0558786965573252,2015,0
0,0.0558786965573252,2015,0
0,0.0558786965573252,2015,0
0,0.0558786965573252,2015,0
0,0.0558786965573252,2015,0
0,0.0558786965573252,2015,0
0,0.0558786965573252,2015,0
0,0.0558786965573252,2015,0
0,0.0558786965573252,2015,0
0,0.0558786965573252,2015,0
0,0.0518290457821868,2015,0
0,0.0558786965573252,2015,0
0,0.0558786965573252,2015,0
0,0.0558786965573252,2015,0
0,0.0558786965573252,2015,0
0,0.0558786965573252,2015,0
0,0.0558786965573252,2015,0
0,0.0558786965573252,2015,0
0,0.0558786965573252,2015,0
0,0.0558786965573252,2015,0
0,0.0558786965573252,2015,0
0,0.0558786965573252,2015,0
0,0.0558786965573252,2015,0
0,0.0558786965573252,2015,0
0,0.0558786965573252,2015,0
0,0.0558786965573252,2015,0
0,0.0246521363553816,2015,0
0,0.0246521363553816,2015,0
0,0.0246521363553816,2015,0
0,0.0246521363553816,2015,0
0,0.0246521363553816,2015,0
0,0.0246521363553816,2015,0
0,0.0247607738660033,2015,0
0,0.0247607738660033,2015,0
0,0.0247607738660033,2015,0
0,0.0247607738660033,2015,0
0,0.0247607738660033,2015,0
0,0.0360752296245277,2015,0
0,0.0255784743160124,2015,0
0,0.0255784743160124,2015,0
0,0.0362183065066098,2015,0
0,0.0266234153879017,2015,0
0,0.0442187283255747,2015,0
0,0.0260618243682826,2015,0
0,0.0490767159288331,2015,0
0,0.0443923878601578,2015,0
0,0.0428941414762366,2015,0
0,0.0428941414762366,2015,0
0,0.0308622137748733,2015,0
0,0.0501510118993207,2015,0
0,0.0501510118993207,2015,0
0,0.0501510118993207,2015,0
0,0.0483731906720389,2015,0
0,0.0493527005827365,2015,0
0,0.042159607474648,2015,0
0,0.042159607474648,2015,0
0,0.080152268730476,2015,0
0,0.080152268730476,2015,0
0,0.080152268730476,2015,0
0,0.0628137210108443,2015,0
0,0.0622928315991181,2015,0
0,0.0668066218667174,2015,0
0,0.0668066218667174,2015,0
0,0.0668066218667174,2015,0
0,0.0668066218667174,2015,0
0,0.0668066218667174,2015,0
0,0.0668066218667174,2015,0
0,0.0668066218667174,2015,0
0,0.0668066218667174,2015,0
0,0.0668066218667174,2015,0
0,0.0668066218667174,2015,0
0,0.0668066218667174,2015,0
0,0.0668066218667174,2015,0
0,0.0668066218667174,2015,0
0,0.0679301288940494,2015,0
0,0.0668066218667174,2015,0
0,0.0668066218667174,2015,0
0,0.0668066218667174,2015,0
0,0.0668066218667174,2015,0
0,0.0283320647062165,2015,0
0,0.0283320647062165,2015,0
0,0.0283320647062165,2015,0
0,0.0283320647062165,2015,0
0,0.0283320647062165,2015,0
0,0.0283320647062165,2015,0
0,0.0276701661566302,2015,0
0,0.0276701661566302,2015,0
0,0.0276701661566302,2015,0
0,0.0276701661566302,2015,0
0,0.0276701661566302,2015,0
0,0.0276701661566302,2015,0
0,0.0276701661566302,2015,0
0,0.043737146135304,2015,0
0,0.0274960665863416,2015,0
0,0.0398785915831185,2015,0
0,0.0369065203515565,2015,0
0,0.0369065203515565,2015,0
0,0.0280096633859797,2015,0
0,0.0613049028030164,2015,0
0,0.0289926194548471,2015,0
0,0.0632249813825361,2015,0
0,0.0590046431663407,2015,0
0,0.0563083070656116,2015,0
0,0.0563083070656116,2015,0
0,0.0301837886019825,2015,0
0,0.0528541892286378,2015,0
0,0.0528541892286378,2015,0
0,0.0528541892286378,2015,0
0,0.0406770329641407,2015,0
0,0.0648866430737372,2015,0
0,0.0823534730143202,2015,0
0,0.067399571062592,2015,0
0,0.0630244702625571,2015,0
0,0.067399571062592,2015,0
0,0.067399571062592,2015,0
0,0.067399571062592,2015,0
0,0.067399571062592,2015,0
0,0.067399571062592,2015,0
0,0.067399571062592,2015,0
0,0.067399571062592,2015,0
0,0.067399571062592,2015,0
0,0.067399571062592,2015,0
0,0.0284557130653982,2015,0
0,0.0284557130653982,2015,0
0,0.0277329636648828,2015,0
0,0.0277329636648828,2015,0
0,0.0277329636648828,2015,0
0,0.0277329636648828,2015,0
0,0.0277329636648828,2015,0
0,0.0277329636648828,2015,0
0,0.0277329636648828,2015,0
0,0.0480011137653465,2015,0
0,0.0277256697761494,2015,0
0,0.0370587661462809,2015,0
0,0.0428307596645872,2015,0
0,0.040130251403479,2015,0
0,0.040130251403479,2015,0
0,0.028353143142739,2015,0
0,0.0571105770099291,2015,0
0,0.0264719402274105,2015,0
0,0.0548944029034742,2015,0
0,0.0548944029034742,2015,0
0,0.0602514709535423,2015,0
0,0.0525446702036693,2015,0
0,0.0525446702036693,2015,0
0,0.0287021789934811,2015,0
0,0.0594810945110746,2015,0
0,0.0479634002163068,2015,0
0,0.0479634002163068,2015,0
0,0.0479634002163068,2015,0
0,0.0479634002163068,2015,0
0,0.0393037358741049,2015,0
0,0.0456178195410516,2015,0
0,0.0479634002163068,2015,0
0,0.0479634002163068,2015,0
0,0.0479634002163068,2015,0
0,0.0479634002163068,2015,0
0,0.0479634002163068,2015,0
0,0.063528952699345,2015,0
0,0.0384962301922859,2015,0
0,0.0384962301922859,2015,0
0,0.0638978887693341,2015,0
0,0.0638978887693341,2015,0
0,0.0638978887693341,2015,0
0,0.0585933129072338,2015,0
0,0.0775603811097499,2015,0
0,0.0716356594326354,2015,0
0,0.0763199185158145,2015,0
0,0.0777313738529125,2015,0
0,0.0553028925207235,2015,0
0,0.0553028925207235,2015,0
0,0.0271247296278146,2015,0
0,0.0271247296278146,2015,0
0,0.0269091526872637,2015,0
0,0.0269091526872637,2015,0
0,0.0269091526872637,2015,0
0,0.0269091526872637,2015,0
0,0.0269091526872637,2015,0
0,0.0472944791573032,2015,0
0,0.0268917414610392,2015,0
0,0.0429986575918876,2015,0
0,0.0409318834631305,2015,0
0,0.0409318834631305,2015,0
0,0.0409318834631305,2015,0
0,0.0266495709977293,2015,0
0,0.0278717828981239,2015,0
0,0.0531894343953829,2015,0
0,0.0531894343953829,2015,0
0,0.0504142418283587,2015,0
0,0.0504142418283587,2015,0
0,0.0543586866752431,2015,0
0,0.0291522555697353,2015,0
0,0.039527530963386,2015,0
0,0.0485612919123383,2015,0
0,0.0485612919123383,2015,0
0,0.0485612919123383,2015,0
0,0.0485612919123383,2015,0
0,0.0485612919123383,2015,0
0,0.0485612919123383,2015,0
0,0.0460980499847853,2015,0
0,0.0485612919123383,2015,0
0,0.0485612919123383,2015,0
0,0.0485612919123383,2015,0
0,0.0485612919123383,2015,0
0,0.0637024091142517,2015,0
0,0.0406273317092113,2015,0
0,0.0640807585308408,2015,0
0,0.0852092525791047,2015,0
0,0.083755711962907,2015,0
0,0.085434560932477,2015,0
0,0.0787745799242274,2015,0
0,0.0313297068646438,2015,0
0,0.0318926129620684,2015,0
0,0.0318926129620684,2015,0
0,0.0318926129620684,2015,0
0,0.0318926129620684,2015,0
0,0.0318926129620684,2015,0
0,0.0318926129620684,2015,0
0,0.0527764508502203,2015,0
0,0.0312748330051826,2015,0
0,0.0312748330051826,2015,0
0,0.0312748330051826,2015,0
0,0.0312147476588962,2015,0
0,0.0468577502115641,2015,0
0,0.0455111730809113,2015,0
0,0.0455111730809113,2015,0
0,0.0296128520695579,2015,0
0,0.0447175591491084,2015,0
0,0.0447175591491084,2015,0
0,0.0383882136169335,2015,0
0,0.0383882136169335,2015,0
0,0.0471855507213845,2015,0
0,0.0288380960040813,2015,0
0,0.0288380960040813,2015,0
0,0.0474036686640608,2015,0
0,0.0388505798354942,2015,0
0,0.0474036686640608,2015,0
0,0.0474036686640608,2015,0
0,0.0474036686640608,2015,0
0,0.0474036686640608,2015,0
0,0.0474036686640608,2015,0
0,0.0474036686640608,2015,0
0,0.0450244880146959,2015,0
0,0.0474036686640608,2015,0
0,0.0474036686640608,2015,0
0,0.0404026539094757,2015,0
0,0.0596587308253255,2015,0
0,0.0375742865363046,2015,0
0,0.0361099203253214,2015,0
0,0.0572630358265883,2015,0
0,0.0302531370217234,2015,0
0,0.0612213840960255,2015,0
0,0.0307030231217679,2015,0
0,0.0307030231217679,2015,0
0,0.0307030231217679,2015,0
0,0.0307030231217679,2015,0
0,0.0307030231217679,2015,0
0,0.0307030231217679,2015,0
0,0.0307030231217679,2015,0
0,0.0497138759745096,2015,0
0,0.0306275014267761,2015,0
0,0.0306275014267761,2015,0
0,0.0584526807563602,2015,0
0,0.048625526859825,2015,0
0,0.0340039784611742,2015,0
0,0.0677186122762289,2015,0
0,0.0621808305783733,2015,0
0,0.0621808305783733,2015,0
0,0.0615998120584099,2015,0
0,0.0700944736576738,2015,0
0,0.0340600540028508,2015,0
0,0.0340600540028508,2015,0
0,0.054322835637841,2015,0
0,0.054322835637841,2015,0
0,0.054322835637841,2015,0
0,0.0471092399639293,2015,0
0,0.054322835637841,2015,0
0,0.054322835637841,2015,0
0,0.054322835637841,2015,0
0,0.054322835637841,2015,0
0,0.054322835637841,2015,0
0,0.054322835637841,2015,0
0,0.0528739191740577,2015,0
0,0.0401785188621979,2015,0
0,0.0629559669280776,2015,0
0,0.0309915528391304,2015,0
0,0.029776653298496,2015,0
0,0.029776653298496,2015,0
0,0.029776653298496,2015,0
0,0.029776653298496,2015,0
0,0.029776653298496,2015,0
0,0.029776653298496,2015,0
0,0.0487933540747122,2015,0
0,0.0301601633943978,2015,0
0,0.0556603720141028,2015,0
0,0.0314085922410097,2015,0
0,0.0628305860250663,2015,0
0,0.0686473141662869,2015,0
0,0.064257422427116,2015,0
0,0.0357472056364811,2015,0
0,0.051569880573516,2015,0
0,0.051569880573516,2015,0
0,0.051569880573516,2015,0
0,0.051569880573516,2015,0
0,0.0495237795277296,2015,0
0,0.051569880573516,2015,0
0,0.0432991290902156,2015,0
0,0.051569880573516,2015,0
0,0.051569880573516,2015,0
0,0.051569880573516,2015,0
0,0.051569880573516,2015,0
0,0.051569880573516,2015,0
0,0.0388351996636842,2015,0
0,0.164470754884269,2015,0
0,0.0618790489979713,2015,0
0,0.0671280077376447,2015,0
0,0.0317773930741913,2015,0
0,0.0317773930741913,2015,0
0,0.0312525801087745,2015,0
0,0.0312525801087745,2015,0
0,0.0312525801087745,2015,0
0,0.0312525801087745,2015,0
0,0.0312525801087745,2015,0
0,0.0418912891575475,2015,0
0,0.0300041633902282,2015,0
0,0.041637765763833,2015,0
0,0.0170500584982832,2015,0
0,0.0420623436985456,2015,0
0,0.0472822657205024,2015,0
0,0.0354753233872724,2015,0
0,0.0397560337785908,2015,0
0,0.0397560337785908,2015,0
0,0.0397560337785908,2015,0
0,0.0397560337785908,2015,0
0,0.0397560337785908,2015,0
0,0.0397560337785908,2015,0
0,0.0397560337785908,2015,0
0,0.0397560337785908,2015,0
0,0.0397560337785908,2015,0
0,0.0369649765687365,2015,0
0,0.0296749618320409,2015,0
0,0.108798679191492,2015,0
0,0.106270048984622,2015,0
0,0.0488640413733014,2015,0
0,0.0409918554937896,2015,0
0,0.0246119283233529,2015,0
0,0.0246119283233529,2015,0
0,0.0246119283233529,2015,0
0,0.025356028107945,2015,0
0,0.025356028107945,2015,0
0,0.025356028107945,2015,0
0,0.0319054265904584,2015,0
0,0.0430984337456219,2015,0
0,0.0288864419106633,2015,0
0,0.0202150446177602,2015,0
0,0.0643101617363526,2015,0
0,0.0599843027290736,2015,0
0,0.030214835331344,2015,0
0,0.030214835331344,2015,0
0,0.0427679306372339,2015,0
0,0.0451625309086421,2015,0
0,0.034764800219819,2015,0
0,0.139466103398287,2015,0
0,0.141875544858135,2015,0
0,0.0728895573859193,2015,0
0,0.0329156740210931,2015,0
0,0.0329156740210931,2015,0
0,0.0372896145415569,2015,0
0,0.0583238788606085,2015,0
0,0.0458867880945677,2015,0
0,0.0458867880945677,2015,0
0,0.0650873890558237,2015,0
0,0.0813680452289122,2015,0
0,0.050529740449661,2015,0
0,0.144228281283225,2015,0
0,0.166099606557067,2015,0
0,0.0569715832627561,2015,0
0,0.0569715832627561,2015,0
0,0.0848084050720084,2015,0
0,0.0734406724503346,2015,0
0,0.304233329345772,2015,0
0,0.165070250194444,2015,0
0,0.0561485863962189,2015,0
0,0.0568091362513173,2015,0
0,0.106514307065627,2015,0
1,0.0870314448278148,2015,0
1,0.058425227984637,2015,0
1,0.0443828096682364,2015,0
1,0.0399193543948298,2015,0
1,0.037086025075341,2015,0
1,0.0362183065066098,2015,0
1,0.037086025075341,2015,0
1,0.0268648546833995,2015,0
1,0.187408712642046,2015,0
1,0.0451625309086421,2015,0
1,0.0451625309086421,2015,0
1,0.0760632148665454,2015,0
1,0.0506514164860708,2015,0
1,0.0840121188921604,2015,0
1,0.0670582782205545,2015,0
1,0.0288127426875746,2015,0
1,0.0510178333352005,2015,0
1,0.0918722296463736,2015,0
1,0.0569715832627561,2015,0
1,0.0711791777129948,2015,0
1,0.0597936869428161,2015,0
1,0.0296128520695579,2015,0
1,0.0711791777129948,2015,0
1,0.0502258081967055,2015,0
1,0.0670582782205545,2015,0
1,0.0597936869428161,2015,0
1,0.0528060965614957,2015,0
1,0.0309781809852286,2015,0
1,0.0451625309086421,2015,0
1,0.047288959257638,2015,0
1,0.0815263409095358,2015,0
1,0.0492419628538032,2015,0
1,0.0313282487817108,2015,0
1,0.0611854301144455,2015,0
1,0.0267418363419852,2015,0
1,0.045533561571638,2015,0
1,0.0397560337785908,2015,0
1,0.135757235011687,2015,0
1,0.0451625309086421,2015,0
1,0.0451625309086421,2015,0
1,0.0691696672955503,2015,0
1,0.0606734915288093,2015,0
1,0.055742642972336,2015,0
1,0.415379481822964,2015,0
1,0.0344897547174344,2015,0
1,0.0481571030162735,2015,0
1,0.0481571030162735,2015,0
1,0.0481571030162735,2015,0
1,0.0740827865028209,2015,0
1,0.0759348844542486,2015,0
1,0.0444662594281954,2015,0
1,0.0692357585181843,2015,0
1,0.0628305860250663,2015,0
1,0.148149994037541,2015,0
1,0.0371214334707584,2015,0
1,0.0629174885652977,2015,0
1,0.0183569921119635,2015,0
1,0.135389105855512,2015,0
1,0.151228839347018,2015,0
1,0.151915717589767,2015,0
1,0.142332518797701,2015,0
1,0.18819075657817,2015,0
1,0.060257506853348,2015,0
1,0.0619598473797218,2015,0
1,0.0558786965573252,2015,0
1,0.067399571062592,2015,0
1,0.0543649531622455,2015,0
1,0.0543649531622455,2015,0
1,0.0543649531622455,2015,0
1,0.0535058369016922,2015,0
1,0.0499963466292581,2015,0
1,0.0558786965573252,2015,0
1,0.0623896878705378,2015,0
1,0.0668066218667174,2015,0
1,0.0518290457821868,2015,0
1,0.0570125640098849,2015,0
1,0.0527830724874188,2015,0
1,0.0527830724874188,2015,0
1,0.0499963466292581,2015,0
1,0.0615998120584099,2015,0
0,0.0609313196127179,2016,0
0,0.141019441478935,2016,0
0,0.0621889603651193,2016,0
0,0.0621889603651193,2016,0
0,0.0672898689268596,2016,0
0,0.0726395968326884,2016,0
0,0.105458154347652,2016,0
0,0.0934616017387278,2016,0
0,0.669104765510239,2016,1
0,0.0755340917992596,2016,0
0,0.07592645912307,2016,0
0,0.0709796203217469,2016,0
0,0.0709796203217469,2016,0
0,0.0709796203217469,2016,0
0,0.0709796203217469,2016,0
0,0.0709796203217469,2016,0
0,0.0680161413014202,2016,0
0,0.0680161413014202,2016,0
0,0.0662224364365981,2016,0
0,0.0916851025482714,2016,0
0,0.0788531574939692,2016,0
0,0.60229491914534,2016,1
0,0.611345739939632,2016,1
0,0.0712960569859415,2016,0
0,0.0746943137276735,2016,0
0,0.0753499589475699,2016,0
0,0.0753499589475699,2016,0
0,0.0753499589475699,2016,0
0,0.0753499589475699,2016,0
0,0.0753499589475699,2016,0
0,0.0753499589475699,2016,0
0,0.0755484018743808,2016,0
0,0.0755484018743808,2016,0
0,0.0760484444095723,2016,0
0,0.0755032499952658,2016,0
0,0.0773171990030938,2016,0
0,0.0746540509813235,2016,0
0,0.0622769301285868,2016,0
0,0.0622769301285868,2016,0
0,0.0622769301285868,2016,0
0,0.0622769301285868,2016,0
0,0.0622769301285868,2016,0
0,0.0606537934702933,2016,0
0,0.0908421756587485,2016,0
0,0.0512026260169285,2016,0
0,0.101287033392269,2016,0
0,0.0539545809744787,2016,0
0,0.0515602887494153,2016,0
0,0.0489328293807964,2016,0
0,0.0489328293807964,2016,0
0,0.0489328293807964,2016,0
0,0.0489328293807964,2016,0
0,0.0489328293807964,2016,0
0,0.0488241774647331,2016,0
0,0.0443776346529094,2016,0
0,0.0862888406107248,2016,0
0,0.0768430083537185,2016,0
0,0.0652620323529381,2016,0
0,0.0652620323529381,2016,0
0,0.0652620323529381,2016,0
0,0.0652620323529381,2016,0
0,0.0652620323529381,2016,0
0,0.0726758353426887,2016,0
0,0.0811415314589776,2016,0
0,0.0814066779751672,2016,0
0,0.0814066779751672,2016,0
0,0.0814066779751672,2016,0
0,0.0814066779751672,2016,0
0,0.07549209555557,2016,0
0,0.0785272039914431,2016,0
0,0.0499771983444302,2016,0
0,0.0408318231805363,2016,0
0,0.0408318231805363,2016,0
0,0.0408318231805363,2016,0
0,0.0621380366532244,2016,0
0,0.0322296835154492,2016,0
0,0.0302642002761491,2016,0
0,0.0247122969821035,2016,0
0,0.0247122969821035,2016,0
0,0.0247122969821035,2016,0
0,0.0247122969821035,2016,0
0,0.0247122969821035,2016,0
0,0.0221275180581302,2016,0
0,0.027592334772492,2016,0
0,0.0486616508172718,2016,0
0,0.0290960170324799,2016,0
0,0.0608020528506963,2016,0
0,0.0182676477632465,2016,0
0,0.0240209659828779,2016,0
0,0.0240209659828779,2016,0
0,0.0240209659828779,2016,0
0,0.0189677753941938,2016,0
0,0.027701216253596,2016,0
0,0.028757702890772,2016,0
0,0.0315533715536288,2016,0
0,0.0615292079307264,2016,0
0,0.0175754335869156,2016,0
0,0.0246523748060423,2016,0
0,0.0246523748060423,2016,0
0,0.0246523748060423,2016,0
0,0.0161659478245625,2016,0
0,0.0161659478245625,2016,0
0,0.012857631498202,2016,0
0,0.0158463320214591,2016,0
0,0.0225381889553833,2016,0
0,0.0148469313682342,2016,0
0,0.00911777518713986,2016,0
0,0.012719102068794,2016,0
0,0.012719102068794,2016,0
0,0.012719102068794,2016,0
0,0.00940568170751909,2016,0
0,0.00940568170751909,2016,0
0,0.00940568170751909,2016,0
0,0.0111885702193243,2016,0
0,0.0152732697662706,2016,0
0,0.0238286933722992,2016,0
0,0.0165577892044217,2016,0
0,0.00975083262020694,2016,0
0,0.0157279017782039,2016,0
0,0.00946034492623207,2016,0
0,0.00946034492623207,2016,0
0,0.00946034492623207,2016,0
0,0.0120815544123859,2016,0
0,0.0172150298466049,2016,0
0,0.0248528793135075,2016,0
0,0.0179452275759924,2016,0
0,0.0161787976038481,2016,0
0,0.0161787976038481,2016,0
0,0.0107383402628183,2016,0
0,0.0107383402628183,2016,0
0,0.0107383402628183,2016,0
0,0.0132676668679769,2016,0
0,0.0181463188818019,2016,0
0,0.0197958495438517,2016,0
0,0.0413028602220985,2016,0
0,0.0141287777948559,2016,0
0,0.0168023682527947,2016,0
0,0.0131495124004769,2016,0
0,0.0131495124004769,2016,0
0,0.00999523070094494,2016,0
0,0.010134266616213,2016,0
0,0.015331764137492,2016,0
0,0.0145987373127728,2016,0
0,0.0290592811399832,2016,0
0,0.0125681416156003,2016,0
0,0.0133665827134396,2016,0
0,0.0119495740375381,2016,0
0,0.0119495740375381,2016,0
0,0.00863531097568789,2016,0
0,0.0086039910022602,2016,0
0,0.00969811240339915,2016,0
0,0.011240111291395,2016,0
0,0.0113836258309991,2016,0
0,0.00887250010837833,2016,0
0,0.00945407800907814,2016,0
0,0.00881940816786609,2016,0
0,0.00881940816786609,2016,0
0,0.00881940816786609,2016,0
0,0.00881940816786609,2016,0
0,0.00696473922945689,2016,0
0,0.00904363851592125,2016,0
0,0.00941575830186205,2016,0
0,0.00888313680071148,2016,0
0,0.00959830574173637,2016,0
0,0.0105834641581721,2016,0
0,0.012323098081382,2016,0
0,0.0101775931617542,2016,0
0,0.00987250884406572,2016,0
0,0.00968191267547508,2016,0
0,0.00983706904035638,2016,0
0,0.0105130517469478,2016,0
0,0.0105130517469478,2016,0
0,0.0105130517469478,2016,0
0,0.00808516251795099,2016,0
0,0.0109643161009531,2016,0
0,0.0109643161009531,2016,0
0,0.0120255043618346,2016,0
0,0.0102337638351584,2016,0
0,0.0102030845149076,2016,0
0,0.0127778612631253,2016,0
0,0.0136481214400239,2016,0
0,0.0122127237064805,2016,0
0,0.013529302457439,2016,0
0,0.013529302457439,2016,0
0,0.0147608729144035,2016,0
0,0.0147608729144035,2016,0
0,0.0110954752606353,2016,0
0,0.012223025642389,2016,0
0,0.0152619766799733,2016,0
0,0.0152619766799733,2016,0
0,0.0152619766799733,2016,0
0,0.0157958463590617,2016,0
0,0.0157958463590617,2016,0
0,0.0157958463590617,2016,0
0,0.0157958463590617,2016,0
0,0.0157958463590617,2016,0
0,0.0157958463590617,2016,0
0,0.0157958463590617,2016,0
0,0.0128928951023148,2016,0
0,0.0128928951023148,2016,0
0,0.0128928951023148,2016,0
0,0.0159477977744847,2016,0
0,0.0159477977744847,2016,0
0,0.0156458161790486,2016,0
0,0.0156458161790486,2016,0
0,0.0147668830160302,2016,0
0,0.0159921536039572,2016,0
0,0.0159921536039572,2016,0
0,0.0164805947740141,2016,0
0,0.0123120813515153,2016,0
0,0.0152364049462416,2016,0
0,0.0152364049462416,2016,0
0,0.0156405759124015,2016,0
0,0.0156405759124015,2016,0
0,0.0156405759124015,2016,0
0,0.0156405759124015,2016,0
0,0.0160592609576851,2016,0
0,0.0160592609576851,2016,0
0,0.0116138241883281,2016,0
0,0.0154036793205546,2016,0
0,0.0154036793205546,2016,0
0,0.0154036793205546,2016,0
0,0.0154036793205546,2016,0
0,0.0155804610576594,2016,0
0,0.0155804610576594,2016,0
0,0.0155804610576594,2016,0
0,0.0155804610576594,2016,0
0,0.0155804610576594,2016,0
0,0.0155804610576594,2016,0
0,0.0155804610576594,2016,0
0,0.0155804610576594,2016,0
0,0.0184729440883096,2016,0
0,0.0184729440883096,2016,0
0,0.0184729440883096,2016,0
0,0.0155986453253734,2016,0
0,0.0155986453253734,2016,0
0,0.0155986453253734,2016,0
0,0.0155695785301198,2016,0
0,0.0155695785301198,2016,0
0,0.0167076255701344,2016,0
0,0.0154821340460748,2016,0
0,0.0154821340460748,2016,0
0,0.0158237213962174,2016,0
0,0.0168850974876227,2016,0
0,0.0151876989180717,2016,0
0,0.0153363425606189,2016,0
0,0.0153363425606189,2016,0
0,0.0153363425606189,2016,0
0,0.0145828702273925,2016,0
0,0.0145828702273925,2016,0
0,0.0145828702273925,2016,0
0,0.0145828702273925,2016,0
0,0.0145828702273925,2016,0
0,0.0187782001476843,2016,0
0,0.0187782001476843,2016,0
0,0.0187782001476843,2016,0
0,0.0187782001476843,2016,0
0,0.00993180422289128,2016,0
0,0.0148505665639377,2016,0
0,0.0148505665639377,2016,0
0,0.0148505665639377,2016,0
0,0.0148505665639377,2016,0
0,0.0148505665639377,2016,0
0,0.0144211865459167,2016,0
0,0.0144211865459167,2016,0
0,0.0144211865459167,2016,0
0,0.0144211865459167,2016,0
0,0.0144211865459167,2016,0
0,0.0144211865459167,2016,0
0,0.0144211865459167,2016,0
0,0.0189262600177709,2016,0
0,0.0147154424485907,2016,0
0,0.0147154424485907,2016,0
0,0.0147154424485907,2016,0
0,0.0151911497505709,2016,0
0,0.0151911497505709,2016,0
0,0.0174717534603313,2016,0
0,0.015004709318525,2016,0
0,0.015004709318525,2016,0
0,0.0156624134499595,2016,0
0,0.0244719325902239,2016,0
0,0.0244719325902239,2016,0
0,0.018238668288771,2016,0
0,0.0163563509295635,2016,0
0,0.0329790094184762,2016,0
0,0.0154493610365869,2016,0
0,0.0154493610365869,2016,0
0,0.0154493610365869,2016,0
0,0.015263295460136,2016,0
0,0.0186130793022227,2016,0
0,0.0186130793022227,2016,0
0,0.0186130793022227,2016,0
0,0.0186130793022227,2016,0
0,0.0103853808050499,2016,0
0,0.0154882591108084,2016,0
0,0.0154882591108084,2016,0
0,0.0152089548719217,2016,0
0,0.0152089548719217,2016,0
0,0.0152089548719217,2016,0
0,0.0152089548719217,2016,0
0,0.0152089548719217,2016,0
0,0.0152089548719217,2016,0
0,0.0197063877936377,2016,0
0,0.0149893482983577,2016,0
0,0.0149893482983577,2016,0
0,0.0149893482983577,2016,0
0,0.0143733009819921,2016,0
0,0.0182651073900292,2016,0
0,0.0144778591827012,2016,0
0,0.0144778591827012,2016,0
0,0.0160908260190398,2016,0
0,0.0417884758830503,2016,0
0,0.0295428180952303,2016,0
0,0.0295428180952303,2016,0
0,0.0205166690879552,2016,0
0,0.0228168295833874,2016,0
0,0.0191523188660319,2016,0
0,0.0154985864275955,2016,0
0,0.0134189904432045,2016,0
0,0.0134189904432045,2016,0
0,0.0134189904432045,2016,0
0,0.0349484901811495,2016,0
0,0.0148003830908241,2016,0
0,0.0148003830908241,2016,0
0,0.0148003830908241,2016,0
0,0.0145957719708502,2016,0
0,0.0208819291665407,2016,0
0,0.0192525414395994,2016,0
0,0.0208819291665407,2016,0
0,0.0208819291665407,2016,0
0,0.0112103627471122,2016,0
0,0.0139937935707723,2016,0
0,0.0139937935707723,2016,0
0,0.0222606382865266,2016,0
0,0.0137386961244794,2016,0
0,0.0137386961244794,2016,0
0,0.0137386961244794,2016,0
0,0.0137386961244794,2016,0
0,0.0137386961244794,2016,0
0,0.0137386961244794,2016,0
0,0.0137386961244794,2016,0
0,0.0137386961244794,2016,0
0,0.0137386961244794,2016,0
0,0.0137386961244794,2016,0
0,0.0137386961244794,2016,0
0,0.0137386961244794,2016,0
0,0.0137386961244794,2016,0
0,0.0137386961244794,2016,0
0,0.0137386961244794,2016,0
0,0.0221206786282906,2016,0
0,0.0221206786282906,2016,0
0,0.0131867068449514,2016,0
0,0.0131867068449514,2016,0
0,0.0131867068449514,2016,0
0,0.0128634704204467,2016,0
0,0.0199589126209202,2016,0
0,0.0127795127634785,2016,0
0,0.0127795127634785,2016,0
0,0.0154568705457899,2016,0
0,0.0317859480984467,2016,0
0,0.0317859480984467,2016,0
0,0.0251200121541171,2016,0
0,0.0317859480984467,2016,0
0,0.0317859480984467,2016,0
0,0.0289479406363087,2016,0
0,0.0317859480984467,2016,0
0,0.0317859480984467,2016,0
0,0.0317859480984467,2016,0
0,0.0317859480984467,2016,0
0,0.0317859480984467,2016,0
0,0.0317859480984467,2016,0
0,0.0317859480984467,2016,0
0,0.0317859480984467,2016,0
0,0.0317859480984467,2016,0
0,0.0317859480984467,2016,0
0,0.0255589339401658,2016,0
0,0.0446599983089454,2016,0
0,0.0328053345372357,2016,0
0,0.0314512635546912,2016,0
0,0.0314512635546912,2016,0
0,0.02272303320661,2016,0
0,0.0253396741387096,2016,0
0,0.0162974120599528,2016,0
0,0.0202480643814018,2016,0
0,0.2255323599012,2016,0
0,0.2379470554716,2016,0
0,0.0144278627100721,2016,0
0,0.0144278627100721,2016,0
0,0.0144278627100721,2016,0
0,0.040546976943507,2016,0
0,0.0130623785555943,2016,0
0,0.0130623785555943,2016,0
0,0.0130623785555943,2016,0
0,0.00755695728992726,2016,0
0,0.0135066248027291,2016,0
0,0.0203708015276778,2016,0
0,0.0219517592383934,2016,0
0,0.011118860701471,2016,0
0,0.0143120310354532,2016,0
0,0.0143120310354532,2016,0
0,0.0143120310354532,2016,0
0,0.0230303174772288,2016,0
0,0.0147549054688504,2016,0
0,0.0147549054688504,2016,0
0,0.0147549054688504,2016,0
0,0.0147549054688504,2016,0
0,0.0147549054688504,2016,0
0,0.0147549054688504,2016,0
0,0.0147549054688504,2016,0
0,0.0147549054688504,2016,0
0,0.0147549054688504,2016,0
0,0.0147549054688504,2016,0
0,0.0147549054688504,2016,0
0,0.0147549054688504,2016,0
0,0.0147549054688504,2016,0
0,0.0147549054688504,2016,0
0,0.0147549054688504,2016,0
0,0.0235455226156567,2016,0
0,0.0235455226156567,2016,0
0,0.0150680630447714,2016,0
0,0.0150680630447714,2016,0
0,0.0150680630447714,2016,0
0,0.0151974703757173,2016,0
0,0.0151974703757173,2016,0
0,0.0270368901557966,2016,0
0,0.0157923479169357,2016,0
0,0.0157923479169357,2016,0
0,0.0183109626314653,2016,0
0,0.0339165265091902,2016,0
0,0.0339165265091902,2016,0
0,0.0339165265091902,2016,0
0,0.0339165265091902,2016,0
0,0.0339165265091902,2016,0
0,0.0339165265091902,2016,0
0,0.0311621895564502,2016,0
0,0.0339165265091902,2016,0
0,0.0339165265091902,2016,0
0,0.0339165265091902,2016,0
0,0.0339165265091902,2016,0
0,0.0339165265091902,2016,0
0,0.027289030366622,2016,0
0,0.0339165265091902,2016,0
0,0.0339165265091902,2016,0
0,0.0339165265091902,2016,0
0,0.0278428358154885,2016,0
0,0.0359846946019152,2016,0
0,0.0344786719014636,2016,0
0,0.0344786719014636,2016,0
0,0.0258550722434763,2016,0
0,0.023188074637835,2016,0
0,0.0209433358807753,2016,0
0,0.0169710260174019,2016,0
0,0.255503122359793,2016,0
0,0.0214179225384681,2016,0
0,0.0214179225384681,2016,0
0,0.0214179225384681,2016,0
0,0.0450838674688551,2016,0
0,0.0158080859045678,2016,0
0,0.0158080859045678,2016,0
0,0.0158080859045678,2016,0
0,0.0164019745126054,2016,0
0,0.0273000210996411,2016,0
0,0.0289995569477994,2016,0
0,0.0289995569477994,2016,0
0,0.0145046427968806,2016,0
0,0.01744214873557,2016,0
0,0.01744214873557,2016,0
0,0.01744214873557,2016,0
0,0.0303668236295819,2016,0
0,0.0182978568967605,2016,0
0,0.0182978568967605,2016,0
0,0.0182978568967605,2016,0
0,0.0182978568967605,2016,0
0,0.0182978568967605,2016,0
0,0.0182978568967605,2016,0
0,0.0182978568967605,2016,0
0,0.0182978568967605,2016,0
0,0.0182978568967605,2016,0
0,0.0182978568967605,2016,0
0,0.0182978568967605,2016,0
0,0.0182978568967605,2016,0
0,0.0182978568967605,2016,0
0,0.0182978568967605,2016,0
0,0.0315850837782864,2016,0
0,0.0315850837782864,2016,0
0,0.0189652353327247,2016,0
0,0.0189652353327247,2016,0
0,0.0189652353327247,2016,0
0,0.018744260038923,2016,0
0,0.018744260038923,2016,0
0,0.0289647102575601,2016,0
0,0.0364037556363008,2016,0
0,0.0191050497665836,2016,0
0,0.0191050497665836,2016,0
0,0.0228801702140053,2016,0
0,0.0455365167245017,2016,0
0,0.0455365167245017,2016,0
0,0.0455365167245017,2016,0
0,0.0455365167245017,2016,0
0,0.0455365167245017,2016,0
0,0.0455365167245017,2016,0
0,0.0455365167245017,2016,0
0,0.0455365167245017,2016,0
0,0.0407066333877601,2016,0
0,0.0455365167245017,2016,0
0,0.0455365167245017,2016,0
0,0.0455365167245017,2016,0
0,0.0455365167245017,2016,0
0,0.0353048353516094,2016,0
0,0.0455365167245017,2016,0
0,0.0455365167245017,2016,0
0,0.0369127789528444,2016,0
0,0.0454207845118258,2016,0
0,0.0447620082667308,2016,0
0,0.0447620082667308,2016,0
0,0.029619142289052,2016,0
0,0.0329362741887001,2016,0
0,0.020777022913254,2016,0
0,0.0257928689850284,2016,0
0,0.266683160967037,2016,0
0,0.0254324899726483,2016,0
0,0.0254324899726483,2016,0
0,0.0254324899726483,2016,0
0,0.060713416515066,2016,0
0,0.0194061712296559,2016,0
0,0.0194061712296559,2016,0
0,0.0194061712296559,2016,0
0,0.0192063636244403,2016,0
0,0.0369457677813638,2016,0
0,0.0353380715706468,2016,0
0,0.0369457677813638,2016,0
0,0.0369457677813638,2016,0
0,0.0176325996594718,2016,0
0,0.0187757194779397,2016,0
0,0.0187757194779397,2016,0
0,0.0187757194779397,2016,0
0,0.0351203568994654,2016,0
0,0.0187590404794386,2016,0
0,0.0187590404794386,2016,0
0,0.0187590404794386,2016,0
0,0.0187590404794386,2016,0
0,0.0187590404794386,2016,0
0,0.0187590404794386,2016,0
0,0.0187590404794386,2016,0
0,0.0187590404794386,2016,0
0,0.0187590404794386,2016,0
0,0.0187590404794386,2016,0
0,0.0351106755341667,2016,0
0,0.01918390154683,2016,0
0,0.01918390154683,2016,0
0,0.01918390154683,2016,0
0,0.0202318422648091,2016,0
0,0.0202318422648091,2016,0
0,0.0218196335805113,2016,0
0,0.0319852415095821,2016,0
0,0.0395729380917037,2016,0
0,0.0203586921216109,2016,0
0,0.0203586921216109,2016,0
0,0.0245539399008647,2016,0
0,0.0446777587408898,2016,0
0,0.0446777587408898,2016,0
0,0.0446777587408898,2016,0
0,0.0446777587408898,2016,0
0,0.0446777587408898,2016,0
0,0.0446777587408898,2016,0
0,0.034100340396542,2016,0
0,0.0446777587408898,2016,0
0,0.0446777587408898,2016,0
0,0.0446777587408898,2016,0
0,0.0446777587408898,2016,0
0,0.0446777587408898,2016,0
0,0.0446777587408898,2016,0
0,0.0446777587408898,2016,0
0,0.0446777587408898,2016,0
0,0.0396873982793888,2016,0
0,0.0356207354515189,2016,0
0,0.0436282979264537,2016,0
0,0.0431027091277399,2016,0
0,0.0318066152124547,2016,0
0,0.0431027091277399,2016,0
0,0.0198373282803384,2016,0
0,0.0288892890894038,2016,0
0,0.0321842137083485,2016,0
0,0.024726033174689,2016,0
0,0.248991375400328,2016,0
0,0.0260133359576256,2016,0
0,0.0260133359576256,2016,0
0,0.0260133359576256,2016,0
0,0.0590391435235091,2016,0
0,0.0204217387871819,2016,0
0,0.0204217387871819,2016,0
0,0.0204217387871819,2016,0
0,0.0209711842607568,2016,0
0,0.0328709960413703,2016,0
0,0.0328709960413703,2016,0
0,0.0309262388045228,2016,0
0,0.0328709960413703,2016,0
0,0.0174747048883193,2016,0
0,0.0205411692169467,2016,0
0,0.0205411692169467,2016,0
0,0.0205411692169467,2016,0
0,0.0330229692528386,2016,0
0,0.0330229692528386,2016,0
0,0.0201026721104705,2016,0
0,0.0201026721104705,2016,0
0,0.0201026721104705,2016,0
0,0.0201026721104705,2016,0
0,0.0201026721104705,2016,0
0,0.0201026721104705,2016,0
0,0.0201026721104705,2016,0
0,0.0201026721104705,2016,0
0,0.0201026721104705,2016,0
0,0.0201026721104705,2016,0
0,0.0201026721104705,2016,0
0,0.0201026721104705,2016,0
0,0.0201026721104705,2016,0
0,0.0201026721104705,2016,0
0,0.00640421829412802,2016,0
0,0.0324520518935451,2016,0
0,0.0200849998553261,2016,0
0,0.0200849998553261,2016,0
0,0.0200849998553261,2016,0
0,0.0203449626205311,2016,0
0,0.0203449626205311,2016,0
0,0.0211403334311977,2016,0
0,0.0303970536434781,2016,0
0,0.0361628855600987,2016,0
0,0.0204359427201589,2016,0
0,0.0204359427201589,2016,0
0,0.0204359427201589,2016,0
0,0.0204359427201589,2016,0
0,0.0240245160430035,2016,0
0,0.0419178611354368,2016,0
0,0.0419178611354368,2016,0
0,0.0419178611354368,2016,0
0,0.0419178611354368,2016,0
0,0.0419178611354368,2016,0
0,0.0419178611354368,2016,0
0,0.0419178611354368,2016,0
0,0.0419178611354368,2016,0
0,0.0382083309825453,2016,0
0,0.0419178611354368,2016,0
0,0.0419178611354368,2016,0
0,0.0359482933726844,2016,0
0,0.0418317328919523,2016,0
0,0.0418317328919523,2016,0
0,0.0324175318347967,2016,0
0,0.0203963731311517,2016,0
0,0.0247592022559582,2016,0
0,0.0293932864112011,2016,0
0,0.0264375404458371,2016,0
0,0.258634460325356,2016,0
0,0.0329874178342959,2016,0
0,0.0329874178342959,2016,0
0,0.0329874178342959,2016,0
0,0.0488010636286563,2016,0
0,0.0203882738401618,2016,0
0,0.0203882738401618,2016,0
0,0.0203882738401618,2016,0
0,0.0208985535953607,2016,0
0,0.0292649023254655,2016,0
0,0.0316110775482651,2016,0
0,0.0316110775482651,2016,0
0,0.0316110775482651,2016,0
0,0.0189606824832015,2016,0
0,0.0212393816564464,2016,0
0,0.0212393816564464,2016,0
0,0.0212393816564464,2016,0
0,0.0212393816564464,2016,0
0,0.0212393816564464,2016,0
0,0.0322520039049782,2016,0
0,0.0322520039049782,2016,0
0,0.0216470366449992,2016,0
0,0.0216470366449992,2016,0
0,0.0216470366449992,2016,0
0,0.0216470366449992,2016,0
0,0.0216470366449992,2016,0
0,0.0216470366449992,2016,0
0,0.0216470366449992,2016,0
0,0.0216470366449992,2016,0
0,0.0216470366449992,2016,0
0,0.0216470366449992,2016,0
0,0.0216470366449992,2016,0
0,0.0216470366449992,2016,0
0,0.0216470366449992,2016,0
0,0.0216470366449992,2016,0
0,0.006931516425113,2016,0
0,0.0330197725907125,2016,0
0,0.0218690700811416,2016,0
0,0.0218690700811416,2016,0
0,0.0218690700811416,2016,0
0,0.0217998877948086,2016,0
0,0.0217998877948086,2016,0
0,0.0236681739410881,2016,0
0,0.029459606029455,2016,0
0,0.0340643890233934,2016,0
0,0.0220815949049117,2016,0
0,0.0220815949049117,2016,0
0,0.0220815949049117,2016,0
0,0.0260240858771095,2016,0
0,0.0494155836045452,2016,0
0,0.0444526039045663,2016,0
0,0.0494155836045452,2016,0
0,0.0494155836045452,2016,0
0,0.0494155836045452,2016,0
0,0.0494155836045452,2016,0
0,0.0494155836045452,2016,0
0,0.0494155836045452,2016,0
0,0.0494155836045452,2016,0
0,0.0494155836045452,2016,0
0,0.0417709779587426,2016,0
0,0.0489587199641648,2016,0
0,0.0489587199641648,2016,0
0,0.0379846346132289,2016,0
0,0.0305416026600438,2016,0
0,0.0232261105800222,2016,0
0,0.0282689307884888,2016,0
0,0.0338589530324851,2016,0
0,0.0203360991572108,2016,0
0,0.0443748206672002,2016,0
0,0.284598058240849,2016,0
0,0.303390718551321,2016,0
0,0.0312050154266747,2016,0
0,0.0312050154266747,2016,0
0,0.0312050154266747,2016,0
0,0.0225882562542725,2016,0
0,0.0225882562542725,2016,0
0,0.0225882562542725,2016,0
0,0.0236839904348223,2016,0
0,0.0363510947439188,2016,0
0,0.0390742278133084,2016,0
0,0.0390742278133084,2016,0
0,0.0390742278133084,2016,0
0,0.0228555897279831,2016,0
0,0.071556659809748,2016,0
0,0.0700776873632513,2016,0
0,0.0246211383696285,2016,0
0,0.0246211383696285,2016,0
0,0.0246211383696285,2016,0
0,0.0246211383696285,2016,0
0,0.0246211383696285,2016,0
0,0.0386177874993339,2016,0
0,0.0386177874993339,2016,0
0,0.0386177874993339,2016,0
0,0.0262565753563226,2016,0
0,0.0262565753563226,2016,0
0,0.0262565753563226,2016,0
0,0.0262565753563226,2016,0
0,0.0262565753563226,2016,0
0,0.0262565753563226,2016,0
0,0.0262565753563226,2016,0
0,0.0262565753563226,2016,0
0,0.0262565753563226,2016,0
0,0.0262565753563226,2016,0
0,0.0262565753563226,2016,0
0,0.0262565753563226,2016,0
0,0.0262565753563226,2016,0
0,0.0262565753563226,2016,0
0,0.00752517380296149,2016,0
0,0.0396500474858526,2016,0
0,0.0273626315541056,2016,0
0,0.0273626315541056,2016,0
0,0.0273626315541056,2016,0
0,0.0279756722556462,2016,0
0,0.0279756722556462,2016,0
0,0.0279430123815516,2016,0
0,0.0279430123815516,2016,0
0,0.0279430123815516,2016,0
0,0.0337974521198249,2016,0
0,0.0583134401828981,2016,0
0,0.0583134401828981,2016,0
0,0.0583134401828981,2016,0
0,0.0522360806763699,2016,0
0,0.0583134401828981,2016,0
0,0.0583134401828981,2016,0
0,0.0583134401828981,2016,0
0,0.0583134401828981,2016,0
0,0.0583134401828981,2016,0
0,0.0583134401828981,2016,0
0,0.0583134401828981,2016,0
0,0.0583134401828981,2016,0
0,0.048629140188973,2016,0
0,0.0455812323751326,2016,0
0,0.0523232300710237,2016,0
0,0.0489001464448444,2016,0
0,0.058302497674305,2016,0
0,0.058302497674305,2016,0
0,0.0337487161263263,2016,0
0,0.0277866758356674,2016,0
0,0.0365504075711668,2016,0
0,0.0403746109989798,2016,0
0,0.0494195618286932,2016,0
0,0.0326409376221057,2016,0
0,0.0252387622273854,2016,0
0,0.050267322261053,2016,0
0,0.0366016775662794,2016,0
0,0.0533155337105442,2016,0
0,0.355541334712517,2016,0
0,0.341499844731496,2016,0
0,0.032484128988553,2016,0
0,0.032484128988553,2016,0
0,0.032484128988553,2016,0
0,0.0674614876050016,2016,0
0,0.0674614876050016,2016,0
0,0.0279479695460323,2016,0
0,0.0279479695460323,2016,0
0,0.0279479695460323,2016,0
0,0.0279479695460323,2016,0
0,0.0275743376760754,2016,0
0,0.0412340668501853,2016,0
0,0.0412340668501853,2016,0
0,0.0384362873278926,2016,0
0,0.0412340668501853,2016,0
0,0.0226230128209813,2016,0
0,0.0751464974640199,2016,0
0,0.0767129680957751,2016,0
0,0.0265985726396527,2016,0
0,0.0265985726396527,2016,0
0,0.0265985726396527,2016,0
0,0.0265985726396527,2016,0
0,0.0397825724714881,2016,0
0,0.0265046629783056,2016,0
0,0.0265046629783056,2016,0
0,0.0265046629783056,2016,0
0,0.0265046629783056,2016,0
0,0.0265046629783056,2016,0
0,0.0265046629783056,2016,0
0,0.0265046629783056,2016,0
0,0.0265046629783056,2016,0
0,0.0265046629783056,2016,0
0,0.0265046629783056,2016,0
0,0.0265046629783056,2016,0
0,0.0265046629783056,2016,0
0,0.0265046629783056,2016,0
0,0.00715290862057075,2016,0
0,0.0395091757295607,2016,0
0,0.0265755422011735,2016,0
0,0.0265755422011735,2016,0
0,0.0277671265770335,2016,0
0,0.0277671265770335,2016,0
0,0.0288083995192344,2016,0
0,0.0288083995192344,2016,0
0,0.0354535376328579,2016,0
0,0.0578532939690838,2016,0
0,0.0578532939690838,2016,0
0,0.0578532939690838,2016,0
0,0.0578532939690838,2016,0
0,0.0578532939690838,2016,0
0,0.0524872897796492,2016,0
0,0.0485020272468498,2016,0
0,0.0578532939690838,2016,0
0,0.0578532939690838,2016,0
0,0.0578532939690838,2016,0
0,0.0578532939690838,2016,0
0,0.0578532939690838,2016,0
0,0.0578532939690838,2016,0
0,0.0578532939690838,2016,0
0,0.0482397198178737,2016,0
0,0.0492709951093483,2016,0
0,0.0527197903426081,2016,0
0,0.0459981087248278,2016,0
0,0.0583255031278051,2016,0
0,0.0583255031278051,2016,0
0,0.0408978053699182,2016,0
0,0.0370647966520298,2016,0
0,0.0345548520070701,2016,0
0,0.0285110160978926,2016,0
0,0.0257388735524371,2016,0
0,0.0485735684571361,2016,0
0,0.0477081944988573,2016,0
0,0.0327050973899023,2016,0
0,0.0540563197379494,2016,0
0,0.0378747624653964,2016,0
0,0.354183119972322,2016,0
0,0.349037543264937,2016,0
0,0.354183119972322,2016,0
0,0.368292341922594,2016,0
0,0.0359389522579306,2016,0
0,0.0359389522579306,2016,0
0,0.0359389522579306,2016,0
0,0.0302588367779762,2016,0
0,0.0302588367779762,2016,0
0,0.0302588367779762,2016,0
0,0.0295962148474196,2016,0
0,0.0402731709663121,2016,0
0,0.0402731709663121,2016,0
0,0.0402731709663121,2016,0
0,0.0376645742762278,2016,0
0,0.0229910275780174,2016,0
0,0.030340679390081,2016,0
0,0.030340679390081,2016,0
0,0.030340679390081,2016,0
0,0.030340679390081,2016,0
0,0.030340679390081,2016,0
0,0.0413685351479136,2016,0
0,0.0300609371988268,2016,0
0,0.0300609371988268,2016,0
0,0.0300609371988268,2016,0
0,0.0300609371988268,2016,0
0,0.0300609371988268,2016,0
0,0.0300609371988268,2016,0
0,0.0300609371988268,2016,0
0,0.0300609371988268,2016,0
0,0.0300609371988268,2016,0
0,0.0300609371988268,2016,0
0,0.0300609371988268,2016,0
0,0.0300609371988268,2016,0
0,0.0300609371988268,2016,0
0,0.0300609371988268,2016,0
0,0.0409797389797118,2016,0
0,0.0409797389797118,2016,0
0,0.029349126123077,2016,0
0,0.029349126123077,2016,0
0,0.0306630911037528,2016,0
0,0.0306630911037528,2016,0
0,0.00985210291641304,2016,0
0,0.0315540937052885,2016,0
0,0.0315540937052885,2016,0
0,0.0366923876927433,2016,0
0,0.0574141086591788,2016,0
0,0.051996497671582,2016,0
0,0.0574141086591788,2016,0
0,0.0574141086591788,2016,0
0,0.0574141086591788,2016,0
0,0.0491068052421,2016,0
0,0.0574141086591788,2016,0
0,0.0574141086591788,2016,0
0,0.0574141086591788,2016,0
0,0.0574141086591788,2016,0
0,0.0574141086591788,2016,0
0,0.0574141086591788,2016,0
0,0.0574141086591788,2016,0
0,0.0574141086591788,2016,0
0,0.0574141086591788,2016,0
0,0.0495533503536554,2016,0
0,0.0644609790219695,2016,0
0,0.0577253181931925,2016,0
0,0.0577253181931925,2016,0
0,0.0494963813468045,2016,0
0,0.0526159243711007,2016,0
0,0.0361379529280536,2016,0
0,0.0398226650709319,2016,0
0,0.0343473269550928,2016,0
0,0.0284185637172687,2016,0
0,0.0445394852423865,2016,0
0,0.0453198765694133,2016,0
0,0.0315048846828561,2016,0
0,0.0253400004245384,2016,0
0,0.0369968636271987,2016,0
0,0.0515952530688375,2016,0
0,0.347566529132452,2016,0
0,0.366608384784213,2016,0
0,0.406577449323145,2016,0
0,0.352313871182795,2016,0
0,0.0420230864638718,2016,0
0,0.0420230864638718,2016,0
0,0.0420230864638718,2016,0
0,0.0335311966248917,2016,0
0,0.0335311966248917,2016,0
0,0.0335311966248917,2016,0
0,0.0387497560442877,2016,0
0,0.0387497560442877,2016,0
0,0.0387497560442877,2016,0
0,0.0360744963611641,2016,0
0,0.0261356947285991,2016,0
0,0.0378580391181021,2016,0
0,0.0378580391181021,2016,0
0,0.0378580391181021,2016,0
0,0.0378580391181021,2016,0
0,0.0378580391181021,2016,0
0,0.0378580391181021,2016,0
0,0.0378580391181021,2016,0
0,0.0378580391181021,2016,0
0,0.0468087381689249,2016,0
0,0.0577983612617896,2016,0
0,0.0434512889719494,2016,0
0,0.0386882326853073,2016,0
0,0.0386882326853073,2016,0
0,0.0386882326853073,2016,0
0,0.0386882326853073,2016,0
0,0.0386882326853073,2016,0
0,0.0386882326853073,2016,0
0,0.0386882326853073,2016,0
0,0.0386882326853073,2016,0
0,0.0386882326853073,2016,0
0,0.0386882326853073,2016,0
0,0.0386882326853073,2016,0
0,0.0386882326853073,2016,0
0,0.0386882326853073,2016,0
0,0.0386882326853073,2016,0
0,0.0386882326853073,2016,0
0,0.0386882326853073,2016,0
0,0.0431992193329128,2016,0
0,0.0431992193329128,2016,0
0,0.038605535222578,2016,0
0,0.038605535222578,2016,0
0,0.0333054501730181,2016,0
0,0.0378041624594636,2016,0
0,0.0378041624594636,2016,0
0,0.0106149460835575,2016,0
0,0.0151923709243962,2016,0
0,0.0367849926522229,2016,0
0,0.0367849926522229,2016,0
0,0.0414793494053233,2016,0
0,0.0633799694311839,2016,0
0,0.0633799694311839,2016,0
0,0.0633799694311839,2016,0
0,0.0570570606117052,2016,0
0,0.0633799694311839,2016,0
0,0.0633799694311839,2016,0
0,0.0633799694311839,2016,0
0,0.0633799694311839,2016,0
0,0.0633799694311839,2016,0
0,0.0564152938942537,2016,0
0,0.0633799694311839,2016,0
0,0.0633799694311839,2016,0
0,0.0633799694311839,2016,0
0,0.0633799694311839,2016,0
0,0.0633799694311839,2016,0
0,0.0573396392931391,2016,0
0,0.0636297433628507,2016,0
0,0.0636297433628507,2016,0
0,0.0386100885738678,2016,0
0,0.0386100885738678,2016,0
0,0.0422805469615517,2016,0
0,0.0389106847986707,2016,0
0,0.0326075639960107,2016,0
0,0.0432311481884451,2016,0
0,0.0295388052176349,2016,0
0,0.0427865798620113,2016,0
0,0.0335310964472786,2016,0
0,0.0542822337427651,2016,0
0,0.0426173100598806,2016,0
0,0.440059945578802,2016,0
0,0.384508660969847,2016,0
0,0.389150275246584,2016,0
0,0.402693124841322,2016,0
0,0.0388965270697757,2016,0
0,0.0388965270697757,2016,0
0,0.0388965270697757,2016,0
0,0.0363639303526492,2016,0
0,0.0363639303526492,2016,0
0,0.0363639303526492,2016,0
0,0.036663301167119,2016,0
0,0.036663301167119,2016,0
0,0.036663301167119,2016,0
0,0.036663301167119,2016,0
0,0.0260424794768952,2016,0
0,0.0372635286452324,2016,0
0,0.0372635286452324,2016,0
0,0.0372635286452324,2016,0
0,0.0372635286452324,2016,0
0,0.0372635286452324,2016,0
0,0.0372635286452324,2016,0
0,0.0372635286452324,2016,0
0,0.0372635286452324,2016,0
0,0.0372635286452324,2016,0
0,0.0372635286452324,2016,0
0,0.0399994642360107,2016,0
0,0.0548109882141761,2016,0
0,0.0398708783049072,2016,0
0,0.0373639978286973,2016,0
0,0.0373639978286973,2016,0
0,0.0373639978286973,2016,0
0,0.0373639978286973,2016,0
0,0.0373639978286973,2016,0
0,0.0373639978286973,2016,0
0,0.0373639978286973,2016,0
0,0.0373639978286973,2016,0
0,0.0373639978286973,2016,0
0,0.0373639978286973,2016,0
0,0.0373639978286973,2016,0
0,0.0373639978286973,2016,0
0,0.0373639978286973,2016,0
0,0.0373639978286973,2016,0
0,0.0373639978286973,2016,0
0,0.0373639978286973,2016,0
0,0.0399729437554836,2016,0
0,0.0399729437554836,2016,0
0,0.038481635744261,2016,0
0,0.038481635744261,2016,0
0,0.0314821759573421,2016,0
0,0.0383107817271969,2016,0
0,0.0383107817271969,2016,0
0,0.0102460931003869,2016,0
0,0.0161318435939737,2016,0
0,0.0384293571380078,2016,0
0,0.0384293571380078,2016,0
0,0.0413216490227411,2016,0
0,0.0646174657001745,2016,0
0,0.0646174657001745,2016,0
0,0.0581008953112381,2016,0
0,0.0646174657001745,2016,0
0,0.0646174657001745,2016,0
0,0.0646174657001745,2016,0
0,0.0646174657001745,2016,0
0,0.0646174657001745,2016,0
0,0.0646174657001745,2016,0
0,0.0646174657001745,2016,0
0,0.0646174657001745,2016,0
0,0.0646174657001745,2016,0
0,0.0646174657001745,2016,0
0,0.0646174657001745,2016,0
0,0.056212578682172,2016,0
0,0.0583458582965238,2016,0
0,0.0646413724881755,2016,0
0,0.0646413724881755,2016,0
0,0.033230182365267,2016,0
0,0.0398331256288462,2016,0
0,0.0392693331267132,2016,0
0,0.0428672617557238,2016,0
0,0.0308922737731258,2016,0
0,0.0434350638446932,2016,0
0,0.0432410635162644,2016,0
0,0.0340636810046307,2016,0
0,0.0448328755341093,2016,0
0,0.0558719489351495,2016,0
0,0.400429984136507,2016,0
0,0.417740473447418,2016,0
0,0.0232113759786487,2016,0
0,0.0232113759786487,2016,0
0,0.0232113759786487,2016,0
0,0.0372936016224716,2016,0
0,0.0372936016224716,2016,0
0,0.0372936016224716,2016,0
0,0.053191944939405,2016,0
0,0.053191944939405,2016,0
0,0.0159037696755598,2016,0
0,0.0365275595637567,2016,0
0,0.0365275595637567,2016,0
0,0.0365275595637567,2016,0
0,0.0365275595637567,2016,0
0,0.0260281369712773,2016,0
0,0.0353982958604658,2016,0
0,0.0353982958604658,2016,0
0,0.0353982958604658,2016,0
0,0.0353982958604658,2016,0
0,0.0353982958604658,2016,0
0,0.0353982958604658,2016,0
0,0.0353982958604658,2016,0
0,0.0353982958604658,2016,0
0,0.0353982958604658,2016,0
0,0.0353982958604658,2016,0
0,0.0353982958604658,2016,0
0,0.0391091838107742,2016,0
0,0.0381997381797228,2016,0
0,0.0346594108600565,2016,0
0,0.0346594108600565,2016,0
0,0.0346594108600565,2016,0
0,0.0346594108600565,2016,0
0,0.0346594108600565,2016,0
0,0.0346594108600565,2016,0
0,0.0346594108600565,2016,0
0,0.0346594108600565,2016,0
0,0.0346594108600565,2016,0
0,0.0346594108600565,2016,0
0,0.0346594108600565,2016,0
0,0.0346594108600565,2016,0
0,0.0346594108600565,2016,0
0,0.0346594108600565,2016,0
0,0.0346594108600565,2016,0
0,0.0346594108600565,2016,0
0,0.0387036930203619,2016,0
0,0.0387036930203619,2016,0
0,0.0344638583028534,2016,0
0,0.0344638583028534,2016,0
0,0.035342602305942,2016,0
0,0.035342602305942,2016,0
0,0.00935995794861381,2016,0
0,0.0358460123537051,2016,0
0,0.0358460123537051,2016,0
0,0.0364490540036322,2016,0
0,0.0620359896195838,2016,0
0,0.0620359896195838,2016,0
0,0.0620359896195838,2016,0
0,0.0620359896195838,2016,0
0,0.0620359896195838,2016,0
0,0.0620359896195838,2016,0
0,0.0532824802584149,2016,0
0,0.0620359896195838,2016,0
0,0.0620359896195838,2016,0
0,0.0620359896195838,2016,0
0,0.0527975665512642,2016,0
0,0.0620359896195838,2016,0
0,0.0620359896195838,2016,0
0,0.0620359896195838,2016,0
0,0.0620359896195838,2016,0
0,0.0535394895988127,2016,0
0,0.0714559126670894,2016,0
0,0.0614298028615166,2016,0
0,0.0614298028615166,2016,0
0,0.0487267603001731,2016,0
0,0.038340940419889,2016,0
0,0.0419427956535742,2016,0
0,0.0374937071049372,2016,0
0,0.0309173114354187,2016,0
0,0.0466235234413096,2016,0
0,0.0296132306575242,2016,0
0,0.0339177024608102,2016,0
0,0.0467440171324331,2016,0
0,0.0557394034939556,2016,0
0,0.0426525437666672,2016,0
0,0.403976522899077,2016,0
0,0.0135890759830457,2016,0
0,0.0135890759830457,2016,0
0,0.0135890759830457,2016,0
0,0.0359950012656191,2016,0
0,0.0359950012656191,2016,0
0,0.0359950012656191,2016,0
0,0.0507936584631638,2016,0
0,0.0145846140399463,2016,0
0,0.0145846140399463,2016,0
0,0.0145846140399463,2016,0
0,0.0145846140399463,2016,0
0,0.0373220544130603,2016,0
0,0.0373220544130603,2016,0
0,0.0373220544130603,2016,0
0,0.0373220544130603,2016,0
0,0.03496318636226,2016,0
0,0.0236183544891078,2016,0
0,0.0322481663096027,2016,0
0,0.0322481663096027,2016,0
0,0.038347456473909,2016,0
0,0.0383234420700312,2016,0
0,0.0317118304468031,2016,0
0,0.0317118304468031,2016,0
0,0.0317118304468031,2016,0
0,0.0317118304468031,2016,0
0,0.0317118304468031,2016,0
0,0.0317118304468031,2016,0
0,0.0317118304468031,2016,0
0,0.0317118304468031,2016,0
0,0.0317118304468031,2016,0
0,0.0317118304468031,2016,0
0,0.0317118304468031,2016,0
0,0.0317118304468031,2016,0
0,0.0317118304468031,2016,0
0,0.0126045521350638,2016,0
0,0.0126045521350638,2016,0
0,0.0383478598993157,2016,0
0,0.0300935534698263,2016,0
0,0.0300935534698263,2016,0
0,0.0122518795890594,2016,0
0,0.0122518795890594,2016,0
0,0.0299512264566724,2016,0
0,0.0299512264566724,2016,0
0,0.0292473440036036,2016,0
0,0.0292473440036036,2016,0
0,0.03061477852097,2016,0
0,0.0616718866449682,2016,0
0,0.0616718866449682,2016,0
0,0.0616718866449682,2016,0
0,0.0616718866449682,2016,0
0,0.0616718866449682,2016,0
0,0.0616718866449682,2016,0
0,0.0498478401115381,2016,0
0,0.0616718866449682,2016,0
0,0.0616718866449682,2016,0
0,0.0518682476262616,2016,0
0,0.0616718866449682,2016,0
0,0.0616718866449682,2016,0
0,0.0616718866449682,2016,0
0,0.0616718866449682,2016,0
0,0.0616718866449682,2016,0
0,0.0490364365965422,2016,0
0,0.0669330658341744,2016,0
0,0.0588283936096848,2016,0
0,0.0588283936096848,2016,0
0,0.0343758125297989,2016,0
0,0.0412612884221407,2016,0
0,0.0279085672184798,2016,0
0,0.0516831838941133,2016,0
0,0.0375261306703932,2016,0
0,0.0534598814492044,2016,0
0,0.0274386207975906,2016,0
0,0.0532268110189753,2016,0
0,0.034128319579204,2016,0
0,0.0557428227597514,2016,0
0,0.0387697864581125,2016,0
0,0.370993810697977,2016,0
0,0.00814356650767221,2016,0
0,0.00814356650767221,2016,0
0,0.00814356650767221,2016,0
0,0.0777285964544325,2016,0
0,0.0296688745156246,2016,0
0,0.0296688745156246,2016,0
0,0.0137241752850401,2016,0
0,0.0137241752850401,2016,0
0,0.0137241752850401,2016,0
0,0.0137241752850401,2016,0
0,0.0137241752850401,2016,0
0,0.0137241752850401,2016,0
0,0.0310935889646513,2016,0
0,0.043238176301752,2016,0
0,0.0407606408694687,2016,0
0,0.043238176301752,2016,0
0,0.043238176301752,2016,0
0,0.043238176301752,2016,0
0,0.0256030774915621,2016,0
0,0.00913388445773624,2016,0
0,0.0151459102876381,2016,0
0,0.0151459102876381,2016,0
0,0.0326349558516405,2016,0
0,0.0326349558516405,2016,0
0,0.0432677294018173,2016,0
0,0.034430086488574,2016,0
0,0.034430086488574,2016,0
0,0.034430086488574,2016,0
0,0.034430086488574,2016,0
0,0.034430086488574,2016,0
0,0.034430086488574,2016,0
0,0.034430086488574,2016,0
0,0.034430086488574,2016,0
0,0.034430086488574,2016,0
0,0.034430086488574,2016,0
0,0.034430086488574,2016,0
0,0.0174657196907594,2016,0
0,0.0174657196907594,2016,0
0,0.0174657196907594,2016,0
0,0.0174657196907594,2016,0
0,0.108778043141089,2016,0
0,0.0467874120733522,2016,0
0,0.0467874120733522,2016,0
0,0.0467874120733522,2016,0
0,0.0367456225597755,2016,0
0,0.0367456225597755,2016,0
0,0.0367456225597755,2016,0
0,0.0367456225597755,2016,0
0,0.0367456225597755,2016,0
0,0.0367456225597755,2016,0
0,0.0184586153735882,2016,0
0,0.0184586153735882,2016,0
0,0.0370620551271944,2016,0
0,0.0370620551271944,2016,0
0,0.0369975767425896,2016,0
0,0.0369975767425896,2016,0
0,0.0369975767425896,2016,0
0,0.0446353227410659,2016,0
0,0.077760185610765,2016,0
0,0.077760185610765,2016,0
0,0.077760185610765,2016,0
0,0.077760185610765,2016,0
0,0.077760185610765,2016,0
0,0.077760185610765,2016,0
0,0.077760185610765,2016,0
0,0.077760185610765,2016,0
0,0.077760185610765,2016,0
0,0.077760185610765,2016,0
0,0.077760185610765,2016,0
0,0.077760185610765,2016,0
0,0.077760185610765,2016,0
0,0.0660231485174581,2016,0
0,0.0664027781885037,2016,0
0,0.0662940634834494,2016,0
0,0.0861213857678326,2016,0
0,0.0742715950731415,2016,0
0,0.0742715950731415,2016,0
0,0.0618613746419042,2016,0
0,0.0453923270915512,2016,0
0,0.0520523937645589,2016,0
0,0.0375644803376579,2016,0
0,0.047616188427338,2016,0
0,0.047616188427338,2016,0
0,0.0412366764189236,2016,0
0,0.0349680210746208,2016,0
0,0.0592720559558506,2016,0
0,0.0590891165342686,2016,0
0,0.0498476833775794,2016,0
0,0.0673569620560595,2016,0
0,0.445354754776419,2016,0
0,0.0131633886060439,2016,0
0,0.0131633886060439,2016,0
0,0.0131633886060439,2016,0
0,0.0872247833713195,2016,0
0,0.0369357081916486,2016,0
0,0.0369357081916486,2016,0
0,0.0670919735336534,2016,0
0,0.102961903048629,2016,0
0,0.0217368611326791,2016,0
0,0.0217368611326791,2016,0
0,0.0217368611326791,2016,0
0,0.0217368611326791,2016,0
0,0.0217368611326791,2016,0
0,0.0217368611326791,2016,0
0,0.0378366276100363,2016,0
0,0.0378366276100363,2016,0
0,0.0489037574292532,2016,0
0,0.0489037574292532,2016,0
0,0.0489037574292532,2016,0
0,0.0489037574292532,2016,0
0,0.0456456505248786,2016,0
0,0.0456456505248786,2016,0
0,0.0359993399857574,2016,0
0,0.0129957359160757,2016,0
0,0.0232997174168466,2016,0
0,0.0232997174168466,2016,0
0,0.0383320775828002,2016,0
0,0.0383320775828002,2016,0
0,0.0383320775828002,2016,0
0,0.050547077245059,2016,0
0,0.0394577452047028,2016,0
0,0.0394577452047028,2016,0
0,0.0394577452047028,2016,0
0,0.0394577452047028,2016,0
0,0.0394577452047028,2016,0
0,0.0394577452047028,2016,0
0,0.0394577452047028,2016,0
0,0.0394577452047028,2016,0
0,0.0394577452047028,2016,0
0,0.0394577452047028,2016,0
0,0.0394577452047028,2016,0
0,0.0394577452047028,2016,0
0,0.0247436336873424,2016,0
0,0.0247436336873424,2016,0
0,0.0247436336873424,2016,0
0,0.0247436336873424,2016,0
0,0.0996737268083379,2016,0
0,0.0996737268083379,2016,0
0,0.0453199334968165,2016,0
0,0.0453199334968165,2016,0
0,0.0453199334968165,2016,0
0,0.0415788479837155,2016,0
0,0.0415788479837155,2016,0
0,0.0415788479837155,2016,0
0,0.0415788479837155,2016,0
0,0.0415788479837155,2016,0
0,0.0415788479837155,2016,0
0,0.0415788479837155,2016,0
0,0.0249940819046427,2016,0
0,0.0249940819046427,2016,0
0,0.0249940819046427,2016,0
0,0.0421617490299138,2016,0
0,0.0421617490299138,2016,0
0,0.0434023860706927,2016,0
0,0.0434023860706927,2016,0
0,0.0509849804974558,2016,0
0,0.0734490405599822,2016,0
0,0.0820514375121598,2016,0
0,0.0820514375121598,2016,0
0,0.0820514375121598,2016,0
0,0.0820514375121598,2016,0
0,0.0820514375121598,2016,0
0,0.0820514375121598,2016,0
0,0.0820514375121598,2016,0
0,0.0820514375121598,2016,0
0,0.0820514375121598,2016,0
0,0.0820514375121598,2016,0
0,0.0820514375121598,2016,0
0,0.0820514375121598,2016,0
0,0.0820514375121598,2016,0
0,0.0703713037805322,2016,0
0,0.0750731000054514,2016,0
0,0.0948931106099962,2016,0
0,0.0792243274368564,2016,0
0,0.0792243274368564,2016,0
0,0.0498845486194463,2016,0
0,0.0502965130701071,2016,0
0,0.0542375004820148,2016,0
0,0.0604382733940588,2016,0
0,0.0498845486194463,2016,0
0,0.0421632100568332,2016,0
0,0.0385686705272541,2016,0
0,0.0538186767536739,2016,0
0,0.0418800142666006,2016,0
0,0.0537605448980247,2016,0
0,0.0554865507153689,2016,0
0,0.0685867536445743,2016,0
0,0.485601319152842,2016,0
0,0.0157279828195582,2016,0
0,0.0157279828195582,2016,0
0,0.0157279828195582,2016,0
0,0.0837852409061091,2016,0
0,0.0450703883087058,2016,0
0,0.0450703883087058,2016,0
0,0.07053411394363,2016,0
0,0.0263922974920357,2016,0
0,0.0263922974920357,2016,0
0,0.0263922974920357,2016,0
0,0.0431235517486145,2016,0
0,0.0431235517486145,2016,0
0,0.0431235517486145,2016,0
0,0.0668146932976938,2016,0
0,0.0443430247125382,2016,0
0,0.0408164529677248,2016,0
0,0.0443430247125382,2016,0
0,0.0443430247125382,2016,0
0,0.0443430247125382,2016,0
0,0.0408164529677248,2016,0
0,0.0350619455344385,2016,0
0,0.0132839044946546,2016,0
0,0.0246872022631098,2016,0
0,0.0408479900689241,2016,0
0,0.0408479900689241,2016,0
0,0.0408479900689241,2016,0
0,0.0241228769088991,2016,0
0,0.0477824628549867,2016,0
0,0.0405557477826393,2016,0
0,0.0389505557080625,2016,0
0,0.0389505557080625,2016,0
0,0.0389505557080625,2016,0
0,0.0389505557080625,2016,0
0,0.0389505557080625,2016,0
0,0.0389505557080625,2016,0
0,0.0389505557080625,2016,0
0,0.0389505557080625,2016,0
0,0.0389505557080625,2016,0
0,0.0389505557080625,2016,0
0,0.0389505557080625,2016,0
0,0.0249872766983121,2016,0
0,0.0249872766983121,2016,0
0,0.0249872766983121,2016,0
0,0.0396245533526126,2016,0
0,0.0396245533526126,2016,0
0,0.0379959921349534,2016,0
0,0.0379959921349534,2016,0
0,0.0379959921349534,2016,0
0,0.0379959921349534,2016,0
0,0.0379959921349534,2016,0
0,0.0379959921349534,2016,0
0,0.0379959921349534,2016,0
0,0.0241083669559438,2016,0
0,0.0241083669559438,2016,0
0,0.0241083669559438,2016,0
0,0.0373321251607636,2016,0
0,0.0373321251607636,2016,0
0,0.0371006505600172,2016,0
0,0.0371006505600172,2016,0
0,0.0399913307768554,2016,0
0,0.0562813549270812,2016,0
0,0.07187426400501,2016,0
0,0.07187426400501,2016,0
0,0.07187426400501,2016,0
0,0.07187426400501,2016,0
0,0.07187426400501,2016,0
0,0.07187426400501,2016,0
0,0.07187426400501,2016,0
0,0.07187426400501,2016,0
0,0.0607790565778586,2016,0
0,0.07187426400501,2016,0
0,0.07187426400501,2016,0
0,0.0635897538732881,2016,0
0,0.0830687168266405,2016,0
0,0.069417554703805,2016,0
0,0.069417554703805,2016,0
0,0.0459904101437809,2016,0
0,0.0419570263738328,2016,0
0,0.0347249994491651,2016,0
0,0.0422042741828913,2016,0
0,0.0524143003749395,2016,0
0,0.0422042741828913,2016,0
0,0.0338619947198513,2016,0
0,0.0370649035099072,2016,0
0,0.0493978090203188,2016,0
0,0.0492140651850241,2016,0
0,0.0480219645888654,2016,0
0,0.0603472212011803,2016,0
0,0.436691720897398,2016,0
0,0.00909608350815808,2016,0
0,0.00909608350815808,2016,0
0,0.00909608350815808,2016,0
0,0.0366422622690473,2016,0
0,0.0366422622690473,2016,0
0,0.0211043285314034,2016,0
0,0.0211043285314034,2016,0
0,0.0211043285314034,2016,0
0,0.036688356004068,2016,0
0,0.036688356004068,2016,0
0,0.0541673770949755,2016,0
0,0.0388240718053566,2016,0
0,0.0388240718053566,2016,0
0,0.0388240718053566,2016,0
0,0.0355570958068966,2016,0
0,0.0355570958068966,2016,0
0,0.0388240718053566,2016,0
0,0.0271434855027804,2016,0
0,0.010453361649541,2016,0
0,0.0204730388672189,2016,0
0,0.0204730388672189,2016,0
0,0.036387368436603,2016,0
0,0.036387368436603,2016,0
0,0.036387368436603,2016,0
0,0.0418342808450343,2016,0
0,0.0376828348667532,2016,0
0,0.0352409588497156,2016,0
0,0.0352409588497156,2016,0
0,0.0352409588497156,2016,0
0,0.0352409588497156,2016,0
0,0.0352409588497156,2016,0
0,0.0352409588497156,2016,0
0,0.0352409588497156,2016,0
0,0.0352409588497156,2016,0
0,0.0352409588497156,2016,0
0,0.0352409588497156,2016,0
0,0.0352409588497156,2016,0
0,0.0203977076798761,2016,0
0,0.0383666607804923,2016,0
0,0.0383666607804923,2016,0
0,0.0356167808287346,2016,0
0,0.0356167808287346,2016,0
0,0.0356167808287346,2016,0
0,0.0216558145108773,2016,0
0,0.0216558145108773,2016,0
0,0.0216558145108773,2016,0
0,0.0361169873801918,2016,0
0,0.0361169873801918,2016,0
0,0.0382738093253058,2016,0
0,0.0382738093253058,2016,0
0,0.0427467788941421,2016,0
0,0.0588147831943706,2016,0
0,0.0722359299947686,2016,0
0,0.0722359299947686,2016,0
0,0.0722359299947686,2016,0
0,0.0602680294068413,2016,0
0,0.0722359299947686,2016,0
0,0.0722359299947686,2016,0
0,0.0722359299947686,2016,0
0,0.0627966100984933,2016,0
0,0.0825604846030345,2016,0
0,0.069598164519927,2016,0
0,0.069598164519927,2016,0
0,0.046160586644244,2016,0
0,0.0424020822412967,2016,0
0,0.0424020822412967,2016,0
0,0.0527772978314973,2016,0
0,0.0510834945836873,2016,0
0,0.0507140639063421,2016,0
0,0.439320606081667,2016,0
0,0.00848049530975166,2016,0
0,0.0396676658573013,2016,0
0,0.0396676658573013,2016,0
0,0.0233112364029932,2016,0
0,0.0233112364029932,2016,0
0,0.0233112364029932,2016,0
0,0.0233112364029932,2016,0
0,0.0419013473232819,2016,0
0,0.0419013473232819,2016,0
0,0.0426860224974682,2016,0
0,0.039459265742148,2016,0
0,0.0426860224974682,2016,0
0,0.039459265742148,2016,0
0,0.0426860224974682,2016,0
0,0.0301975851109997,2016,0
0,0.0248197842849192,2016,0
0,0.0248197842849192,2016,0
0,0.0438203323231947,2016,0
0,0.0438203323231947,2016,0
0,0.0438203323231947,2016,0
0,0.0438203323231947,2016,0
0,0.0463482550335858,2016,0
0,0.045942420532865,2016,0
0,0.045942420532865,2016,0
0,0.045942420532865,2016,0
0,0.045942420532865,2016,0
0,0.045942420532865,2016,0
0,0.045942420532865,2016,0
0,0.045942420532865,2016,0
0,0.045942420532865,2016,0
0,0.045942420532865,2016,0
0,0.0155345128499792,2016,0
0,0.0270509943224735,2016,0
0,0.0478696580505038,2016,0
0,0.0478696580505038,2016,0
0,0.0480645952474882,2016,0
0,0.0480645952474882,2016,0
0,0.0480645952474882,2016,0
0,0.0292037087498099,2016,0
0,0.0292037087498099,2016,0
0,0.0292037087498099,2016,0
0,0.0292037087498099,2016,0
0,0.039337390415808,2016,0
0,0.0499463439903374,2016,0
0,0.0499463439903374,2016,0
0,0.0316651583186674,2016,0
0,0.0522617843215423,2016,0
0,0.0522617843215423,2016,0
0,0.0522617843215423,2016,0
0,0.104519264961933,2016,0
0,0.0550671361907879,2016,0
0,0.0804850694635519,2016,0
0,0.0755361595184798,2016,0
0,0.0755361595184798,2016,0
0,0.0621660093794622,2016,0
0,0.0755361595184798,2016,0
0,0.0664086536709234,2016,0
0,0.0755361595184798,2016,0
0,0.0755361595184798,2016,0
0,0.0755361595184798,2016,0
0,0.0755361595184798,2016,0
0,0.0755361595184798,2016,0
0,0.0681930470012112,2016,0
0,0.0844992502587236,2016,0
0,0.0450765048871897,2016,0
0,0.0485811204149775,2016,0
0,0.0491931740904453,2016,0
0,0.463552493218388,2016,0
0,0.0101827565641929,2016,0
0,0.0541509867612115,2016,0
0,0.0541509867612115,2016,0
0,0.036970524320325,2016,0
0,0.036970524320325,2016,0
0,0.036970524320325,2016,0
0,0.036970524320325,2016,0
0,0.0562520731707377,2016,0
0,0.0562520731707377,2016,0
0,0.0473743361573052,2016,0
0,0.0441994124787094,2016,0
0,0.0441994124787094,2016,0
0,0.0473743361573052,2016,0
0,0.0473743361573052,2016,0
0,0.0441994124787094,2016,0
0,0.0400339745401384,2016,0
0,0.0376566595978667,2016,0
0,0.0376566595978667,2016,0
0,0.044421641484238,2016,0
0,0.044421641484238,2016,0
0,0.0574689478357714,2016,0
0,0.0574689478357714,2016,0
0,0.0574689478357714,2016,0
0,0.0375661400647566,2016,0
0,0.0570940704391154,2016,0
0,0.0570940704391154,2016,0
0,0.0570940704391154,2016,0
0,0.0570940704391154,2016,0
0,0.0570940704391154,2016,0
0,0.0570940704391154,2016,0
0,0.0570940704391154,2016,0
0,0.0570940704391154,2016,0
0,0.0570940704391154,2016,0
0,0.0570940704391154,2016,0
0,0.0570940704391154,2016,0
0,0.0570940704391154,2016,0
0,0.0570940704391154,2016,0
0,0.0570940704391154,2016,0
0,0.0570940704391154,2016,0
0,0.0570940704391154,2016,0
0,0.0194398269586972,2016,0
0,0.0358022443010836,2016,0
0,0.0358022443010836,2016,0
0,0.0559943192065183,2016,0
0,0.0559943192065183,2016,0
0,0.0537054402433486,2016,0
0,0.0537054402433486,2016,0
0,0.0537054402433486,2016,0
0,0.0329529654112891,2016,0
0,0.0329529654112891,2016,0
0,0.0329529654112891,2016,0
0,0.0329529654112891,2016,0
0,0.0418977082930491,2016,0
0,0.0510915131748641,2016,0
0,0.0566985536671894,2016,0
0,0.0470957541407141,2016,0
0,0.0470957541407141,2016,0
0,0.0470957541407141,2016,0
0,0.0470957541407141,2016,0
0,0.0958199598765506,2016,0
0,0.0510116028309296,2016,0
0,0.0817793432266664,2016,0
0,0.0753297295012424,2016,0
0,0.0664537375966463,2016,0
0,0.0753297295012424,2016,0
0,0.0612945093485002,2016,0
0,0.0753297295012424,2016,0
0,0.0753297295012424,2016,0
0,0.0753297295012424,2016,0
0,0.0753297295012424,2016,0
0,0.0833634407957222,2016,0
0,0.0465562293726027,2016,0
0,0.46243260548367,2016,0
0,0.0429333556285621,2016,0
0,0.0429333556285621,2016,0
0,0.0767932730219066,2016,0
0,0.0269290682236385,2016,0
0,0.0269290682236385,2016,0
0,0.0413495237090886,2016,0
0,0.0413495237090886,2016,0
0,0.0404741854871029,2016,0
0,0.0434304101077467,2016,0
0,0.0434304101077467,2016,0
0,0.0434304101077467,2016,0
0,0.0404741854871029,2016,0
0,0.0404741854871029,2016,0
0,0.0361172245422101,2016,0
0,0.0246209552928425,2016,0
0,0.0246209552928425,2016,0
0,0.0310827676439429,2016,0
0,0.0310827676439429,2016,0
0,0.0400260348523707,2016,0
0,0.0400260348523707,2016,0
0,0.0210853659431713,2016,0
0,0.0374716669115406,2016,0
0,0.0374716669115406,2016,0
0,0.0374716669115406,2016,0
0,0.0374716669115406,2016,0
0,0.0374716669115406,2016,0
0,0.0374716669115406,2016,0
0,0.0374716669115406,2016,0
0,0.0374716669115406,2016,0
0,0.0374716669115406,2016,0
0,0.0374716669115406,2016,0
0,0.0374716669115406,2016,0
0,0.0374716669115406,2016,0
0,0.0374716669115406,2016,0
0,0.0374716669115406,2016,0
0,0.0374716669115406,2016,0
0,0.0135831797006265,2016,0
0,0.0186489118714228,2016,0
0,0.0186489118714228,2016,0
0,0.0409843344026316,2016,0
0,0.0338342164417915,2016,0
0,0.0338342164417915,2016,0
0,0.0338342164417915,2016,0
0,0.0338342164417915,2016,0
0,0.0169797190381322,2016,0
0,0.0169797190381322,2016,0
0,0.0169797190381322,2016,0
0,0.0169797190381322,2016,0
0,0.0169797190381322,2016,0
0,0.0266394844824411,2016,0
0,0.0156492335538169,2016,0
0,0.037148357923495,2016,0
0,0.0298232749267118,2016,0
0,0.0298232749267118,2016,0
0,0.0298232749267118,2016,0
0,0.0298232749267118,2016,0
0,0.0616879392558116,2016,0
0,0.0355688199070631,2016,0
0,0.0604317842433712,2016,0
0,0.0560193675739561,2016,0
0,0.0693013516650366,2016,0
0,0.0693013516650366,2016,0
0,0.0693013516650366,2016,0
0,0.0578468446234753,2016,0
0,0.0693013516650366,2016,0
0,0.0423997020739385,2016,0
0,0.425484099698771,2016,0
0,0.0291043320865075,2016,0
0,0.0291043320865075,2016,0
0,0.0291043320865075,2016,0
0,0.0581981538438791,2016,0
0,0.0141105538929882,2016,0
0,0.0141105538929882,2016,0
0,0.0141105538929882,2016,0
0,0.0289941664070061,2016,0
0,0.0289941664070061,2016,0
0,0.0426563562295137,2016,0
0,0.0395578482395464,2016,0
0,0.0395578482395464,2016,0
0,0.0426563562295137,2016,0
0,0.0395578482395464,2016,0
0,0.0426563562295137,2016,0
0,0.030179458467493,2016,0
0,0.0144298289479836,2016,0
0,0.0220288759641875,2016,0
0,0.0220288759641875,2016,0
0,0.0301988904663208,2016,0
0,0.0301988904663208,2016,0
0,0.0301988904663208,2016,0
0,0.0155865708746632,2016,0
0,0.0312862759259929,2016,0
0,0.0312862759259929,2016,0
0,0.0312862759259929,2016,0
0,0.0312862759259929,2016,0
0,0.0312862759259929,2016,0
0,0.0312862759259929,2016,0
0,0.0312862759259929,2016,0
0,0.0312862759259929,2016,0
0,0.0312862759259929,2016,0
0,0.0312862759259929,2016,0
0,0.0312862759259929,2016,0
0,0.0312862759259929,2016,0
0,0.0312862759259929,2016,0
0,0.0312862759259929,2016,0
0,0.0312862759259929,2016,0
0,0.0122063099722467,2016,0
0,0.0161906532420892,2016,0
0,0.0161906532420892,2016,0
0,0.0388036424022923,2016,0
0,0.0332202234250663,2016,0
0,0.0332202234250663,2016,0
0,0.0332202234250663,2016,0
0,0.0165883809489805,2016,0
0,0.0165883809489805,2016,0
0,0.0165883809489805,2016,0
0,0.0165883809489805,2016,0
0,0.0165883809489805,2016,0
0,0.0394691149676221,2016,0
0,0.034014002907606,2016,0
0,0.034014002907606,2016,0
0,0.034014002907606,2016,0
0,0.034014002907606,2016,0
0,0.068797593670896,2016,0
0,0.0379927835961122,2016,0
0,0.0597755919995801,2016,0
0,0.0837638793723189,2016,0
0,0.0837638793723189,2016,0
0,0.0837638793723189,2016,0
0,0.0466953665837547,2016,0
0,0.0599732840990142,2016,0
0,0.0156272522461515,2016,0
0,0.040972106389747,2016,0
0,0.0420203356025281,2016,0
0,0.0420203356025281,2016,0
0,0.0420203356025281,2016,0
0,0.0454551502169209,2016,0
0,0.0454551502169209,2016,0
0,0.0454551502169209,2016,0
0,0.0309755757453599,2016,0
0,0.0159854195908511,2016,0
0,0.0159854195908511,2016,0
0,0.0339983338515946,2016,0
0,0.0339983338515946,2016,0
0,0.0339983338515946,2016,0
0,0.0339983338515946,2016,0
0,0.0171693205267016,2016,0
0,0.0349777528926943,2016,0
0,0.0349777528926943,2016,0
0,0.0349777528926943,2016,0
0,0.0349777528926943,2016,0
0,0.0349777528926943,2016,0
0,0.0349777528926943,2016,0
0,0.0349777528926943,2016,0
0,0.0349777528926943,2016,0
0,0.0349777528926943,2016,0
0,0.0349777528926943,2016,0
0,0.0349777528926943,2016,0
0,0.0349777528926943,2016,0
0,0.0349777528926943,2016,0
0,0.0349777528926943,2016,0
0,0.0349777528926943,2016,0
0,0.0349777528926943,2016,0
0,0.0170233993950178,2016,0
0,0.0170233993950178,2016,0
0,0.0170233993950178,2016,0
0,0.0170233993950178,2016,0
0,0.0415737876449262,2016,0
0,0.0350659369923921,2016,0
0,0.0350659369923921,2016,0
0,0.0175889610012359,2016,0
0,0.0175889610012359,2016,0
0,0.0175889610012359,2016,0
0,0.0175889610012359,2016,0
0,0.0175889610012359,2016,0
0,0.0350616011376356,2016,0
0,0.0350616011376356,2016,0
0,0.0350616011376356,2016,0
0,0.0445315667603868,2016,0
0,0.0445315667603868,2016,0
0,0.0445315667603868,2016,0
0,0.0445315667603868,2016,0
0,0.0981423720916956,2016,0
0,0.0747647246923532,2016,0
0,0.0835890348926096,2016,0
0,0.0515645405808669,2016,0
0,0.0456791575544833,2016,0
0,0.0744177032829978,2016,0
0,0.0744177032829978,2016,0
0,0.0364043905618204,2016,0
0,0.0364043905618204,2016,0
0,0.047293244894913,2016,0
0,0.047293244894913,2016,0
0,0.047293244894913,2016,0
0,0.0448919113041249,2016,0
0,0.0448919113041249,2016,0
0,0.0448919113041249,2016,0
0,0.037093003284393,2016,0
0,0.0382696857242111,2016,0
0,0.0382696857242111,2016,0
0,0.0382696857242111,2016,0
0,0.045331891994019,2016,0
0,0.045331891994019,2016,0
0,0.045331891994019,2016,0
0,0.0388512159973857,2016,0
0,0.0533515783411925,2016,0
0,0.0533515783411925,2016,0
0,0.0533515783411925,2016,0
0,0.0434675367927379,2016,0
0,0.0434675367927379,2016,0
0,0.0434675367927379,2016,0
0,0.0434675367927379,2016,0
0,0.0434675367927379,2016,0
0,0.0434675367927379,2016,0
0,0.0434675367927379,2016,0
0,0.0434675367927379,2016,0
0,0.0434675367927379,2016,0
0,0.0434675367927379,2016,0
0,0.0434675367927379,2016,0
0,0.0434675367927379,2016,0
0,0.0434675367927379,2016,0
0,0.0434675367927379,2016,0
0,0.0434675367927379,2016,0
0,0.0434675367927379,2016,0
0,0.0434675367927379,2016,0
0,0.0434675367927379,2016,0
0,0.0434675367927379,2016,0
0,0.0434675367927379,2016,0
0,0.0430097889755489,2016,0
0,0.0430097889755489,2016,0
0,0.0448898719412201,2016,0
0,0.0448898719412201,2016,0
0,0.0448898719412201,2016,0
0,0.0448898719412201,2016,0
0,0.0448898719412201,2016,0
0,0.0448898719412201,2016,0
0,0.047645926600421,2016,0
0,0.047645926600421,2016,0
0,0.112857625487821,2016,0
0,0.0819789627774516,2016,0
0,0.0396552909062595,2016,0
0,0.0396552909062595,2016,0
0,0.116825052444142,2016,0
0,0.045116034885547,2016,0
0,0.045116034885547,2016,0
0,0.045116034885547,2016,0
0,0.0948032562604501,2016,0
0,0.0702551600615158,2016,0
0,0.0844833641524344,2016,0
0,0.0472826395054709,2016,0
0,0.108841278827385,2016,0
0,0.0434444060509673,2016,0
0,0.0678326500970805,2016,0
0,0.0678326500970805,2016,0
0,0.0342276341645568,2016,0
0,0.0342276341645568,2016,0
0,0.0391577020964916,2016,0
0,0.0391577020964916,2016,0
0,0.0407796419879202,2016,0
0,0.0407796419879202,2016,0
0,0.0407796419879202,2016,0
0,0.0305804926017907,2016,0
0,0.0348678283314707,2016,0
0,0.0348678283314707,2016,0
0,0.0417467749136373,2016,0
0,0.0417467749136373,2016,0
0,0.0417467749136373,2016,0
0,0.035651999089432,2016,0
0,0.0540158084545463,2016,0
0,0.0540158084545463,2016,0
0,0.0540158084545463,2016,0
0,0.0428683488259569,2016,0
0,0.0428683488259569,2016,0
0,0.0428683488259569,2016,0
0,0.0428683488259569,2016,0
0,0.0428683488259569,2016,0
0,0.0428683488259569,2016,0
0,0.0428683488259569,2016,0
0,0.0428683488259569,2016,0
0,0.0428683488259569,2016,0
0,0.0428683488259569,2016,0
0,0.0428683488259569,2016,0
0,0.0428683488259569,2016,0
0,0.0428683488259569,2016,0
0,0.0428683488259569,2016,0
0,0.0428683488259569,2016,0
0,0.0428683488259569,2016,0
0,0.0428683488259569,2016,0
0,0.0428683488259569,2016,0
0,0.0428683488259569,2016,0
0,0.0378261697849793,2016,0
0,0.0378261697849793,2016,0
0,0.0440038581131263,2016,0
0,0.0440038581131263,2016,0
0,0.0410269681008285,2016,0
0,0.0410269681008285,2016,0
0,0.0410269681008285,2016,0
0,0.0410269681008285,2016,0
0,0.0410269681008285,2016,0
0,0.0410269681008285,2016,0
0,0.0410269681008285,2016,0
0,0.0473422986631829,2016,0
0,0.0473422986631829,2016,0
0,0.0473422986631829,2016,0
0,0.113068096379597,2016,0
0,0.0452860767559581,2016,0
0,0.0452860767559581,2016,0
0,0.0452860767559581,2016,0
0,0.0452860767559581,2016,0
0,0.0476969555493597,2016,0
0,0.0476969555493597,2016,0
0,0.0476969555493597,2016,0
0,0.071221747097157,2016,0
0,0.0809621234314003,2016,0
0,0.0428742571487582,2016,0
0,0.0294576792318291,2016,0
0,0.0501985174693588,2016,0
0,0.051540178206145,2016,0
0,0.051540178206145,2016,0
0,0.0442253251021877,2016,0
0,0.0442253251021877,2016,0
0,0.0455307089535952,2016,0
0,0.0455307089535952,2016,0
0,0.0455307089535952,2016,0
0,0.0346998448629906,2016,0
0,0.0505009070172515,2016,0
0,0.0505009070172515,2016,0
0,0.0496172652734173,2016,0
0,0.0531339532912358,2016,0
0,0.0719932290191458,2016,0
0,0.0719932290191458,2016,0
0,0.0538450098290056,2016,0
0,0.0538450098290056,2016,0
0,0.0538450098290056,2016,0
0,0.0538450098290056,2016,0
0,0.0538450098290056,2016,0
0,0.0538450098290056,2016,0
0,0.0538450098290056,2016,0
0,0.0538450098290056,2016,0
0,0.0534770160021347,2016,0
0,0.0579396939095855,2016,0
0,0.0576296479970445,2016,0
0,0.0484414588724142,2016,0
0,0.0484414588724142,2016,0
0,0.0484414588724142,2016,0
0,0.0484414588724142,2016,0
0,0.0484414588724142,2016,0
0,0.0484414588724142,2016,0
0,0.0520231348159004,2016,0
0,0.12531528503844,2016,0
0,0.0520233666772395,2016,0
0,0.0520233666772395,2016,0
0,0.0520233666772395,2016,0
0,0.0520233666772395,2016,0
0,0.0549089194178193,2016,0
0,0.0585355260986001,2016,0
0,0.0585355260986001,2016,0
0,0.0572050057915125,2016,0
0,0.0910151500601604,2016,0
0,0.0877824026203553,2016,0
0,0.0492657890274509,2016,0
0,0.0535156282940901,2016,0
0,0.0569275599893233,2016,0
0,0.0621876812936522,2016,0
0,0.0626514356444292,2016,0
0,0.0626514356444292,2016,0
0,0.0621876812936522,2016,0
0,0.0626514356444292,2016,0
0,0.0621876812936522,2016,0
0,0.0612767099699304,2016,0
0,0.0612767099699304,2016,0
0,0.0602255003262971,2016,0
0,0.0602255003262971,2016,0
0,0.0602255003262971,2016,0
0,0.0620670747008908,2016,0
0,0.0805790764617963,2016,0
0,0.0805790764617963,2016,0
0,0.0805790764617963,2016,0
0,0.0706374172224202,2016,0
0,0.0615837814848458,2016,0
0,0.0615837814848458,2016,0
0,0.0615837814848458,2016,0
0,0.0615837814848458,2016,0
0,0.0615837814848458,2016,0
0,0.0615837814848458,2016,0
0,0.0615837814848458,2016,0
0,0.0615837814848458,2016,0
0,0.0615837814848458,2016,0
0,0.0615837814848458,2016,0
0,0.0615837814848458,2016,0
0,0.0615837814848458,2016,0
0,0.0609957955373283,2016,0
0,0.0541184576506963,2016,0
0,0.0541184576506963,2016,0
0,0.0597602499336846,2016,0
0,0.0597602499336846,2016,0
0,0.0597602499336846,2016,0
0,0.0597602499336846,2016,0
0,0.0597602499336846,2016,0
0,0.12158052545624,2016,0
0,0.0382055128172579,2016,0
0,0.0584768968886714,2016,0
0,0.0584768968886714,2016,0
0,0.0584768968886714,2016,0
0,0.0584768968886714,2016,0
0,0.0477201435104306,2016,0
0,0.0641926395063554,2016,0
0,0.112132129698461,2016,0
0,0.0800938985633009,2016,0
0,0.0477459551358578,2016,0
0,0.0592871333283975,2016,0
0,0.0633687981344454,2016,0
0,0.0557464026465457,2016,0
0,0.06493685200451,2016,0
0,0.0671909073403107,2016,0
0,0.0671909073403107,2016,0
0,0.0671909073403107,2016,0
0,0.06493685200451,2016,0
0,0.06493685200451,2016,0
0,0.0538523705845434,2016,0
0,0.0538523705845434,2016,0
0,0.0453997456606305,2016,0
0,0.0453997456606305,2016,0
0,0.063503543191862,2016,0
0,0.063503543191862,2016,0
0,0.063503543191862,2016,0
0,0.0530357934314044,2016,0
0,0.0713737427152005,2016,0
0,0.0713737427152005,2016,0
0,0.0656099971372346,2016,0
0,0.0638258177773377,2016,0
0,0.0638258177773377,2016,0
0,0.0638258177773377,2016,0
0,0.0638258177773377,2016,0
0,0.0638258177773377,2016,0
0,0.0638258177773377,2016,0
0,0.0638258177773377,2016,0
0,0.0638258177773377,2016,0
0,0.0638258177773377,2016,0
0,0.0638258177773377,2016,0
0,0.0501405965521464,2016,0
0,0.0501405965521464,2016,0
0,0.0501405965521464,2016,0
0,0.0645957217064553,2016,0
0,0.0645957217064553,2016,0
0,0.0645957217064553,2016,0
0,0.0645957217064553,2016,0
0,0.0645957217064553,2016,0
0,0.0559229450429589,2016,0
0,0.131257212884898,2016,0
0,0.0425325286251569,2016,0
0,0.067427907816103,2016,0
0,0.067427907816103,2016,0
0,0.067427907816103,2016,0
0,0.067427907816103,2016,0
0,0.0670099876254353,2016,0
0,0.135251764365623,2016,0
0,0.0991193479068953,2016,0
0,0.0607504335335533,2016,0
0,0.0704768972038596,2016,0
0,0.0732004552311416,2016,0
0,0.0732004552311416,2016,0
0,0.0588336784110614,2016,0
0,0.061215398987875,2016,0
0,0.061215398987875,2016,0
0,0.0588336784110614,2016,0
0,0.0588336784110614,2016,0
0,0.0698418898459272,2016,0
0,0.0698418898459272,2016,0
0,0.0568240706813887,2016,0
0,0.0568240706813887,2016,0
0,0.0643792907208866,2016,0
0,0.0718554296765031,2016,0
0,0.0718554296765031,2016,0
0,0.0634159637935515,2016,0
0,0.0634159637935515,2016,0
0,0.0634159637935515,2016,0
0,0.0634159637935515,2016,0
0,0.0634159637935515,2016,0
0,0.0634159637935515,2016,0
0,0.0634159637935515,2016,0
0,0.0634159637935515,2016,0
0,0.0634159637935515,2016,0
0,0.0634159637935515,2016,0
0,0.058976825385535,2016,0
0,0.058976825385535,2016,0
0,0.0776344852043692,2016,0
0,0.0776344852043692,2016,0
0,0.0776344852043692,2016,0
0,0.0776344852043692,2016,0
0,0.0776344852043692,2016,0
0,0.0646297465951806,2016,0
0,0.150247472609698,2016,0
0,0.0806053163001799,2016,0
0,0.0806053163001799,2016,0
0,0.0806053163001799,2016,0
0,0.0806053163001799,2016,0
0,0.0806053163001799,2016,0
0,0.123167753033666,2016,0
0,0.0645235493647256,2016,0
0,0.084218041078976,2016,0
0,0.0996094693508725,2016,0
0,0.0996094693508725,2016,0
0,0.0679406654625259,2016,0
0,0.054575284639255,2016,0
0,0.054575284639255,2016,0
0,0.116335354135081,2016,0
0,0.116335354135081,2016,0
0,0.0811016986216845,2016,0
0,0.0655700846255942,2016,0
0,0.0655700846255942,2016,0
0,0.130752987259675,2016,0
0,0.0645156159030819,2016,0
0,0.0812745904136201,2016,0
0,0.0653516514845045,2016,0
0,0.0653516514845045,2016,0
0,0.0653516514845045,2016,0
0,0.0653516514845045,2016,0
1,0.0722359299947686,2016,0
1,0.0419178611354368,2016,0
1,0.0569772791485086,2016,0
1,0.0205166690879552,2016,0
1,0.0392693331267132,2016,0
1,0.0450765048871897,2016,0
1,0.0409843344026316,2016,0
1,0.0396245533526126,2016,0
1,0.245802983599732,2016,0
1,0.061215398987875,2016,0
1,0.0576229541379058,2016,0
1,0.0576229541379058,2016,0
1,0.0722359299947686,2016,0
1,0.0693013516650366,2016,0
1,0.0161787976038481,2016,0
1,0.0240209659828779,2016,0
1,0.0603019371924345,2016,0
1,0.0585355260986001,2016,0
1,0.0815999213423872,2016,0
1,0.0668949143112914,2016,0
1,0.045419443992116,2016,0
1,0.0157279017782039,2016,0
1,0.012719102068794,2016,0
1,0.0182978568967605,2016,0
1,0.0443107894370229,2016,0
1,0.0538450098290056,2016,0
1,0.0726395968326884,2016,0
1,0.0624557054361707,2016,0
1,0.0538450098290056,2016,0
1,0.0538450098290056,2016,0
1,0.0240209659828779,2016,0
1,0.0814066779751672,2016,0
1,0.0624557054361707,2016,0
1,0.0434675367927379,2016,0
1,0.0472365455522549,2016,0
1,0.0755361595184798,2016,0
1,0.0890642140310809,2016,0
1,0.0680120081682725,2016,0
1,0.0722359299947686,2016,0
1,0.0728637679501777,2016,0
1,0.0704823963001184,2016,0
1,0.0693013516650366,2016,0
1,0.153919402938044,2016,0
1,0.0837638793723189,2016,0
1,0.0753297295012424,2016,0
1,0.0753297295012424,2016,0
1,0.0707505331852119,2016,0
1,0.0707505331852119,2016,0
1,0.0698856378394862,2016,0
1,0.0420931533393453,2016,0
1,0.00848049530975166,2016,0
1,0.0116890202652355,2016,0
1,0.00848049530975166,2016,0
1,0.0488686904998884,2016,0
1,0.136030125553948,2016,0
1,0.0487774288426428,2016,0
1,0.320901605342346,2016,0
1,0.067739251153334,2016,0
1,0.238293999797054,2016,0
1,0.286130702099777,2016,0
1,0.299294098126941,2016,0
1,0.618226587535099,2016,1
1,0.299294098126941,2016,0
1,0.00439551899453638,2016,0
1,0.0756888938091803,2016,0
1,0.0499083961171513,2016,0
1,0.0771398723827871,2016,0
1,0.037896183986943,2016,0
1,0.0492101124349901,2016,0
1,0.0469052772758883,2016,0
1,0.047675536553069,2016,0
1,0.0347356574106134,2016,0
1,0.035205903244933,2016,0
1,0.045419443992116,2016,0
1,0.160197954528923,2016,0
1,0.0614096845306151,2016,0
1,0.0349323709688378,2016,0
1,0.054575284639255,2016,0
1,0.0219517592383934,2016,0
1,0.0426860224974682,2016,0
1,0.0577983612617896,2016,0
1,0.0376915491627582,2016,0
1,0.0346885232348246,2016,0
1,0.0461687139190746,2016,0
1,0.0731512320157701,2016,0
1,0.0569275599893233,2016,0
1,0.0581981538438791,2016,0
1,0.0550971953431764,2016,0
1,0.0376566595978667,2016,0
1,0.0852376952774049,2016,0
1,0.0186489118714228,2016,0
1,0.0553740303817689,2016,0
1,0.0169797190381322,2016,0
1,0.0776344852043692,2016,0
1,0.0609957955373283,2016,0
1,0.0194649282107561,2016,0
1,0.0303843216089784,2016,0
1,0.0228843892834594,2016,0
1,0.0194649282107561,2016,0
1,0.0491462750788601,2016,0
1,0.036970524320325,2016,0
1,0.0156272522461515,2016,0
1,0.0156272522461515,2016,0
1,0.0569275599893233,2016,0
1,0.0175889610012359,2016,0
1,0.0534770160021347,2016,0
1,0.0203977076798761,2016,0
1,0.0184586153735882,2016,0
1,0.0169797190381322,2016,0
1,0.0398917190324134,2016,0
1,0.0622677081590809,2016,0
1,0.0713737427152005,2016,0
1,0.058976825385535,2016,0
1,0.0622677081590809,2016,0
1,0.121343440518738,2016,0
1,0.0407433955540721,2016,0
1,0.0579396939095855,2016,0
1,0.0539545809744787,2016,0
1,0.0489328293807964,2016,0
1,0.0709796203217469,2016,0
1,0.0428683488259569,2016,0
1,0.0152089548719217,2016,0
1,0.0538450098290056,2016,0
1,0.0350659369923921,2016,0
1,0.0265046629783056,2016,0
1,0.0675806115862061,2016,0
1,0.0417467749136373,2016,0
1,0.0772248273172256,2016,0
1,0.0622918619349822,2016,0
1,0.0198520570192433,2016,0
1,0.0920460233295778,2016,0
0,0.298852411823731,2017,0
0,0.298852411823731,2017,0
0,0.298852411823731,2017,0
0,0.298852411823731,2017,0
0,0.298852411823731,2017,0
0,0.0948237664338899,2017,0
0,0.0865929819083949,2017,0
0,0.329622713955004,2017,0
0,0.329622713955004,2017,0
0,0.329622713955004,2017,0
0,0.329622713955004,2017,0
0,0.0686411532800347,2017,0
0,0.0686411532800347,2017,0
0,0.0686411532800347,2017,0
0,0.126782497767835,2017,0
0,0.0707017584979037,2017,0
0,0.351544592186134,2017,0
0,0.0773732087303502,2017,0
0,0.0627946615657411,2017,0
0,0.0627946615657411,2017,0
0,0.371925228077216,2017,0
0,0.120724463744314,2017,0
0,0.0816937622026213,2017,0
0,0.378953957873146,2017,0
0,0.0854211634764591,2017,0
0,0.374072314967556,2017,0
0,0.374072314967556,2017,0
0,0.374072314967556,2017,0
0,0.374072314967556,2017,0
0,0.374072314967556,2017,0
0,0.12436837493415,2017,0
0,0.12436837493415,2017,0
0,0.372079930040957,2017,0
0,0.372079930040957,2017,0
0,0.372079930040957,2017,0
0,0.0864103764173442,2017,0
0,0.14512463764383,2017,0
0,0.119600767416913,2017,0
0,0.0909350273785978,2017,0
0,0.372139031700991,2017,0
0,0.0718106625653556,2017,0
0,0.0718106625653556,2017,0
0,0.370309492973484,2017,0
0,0.0900955453728869,2017,0
0,0.0901519145817477,2017,0
0,0.0901519145817477,2017,0
0,0.0887393993637838,2017,0
0,0.0887393993637838,2017,0
0,0.307349809561664,2017,0
0,0.307349809561664,2017,0
0,0.307349809561664,2017,0
0,0.307349809561664,2017,0
0,0.111768940398591,2017,0
0,0.111768940398591,2017,0
0,0.252928810431619,2017,0
0,0.2931514521494,2017,0
0,0.2931514521494,2017,0
0,0.2931514521494,2017,0
0,0.2931514521494,2017,0
0,0.286534513728667,2017,0
0,0.0804208947339363,2017,0
0,0.123977501077315,2017,0
0,0.108690436674034,2017,0
0,0.286815969962814,2017,0
0,0.290326197033015,2017,0
0,0.0750628142996329,2017,0
0,0.0750628142996329,2017,0
0,0.0794171373699942,2017,0
0,0.0794171373699942,2017,0
0,0.079845760519437,2017,0
0,0.079845760519437,2017,0
0,0.349935734349847,2017,0
0,0.0871896009112284,2017,0
0,0.0871896009112284,2017,0
0,0.338374646356254,2017,0
0,0.338374646356254,2017,0
0,0.338374646356254,2017,0
0,0.14617065425929,2017,0
0,0.119089758376961,2017,0
0,0.18863100396663,2017,0
0,0.100338111398112,2017,0
0,0.349136997162637,2017,0
0,0.363642478281847,2017,0
0,0.0844239110455203,2017,0
0,0.0844239110455203,2017,0
0,0.0546353681028208,2017,0
0,0.0505955308828414,2017,0
0,0.0505955308828414,2017,0
0,0.295863379049194,2017,0
0,0.0505967312418921,2017,0
0,0.260822849802087,2017,0
0,0.260822849802087,2017,0
0,0.0919848585221702,2017,0
0,0.0778285576109546,2017,0
0,0.11729341293803,2017,0
0,0.0619042975443344,2017,0
0,0.129634466078229,2017,0
0,0.0669589417688891,2017,0
0,0.0669589417688891,2017,0
0,0.189260259533587,2017,0
0,0.0422686986902367,2017,0
0,0.0422686986902367,2017,0
0,0.058883849079764,2017,0
0,0.058883849079764,2017,0
0,0.0943038470559832,2017,0
0,0.128172217666933,2017,0
0,0.0729704278828208,2017,0
0,0.108513039580993,2017,0
0,0.0815613641091426,2017,0
0,0.0800146165178131,2017,0
0,0.086146628601299,2017,0
0,0.0724823463742264,2017,0
0,0.0724823463742264,2017,0
0,0.127510018059065,2017,0
0,0.127510018059065,2017,0
0,0.13241525147826,2017,0
0,0.19068446059669,2017,0
0,0.125499401720869,2017,0
0,0.153217956225663,2017,0
0,0.122176833591436,2017,0
0,0.0788740050789025,2017,0
0,0.0751780274839813,2017,0
0,0.0751780274839813,2017,0
0,0.0707868829244857,2017,0
0,0.0707868829244857,2017,0
0,0.110909118931587,2017,0
0,0.124562093991309,2017,0
0,0.110111792092883,2017,0
0,0.165549494497986,2017,0
0,0.0863993505439414,2017,0
0,0.0654802003972785,2017,0
0,0.0716065914861477,2017,0
0,0.0637215603808026,2017,0
0,0.0637215603808026,2017,0
0,0.0637215603808026,2017,0
0,0.061156559846578,2017,0
0,0.0690098612035713,2017,0
0,0.171304191506639,2017,0
0,0.121474117564769,2017,0
0,0.100295953069426,2017,0
0,0.108714703884868,2017,0
0,0.0634605644142503,2017,0
0,0.0602051621617556,2017,0
0,0.0641216800561128,2017,0
0,0.0641216800561128,2017,0
0,0.0518133215235577,2017,0
0,0.0830670819065413,2017,0
0,0.0651312196309871,2017,0
0,0.112927593997892,2017,0
0,0.038868033393241,2017,0
0,0.0351644750247004,2017,0
0,0.0351644750247004,2017,0
0,0.0485983921571006,2017,0
0,0.0485983921571006,2017,0
0,0.0337609609784802,2017,0
0,0.0531800995852905,2017,0
0,0.0422546883354809,2017,0
0,0.0612397435566355,2017,0
0,0.0328772010154851,2017,0
0,0.0328772010154851,2017,0
0,0.0328772010154851,2017,0
0,0.0417396835944405,2017,0
0,0.035995292740735,2017,0
0,0.0320983525806025,2017,0
0,0.0949752978054347,2017,0
0,0.0346917440771454,2017,0
0,0.0617313353909042,2017,0
0,0.0275821060612247,2017,0
0,0.0275821060612247,2017,0
0,0.0275821060612247,2017,0
0,0.0283013985719821,2017,0
0,0.0280461766434027,2017,0
0,0.0273780592469197,2017,0
0,0.0274274730045321,2017,0
0,0.0596171391389836,2017,0
0,0.0429610327221398,2017,0
0,0.0184664788760886,2017,0
0,0.0184664788760886,2017,0
0,0.0226371379609475,2017,0
0,0.0244698280361406,2017,0
0,0.0167274584718572,2017,0
0,0.0243752888526419,2017,0
0,0.0538881273873568,2017,0
0,0.0398192398684746,2017,0
0,0.0121649906486074,2017,0
0,0.0118804045135738,2017,0
0,0.0118804045135738,2017,0
0,0.0207368619323139,2017,0
0,0.0207368619323139,2017,0
0,0.0212179533327067,2017,0
0,0.0212179533327067,2017,0
0,0.0299041048517363,2017,0
0,0.0228501531127454,2017,0
0,0.0323667360613841,2017,0
0,0.031754509535398,2017,0
0,0.033349319387715,2017,0
0,0.0200090431481313,2017,0
0,0.0109270621461923,2017,0
0,0.0107017028425043,2017,0
0,0.0107017028425043,2017,0
0,0.0203334270191699,2017,0
0,0.0203334270191699,2017,0
0,0.018518328817763,2017,0
0,0.018518328817763,2017,0
0,0.0263653982046007,2017,0
0,0.0211625689373319,2017,0
0,0.0305422474507281,2017,0
0,0.0246481512235857,2017,0
0,0.0251182738474421,2017,0
0,0.0271600636710146,2017,0
0,0.0309693090883216,2017,0
0,0.0309693090883216,2017,0
0,0.0309693090883216,2017,0
0,0.0171699172132654,2017,0
0,0.0171699172132654,2017,0
0,0.0199859528242824,2017,0
0,0.0199859528242824,2017,0
0,0.0199859528242824,2017,0
0,0.0199859528242824,2017,0
0,0.0115467954515079,2017,0
0,0.0116560750109422,2017,0
0,0.0115773691925559,2017,0
0,0.0166769122974187,2017,0
0,0.0166769122974187,2017,0
0,0.0145833608710456,2017,0
0,0.0145833608710456,2017,0
0,0.0145833608710456,2017,0
0,0.0266207559745082,2017,0
0,0.0170089079771481,2017,0
0,0.0326115458949348,2017,0
0,0.0272388677622145,2017,0
0,0.0228793533913503,2017,0
0,0.0225813333759857,2017,0
0,0.0247471492059442,2017,0
0,0.0285012751069155,2017,0
0,0.0285012751069155,2017,0
0,0.0285012751069155,2017,0
0,0.0264194208823932,2017,0
0,0.014962771312111,2017,0
0,0.0181291718965092,2017,0
0,0.0181291718965092,2017,0
0,0.0181291718965092,2017,0
0,0.0181291718965092,2017,0
0,0.012353244972714,2017,0
0,0.0162657505916002,2017,0
0,0.0128934334592176,2017,0
0,0.0129348820282636,2017,0
0,0.0183060334300135,2017,0
0,0.0183060334300135,2017,0
0,0.0171749367389372,2017,0
0,0.0171749367389372,2017,0
0,0.0171749367389372,2017,0
0,0.0189040071271873,2017,0
0,0.0288480300334353,2017,0
0,0.0251299553962163,2017,0
0,0.020174961737023,2017,0
0,0.0316401878646539,2017,0
0,0.0244717905052059,2017,0
0,0.0271232753648359,2017,0
0,0.0451695886774488,2017,0
0,0.0305503660064871,2017,0
0,0.0454978277163457,2017,0
0,0.0348756269892282,2017,0
0,0.0417583228830162,2017,0
0,0.0334222578195783,2017,0
0,0.0253521368747309,2017,0
0,0.0253521368747309,2017,0
0,0.0253521368747309,2017,0
0,0.0285575863841191,2017,0
0,0.0186023008177252,2017,0
0,0.0186023008177252,2017,0
0,0.0196920399444187,2017,0
0,0.0196920399444187,2017,0
0,0.0217447486361506,2017,0
0,0.0217447486361506,2017,0
0,0.0217447486361506,2017,0
0,0.0217447486361506,2017,0
0,0.0139983586120512,2017,0
0,0.0216158359920349,2017,0
0,0.0216158359920349,2017,0
0,0.0145129861291522,2017,0
0,0.0228271786054928,2017,0
0,0.0228271786054928,2017,0
0,0.0228271786054928,2017,0
0,0.0228271786054928,2017,0
0,0.0147289765587562,2017,0
0,0.0147289765587562,2017,0
0,0.0265913282990114,2017,0
0,0.0265913282990114,2017,0
0,0.0234979058609277,2017,0
0,0.0234979058609277,2017,0
0,0.0234979058609277,2017,0
0,0.0234979058609277,2017,0
0,0.0234979058609277,2017,0
0,0.0234979058609277,2017,0
0,0.0234979058609277,2017,0
0,0.0299415281991924,2017,0
0,0.0242233093455046,2017,0
0,0.0242233093455046,2017,0
0,0.0245514301138225,2017,0
0,0.0312066421028248,2017,0
0,0.0254582104753873,2017,0
0,0.0339345190392455,2017,0
0,0.0265448332047374,2017,0
0,0.0286739737318275,2017,0
0,0.0210196003569497,2017,0
0,0.0517996640894868,2017,0
0,0.0330818583151833,2017,0
0,0.038614265765501,2017,0
0,0.0513706279257216,2017,0
0,0.044270631049904,2017,0
0,0.0346104843105016,2017,0
0,0.0253327356111654,2017,0
0,0.0253327356111654,2017,0
0,0.0253327356111654,2017,0
0,0.0289645969302676,2017,0
0,0.0239160187624839,2017,0
0,0.0239160187624839,2017,0
0,0.0239160187624839,2017,0
0,0.0239160187624839,2017,0
0,0.0228372594092368,2017,0
0,0.0228372594092368,2017,0
0,0.0231844655758099,2017,0
0,0.0231844655758099,2017,0
0,0.0231844655758099,2017,0
0,0.0231844655758099,2017,0
0,0.0139201911339882,2017,0
0,0.021854562840147,2017,0
0,0.021854562840147,2017,0
0,0.021854562840147,2017,0
0,0.021854562840147,2017,0
0,0.021854562840147,2017,0
0,0.021854562840147,2017,0
0,0.0137271712485269,2017,0
0,0.0214982217328137,2017,0
0,0.0214982217328137,2017,0
0,0.0214982217328137,2017,0
0,0.0214982217328137,2017,0
0,0.0214982217328137,2017,0
0,0.014166730960784,2017,0
0,0.014166730960784,2017,0
0,0.0261268553178888,2017,0
0,0.0261268553178888,2017,0
0,0.0218180190944321,2017,0
0,0.0218180190944321,2017,0
0,0.0218180190944321,2017,0
0,0.0218180190944321,2017,0
0,0.0218180190944321,2017,0
0,0.0218180190944321,2017,0
0,0.0218180190944321,2017,0
0,0.0218180190944321,2017,0
0,0.0218180190944321,2017,0
0,0.0218180190944321,2017,0
0,0.0212893428721827,2017,0
0,0.020230039374646,2017,0
0,0.020230039374646,2017,0
0,0.020230039374646,2017,0
0,0.0212358950552169,2017,0
0,0.0305190885775579,2017,0
0,0.0323476672335111,2017,0
0,0.0193673452434081,2017,0
0,0.0248331835682629,2017,0
0,0.0269293193101751,2017,0
0,0.0235033245482902,2017,0
0,0.0502403848389411,2017,0
0,0.0302052274649179,2017,0
0,0.0366495823788762,2017,0
0,0.0509100876730995,2017,0
0,0.0415305287053907,2017,0
0,0.0314993713811376,2017,0
0,0.0265892855370983,2017,0
0,0.0265892855370983,2017,0
0,0.0265892855370983,2017,0
0,0.0194499498303968,2017,0
0,0.0194499498303968,2017,0
0,0.0194499498303968,2017,0
0,0.0194499498303968,2017,0
0,0.0192636562860941,2017,0
0,0.0192636562860941,2017,0
0,0.0192636562860941,2017,0
0,0.0192636562860941,2017,0
0,0.0202369970425432,2017,0
0,0.0202369970425432,2017,0
0,0.0202369970425432,2017,0
0,0.0202369970425432,2017,0
0,0.0118541753900035,2017,0
0,0.0180595886414302,2017,0
0,0.0180595886414302,2017,0
0,0.0180595886414302,2017,0
0,0.0180595886414302,2017,0
0,0.0180595886414302,2017,0
0,0.0180595886414302,2017,0
0,0.0111021464455204,2017,0
0,0.0172372390414593,2017,0
0,0.0172372390414593,2017,0
0,0.0172372390414593,2017,0
0,0.0172372390414593,2017,0
0,0.0172372390414593,2017,0
0,0.0108089435788085,2017,0
0,0.0221795082811174,2017,0
0,0.0221795082811174,2017,0
0,0.0168363169079645,2017,0
0,0.0168363169079645,2017,0
0,0.0168363169079645,2017,0
0,0.0168363169079645,2017,0
0,0.0168363169079645,2017,0
0,0.0168363169079645,2017,0
0,0.0168363169079645,2017,0
0,0.0168363169079645,2017,0
0,0.0168363169079645,2017,0
0,0.0168363169079645,2017,0
0,0.0168363169079645,2017,0
0,0.0164464544872712,2017,0
0,0.0159529013854215,2017,0
0,0.0159529013854215,2017,0
0,0.0159529013854215,2017,0
0,0.0170888504593073,2017,0
0,0.0272293793203868,2017,0
0,0.0311917358378393,2017,0
0,0.0174858965641152,2017,0
0,0.0251892506760223,2017,0
0,0.0213312450627259,2017,0
0,0.0231471825133897,2017,0
0,0.0231471825133897,2017,0
0,0.048640103361459,2017,0
0,0.0333778980779812,2017,0
0,0.0258920139191452,2017,0
0,0.0495719619664816,2017,0
0,0.0391237471465119,2017,0
0,0.028251074299662,2017,0
0,0.0229756061743106,2017,0
0,0.0229756061743106,2017,0
0,0.0229756061743106,2017,0
0,0.015606855330811,2017,0
0,0.015606855330811,2017,0
0,0.015606855330811,2017,0
0,0.015606855330811,2017,0
0,0.0154602644623561,2017,0
0,0.0154602644623561,2017,0
0,0.0154602644623561,2017,0
0,0.0154602644623561,2017,0
0,0.0154602644623561,2017,0
0,0.0186611817950301,2017,0
0,0.0186611817950301,2017,0
0,0.0186611817950301,2017,0
0,0.0186611817950301,2017,0
0,0.0245527455510073,2017,0
0,0.0110658874921699,2017,0
0,0.0151951491645762,2017,0
0,0.0151951491645762,2017,0
0,0.0151951491645762,2017,0
0,0.0151951491645762,2017,0
0,0.0151951491645762,2017,0
0,0.0151951491645762,2017,0
0,0.0142450526689514,2017,0
0,0.0142450526689514,2017,0
0,0.0142450526689514,2017,0
0,0.0142450526689514,2017,0
0,0.0142450526689514,2017,0
0,0.00495417720408401,2017,0
0,0.0105077026673646,2017,0
0,0.0217531601602934,2017,0
0,0.0217531601602934,2017,0
0,0.0135074360571396,2017,0
0,0.0135074360571396,2017,0
0,0.0135074360571396,2017,0
0,0.0135074360571396,2017,0
0,0.0135074360571396,2017,0
0,0.0135074360571396,2017,0
0,0.0135074360571396,2017,0
0,0.0135074360571396,2017,0
0,0.0135074360571396,2017,0
0,0.010600040857832,2017,0
0,0.0132396163274605,2017,0
0,0.0134141950006375,2017,0
0,0.0134141950006375,2017,0
0,0.0134141950006375,2017,0
0,0.0148993742539795,2017,0
0,0.0241522219442575,2017,0
0,0.0242779179083222,2017,0
0,0.0158943944907437,2017,0
0,0.0317065019297952,2017,0
0,0.0222501848664807,2017,0
0,0.01955247354604,2017,0
0,0.0222501848664807,2017,0
0,0.0224444100854871,2017,0
0,0.0509737433569164,2017,0
0,0.0497312364553324,2017,0
0,0.0312586599877745,2017,0
0,0.0374492857505918,2017,0
0,0.0251609430220038,2017,0
0,0.0196612692465743,2017,0
0,0.0196612692465743,2017,0
0,0.0196612692465743,2017,0
0,0.0136242672523283,2017,0
0,0.0136242672523283,2017,0
0,0.0135526948308255,2017,0
0,0.0135526948308255,2017,0
0,0.0204038220345458,2017,0
0,0.0204038220345458,2017,0
0,0.0204038220345458,2017,0
0,0.0204038220345458,2017,0
0,0.0115987041694236,2017,0
0,0.0137749543318628,2017,0
0,0.0137749543318628,2017,0
0,0.0137749543318628,2017,0
0,0.0137749543318628,2017,0
0,0.0137749543318628,2017,0
0,0.0137749543318628,2017,0
0,0.0137749543318628,2017,0
0,0.0385952341646136,2017,0
0,0.0232105066744642,2017,0
0,0.0138846265995645,2017,0
0,0.0138846265995645,2017,0
0,0.0138846265995645,2017,0
0,0.0138846265995645,2017,0
0,0.0057319262379774,2017,0
0,0.0122939576359551,2017,0
0,0.0233293667165785,2017,0
0,0.0233293667165785,2017,0
0,0.0233293667165785,2017,0
0,0.0139028192864536,2017,0
0,0.0139028192864536,2017,0
0,0.0139028192864536,2017,0
0,0.0139028192864536,2017,0
0,0.0139028192864536,2017,0
0,0.0139028192864536,2017,0
0,0.0139028192864536,2017,0
0,0.0139028192864536,2017,0
0,0.0139028192864536,2017,0
0,0.0125104932056599,2017,0
0,0.0328180564990494,2017,0
0,0.0136894884982828,2017,0
0,0.0260937734583173,2017,0
0,0.0260937734583173,2017,0
0,0.0139309485660407,2017,0
0,0.0139309485660407,2017,0
0,0.0139309485660407,2017,0
0,0.0167540913619621,2017,0
0,0.0314831024414277,2017,0
0,0.0314831024414277,2017,0
0,0.0314831024414277,2017,0
0,0.0271135263972133,2017,0
0,0.0416493302894097,2017,0
0,0.0416493302894097,2017,0
0,0.0256609126268018,2017,0
0,0.0214919087986147,2017,0
0,0.0182822938509966,2017,0
0,0.0223750796214415,2017,0
0,0.0256609126268018,2017,0
0,0.0279487455889561,2017,0
0,0.0366508060828647,2017,0
0,0.0252701433531922,2017,0
0,0.0558363828184363,2017,0
0,0.0354408230738202,2017,0
0,0.0573683448267696,2017,0
0,0.0427398251272612,2017,0
0,0.0427398251272612,2017,0
0,0.0427398251272612,2017,0
0,0.028640643984102,2017,0
0,0.0427398251272612,2017,0
0,0.023357725868802,2017,0
0,0.023357725868802,2017,0
0,0.023357725868802,2017,0
0,0.0138277668546397,2017,0
0,0.0138277668546397,2017,0
0,0.0138277668546397,2017,0
0,0.0138277668546397,2017,0
0,0.0312452815681392,2017,0
0,0.0259838924904236,2017,0
0,0.0137008562965648,2017,0
0,0.0137008562965648,2017,0
0,0.0137008562965648,2017,0
0,0.0236502512913451,2017,0
0,0.0236502512913451,2017,0
0,0.0236502512913451,2017,0
0,0.0236502512913451,2017,0
0,0.0140861759208667,2017,0
0,0.0140861759208667,2017,0
0,0.0140861759208667,2017,0
0,0.0140861759208667,2017,0
0,0.0140861759208667,2017,0
0,0.0140861759208667,2017,0
0,0.0140861759208667,2017,0
0,0.0393809153402266,2017,0
0,0.0121436960596547,2017,0
0,0.0243605677917456,2017,0
0,0.0147800726455614,2017,0
0,0.0147800726455614,2017,0
0,0.0147800726455614,2017,0
0,0.0147800726455614,2017,0
0,0.0147800726455614,2017,0
0,0.0347539804004676,2017,0
0,0.0347539804004676,2017,0
0,0.0347539804004676,2017,0
0,0.0347539804004676,2017,0
0,0.0347539804004676,2017,0
0,0.0347539804004676,2017,0
0,0.00636812328162621,2017,0
0,0.0121466361583315,2017,0
0,0.0416835951025529,2017,0
0,0.0416835951025529,2017,0
0,0.0416835951025529,2017,0
0,0.0416835951025529,2017,0
0,0.0416835951025529,2017,0
0,0.0416835951025529,2017,0
0,0.0416835951025529,2017,0
0,0.0416835951025529,2017,0
0,0.0416835951025529,2017,0
0,0.0245077192805287,2017,0
0,0.0245077192805287,2017,0
0,0.0150670434676535,2017,0
0,0.0150670434676535,2017,0
0,0.0150670434676535,2017,0
0,0.0150670434676535,2017,0
0,0.0150670434676535,2017,0
0,0.0150670434676535,2017,0
0,0.0150670434676535,2017,0
0,0.0150670434676535,2017,0
0,0.0150670434676535,2017,0
0,0.0150670434676535,2017,0
0,0.0125765496134846,2017,0
0,0.0328675065272011,2017,0
0,0.0264446601528961,2017,0
0,0.0255522031764,2017,0
0,0.0314175560220806,2017,0
0,0.0155644185570192,2017,0
0,0.0260515523691316,2017,0
0,0.0162549512779337,2017,0
0,0.0162549512779337,2017,0
0,0.0162549512779337,2017,0
0,0.0200594277664644,2017,0
0,0.0122413953797888,2017,0
0,0.0356145903557724,2017,0
0,0.0356145903557724,2017,0
0,0.0356145903557724,2017,0
0,0.0307142516799901,2017,0
0,0.0467863491330284,2017,0
0,0.0305571074586643,2017,0
0,0.0381156421164255,2017,0
0,0.0211287265557595,2017,0
0,0.0255387221266037,2017,0
0,0.028086931465481,2017,0
0,0.0245029442116023,2017,0
0,0.028086931465481,2017,0
0,0.0466468104957502,2017,0
0,0.0466468104957502,2017,0
0,0.0466468104957502,2017,0
0,0.0466468104957502,2017,0
0,0.0285932665055798,2017,0
0,0.0285932665055798,2017,0
0,0.0285932665055798,2017,0
0,0.0169176115840539,2017,0
0,0.0169176115840539,2017,0
0,0.033827338276056,2017,0
0,0.0172986857081231,2017,0
0,0.0172986857081231,2017,0
0,0.0245442973857612,2017,0
0,0.0245442973857612,2017,0
0,0.0245442973857612,2017,0
0,0.0245442973857612,2017,0
0,0.0176398828249588,2017,0
0,0.0176398828249588,2017,0
0,0.0176398828249588,2017,0
0,0.0176398828249588,2017,0
0,0.0176398828249588,2017,0
0,0.0176398828249588,2017,0
0,0.046179186600504,2017,0
0,0.0135133905327378,2017,0
0,0.027207205870773,2017,0
0,0.0179178877963335,2017,0
0,0.0179178877963335,2017,0
0,0.0179178877963335,2017,0
0,0.0179178877963335,2017,0
0,0.0179178877963335,2017,0
0,0.0179178877963335,2017,0
0,0.0408140385784328,2017,0
0,0.0408140385784328,2017,0
0,0.0408140385784328,2017,0
0,0.0408140385784328,2017,0
0,0.0408140385784328,2017,0
0,0.0408140385784328,2017,0
0,0.0076553622605655,2017,0
0,0.0137896920264409,2017,0
0,0.0476924775709866,2017,0
0,0.0476924775709866,2017,0
0,0.0476924775709866,2017,0
0,0.0476924775709866,2017,0
0,0.0273823793399061,2017,0
0,0.0273823793399061,2017,0
0,0.0182207425586013,2017,0
0,0.0182207425586013,2017,0
0,0.0182207425586013,2017,0
0,0.0182207425586013,2017,0
0,0.0182207425586013,2017,0
0,0.0182207425586013,2017,0
0,0.0182207425586013,2017,0
0,0.0182207425586013,2017,0
0,0.0182207425586013,2017,0
0,0.0182207425586013,2017,0
0,0.0139174008793438,2017,0
0,0.0349278477005558,2017,0
0,0.0184416838579302,2017,0
0,0.0184684005901291,2017,0
0,0.0184684005901291,2017,0
0,0.0184684005901291,2017,0
0,0.0218757405942584,2017,0
0,0.0127069099920322,2017,0
0,0.0377296730401078,2017,0
0,0.0377296730401078,2017,0
0,0.0377296730401078,2017,0
0,0.0319751326549026,2017,0
0,0.0314496143884236,2017,0
0,0.0289248025505057,2017,0
0,0.0264235524594765,2017,0
0,0.0389928245501638,2017,0
0,0.0287812773276797,2017,0
0,0.0287812773276797,2017,0
0,0.0287812773276797,2017,0
0,0.0189350305517703,2017,0
0,0.0189350305517703,2017,0
0,0.0343849340416563,2017,0
0,0.0196754249292741,2017,0
0,0.0196754249292741,2017,0
0,0.0196754249292741,2017,0
0,0.0258633352508483,2017,0
0,0.0258633352508483,2017,0
0,0.0258633352508483,2017,0
0,0.0199611537525384,2017,0
0,0.0199611537525384,2017,0
0,0.0199611537525384,2017,0
0,0.0199611537525384,2017,0
0,0.0199611537525384,2017,0
0,0.0199611537525384,2017,0
0,0.0508917744287776,2017,0
0,0.0160981725831193,2017,0
0,0.0327703210122123,2017,0
0,0.0327703210122123,2017,0
0,0.0205149783947873,2017,0
0,0.0205149783947873,2017,0
0,0.0205149783947873,2017,0
0,0.0205149783947873,2017,0
0,0.0205149783947873,2017,0
0,0.0205149783947873,2017,0
0,0.0415961639318996,2017,0
0,0.0415961639318996,2017,0
0,0.0415961639318996,2017,0
0,0.0415961639318996,2017,0
0,0.0415961639318996,2017,0
0,0.0415961639318996,2017,0
0,0.00939881101965702,2017,0
0,0.0170993907735506,2017,0
0,0.0340324165541894,2017,0
0,0.0340324165541894,2017,0
0,0.0212713370107509,2017,0
0,0.0212713370107509,2017,0
0,0.0212713370107509,2017,0
0,0.0212713370107509,2017,0
0,0.0212713370107509,2017,0
0,0.0212713370107509,2017,0
0,0.0212713370107509,2017,0
0,0.0212713370107509,2017,0
0,0.0212713370107509,2017,0
0,0.0171094129676405,2017,0
0,0.0435657740290948,2017,0
0,0.0214378677485404,2017,0
0,0.0206162475880199,2017,0
0,0.0206162475880199,2017,0
0,0.0206162475880199,2017,0
0,0.024049954300073,2017,0
0,0.0148695181638127,2017,0
0,0.0409962060122495,2017,0
0,0.0409962060122495,2017,0
0,0.0409962060122495,2017,0
0,0.0355568731809935,2017,0
0,0.0284614771381988,2017,0
0,0.0430448218803964,2017,0
0,0.0315834781750752,2017,0
0,0.0342590014079189,2017,0
0,0.0323337736196397,2017,0
0,0.0323337736196397,2017,0
0,0.0323337736196397,2017,0
0,0.0198774632143499,2017,0
0,0.0407955434518117,2017,0
0,0.0205280961456592,2017,0
0,0.0205280961456592,2017,0
0,0.0205280961456592,2017,0
0,0.0297915930948152,2017,0
0,0.0297915930948152,2017,0
0,0.0297915930948152,2017,0
0,0.0210323265223445,2017,0
0,0.0210323265223445,2017,0
0,0.0210323265223445,2017,0
0,0.0210323265223445,2017,0
0,0.0210323265223445,2017,0
0,0.0210323265223445,2017,0
0,0.0592947822716535,2017,0
0,0.0181938582078776,2017,0
0,0.0485155561434099,2017,0
0,0.037084294668454,2017,0
0,0.037084294668454,2017,0
0,0.0216017935235585,2017,0
0,0.0216017935235585,2017,0
0,0.0216017935235585,2017,0
0,0.0216017935235585,2017,0
0,0.0216017935235585,2017,0
0,0.0424383129103709,2017,0
0,0.0424383129103709,2017,0
0,0.0424383129103709,2017,0
0,0.0424383129103709,2017,0
0,0.0424383129103709,2017,0
0,0.0424383129103709,2017,0
0,0.0101955549804949,2017,0
0,0.00970644833628041,2017,0
0,0.0103221044760146,2017,0
0,0.0111719009271718,2017,0
0,0.0111719009271718,2017,0
0,0.0376454421375552,2017,0
0,0.0352840158612024,2017,0
0,0.0180658491528566,2017,0
0,0.0373592089978683,2017,0
0,0.0373592089978683,2017,0
0,0.0216789837374855,2017,0
0,0.0216789837374855,2017,0
0,0.0216789837374855,2017,0
0,0.0216789837374855,2017,0
0,0.0216789837374855,2017,0
0,0.0216789837374855,2017,0
0,0.0216789837374855,2017,0
0,0.0216789837374855,2017,0
0,0.0216789837374855,2017,0
0,0.0216789837374855,2017,0
0,0.0226057192944513,2017,0
0,0.0228563804445789,2017,0
0,0.0228563804445789,2017,0
0,0.0228563804445789,2017,0
0,0.0263837830759257,2017,0
0,0.0430717755447761,2017,0
0,0.0430717755447761,2017,0
0,0.0430717755447761,2017,0
0,0.0430717755447761,2017,0
0,0.0378399079899627,2017,0
0,0.0298914212830147,2017,0
0,0.0356500693494908,2017,0
0,0.032904428952485,2017,0
0,0.0248482037542401,2017,0
0,0.032904428952485,2017,0
0,0.0443502060344631,2017,0
0,0.0348044627471637,2017,0
0,0.0348044627471637,2017,0
0,0.0348044627471637,2017,0
0,0.0229317155099597,2017,0
0,0.0443730734057756,2017,0
0,0.0228743478286674,2017,0
0,0.0228743478286674,2017,0
0,0.0228743478286674,2017,0
0,0.0228743478286674,2017,0
0,0.0308361624890126,2017,0
0,0.0308361624890126,2017,0
0,0.0308361624890126,2017,0
0,0.0308361624890126,2017,0
0,0.0231345827609353,2017,0
0,0.0231345827609353,2017,0
0,0.0231345827609353,2017,0
0,0.0231345827609353,2017,0
0,0.0231345827609353,2017,0
0,0.0231345827609353,2017,0
0,0.0642234110742872,2017,0
0,0.0489320586635758,2017,0
0,0.0364806168537427,2017,0
0,0.0364806168537427,2017,0
0,0.0231475655187098,2017,0
0,0.0231475655187098,2017,0
0,0.0231475655187098,2017,0
0,0.0231475655187098,2017,0
0,0.0231475655187098,2017,0
0,0.0471995427936771,2017,0
0,0.0471995427936771,2017,0
0,0.0471995427936771,2017,0
0,0.0471995427936771,2017,0
0,0.0471995427936771,2017,0
0,0.0471995427936771,2017,0
0,0.00962856369058733,2017,0
0,0.0110762210637968,2017,0
0,0.0110762210637968,2017,0
0,0.0101209516704771,2017,0
0,0.0102334828716159,2017,0
0,0.037896746934579,2017,0
0,0.0366605943382942,2017,0
0,0.0366605943382942,2017,0
0,0.0366605943382942,2017,0
0,0.0180690739579881,2017,0
0,0.0621047391451024,2017,0
0,0.0368033602499356,2017,0
0,0.0368033602499356,2017,0
0,0.0233100309481106,2017,0
0,0.0233100309481106,2017,0
0,0.0233100309481106,2017,0
0,0.0233100309481106,2017,0
0,0.0233100309481106,2017,0
0,0.0233100309481106,2017,0
0,0.0233100309481106,2017,0
0,0.0233100309481106,2017,0
0,0.0233100309481106,2017,0
0,0.0233100309481106,2017,0
0,0.0373212801488573,2017,0
0,0.0371883075966882,2017,0
0,0.0383633730089856,2017,0
0,0.0455484071956003,2017,0
0,0.0236930882737485,2017,0
0,0.0523627962695613,2017,0
0,0.0390999250689854,2017,0
0,0.0242679021965278,2017,0
0,0.0242679021965278,2017,0
0,0.0242679021965278,2017,0
0,0.0242679021965278,2017,0
0,0.0281643269060662,2017,0
0,0.0465563907752013,2017,0
0,0.0465563907752013,2017,0
0,0.0392312360234874,2017,0
0,0.0368963483200362,2017,0
0,0.025583110504159,2017,0
0,0.0307907522406905,2017,0
0,0.0461842599658674,2017,0
0,0.0340991459192057,2017,0
0,0.0340991459192057,2017,0
0,0.0302328004642567,2017,0
0,0.0302328004642567,2017,0
0,0.0302328004642567,2017,0
0,0.0250544854554118,2017,0
0,0.0453762854207795,2017,0
0,0.0453762854207795,2017,0
0,0.0244821345031547,2017,0
0,0.0244821345031547,2017,0
0,0.0244821345031547,2017,0
0,0.0244821345031547,2017,0
0,0.0444933742950699,2017,0
0,0.0319170089330216,2017,0
0,0.0319170089330216,2017,0
0,0.0319170089330216,2017,0
0,0.0319170089330216,2017,0
0,0.0234239811973213,2017,0
0,0.0234239811973213,2017,0
0,0.0234239811973213,2017,0
0,0.0234239811973213,2017,0
0,0.0234239811973213,2017,0
0,0.0234239811973213,2017,0
0,0.060596511074529,2017,0
0,0.0500557071181267,2017,0
0,0.0349567113873362,2017,0
0,0.0349567113873362,2017,0
0,0.0225948318893986,2017,0
0,0.0225948318893986,2017,0
0,0.0225948318893986,2017,0
0,0.0225948318893986,2017,0
0,0.0225948318893986,2017,0
0,0.0225948318893986,2017,0
0,0.0489034033777453,2017,0
0,0.0489034033777453,2017,0
0,0.0489034033777453,2017,0
0,0.0489034033777453,2017,0
0,0.0489034033777453,2017,0
0,0.0489034033777453,2017,0
0,0.00984914091409356,2017,0
0,0.0113279575790701,2017,0
0,0.0113279575790701,2017,0
0,0.0104691491445724,2017,0
0,0.0103462676642748,2017,0
0,0.0381680260664952,2017,0
0,0.0402745985394258,2017,0
0,0.0402745985394258,2017,0
0,0.0402745985394258,2017,0
0,0.0195918565447999,2017,0
0,0.0358408389850036,2017,0
0,0.0358408389850036,2017,0
0,0.0231514370284669,2017,0
0,0.0231514370284669,2017,0
0,0.0231514370284669,2017,0
0,0.0231514370284669,2017,0
0,0.0231514370284669,2017,0
0,0.0231514370284669,2017,0
0,0.0231514370284669,2017,0
0,0.0231514370284669,2017,0
0,0.0231514370284669,2017,0
0,0.0231514370284669,2017,0
0,0.042993407773336,2017,0
0,0.042993407773336,2017,0
0,0.042993407773336,2017,0
0,0.042993407773336,2017,0
0,0.0205015545394507,2017,0
0,0.040724589591143,2017,0
0,0.0239291392674185,2017,0
0,0.0518024397130175,2017,0
0,0.0242081046113647,2017,0
0,0.0242081046113647,2017,0
0,0.0242081046113647,2017,0
0,0.0242081046113647,2017,0
0,0.0290743000653414,2017,0
0,0.0456284298975638,2017,0
0,0.0456284298975638,2017,0
0,0.0456284298975638,2017,0
0,0.0391195042155501,2017,0
0,0.0348870244936698,2017,0
0,0.0470063658668705,2017,0
0,0.0348870244936698,2017,0
0,0.0377237534570682,2017,0
0,0.0316157189556628,2017,0
0,0.0284173438385184,2017,0
0,0.0284173438385184,2017,0
0,0.0284173438385184,2017,0
0,0.0249273141521204,2017,0
0,0.0475302396247074,2017,0
0,0.0259308931579294,2017,0
0,0.0259308931579294,2017,0
0,0.0259308931579294,2017,0
0,0.0259308931579294,2017,0
0,0.0305224433749844,2017,0
0,0.0305224433749844,2017,0
0,0.0305224433749844,2017,0
0,0.0305224433749844,2017,0
0,0.0259655133653286,2017,0
0,0.0259655133653286,2017,0
0,0.0259655133653286,2017,0
0,0.0259655133653286,2017,0
0,0.0259655133653286,2017,0
0,0.0259655133653286,2017,0
0,0.0259655133653286,2017,0
0,0.0826222585464759,2017,0
0,0.0717711952307214,2017,0
0,0.0376728445415766,2017,0
0,0.0376728445415766,2017,0
0,0.026566903508728,2017,0
0,0.026566903508728,2017,0
0,0.026566903508728,2017,0
0,0.026566903508728,2017,0
0,0.026566903508728,2017,0
0,0.026566903508728,2017,0
0,0.0134804231515717,2017,0
0,0.013739427474844,2017,0
0,0.0148153135409484,2017,0
0,0.0148153135409484,2017,0
0,0.012923976799733,2017,0
0,0.0493560881911098,2017,0
0,0.026344829292827,2017,0
0,0.038125423058675,2017,0
0,0.038125423058675,2017,0
0,0.027317774577335,2017,0
0,0.027317774577335,2017,0
0,0.027317774577335,2017,0
0,0.027317774577335,2017,0
0,0.027317774577335,2017,0
0,0.027317774577335,2017,0
0,0.027317774577335,2017,0
0,0.027317774577335,2017,0
0,0.027317774577335,2017,0
0,0.027317774577335,2017,0
0,0.0561250309152716,2017,0
0,0.0561250309152716,2017,0
0,0.0264546998934896,2017,0
0,0.0507470647835121,2017,0
0,0.0618079689703828,2017,0
0,0.0278309769456662,2017,0
0,0.0279544313495184,2017,0
0,0.0279544313495184,2017,0
0,0.0279544313495184,2017,0
0,0.0279544313495184,2017,0
0,0.0325460054294038,2017,0
0,0.048379373012684,2017,0
0,0.0452861750980578,2017,0
0,0.0452861750980578,2017,0
0,0.0452861750980578,2017,0
0,0.04092374928066,2017,0
0,0.035100053106721,2017,0
0,0.035100053106721,2017,0
0,0.0334008471794231,2017,0
0,0.0379273872446496,2017,0
0,0.0447497249525681,2017,0
0,0.0335290540424097,2017,0
0,0.0335290540424097,2017,0
0,0.0335290540424097,2017,0
0,0.0279712787940318,2017,0
0,0.0480775444399874,2017,0
0,0.0281617330409454,2017,0
0,0.0281617330409454,2017,0
0,0.0281617330409454,2017,0
0,0.0281617330409454,2017,0
0,0.0281617330409454,2017,0
0,0.0281617330409454,2017,0
0,0.0290168527700718,2017,0
0,0.0290168527700718,2017,0
0,0.0290168527700718,2017,0
0,0.0290168527700718,2017,0
0,0.0291269500413147,2017,0
0,0.0291269500413147,2017,0
0,0.0291269500413147,2017,0
0,0.0291269500413147,2017,0
0,0.0291269500413147,2017,0
0,0.0291269500413147,2017,0
0,0.0969649495001248,2017,0
0,0.077507925448143,2017,0
0,0.0389781813151523,2017,0
0,0.0301453242692362,2017,0
0,0.0301453242692362,2017,0
0,0.0301453242692362,2017,0
0,0.0301453242692362,2017,0
0,0.0301453242692362,2017,0
0,0.0301453242692362,2017,0
0,0.015035581781179,2017,0
0,0.015035581781179,2017,0
0,0.013678171041403,2017,0
0,0.0139450147536428,2017,0
0,0.0512615497509842,2017,0
0,0.0578338978232672,2017,0
0,0.0377711823290543,2017,0
0,0.0377711823290543,2017,0
0,0.0287351225788315,2017,0
0,0.0287351225788315,2017,0
0,0.0287351225788315,2017,0
0,0.0287351225788315,2017,0
0,0.0287351225788315,2017,0
0,0.0287351225788315,2017,0
0,0.0287351225788315,2017,0
0,0.0287351225788315,2017,0
0,0.0287351225788315,2017,0
0,0.0540924143981781,2017,0
0,0.0540924143981781,2017,0
0,0.0540924143981781,2017,0
0,0.0540924143981781,2017,0
0,0.0540924143981781,2017,0
0,0.0240471456720597,2017,0
0,0.0475917880371597,2017,0
0,0.0464933190465193,2017,0
0,0.0591416798629023,2017,0
0,0.0274284496292778,2017,0
0,0.0506611583101039,2017,0
0,0.0272261894225041,2017,0
0,0.0272261894225041,2017,0
0,0.0272261894225041,2017,0
0,0.0272261894225041,2017,0
0,0.0301003502327258,2017,0
0,0.0479666643000416,2017,0
0,0.0479666643000416,2017,0
0,0.0479666643000416,2017,0
0,0.0421896233167727,2017,0
0,0.0345397115626176,2017,0
0,0.0345397115626176,2017,0
0,0.0329366499144136,2017,0
0,0.0439575668013479,2017,0
0,0.0373103767593952,2017,0
0,0.0314269654978696,2017,0
0,0.0314269654978696,2017,0
0,0.0314269654978696,2017,0
0,0.0113470572347931,2017,0
0,0.0404975805774525,2017,0
0,0.0431596978718415,2017,0
0,0.0381704962298926,2017,0
0,0.0256087768176246,2017,0
0,0.0256087768176246,2017,0
0,0.0256087768176246,2017,0
0,0.0256087768176246,2017,0
0,0.0256087768176246,2017,0
0,0.0256087768176246,2017,0
0,0.0306025566405972,2017,0
0,0.0306025566405972,2017,0
0,0.0306025566405972,2017,0
0,0.0306025566405972,2017,0
0,0.0356479169463294,2017,0
0,0.025270321369588,2017,0
0,0.025270321369588,2017,0
0,0.025270321369588,2017,0
0,0.025270321369588,2017,0
0,0.025270321369588,2017,0
0,0.025270321369588,2017,0
0,0.025270321369588,2017,0
0,0.062946685005957,2017,0
0,0.0210778174934077,2017,0
0,0.0768607405328446,2017,0
0,0.0353668562923726,2017,0
0,0.024454160105868,2017,0
0,0.024454160105868,2017,0
0,0.024454160105868,2017,0
0,0.024454160105868,2017,0
0,0.024454160105868,2017,0
0,0.024454160105868,2017,0
0,0.0107561835623072,2017,0
0,0.00973446558899145,2017,0
0,0.0107561835623072,2017,0
0,0.00992238702714757,2017,0
0,0.0376224444518187,2017,0
0,0.0643467254992758,2017,0
0,0.0643467254992758,2017,0
0,0.0643467254992758,2017,0
0,0.0643467254992758,2017,0
0,0.0643467254992758,2017,0
0,0.0643467254992758,2017,0
0,0.0643467254992758,2017,0
0,0.0643467254992758,2017,0
0,0.0346892939453277,2017,0
0,0.0234244934694277,2017,0
0,0.0234244934694277,2017,0
0,0.0234244934694277,2017,0
0,0.0234244934694277,2017,0
0,0.0234244934694277,2017,0
0,0.0234244934694277,2017,0
0,0.0234244934694277,2017,0
0,0.0234244934694277,2017,0
0,0.0234244934694277,2017,0
0,0.0234244934694277,2017,0
0,0.0380296258132872,2017,0
0,0.0380296258132872,2017,0
0,0.0380296258132872,2017,0
0,0.0380296258132872,2017,0
0,0.0380296258132872,2017,0
0,0.0179463386154426,2017,0
0,0.037141231541832,2017,0
0,0.0360697684661677,2017,0
0,0.0322683607192841,2017,0
0,0.0233014876254971,2017,0
0,0.0365929664868059,2017,0
0,0.0231827899578555,2017,0
0,0.0231827899578555,2017,0
0,0.0231827899578555,2017,0
0,0.0257121069372839,2017,0
0,0.0480020749725638,2017,0
0,0.0480020749725638,2017,0
0,0.0401440777621212,2017,0
0,0.0377495385022355,2017,0
0,0.0349393057484943,2017,0
0,0.0264629218574472,2017,0
0,0.0349393057484943,2017,0
0,0.0468239422654766,2017,0
0,0.0269053714645206,2017,0
0,0.0269053714645206,2017,0
0,0.0269053714645206,2017,0
0,0.00994594286514414,2017,0
0,0.0300517836311373,2017,0
0,0.042388643966502,2017,0
0,0.0284274763601728,2017,0
0,0.0232699272936394,2017,0
0,0.0232699272936394,2017,0
0,0.0232699272936394,2017,0
0,0.0232699272936394,2017,0
0,0.0324073222654167,2017,0
0,0.0324073222654167,2017,0
0,0.0324073222654167,2017,0
0,0.0324073222654167,2017,0
0,0.0278285604226782,2017,0
0,0.0231636377427723,2017,0
0,0.0231636377427723,2017,0
0,0.0231636377427723,2017,0
0,0.0231636377427723,2017,0
0,0.0231636377427723,2017,0
0,0.0231636377427723,2017,0
0,0.0231636377427723,2017,0
0,0.0693764426162073,2017,0
0,0.0364778203743423,2017,0
0,0.0364778203743423,2017,0
0,0.0232398542753207,2017,0
0,0.0232398542753207,2017,0
0,0.0232398542753207,2017,0
0,0.0232398542753207,2017,0
0,0.0232398542753207,2017,0
0,0.0232398542753207,2017,0
0,0.0111026217035275,2017,0
0,0.012225137084456,2017,0
0,0.0113036788094186,2017,0
0,0.012225137084456,2017,0
0,0.0414527598267067,2017,0
0,0.063862229587436,2017,0
0,0.063862229587436,2017,0
0,0.063862229587436,2017,0
0,0.063862229587436,2017,0
0,0.063862229587436,2017,0
0,0.063862229587436,2017,0
0,0.063862229587436,2017,0
0,0.0369685252634995,2017,0
0,0.0238303129733885,2017,0
0,0.0238303129733885,2017,0
0,0.0238303129733885,2017,0
0,0.0238303129733885,2017,0
0,0.0238303129733885,2017,0
0,0.0238303129733885,2017,0
0,0.0238303129733885,2017,0
0,0.0238303129733885,2017,0
0,0.0238303129733885,2017,0
0,0.0238303129733885,2017,0
0,0.0345362933383907,2017,0
0,0.0345362933383907,2017,0
0,0.0166274651514784,2017,0
0,0.0331867262735478,2017,0
0,0.034312471111678,2017,0
0,0.0312473202678246,2017,0
0,0.0237969535521195,2017,0
0,0.0238417559225419,2017,0
0,0.0238417559225419,2017,0
0,0.0238417559225419,2017,0
0,0.0275363683740597,2017,0
0,0.0508060294707798,2017,0
0,0.0508060294707798,2017,0
0,0.0508060294707798,2017,0
0,0.0421465180781886,2017,0
0,0.053446999685153,2017,0
0,0.0295111578608324,2017,0
0,0.0394560708095416,2017,0
0,0.0394560708095416,2017,0
0,0.0425365701356032,2017,0
0,0.0311547687348096,2017,0
0,0.0311547687348096,2017,0
0,0.0311547687348096,2017,0
0,0.0568015747643187,2017,0
0,0.0102494676293064,2017,0
0,0.0280245640658078,2017,0
0,0.0236220702648084,2017,0
0,0.0270357052823841,2017,0
0,0.023137964147308,2017,0
0,0.023137964147308,2017,0
0,0.023137964147308,2017,0
0,0.023137964147308,2017,0
0,0.0320566964914784,2017,0
0,0.0320566964914784,2017,0
0,0.0320566964914784,2017,0
0,0.0320566964914784,2017,0
0,0.0277373405980032,2017,0
0,0.0236195322615383,2017,0
0,0.0236195322615383,2017,0
0,0.0236195322615383,2017,0
0,0.0236195322615383,2017,0
0,0.0236195322615383,2017,0
0,0.0236195322615383,2017,0
0,0.0236195322615383,2017,0
0,0.0374084219250115,2017,0
0,0.0374084219250115,2017,0
0,0.0237807949300712,2017,0
0,0.0237807949300712,2017,0
0,0.0237807949300712,2017,0
0,0.0237807949300712,2017,0
0,0.0237807949300712,2017,0
0,0.0237807949300712,2017,0
0,0.0124477297260413,2017,0
0,0.0124477297260413,2017,0
0,0.0113610827403599,2017,0
0,0.0115187934988499,2017,0
0,0.0416652142053173,2017,0
0,0.0592697974762797,2017,0
0,0.0592697974762797,2017,0
0,0.0592697974762797,2017,0
0,0.0592697974762797,2017,0
0,0.0592697974762797,2017,0
0,0.0592697974762797,2017,0
0,0.0592697974762797,2017,0
0,0.0592697974762797,2017,0
0,0.0367006792817284,2017,0
0,0.0239130827509483,2017,0
0,0.0239130827509483,2017,0
0,0.0239130827509483,2017,0
0,0.0239130827509483,2017,0
0,0.0239130827509483,2017,0
0,0.0239130827509483,2017,0
0,0.0239130827509483,2017,0
0,0.0239130827509483,2017,0
0,0.0239130827509483,2017,0
0,0.0239130827509483,2017,0
0,0.0345940361311894,2017,0
0,0.0345940361311894,2017,0
0,0.0157135338953242,2017,0
0,0.0323459311253755,2017,0
0,0.0311868541290918,2017,0
0,0.0293216386286297,2017,0
0,0.0403076595394785,2017,0
0,0.023855810895187,2017,0
0,0.0341056988748403,2017,0
0,0.0239007217350722,2017,0
0,0.0239007217350722,2017,0
0,0.0239007217350722,2017,0
0,0.0278548237633247,2017,0
0,0.0497037110639538,2017,0
0,0.0497037110639538,2017,0
0,0.0497037110639538,2017,0
0,0.042890240402578,2017,0
0,0.0353721847436687,2017,0
0,0.0295582691674528,2017,0
0,0.052274462751934,2017,0
0,0.0390226197307998,2017,0
0,0.0420945898444184,2017,0
0,0.0390226197307998,2017,0
0,0.035524830571404,2017,0
0,0.035524830571404,2017,0
0,0.035524830571404,2017,0
0,0.0558427197341374,2017,0
0,0.00898015368216862,2017,0
0,0.0257750223542245,2017,0
0,0.0255195776356952,2017,0
0,0.0217726863161537,2017,0
0,0.0217726863161537,2017,0
0,0.0217726863161537,2017,0
0,0.0217726863161537,2017,0
0,0.0217726863161537,2017,0
0,0.0217726863161537,2017,0
0,0.0308197169879117,2017,0
0,0.0308197169879117,2017,0
0,0.0308197169879117,2017,0
0,0.0308197169879117,2017,0
0,0.025165263859056,2017,0
0,0.0215074316948174,2017,0
0,0.0215074316948174,2017,0
0,0.0215074316948174,2017,0
0,0.0215074316948174,2017,0
0,0.0215074316948174,2017,0
0,0.0215074316948174,2017,0
0,0.0215074316948174,2017,0
0,0.0344759822488423,2017,0
0,0.0216972722231577,2017,0
0,0.0216972722231577,2017,0
0,0.0216972722231577,2017,0
0,0.0216972722231577,2017,0
0,0.0216972722231577,2017,0
0,0.0216972722231577,2017,0
0,0.0096354024153176,2017,0
0,0.0087480332621303,2017,0
0,0.0088783948339539,2017,0
0,0.0096354024153176,2017,0
0,0.0339314334694801,2017,0
0,0.0317697913083551,2017,0
0,0.0551064038717114,2017,0
0,0.0341526807979951,2017,0
0,0.0218553789933841,2017,0
0,0.0218553789933841,2017,0
0,0.0218553789933841,2017,0
0,0.0218553789933841,2017,0
0,0.0218553789933841,2017,0
0,0.0218553789933841,2017,0
0,0.0218553789933841,2017,0
0,0.0218553789933841,2017,0
0,0.0218553789933841,2017,0
0,0.0330535698278284,2017,0
0,0.0330535698278284,2017,0
0,0.0151327299757104,2017,0
0,0.0299814533680416,2017,0
0,0.0311063871763768,2017,0
0,0.0282519193831514,2017,0
0,0.0399403331281151,2017,0
0,0.0222561899531683,2017,0
0,0.0328711122502042,2017,0
0,0.0222374744887987,2017,0
0,0.0222374744887987,2017,0
0,0.0222374744887987,2017,0
0,0.0258366979531057,2017,0
0,0.0452085401458803,2017,0
0,0.0452085401458803,2017,0
0,0.0452085401458803,2017,0
0,0.0398214663449091,2017,0
0,0.0475133761048674,2017,0
0,0.035335166420016,2017,0
0,0.035335166420016,2017,0
0,0.0320635542897879,2017,0
0,0.0267022678497085,2017,0
0,0.0382044999434119,2017,0
0,0.0387508586234864,2017,0
0,0.0387508586234864,2017,0
0,0.0387508586234864,2017,0
0,0.0284638600302784,2017,0
0,0.0295043844503782,2017,0
0,0.0238657421824206,2017,0
0,0.0238657421824206,2017,0
0,0.0238657421824206,2017,0
0,0.0238657421824206,2017,0
0,0.0238657421824206,2017,0
0,0.0238657421824206,2017,0
0,0.0303090162539894,2017,0
0,0.0303090162539894,2017,0
0,0.0303090162539894,2017,0
0,0.0290843189582536,2017,0
0,0.023666528606348,2017,0
0,0.023666528606348,2017,0
0,0.023666528606348,2017,0
0,0.023666528606348,2017,0
0,0.023666528606348,2017,0
0,0.023666528606348,2017,0
0,0.009503849943128,2017,0
0,0.0238851958205424,2017,0
0,0.0238851958205424,2017,0
0,0.0238851958205424,2017,0
0,0.0238851958205424,2017,0
0,0.0238851958205424,2017,0
0,0.0238851958205424,2017,0
0,0.0238851958205424,2017,0
0,0.0102412693913506,2017,0
0,0.0406118676227293,2017,0
0,0.0358409409248112,2017,0
0,0.0635081204997614,2017,0
0,0.0635081204997614,2017,0
0,0.0635081204997614,2017,0
0,0.0635081204997614,2017,0
0,0.0344129780293284,2017,0
0,0.0240029976375092,2017,0
0,0.0240029976375092,2017,0
0,0.0240029976375092,2017,0
0,0.0240029976375092,2017,0
0,0.0240029976375092,2017,0
0,0.0240029976375092,2017,0
0,0.0240029976375092,2017,0
0,0.0240029976375092,2017,0
0,0.0338868818129047,2017,0
0,0.0338868818129047,2017,0
0,0.0151597258803471,2017,0
0,0.0292671039265382,2017,0
0,0.0228085249185088,2017,0
0,0.0229930749863624,2017,0
0,0.0229930749863624,2017,0
0,0.0269564372427564,2017,0
0,0.0524230616532268,2017,0
0,0.0524230616532268,2017,0
0,0.0524230616532268,2017,0
0,0.0403444197062455,2017,0
0,0.0403444197062455,2017,0
0,0.0434930213484589,2017,0
0,0.0307740758730706,2017,0
0,0.0367416930606128,2017,0
0,0.0536755732927757,2017,0
0,0.0500576372681938,2017,0
0,0.0500576372681938,2017,0
0,0.0285654267484153,2017,0
0,0.0242349773708547,2017,0
0,0.0242349773708547,2017,0
0,0.0293977280577612,2017,0
0,0.0253222090527614,2017,0
0,0.0253222090527614,2017,0
0,0.0253222090527614,2017,0
0,0.0253222090527614,2017,0
0,0.0253222090527614,2017,0
0,0.0253222090527614,2017,0
0,0.0319674367708632,2017,0
0,0.0319674367708632,2017,0
0,0.0319674367708632,2017,0
0,0.0298342028656505,2017,0
0,0.0257626960976303,2017,0
0,0.0257626960976303,2017,0
0,0.0257626960976303,2017,0
0,0.0257626960976303,2017,0
0,0.0257626960976303,2017,0
0,0.0257626960976303,2017,0
0,0.0257626960976303,2017,0
0,0.0131443693348216,2017,0
0,0.0114065829461621,2017,0
0,0.0340908668007966,2017,0
0,0.0249509461036187,2017,0
0,0.0249509461036187,2017,0
0,0.0249509461036187,2017,0
0,0.0249509461036187,2017,0
0,0.0249509461036187,2017,0
0,0.0249509461036187,2017,0
0,0.0249509461036187,2017,0
0,0.0249509461036187,2017,0
0,0.0117919634279375,2017,0
0,0.0130156419312034,2017,0
0,0.0420190827357999,2017,0
0,0.0369637258867556,2017,0
0,0.0649330322707608,2017,0
0,0.0649330322707608,2017,0
0,0.0649330322707608,2017,0
0,0.0649330322707608,2017,0
0,0.0649330322707608,2017,0
0,0.0247195226112656,2017,0
0,0.0247195226112656,2017,0
0,0.0247195226112656,2017,0
0,0.0247195226112656,2017,0
0,0.0247195226112656,2017,0
0,0.0247195226112656,2017,0
0,0.0247195226112656,2017,0
0,0.0247195226112656,2017,0
0,0.0283052827523048,2017,0
0,0.0350221331589243,2017,0
0,0.0157533743997246,2017,0
0,0.0295180892170566,2017,0
0,0.0239047496794385,2017,0
0,0.0234073052997433,2017,0
0,0.0234073052997433,2017,0
0,0.0276353314486616,2017,0
0,0.0430055763457758,2017,0
0,0.0518221157799185,2017,0
0,0.0518221157799185,2017,0
0,0.0518221157799185,2017,0
0,0.0407797758677967,2017,0
0,0.037018407253196,2017,0
0,0.0544260572202753,2017,0
0,0.0310095608687743,2017,0
0,0.0493132435206414,2017,0
0,0.0249406222411476,2017,0
0,0.0229901263668333,2017,0
0,0.0229901263668333,2017,0
0,0.0229901263668333,2017,0
0,0.0447020861308079,2017,0
0,0.0253207018787241,2017,0
0,0.022829096868293,2017,0
0,0.022829096868293,2017,0
0,0.022829096868293,2017,0
0,0.022829096868293,2017,0
0,0.037385013431667,2017,0
0,0.0325750029284626,2017,0
0,0.0325750029284626,2017,0
0,0.0325750029284626,2017,0
0,0.0260589856292137,2017,0
0,0.0232529375609558,2017,0
0,0.0232529375609558,2017,0
0,0.0232529375609558,2017,0
0,0.0232529375609558,2017,0
0,0.0232529375609558,2017,0
0,0.0232529375609558,2017,0
0,0.0232529375609558,2017,0
0,0.0123070412662124,2017,0
0,0.0343976465761883,2017,0
0,0.0236981492759135,2017,0
0,0.0236981492759135,2017,0
0,0.0236981492759135,2017,0
0,0.0236981492759135,2017,0
0,0.0236981492759135,2017,0
0,0.0236981492759135,2017,0
0,0.0236981492759135,2017,0
0,0.0236981492759135,2017,0
0,0.0119159770560717,2017,0
0,0.0117059997888882,2017,0
0,0.0128765988048087,2017,0
0,0.0418090294872245,2017,0
0,0.0382185590960205,2017,0
0,0.0643347656787043,2017,0
0,0.0643347656787043,2017,0
0,0.0643347656787043,2017,0
0,0.0643347656787043,2017,0
0,0.035545810966861,2017,0
0,0.0248961589865232,2017,0
0,0.0248961589865232,2017,0
0,0.0248961589865232,2017,0
0,0.0248961589865232,2017,0
0,0.0248961589865232,2017,0
0,0.0248961589865232,2017,0
0,0.0248961589865232,2017,0
0,0.0248961589865232,2017,0
0,0.0248961589865232,2017,0
0,0.0203069501148436,2017,0
0,0.0350178567675607,2017,0
0,0.0273819321187226,2017,0
0,0.0279767805081704,2017,0
0,0.0279767805081704,2017,0
0,0.0340886484942521,2017,0
0,0.0526167030670521,2017,0
0,0.0530294208529292,2017,0
0,0.0530294208529292,2017,0
0,0.0530294208529292,2017,0
0,0.0551127801392406,2017,0
0,0.0421734436821636,2017,0
0,0.0620793636838136,2017,0
0,0.0315182390278497,2017,0
0,0.0282571413304037,2017,0
0,0.053274880189089,2017,0
0,0.0316502098438751,2017,0
0,0.0280012821684835,2017,0
0,0.0280012821684835,2017,0
0,0.0280012821684835,2017,0
0,0.0605673460395612,2017,0
0,0.0356922271600665,2017,0
0,0.0377559351635158,2017,0
0,0.0377559351635158,2017,0
0,0.0377559351635158,2017,0
0,0.0305778318904364,2017,0
0,0.027063901737726,2017,0
0,0.027063901737726,2017,0
0,0.027063901737726,2017,0
0,0.027063901737726,2017,0
0,0.027063901737726,2017,0
0,0.027063901737726,2017,0
0,0.027063901737726,2017,0
0,0.0196019023447961,2017,0
0,0.0135779507982057,2017,0
0,0.0372419565462672,2017,0
0,0.0269228681963686,2017,0
0,0.0269228681963686,2017,0
0,0.0269228681963686,2017,0
0,0.0269228681963686,2017,0
0,0.0269228681963686,2017,0
0,0.0269228681963686,2017,0
0,0.0269228681963686,2017,0
0,0.0269228681963686,2017,0
0,0.013641974680694,2017,0
0,0.0124895478584844,2017,0
0,0.0126444109818739,2017,0
0,0.0382989822063137,2017,0
0,0.0382989822063137,2017,0
0,0.066531507634024,2017,0
0,0.066531507634024,2017,0
0,0.066531507634024,2017,0
0,0.066531507634024,2017,0
0,0.0378855289104351,2017,0
0,0.027372964762563,2017,0
0,0.027372964762563,2017,0
0,0.027372964762563,2017,0
0,0.027372964762563,2017,0
0,0.027372964762563,2017,0
0,0.027372964762563,2017,0
0,0.027372964762563,2017,0
0,0.027372964762563,2017,0
0,0.027372964762563,2017,0
0,0.0392483831940468,2017,0
0,0.0353965318103646,2017,0
0,0.0287808900608751,2017,0
0,0.119988111056525,2017,0
0,0.119988111056525,2017,0
0,0.0291548001654752,2017,0
0,0.0291548001654752,2017,0
0,0.035309343832159,2017,0
0,0.0526330122449576,2017,0
0,0.0587384996218301,2017,0
0,0.0587384996218301,2017,0
0,0.0587384996218301,2017,0
0,0.0587384996218301,2017,0
0,0.0468784191197751,2017,0
0,0.0503276652414806,2017,0
0,0.0298348661437277,2017,0
0,0.0511295699886964,2017,0
0,0.0325556952477964,2017,0
0,0.0302965603811402,2017,0
0,0.0302965603811402,2017,0
0,0.0302965603811402,2017,0
0,0.0302965603811402,2017,0
0,0.0302965603811402,2017,0
0,0.0511145598774278,2017,0
0,0.0383090029067796,2017,0
0,0.0383090029067796,2017,0
0,0.0383090029067796,2017,0
0,0.0383090029067796,2017,0
0,0.0323825319130804,2017,0
0,0.030358520639396,2017,0
0,0.030358520639396,2017,0
0,0.030358520639396,2017,0
0,0.030358520639396,2017,0
0,0.030358520639396,2017,0
0,0.030358520639396,2017,0
0,0.030358520639396,2017,0
0,0.0426773350316712,2017,0
0,0.037517036597513,2017,0
0,0.0294542362735031,2017,0
0,0.0294542362735031,2017,0
0,0.0294542362735031,2017,0
0,0.0294542362735031,2017,0
0,0.0294542362735031,2017,0
0,0.0294542362735031,2017,0
0,0.0112207188230508,2017,0
0,0.0110678857173969,2017,0
0,0.0121314233213392,2017,0
0,0.0661942179902241,2017,0
0,0.0661942179902241,2017,0
0,0.0661942179902241,2017,0
0,0.0661942179902241,2017,0
0,0.0661942179902241,2017,0
0,0.0360838901167196,2017,0
0,0.0274875159466934,2017,0
0,0.0274875159466934,2017,0
0,0.0274875159466934,2017,0
0,0.0274875159466934,2017,0
0,0.0274875159466934,2017,0
0,0.0274875159466934,2017,0
0,0.0274875159466934,2017,0
0,0.0115123885232474,2017,0
0,0.00999890972196233,2017,0
0,0.0363232650787194,2017,0
0,0.0326605026264445,2017,0
0,0.0326605026264445,2017,0
0,0.0342651557830263,2017,0
0,0.0326470941118574,2017,0
0,0.0315577283247202,2017,0
0,0.0299033802437337,2017,0
0,0.0260810826391385,2017,0
0,0.111164238789364,2017,0
0,0.111164238789364,2017,0
0,0.111164238789364,2017,0
0,0.0257018289693366,2017,0
0,0.0257018289693366,2017,0
0,0.0297454238736238,2017,0
0,0.044896594531322,2017,0
0,0.0554444662485073,2017,0
0,0.0554444662485073,2017,0
0,0.0554444662485073,2017,0
0,0.0431475686829803,2017,0
0,0.0451436133897264,2017,0
0,0.0289037806027526,2017,0
0,0.0266691604426937,2017,0
0,0.0266691604426937,2017,0
0,0.0266691604426937,2017,0
0,0.0266691604426937,2017,0
0,0.0460826758128751,2017,0
0,0.0306138732778943,2017,0
0,0.0306138732778943,2017,0
0,0.0306138732778943,2017,0
0,0.0306138732778943,2017,0
0,0.0303286309161201,2017,0
0,0.0277010405075669,2017,0
0,0.0277010405075669,2017,0
0,0.0277010405075669,2017,0
0,0.0277010405075669,2017,0
0,0.0277010405075669,2017,0
0,0.0277010405075669,2017,0
0,0.0277010405075669,2017,0
0,0.0277010405075669,2017,0
0,0.0354263928799671,2017,0
0,0.0505466331401377,2017,0
0,0.0365102382545903,2017,0
0,0.0277700084457083,2017,0
0,0.0277700084457083,2017,0
0,0.0277700084457083,2017,0
0,0.0277700084457083,2017,0
0,0.0277700084457083,2017,0
0,0.0277700084457083,2017,0
0,0.0277700084457083,2017,0
0,0.0277700084457083,2017,0
0,0.0109112973075164,2017,0
0,0.0118092316930957,2017,0
0,0.0107100679286421,2017,0
0,0.0691480482093499,2017,0
0,0.0691480482093499,2017,0
0,0.0691480482093499,2017,0
0,0.0691480482093499,2017,0
0,0.0691480482093499,2017,0
0,0.0360013413641755,2017,0
0,0.0360013413641755,2017,0
0,0.0273047302150175,2017,0
0,0.0273047302150175,2017,0
0,0.0273047302150175,2017,0
0,0.0273047302150175,2017,0
0,0.0273047302150175,2017,0
0,0.0273047302150175,2017,0
0,0.0273047302150175,2017,0
0,0.0273047302150175,2017,0
0,0.0273047302150175,2017,0
0,0.0102872059998883,2017,0
0,0.0118593041630533,2017,0
0,0.036819348434822,2017,0
0,0.0336063118002389,2017,0
0,0.0354611938368454,2017,0
0,0.041842790076317,2017,0
0,0.0318915212294815,2017,0
0,0.0313334668557923,2017,0
0,0.0263188956400485,2017,0
0,0.101952052081474,2017,0
0,0.101952052081474,2017,0
0,0.101952052081474,2017,0
0,0.0520010206787669,2017,0
0,0.0267880137043307,2017,0
0,0.0267880137043307,2017,0
0,0.0310262318008228,2017,0
0,0.052782094908167,2017,0
0,0.052782094908167,2017,0
0,0.0390982732876561,2017,0
0,0.050448803286314,2017,0
0,0.0303468665264222,2017,0
0,0.0259111046306016,2017,0
0,0.0259111046306016,2017,0
0,0.0259111046306016,2017,0
0,0.0259111046306016,2017,0
0,0.0259111046306016,2017,0
0,0.0499448301705034,2017,0
0,0.0308164804494857,2017,0
0,0.0308164804494857,2017,0
0,0.0308164804494857,2017,0
0,0.0308164804494857,2017,0
0,0.0300265214483329,2017,0
0,0.0254565707786421,2017,0
0,0.0254565707786421,2017,0
0,0.0254565707786421,2017,0
0,0.0254565707786421,2017,0
0,0.0254565707786421,2017,0
0,0.0254565707786421,2017,0
0,0.0425741469843279,2017,0
0,0.053334355843866,2017,0
0,0.0389227880175445,2017,0
0,0.0260976289529982,2017,0
0,0.0260976289529982,2017,0
0,0.0260976289529982,2017,0
0,0.0260976289529982,2017,0
0,0.0260976289529982,2017,0
0,0.0260976289529982,2017,0
0,0.0260976289529982,2017,0
0,0.0260976289529982,2017,0
0,0.0118625791975193,2017,0
0,0.0116516365555528,2017,0
0,0.0128201841405407,2017,0
0,0.0713701057657411,2017,0
0,0.0713701057657411,2017,0
0,0.0713701057657411,2017,0
0,0.0713701057657411,2017,0
0,0.0713701057657411,2017,0
0,0.0396954725876483,2017,0
0,0.0268442863173943,2017,0
0,0.0268442863173943,2017,0
0,0.0268442863173943,2017,0
0,0.0268442863173943,2017,0
0,0.0268442863173943,2017,0
0,0.0268442863173943,2017,0
0,0.0268442863173943,2017,0
0,0.0268442863173943,2017,0
0,0.0168222425482639,2017,0
0,0.0126494194155664,2017,0
0,0.0109914085211691,2017,0
0,0.0405090493809541,2017,0
0,0.0428045292035195,2017,0
0,0.0395168352988854,2017,0
0,0.0329864828609639,2017,0
0,0.0349186029006945,2017,0
0,0.0256569122073085,2017,0
0,0.100361391721198,2017,0
0,0.100361391721198,2017,0
0,0.0488976503474319,2017,0
0,0.0258181360151062,2017,0
0,0.0258181360151062,2017,0
0,0.0306945579295482,2017,0
0,0.0479544429991065,2017,0
0,0.0479544429991065,2017,0
0,0.0370561080181798,2017,0
0,0.0274233812658648,2017,0
0,0.0546813549709941,2017,0
0,0.0420917320330848,2017,0
0,0.0292343008756571,2017,0
0,0.0292343008756571,2017,0
0,0.0292343008756571,2017,0
0,0.0292343008756571,2017,0
0,0.057746014903516,2017,0
0,0.034978486297276,2017,0
0,0.0356119458440113,2017,0
0,0.0356119458440113,2017,0
0,0.0356119458440113,2017,0
0,0.0356119458440113,2017,0
0,0.0452326932869978,2017,0
0,0.031868974547008,2017,0
0,0.031868974547008,2017,0
0,0.031868974547008,2017,0
0,0.031868974547008,2017,0
0,0.031868974547008,2017,0
0,0.031868974547008,2017,0
0,0.0633695154933691,2017,0
0,0.0333684039972927,2017,0
0,0.0333684039972927,2017,0
0,0.0333684039972927,2017,0
0,0.0333684039972927,2017,0
0,0.0333684039972927,2017,0
0,0.0333684039972927,2017,0
0,0.0333684039972927,2017,0
0,0.0204701856659736,2017,0
0,0.0220853933923373,2017,0
0,0.070693598387881,2017,0
0,0.064929845415379,2017,0
0,0.0984401508680032,2017,0
0,0.0984401508680032,2017,0
0,0.0984401508680032,2017,0
0,0.0984401508680032,2017,0
0,0.0339014604429178,2017,0
0,0.0339014604429178,2017,0
0,0.0339014604429178,2017,0
0,0.0339014604429178,2017,0
0,0.0339014604429178,2017,0
0,0.0339014604429178,2017,0
0,0.0339014604429178,2017,0
0,0.0691489432332337,2017,0
0,0.0182852046809811,2017,0
0,0.119534300614732,2017,0
0,0.119534300614732,2017,0
0,0.0202095892444569,2017,0
0,0.0227273247099594,2017,0
0,0.074107021242866,2017,0
0,0.0682721773674483,2017,0
0,0.0682721773674483,2017,0
0,0.051638101451707,2017,0
0,0.0496211030678479,2017,0
0,0.035330718736336,2017,0
0,0.12041860730497,2017,0
0,0.12041860730497,2017,0
0,0.072331438465685,2017,0
0,0.0349749458389147,2017,0
0,0.036419461401549,2017,0
0,0.053471594362382,2017,0
0,0.053471594362382,2017,0
0,0.053471594362382,2017,0
0,0.0436904882441993,2017,0
0,0.0602361754292868,2017,0
0,0.0596930955424235,2017,0
0,0.035335400356286,2017,0
0,0.035335400356286,2017,0
0,0.035335400356286,2017,0
0,0.060172261118457,2017,0
0,0.0401421682636634,2017,0
0,0.0401421682636634,2017,0
0,0.0401421682636634,2017,0
0,0.0401421682636634,2017,0
0,0.062300608347818,2017,0
0,0.0359422918617021,2017,0
0,0.0359422918617021,2017,0
0,0.0359422918617021,2017,0
0,0.0359422918617021,2017,0
0,0.0359422918617021,2017,0
0,0.0737710976480496,2017,0
0,0.0350552744367132,2017,0
0,0.0259963844782808,2017,0
0,0.0261409802150047,2017,0
0,0.0278480392586735,2017,0
0,0.0939760364964596,2017,0
0,0.105661077810875,2017,0
0,0.105661077810875,2017,0
0,0.105661077810875,2017,0
0,0.105661077810875,2017,0
0,0.0538914804234173,2017,0
0,0.0354135808002367,2017,0
0,0.0354135808002367,2017,0
0,0.0354135808002367,2017,0
0,0.0354135808002367,2017,0
0,0.0661031790785308,2017,0
0,0.114407221721893,2017,0
0,0.114407221721893,2017,0
0,0.0945508865626988,2017,0
0,0.0773481699306185,2017,0
0,0.0556260904091175,2017,0
0,0.128222148887678,2017,0
0,0.128222148887678,2017,0
0,0.0592949150931012,2017,0
0,0.0592949150931012,2017,0
0,0.0592949150931012,2017,0
0,0.0469608029758701,2017,0
0,0.0623960630183332,2017,0
0,0.0228592757948459,2017,0
0,0.0605563430580887,2017,0
0,0.0391550119963834,2017,0
0,0.0686635334293938,2017,0
0,0.0489296233968956,2017,0
0,0.0489296233968956,2017,0
0,0.0489296233968956,2017,0
0,0.0489296233968956,2017,0
0,0.0608297478840562,2017,0
0,0.0990743870714207,2017,0
0,0.0457900546989308,2017,0
0,0.0244094732803957,2017,0
0,0.026004797923658,2017,0
0,0.0243997163075127,2017,0
0,0.088883147513727,2017,0
0,0.116165361756391,2017,0
0,0.116165361756391,2017,0
0,0.116165361756391,2017,0
0,0.0708764719913458,2017,0
0,0.0264659208451709,2017,0
0,0.090957524134364,2017,0
0,0.0498972529988925,2017,0
0,0.0910428821300635,2017,0
0,0.0910428821300635,2017,0
0,0.0910428821300635,2017,0
0,0.0787753961729954,2017,0
0,0.0510415704975331,2017,0
0,0.0941541853815513,2017,0
0,0.0247027528429833,2017,0
0,0.0723330266365943,2017,0
0,0.050970566745035,2017,0
0,0.0936697587054185,2017,0
0,0.0660688290970191,2017,0
0,0.0660688290970191,2017,0
0,0.0660688290970191,2017,0
0,0.0720794696715998,2017,0
0,0.0803250869805641,2017,0
0,0.0681702625541853,2017,0
0,0.0493427083198601,2017,0
0,0.0787570412502685,2017,0
0,0.0272083060262204,2017,0
0,0.0255524742570973,2017,0
0,0.0256200002366868,2017,0
0,0.0895439927092232,2017,0
0,0.120641623763671,2017,0
0,0.120641623763671,2017,0
0,0.120641623763671,2017,0
0,0.120641623763671,2017,0
0,0.0265147301792355,2017,0
0,0.0885096660687994,2017,0
0,0.0483316454864773,2017,0
0,0.176247088202492,2017,0
0,0.0131090151854994,2017,0
0,0.0755601545761571,2017,0
0,0.0896803460538476,2017,0
0,0.0896803460538476,2017,0
0,0.0896803460538476,2017,0
0,0.0715222364345703,2017,0
0,0.0419861237307975,2017,0
0,0.0174136452055652,2017,0
0,0.049942166312455,2017,0
0,0.0775403663281805,2017,0
0,0.0535204469264949,2017,0
0,0.0535204469264949,2017,0
0,0.0535204469264949,2017,0
0,0.0500876277899498,2017,0
0,0.0495882890399694,2017,0
0,0.0169060000652381,2017,0
0,0.0157482962653333,2017,0
0,0.015743298666367,2017,0
0,0.0543196331239645,2017,0
0,0.0756780846655489,2017,0
0,0.0756780846655489,2017,0
0,0.0756780846655489,2017,0
0,0.0756780846655489,2017,0
0,0.0756780846655489,2017,0
0,0.0855840743617593,2017,0
0,0.0165694447145585,2017,0
0,0.0532860025203674,2017,0
0,0.118165983643392,2017,0
0,0.0578144915029494,2017,0
0,0.0515512634976795,2017,0
0,0.00812931775966661,2017,0
0,0.0440185700988357,2017,0
0,0.0427088559206428,2017,0
0,0.0563279114200534,2017,0
0,0.0536642831494092,2017,0
0,0.0536642831494092,2017,0
0,0.0536642831494092,2017,0
0,0.0376895437477764,2017,0
0,0.049245456894579,2017,0
0,0.0287240430287797,2017,0
0,0.0441703995017361,2017,0
0,0.0441703995017361,2017,0
0,0.0441703995017361,2017,0
0,0.0441703995017361,2017,0
0,0.0543623368029023,2017,0
0,0.0512379188972454,2017,0
0,0.0183459518056578,2017,0
0,0.0194818988241785,2017,0
0,0.019296735455475,2017,0
0,0.0206308778565098,2017,0
0,0.063636322117686,2017,0
0,0.0831874666256395,2017,0
0,0.0831874666256395,2017,0
0,0.0831874666256395,2017,0
0,0.0831874666256395,2017,0
0,0.0214616047011051,2017,0
0,0.0665027621873217,2017,0
0,0.0705015453807476,2017,0
0,0.033625988606605,2017,0
0,0.0683474669308023,2017,0
0,0.0119365527998112,2017,0
0,0.0564426523020322,2017,0
0,0.063809647852992,2017,0
0,0.0634807104537877,2017,0
0,0.0634807104537877,2017,0
0,0.0634807104537877,2017,0
0,0.046508803849894,2017,0
0,0.0676103912742869,2017,0
0,0.0491789444456815,2017,0
0,0.0491789444456815,2017,0
0,0.0491789444456815,2017,0
0,0.0578965724309719,2017,0
0,0.0218276582454846,2017,0
0,0.0361223276362196,2017,0
0,0.0271613420487169,2017,0
0,0.0259758799349824,2017,0
0,0.0255451271334261,2017,0
0,0.0835432775378422,2017,0
0,0.117420247558463,2017,0
0,0.117420247558463,2017,0
0,0.117420247558463,2017,0
0,0.117420247558463,2017,0
0,0.0661791999749963,2017,0
0,0.0297079858332132,2017,0
0,0.0919379470838709,2017,0
0,0.110601985374271,2017,0
0,0.160369484378566,2017,0
0,0.0494495996439126,2017,0
0,0.0917135196902309,2017,0
0,0.0187349013798285,2017,0
0,0.0788669896275025,2017,0
0,0.08745012556079,2017,0
0,0.0479279965754679,2017,0
0,0.0947397914276609,2017,0
0,0.0947397914276609,2017,0
0,0.0947397914276609,2017,0
0,0.0688848188663627,2017,0
0,0.0498022725032319,2017,0
0,0.0699762815467605,2017,0
0,0.0699762815467605,2017,0
0,0.0412302457961059,2017,0
0,0.17193611157268,2017,0
0,0.0453481987709728,2017,0
0,0.0476671921862256,2017,0
0,0.0467630406692948,2017,0
0,0.142406844242535,2017,0
0,0.133975438640521,2017,0
0,0.133975438640521,2017,0
0,0.133975438640521,2017,0
0,0.0697476313080042,2017,0
0,0.0506895538929086,2017,0
0,0.155218182829491,2017,0
0,0.179733403657975,2017,0
0,0.179733403657975,2017,0
0,0.165762297277771,2017,0
0,0.115958420142591,2017,0
0,0.0259007618896867,2017,0
0,0.11862747990592,2017,0
0,0.13464266625613,2017,0
0,0.103416149190056,2017,0
0,0.103416149190056,2017,0
0,0.0810666639082025,2017,0
0,0.124626465182088,2017,0
0,0.0838124116906289,2017,0
0,0.0875572242573323,2017,0
0,0.254024244309413,2017,0
0,0.0995808204725174,2017,0
0,0.10451829193337,2017,0
0,0.1029477918956,2017,0
0,0.272181210374915,2017,0
0,0.169221243193637,2017,0
0,0.169221243193637,2017,0
0,0.169221243193637,2017,0
0,0.0853052299492343,2017,0
0,0.0709866253081035,2017,0
0,0.114601211368895,2017,0
0,0.305804693231608,2017,0
0,0.231078520098078,2017,0
1,0.0523073266088087,2017,0
1,0.132228474668267,2017,0
1,0.0407797758677967,2017,0
1,0.0346892939453277,2017,0
1,0.103416149190056,2017,0
1,0.0816937622026213,2017,0
1,0.0854211634764591,2017,0
1,0.0857627019477275,2017,0
1,0.078817188122731,2017,0
1,0.0254565707786421,2017,0
1,0.0686411532800347,2017,0
1,0.0864103764173442,2017,0
1,0.0854211634764591,2017,0
1,0.0418118767002802,2017,0
1,0.0418118767002802,2017,0
1,0.0854211634764591,2017,0
1,0.0347930965269239,2017,0
1,0.0816937622026213,2017,0
1,0.0854211634764591,2017,0
1,0.0339014604429178,2017,0
1,0.0357163267362234,2017,0
1,0.0480020749725638,2017,0
1,0.0592949150931012,2017,0
1,0.146565097678399,2017,0
1,0.0554444662485073,2017,0
1,0.0438690015551193,2017,0
1,0.0318073061896411,2017,0
1,0.0493132435206414,2017,0
1,0.0500576372681938,2017,0
1,0.0703814078032384,2017,0
1,0.0439640474530814,2017,0
1,0.0268442863173943,2017,0
1,0.0864103764173442,2017,0
1,0.0349749458389147,2017,0
1,0.0699736740740084,2017,0
1,0.0491789444456815,2017,0
1,0.0699736740740084,2017,0
1,0.0699762815467605,2017,0
1,0.0303090162539894,2017,0
1,0.0639761813448535,2017,0
1,0.0431596978718415,2017,0
1,0.0480775444399874,2017,0
1,0.0475302396247074,2017,0
1,0.129996818541402,2017,0
1,0.0441208240381041,2017,0
1,0.374072314967556,2017,0
1,0.349935734349847,2017,0
1,0.371925228077216,2017,0
1,0.107545800463016,2017,0
1,0.207697806903923,2017,0
1,0.0679973160760177,2017,0
1,0.0657092075510078,2017,0
1,0.0488602087095854,2017,0
1,0.266255818800859,2017,0
1,0.0377655258095556,2017,0
1,0.295863379049194,2017,0
1,0.12291671124878,2017,0
1,0.0681849130800112,2017,0
1,0.0510415704975331,2017,0
1,0.0854211634764591,2017,0
1,0.0479068979492316,2017,0
1,0.0816937622026213,2017,0
1,0.0457900546989308,2017,0
1,0.071737668938701,2017,0
1,0.0510415704975331,2017,0
1,0.0816937622026213,2017,0
1,0.0418118767002802,2017,0
1,0.061156559846578,2017,0
1,0.233506252411699,2017,0
1,0.311284946284522,2017,0
1,0.0502033188411148,2017,0
1,0.0577795317219264,2017,0
1,0.0363109557766431,2017,0
1,0.0499813423099428,2017,0
1,0.0482225708091177,2017,0
1,0.0482225708091177,2017,0
1,0.0482225708091177,2017,0
1,0.0482225708091177,2017,0
1,0.0482225708091177,2017,0
1,0.0482225708091177,2017,0
1,0.160369484378566,2017,0
1,0.126076648921149,2017,0
0,0.179807804431389,2018,0
0,0.213819321599325,2018,0
0,0.172333107258114,2018,0
0,0.162721078921562,2018,0
0,0.0257184005636525,2018,0
0,0.142989215751175,2018,0
0,0.137560109701092,2018,0
0,0.11222140754059,2018,0
0,0.0972307839046206,2018,0
0,0.0972307839046206,2018,0
0,0.335438929676823,2018,0
0,0.0898118908079693,2018,0
0,0.0989314654887371,2018,0
0,0.295072704825334,2018,0
0,0.136605605106163,2018,0
0,0.136605605106163,2018,0
0,0.136605605106163,2018,0
0,0.119099983511888,2018,0
0,0.222399315702657,2018,0
0,0.240211991596457,2018,0
0,0.182255346282333,2018,0
0,0.0216153268822217,2018,0
0,0.129659513710863,2018,0
0,0.124776831372207,2018,0
0,0.124776831372207,2018,0
0,0.124776831372207,2018,0
0,0.220031523917992,2018,0
0,0.0731649590254409,2018,0
0,0.0678783711881061,2018,0
0,0.0610197538662841,2018,0
0,0.234062671722237,2018,0
0,0.129028092934499,2018,0
0,0.129028092934499,2018,0
0,0.129028092934499,2018,0
0,0.125328915555643,2018,0
0,0.125328915555643,2018,0
0,0.135401123807678,2018,0
0,0.225023481461951,2018,0
0,0.146517393552278,2018,0
0,0.170183558290357,2018,0
0,0.170183558290357,2018,0
0,0.114630410681045,2018,0
0,0.12719976873996,2018,0
0,0.12719976873996,2018,0
0,0.114851782439963,2018,0
0,0.114851782439963,2018,0
0,0.114851782439963,2018,0
0,0.110636701429186,2018,0
0,0.0545070701656307,2018,0
0,0.0579355373247665,2018,0
0,0.194789544662329,2018,0
0,0.108059218754345,2018,0
0,0.108059218754345,2018,0
0,0.108059218754345,2018,0
0,0.112259008359407,2018,0
0,0.108187192309263,2018,0
0,0.166424114711858,2018,0
0,0.213897226534977,2018,0
0,0.181383407269807,2018,0
0,0.25582524877001,2018,0
0,0.118359544877379,2018,0
0,0.16548769039268,2018,0
0,0.16548769039268,2018,0
0,0.129161190682982,2018,0
0,0.122487065273194,2018,0
0,0.122487065273194,2018,0
0,0.122487065273194,2018,0
0,0.127449157047782,2018,0
0,0.0678162237363865,2018,0
0,0.0727748024055452,2018,0
0,0.241631002671883,2018,0
0,0.129607627664973,2018,0
0,0.129607627664973,2018,0
0,0.128512266776907,2018,0
0,0.117161319261153,2018,0
0,0.117161319261153,2018,0
0,0.199264345918091,2018,0
0,0.188404252642466,2018,0
0,0.115642398375931,2018,0
0,0.185825007180095,2018,0
0,0.185825007180095,2018,0
0,0.135246489600498,2018,0
0,0.176806368632507,2018,0
0,0.11123614564091,2018,0
0,0.119040782954602,2018,0
0,0.083686072206268,2018,0
0,0.126726061421497,2018,0
0,0.126726061421497,2018,0
0,0.121514499301001,2018,0
0,0.115311324014838,2018,0
0,0.115311324014838,2018,0
0,0.113780987470893,2018,0
0,0.185986248446528,2018,0
0,0.185986248446528,2018,0
0,0.123421498372992,2018,0
0,0.152582544216675,2018,0
0,0.152582544216675,2018,0
0,0.112831161958386,2018,0
0,0.204039904689083,2018,0
0,0.194188656171401,2018,0
0,0.11002710043273,2018,0
0,0.11002710043273,2018,0
0,0.11002710043273,2018,0
0,0.141661624812673,2018,0
0,0.0611906212022391,2018,0
0,0.0731367483960729,2018,0
0,0.110412051354501,2018,0
0,0.110412051354501,2018,0
0,0.104338612413535,2018,0
0,0.110857431670302,2018,0
0,0.191486684827023,2018,0
0,0.143421197311583,2018,0
0,0.143421197311583,2018,0
0,0.0993877986584264,2018,0
0,0.116103674925374,2018,0
0,0.101450320275068,2018,0
0,0.165181988509948,2018,0
0,0.090860245734409,2018,0
0,0.090860245734409,2018,0
0,0.090860245734409,2018,0
0,0.0395740792833465,2018,0
0,0.0343425561470407,2018,0
0,0.0771327776951791,2018,0
0,0.0771327776951791,2018,0
0,0.074974520323422,2018,0
0,0.0804865108104102,2018,0
0,0.116524972644867,2018,0
0,0.116524972644867,2018,0
0,0.0818915531762421,2018,0
0,0.0670362251932103,2018,0
0,0.068562057414297,2018,0
0,0.068562057414297,2018,0
0,0.068562057414297,2018,0
0,0.068562057414297,2018,0
0,0.0640474245937932,2018,0
0,0.0306841734010558,2018,0
0,0.0356052716408681,2018,0
0,0.0271472890865588,2018,0
0,0.0716825083439107,2018,0
0,0.0661731553726386,2018,0
0,0.0692706506121539,2018,0
0,0.0800660615070193,2018,0
0,0.150267222602924,2018,0
0,0.150267222602924,2018,0
0,0.150267222602924,2018,0
0,0.111142654495972,2018,0
0,0.148842307960441,2018,0
0,0.148842307960441,2018,0
0,0.0741644821843301,2018,0
0,0.0741644821843301,2018,0
0,0.0747316752629932,2018,0
0,0.0747316752629932,2018,0
0,0.0747316752629932,2018,0
0,0.0747316752629932,2018,0
0,0.070658293029158,2018,0
0,0.0525070342422066,2018,0
0,0.0388883964632495,2018,0
0,0.0805696471212367,2018,0
0,0.0725232523009508,2018,0
0,0.0214990955158929,2018,0
0,0.17280002006627,2018,0
0,0.130347383333734,2018,0
0,0.0730266319849239,2018,0
0,0.123889633791441,2018,0
0,0.0690094434410822,2018,0
0,0.0690094434410822,2018,0
0,0.067623267272561,2018,0
0,0.067623267272561,2018,0
0,0.067623267272561,2018,0
0,0.067623267272561,2018,0
0,0.067623267272561,2018,0
0,0.130701526966775,2018,0
0,0.0672933454170002,2018,0
0,0.0366975211747961,2018,0
0,0.0491350479228945,2018,0
0,0.0624593427605731,2018,0
0,0.00629353239254955,2018,0
0,0.0701090865351172,2018,0
0,0.0567102663297275,2018,0
0,0.0473016439221999,2018,0
0,0.0452198646609444,2018,0
0,0.0452198646609444,2018,0
0,0.0452198646609444,2018,0
0,0.0417008467640328,2018,0
0,0.0417008467640328,2018,0
0,0.0417008467640328,2018,0
0,0.0417008467640328,2018,0
0,0.0414952761442267,2018,0
0,0.0165519071854713,2018,0
0,0.0206840747713241,2018,0
0,0.0385700087893148,2018,0
0,0.00331230644788621,2018,0
0,0.0346616847292096,2018,0
0,0.0370902121229618,2018,0
0,0.0458040895570513,2018,0
0,0.0441118324057039,2018,0
0,0.0439901149195817,2018,0
0,0.0439901149195817,2018,0
0,0.0439901149195817,2018,0
0,0.0357461853472422,2018,0
0,0.0357461853472422,2018,0
0,0.0357461853472422,2018,0
0,0.0357847419006633,2018,0
0,0.0357847419006633,2018,0
0,0.0357847419006633,2018,0
0,0.0357847419006633,2018,0
0,0.0357847419006633,2018,0
0,0.0336468210081525,2018,0
0,0.0350984450499339,2018,0
0,0.0131072880363979,2018,0
0,0.01109172795352,2018,0
0,0.0507107996521919,2018,0
0,0.0345762629026871,2018,0
0,0.0312513929176047,2018,0
0,0.0467624608544534,2018,0
0,0.047278619013907,2018,0
0,0.0475522497563034,2018,0
0,0.0475522497563034,2018,0
0,0.0475522497563034,2018,0
0,0.02980165354803,2018,0
0,0.02980165354803,2018,0
0,0.02980165354803,2018,0
0,0.0288746958166223,2018,0
0,0.0311493219140903,2018,0
0,0.0311493219140903,2018,0
0,0.0286661800560373,2018,0
0,0.0286661800560373,2018,0
0,0.0286661800560373,2018,0
0,0.0286661800560373,2018,0
0,0.0286661800560373,2018,0
0,0.0286661800560373,2018,0
0,0.0285530230744811,2018,0
0,0.0091504324725795,2018,0
0,0.0105781017259213,2018,0
0,0.0105781017259213,2018,0
0,0.0426052357796392,2018,0
0,0.0288097426879752,2018,0
0,0.0288097426879752,2018,0
0,0.0305307431750593,2018,0
0,0.0401655114907514,2018,0
0,0.0401655114907514,2018,0
0,0.0401655114907514,2018,0
0,0.0290683510032139,2018,0
0,0.0290683510032139,2018,0
0,0.0290683510032139,2018,0
0,0.0290683510032139,2018,0
0,0.0293030365316586,2018,0
0,0.0208770286343049,2018,0
0,0.0287939080816286,2018,0
0,0.0287939080816286,2018,0
0,0.0208770286343049,2018,0
0,0.0299871025512266,2018,0
0,0.0299871025512266,2018,0
0,0.0299871025512266,2018,0
0,0.0299871025512266,2018,0
0,0.0299871025512266,2018,0
0,0.0299871025512266,2018,0
0,0.0308392544269476,2018,0
0,0.00972833920205991,2018,0
0,0.00847390671610464,2018,0
0,0.00972833920205991,2018,0
0,0.00909242210859366,2018,0
0,0.0402617656259356,2018,0
0,0.0313859994912895,2018,0
0,0.0313859994912895,2018,0
0,0.0313859994912895,2018,0
0,0.0330504157333037,2018,0
0,0.0334448312462237,2018,0
0,0.0122129433877464,2018,0
0,0.0414740420775001,2018,0
0,0.0414740420775001,2018,0
0,0.0333078992404571,2018,0
0,0.0333078992404571,2018,0
0,0.0333078992404571,2018,0
0,0.0333078992404571,2018,0
0,0.046099944634337,2018,0
0,0.0320187285365229,2018,0
0,0.0214734898261041,2018,0
0,0.0313337848179543,2018,0
0,0.0214734898261041,2018,0
0,0.0313337848179543,2018,0
0,0.0305961208536856,2018,0
0,0.0305961208536856,2018,0
0,0.0305961208536856,2018,0
0,0.0305961208536856,2018,0
0,0.0305961208536856,2018,0
0,0.0305961208536856,2018,0
0,0.0292959212814994,2018,0
0,0.00681359013490351,2018,0
0,0.0076809666963506,2018,0
0,0.00720049899437276,2018,0
0,0.0076809666963506,2018,0
0,0.0333373176764144,2018,0
0,0.0241982071417482,2018,0
0,0.028657371246689,2018,0
0,0.028657371246689,2018,0
0,0.028657371246689,2018,0
0,0.0274195977026591,2018,0
0,0.0251818441494284,2018,0
0,0.0333685209898115,2018,0
0,0.0135365720347688,2018,0
0,0.0328086996943557,2018,0
0,0.0328086996943557,2018,0
0,0.0248551679690653,2018,0
0,0.0248551679690653,2018,0
0,0.0248551679690653,2018,0
0,0.0248551679690653,2018,0
0,0.0248551679690653,2018,0
0,0.0380396134584192,2018,0
0,0.0240597959033613,2018,0
0,0.0240597959033613,2018,0
0,0.018133131893711,2018,0
0,0.0279643232410177,2018,0
0,0.0279643232410177,2018,0
0,0.0279643232410177,2018,0
0,0.018133131893711,2018,0
0,0.0223626704429878,2018,0
0,0.0223626704429878,2018,0
0,0.0223626704429878,2018,0
0,0.0223626704429878,2018,0
0,0.0223626704429878,2018,0
0,0.0223626704429878,2018,0
0,0.0223626704429878,2018,0
0,0.0208321072370446,2018,0
0,0.0208321072370446,2018,0
0,0.00635550696710979,2018,0
0,0.00574279390004525,2018,0
0,0.00596823555283357,2018,0
0,0.00635550696710979,2018,0
0,0.0263269851124167,2018,0
0,0.0208031944228534,2018,0
0,0.0193646478109315,2018,0
0,0.0193646478109315,2018,0
0,0.0193646478109315,2018,0
0,0.0184048364285041,2018,0
0,0.0191264647289238,2018,0
0,0.029698946375577,2018,0
0,0.0235446808668265,2018,0
0,0.0235446808668265,2018,0
0,0.0235446808668265,2018,0
0,0.0235446808668265,2018,0
0,0.0169319843063815,2018,0
0,0.0169319843063815,2018,0
0,0.0169319843063815,2018,0
0,0.0169319843063815,2018,0
0,0.0169319843063815,2018,0
0,0.0169319843063815,2018,0
0,0.0289744522232201,2018,0
0,0.0160445178419029,2018,0
0,0.0160445178419029,2018,0
0,0.0219171495152055,2018,0
0,0.0146990967335058,2018,0
0,0.0219171495152055,2018,0
0,0.0146990967335058,2018,0
0,0.0219171495152055,2018,0
0,0.0219171495152055,2018,0
0,0.0159296152432521,2018,0
0,0.0159296152432521,2018,0
0,0.0159296152432521,2018,0
0,0.0159296152432521,2018,0
0,0.0159296152432521,2018,0
0,0.0161562293720603,2018,0
0,0.0161562293720603,2018,0
0,0.00433903054745225,2018,0
0,0.00444780036713516,2018,0
0,0.00460488078786925,2018,0
0,0.00445813963077558,2018,0
0,0.00460488078786925,2018,0
0,0.0208912066314408,2018,0
0,0.0167859442296789,2018,0
0,0.0164670363984552,2018,0
0,0.0164670363984552,2018,0
0,0.0164670363984552,2018,0
0,0.0163553581350093,2018,0
0,0.0166730601075564,2018,0
0,0.0184958777766299,2018,0
0,0.0255719128775782,2018,0
0,0.0236049809511505,2018,0
0,0.0236049809511505,2018,0
0,0.0236049809511505,2018,0
0,0.0169134410843814,2018,0
0,0.0172657431065029,2018,0
0,0.0172657431065029,2018,0
0,0.0172657431065029,2018,0
0,0.0172657431065029,2018,0
0,0.0172657431065029,2018,0
0,0.0172657431065029,2018,0
0,0.0172657431065029,2018,0
0,0.0172657431065029,2018,0
0,0.0172657431065029,2018,0
0,0.0310319656933369,2018,0
0,0.017422322716908,2018,0
0,0.017422322716908,2018,0
0,0.017422322716908,2018,0
0,0.0244265433080653,2018,0
0,0.0244265433080653,2018,0
0,0.0155511125264901,2018,0
0,0.0155511125264901,2018,0
0,0.0244265433080653,2018,0
0,0.0244265433080653,2018,0
0,0.0177166056323022,2018,0
0,0.0177166056323022,2018,0
0,0.0177166056323022,2018,0
0,0.0177166056323022,2018,0
0,0.0177166056323022,2018,0
0,0.0180660875786861,2018,0
0,0.0180660875786861,2018,0
0,0.0180660875786861,2018,0
0,0.0180660875786861,2018,0
0,0.0180660875786861,2018,0
0,0.00433921597746447,2018,0
0,0.00418270625396573,2018,0
0,0.00433921597746447,2018,0
0,0.00409019099054687,2018,0
0,0.00420750294017142,2018,0
0,0.0198899625475194,2018,0
0,0.0185845560838142,2018,0
0,0.0185845560838142,2018,0
0,0.0185845560838142,2018,0
0,0.0185845560838142,2018,0
0,0.0187246305767828,2018,0
0,0.0163108594918632,2018,0
0,0.0194952774679912,2018,0
0,0.0337975876764019,2018,0
0,0.02767686246987,2018,0
0,0.0292026377881942,2018,0
0,0.0246880306670291,2018,0
0,0.02767686246987,2018,0
0,0.0179640166137862,2018,0
0,0.0179640166137862,2018,0
0,0.0179640166137862,2018,0
0,0.0266513103544853,2018,0
0,0.0266513103544853,2018,0
0,0.0266513103544853,2018,0
0,0.0172109417635109,2018,0
0,0.0189061254521798,2018,0
0,0.0189061254521798,2018,0
0,0.0189061254521798,2018,0
0,0.0189061254521798,2018,0
0,0.0189061254521798,2018,0
0,0.0189061254521798,2018,0
0,0.0189061254521798,2018,0
0,0.0189061254521798,2018,0
0,0.0189061254521798,2018,0
0,0.0189061254521798,2018,0
0,0.0357359182527558,2018,0
0,0.0201998355790236,2018,0
0,0.0201998355790236,2018,0
0,0.0201998355790236,2018,0
0,0.0365523437174643,2018,0
0,0.0287174788194394,2018,0
0,0.0287174788194394,2018,0
0,0.0163722429469281,2018,0
0,0.0287174788194394,2018,0
0,0.0163722429469281,2018,0
0,0.0287174788194394,2018,0
0,0.0206672588950215,2018,0
0,0.0206672588950215,2018,0
0,0.0206672588950215,2018,0
0,0.0206672588950215,2018,0
0,0.0206672588950215,2018,0
0,0.0206461555642258,2018,0
0,0.0206461555642258,2018,0
0,0.0206461555642258,2018,0
0,0.0206461555642258,2018,0
0,0.0206461555642258,2018,0
0,0.00501354913005668,2018,0
0,0.00501354913005668,2018,0
0,0.00480608588324752,2018,0
0,0.00471439594783179,2018,0
0,0.00459460687104223,2018,0
0,0.0209792030744828,2018,0
0,0.0202204070058991,2018,0
0,0.0202204070058991,2018,0
0,0.0202204070058991,2018,0
0,0.0202204070058991,2018,0
0,0.0202204070058991,2018,0
0,0.0202204070058991,2018,0
0,0.0185226217962556,2018,0
0,0.0185226217962556,2018,0
0,0.0200822564900893,2018,0
0,0.0353890670991964,2018,0
0,0.0311683786123126,2018,0
0,0.0311683786123126,2018,0
0,0.0269427724524347,2018,0
0,0.0331662244967613,2018,0
0,0.0286434312372231,2018,0
0,0.0286434312372231,2018,0
0,0.0286434312372231,2018,0
0,0.0274271092258674,2018,0
0,0.0274271092258674,2018,0
0,0.0274271092258674,2018,0
0,0.0263423982314123,2018,0
0,0.0170526361280178,2018,0
0,0.0197387828995444,2018,0
0,0.0197387828995444,2018,0
0,0.0197387828995444,2018,0
0,0.0197387828995444,2018,0
0,0.0197387828995444,2018,0
0,0.0197387828995444,2018,0
0,0.0197387828995444,2018,0
0,0.0197387828995444,2018,0
0,0.0197387828995444,2018,0
0,0.0197387828995444,2018,0
0,0.0197387828995444,2018,0
0,0.0375997375269179,2018,0
0,0.0193807421130874,2018,0
0,0.0193807421130874,2018,0
0,0.0193807421130874,2018,0
0,0.0193807421130874,2018,0
0,0.0370733171188595,2018,0
0,0.0264775338702015,2018,0
0,0.0143535611719645,2018,0
0,0.0264775338702015,2018,0
0,0.0143535611719645,2018,0
0,0.0264775338702015,2018,0
0,0.0264775338702015,2018,0
0,0.0193823305378587,2018,0
0,0.0193823305378587,2018,0
0,0.0193823305378587,2018,0
0,0.0193823305378587,2018,0
0,0.0193823305378587,2018,0
0,0.0281365457216694,2018,0
0,0.0193821441629651,2018,0
0,0.0193821441629651,2018,0
0,0.0193821441629651,2018,0
0,0.0193821441629651,2018,0
0,0.0193821441629651,2018,0
0,0.00447079888181248,2018,0
0,0.00427256270492561,2018,0
0,0.00466686342449239,2018,0
0,0.00438898835279467,2018,0
0,0.00466686342449239,2018,0
0,0.0199133348036871,2018,0
0,0.0190411030064769,2018,0
0,0.0190411030064769,2018,0
0,0.0190411030064769,2018,0
0,0.0190411030064769,2018,0
0,0.0190411030064769,2018,0
0,0.0190411030064769,2018,0
0,0.0190411030064769,2018,0
0,0.0158728549318597,2018,0
0,0.0158728549318597,2018,0
0,0.0187392890919769,2018,0
0,0.0187597569110631,2018,0
0,0.0319545834732388,2018,0
0,0.0295583410534534,2018,0
0,0.0230268822263188,2018,0
0,0.0278596627980401,2018,0
0,0.0278596627980401,2018,0
0,0.0305432424811629,2018,0
0,0.0305432424811629,2018,0
0,0.0305432424811629,2018,0
0,0.021775396893451,2018,0
0,0.0226285888467745,2018,0
0,0.0226285888467745,2018,0
0,0.0159915353175754,2018,0
0,0.0185568243576039,2018,0
0,0.0185568243576039,2018,0
0,0.0185568243576039,2018,0
0,0.0185568243576039,2018,0
0,0.0185568243576039,2018,0
0,0.0185568243576039,2018,0
0,0.0185568243576039,2018,0
0,0.0185568243576039,2018,0
0,0.0185568243576039,2018,0
0,0.0185568243576039,2018,0
0,0.0185568243576039,2018,0
0,0.0396305061797084,2018,0
0,0.0179866808376977,2018,0
0,0.0179866808376977,2018,0
0,0.0179866808376977,2018,0
0,0.0179866808376977,2018,0
0,0.0398131290451222,2018,0
0,0.0262392932228557,2018,0
0,0.0122115931520623,2018,0
0,0.0262392932228557,2018,0
0,0.0262392932228557,2018,0
0,0.0122115931520623,2018,0
0,0.0262392932228557,2018,0
0,0.0175175480028151,2018,0
0,0.0175175480028151,2018,0
0,0.0175175480028151,2018,0
0,0.0175175480028151,2018,0
0,0.0175175480028151,2018,0
0,0.0175175480028151,2018,0
0,0.0175175480028151,2018,0
0,0.0276803979238025,2018,0
0,0.0172905130457383,2018,0
0,0.0172905130457383,2018,0
0,0.0172905130457383,2018,0
0,0.0172905130457383,2018,0
0,0.0172905130457383,2018,0
0,0.00408592234243642,2018,0
0,0.00421235043568934,2018,0
0,0.00428402231225011,2018,0
0,0.00448750308685279,2018,0
0,0.00448750308685279,2018,0
0,0.0187639111278098,2018,0
0,0.0167470040591607,2018,0
0,0.0167470040591607,2018,0
0,0.0167470040591607,2018,0
0,0.0167470040591607,2018,0
0,0.0167470040591607,2018,0
0,0.0167470040591607,2018,0
0,0.0167470040591607,2018,0
0,0.0167470040591607,2018,0
0,0.013968781005873,2018,0
0,0.013968781005873,2018,0
0,0.0143207218585793,2018,0
0,0.0143207218585793,2018,0
0,0.0160950427708996,2018,0
0,0.0155486664890817,2018,0
0,0.019049261784996,2018,0
0,0.0272036966563961,2018,0
0,0.0199740686531751,2018,0
0,0.0257419029838067,2018,0
0,0.0244646640648863,2018,0
0,0.0244646640648863,2018,0
0,0.0324434946999669,2018,0
0,0.0324434946999669,2018,0
0,0.0324434946999669,2018,0
0,0.0185041466873507,2018,0
0,0.0185041466873507,2018,0
0,0.0211588516162332,2018,0
0,0.0178933273003722,2018,0
0,0.0152265562165505,2018,0
0,0.0152265562165505,2018,0
0,0.0152265562165505,2018,0
0,0.0152265562165505,2018,0
0,0.0152265562165505,2018,0
0,0.0152265562165505,2018,0
0,0.0152265562165505,2018,0
0,0.0152265562165505,2018,0
0,0.0152265562165505,2018,0
0,0.0152265562165505,2018,0
0,0.0152265562165505,2018,0
0,0.0383541996653318,2018,0
0,0.0148451424661689,2018,0
0,0.0148451424661689,2018,0
0,0.0148451424661689,2018,0
0,0.0148451424661689,2018,0
0,0.0393405458975982,2018,0
0,0.0108813488151174,2018,0
0,0.0247896842538782,2018,0
0,0.0247896842538782,2018,0
0,0.0247896842538782,2018,0
0,0.0247896842538782,2018,0
0,0.0108813488151174,2018,0
0,0.014712618708522,2018,0
0,0.014712618708522,2018,0
0,0.014712618708522,2018,0
0,0.014712618708522,2018,0
0,0.014712618708522,2018,0
0,0.014712618708522,2018,0
0,0.014712618708522,2018,0
0,0.0142488087771314,2018,0
0,0.0142488087771314,2018,0
0,0.0142488087771314,2018,0
0,0.0142488087771314,2018,0
0,0.00396648357566553,2018,0
0,0.00401077871479743,2018,0
0,0.00381503484206833,2018,0
0,0.00423258601042539,2018,0
0,0.00423258601042539,2018,0
0,0.0175853175841711,2018,0
0,0.0249934711843568,2018,0
0,0.0140090444842769,2018,0
0,0.0140090444842769,2018,0
0,0.0140090444842769,2018,0
0,0.0140090444842769,2018,0
0,0.0140090444842769,2018,0
0,0.0140090444842769,2018,0
0,0.0140090444842769,2018,0
0,0.0140090444842769,2018,0
0,0.0140090444842769,2018,0
0,0.0140090444842769,2018,0
0,0.0140090444842769,2018,0
0,0.0140090444842769,2018,0
0,0.0130443643678495,2018,0
0,0.0130443643678495,2018,0
0,0.0138333124830134,2018,0
0,0.0138333124830134,2018,0
0,0.0138333124830134,2018,0
0,0.0138333124830134,2018,0
0,0.0138116302289878,2018,0
0,0.0137725370491648,2018,0
0,0.0182704687909104,2018,0
0,0.0299428233230668,2018,0
0,0.0299428233230668,2018,0
0,0.0299428233230668,2018,0
0,0.0299428233230668,2018,0
0,0.0264041224455068,2018,0
0,0.0256964389792834,2018,0
0,0.0201974554265717,2018,0
0,0.0244778172730601,2018,0
0,0.0396263494490899,2018,0
0,0.0396263494490899,2018,0
0,0.0396263494490899,2018,0
0,0.0185929453728002,2018,0
0,0.0185929453728002,2018,0
0,0.0185929453728002,2018,0
0,0.0185929453728002,2018,0
0,0.0180156399521364,2018,0
0,0.0210671483706109,2018,0
0,0.0138835179146654,2018,0
0,0.0138835179146654,2018,0
0,0.0138835179146654,2018,0
0,0.0138835179146654,2018,0
0,0.0138835179146654,2018,0
0,0.0138835179146654,2018,0
0,0.0138835179146654,2018,0
0,0.0138835179146654,2018,0
0,0.0138835179146654,2018,0
0,0.0138835179146654,2018,0
0,0.0138835179146654,2018,0
0,0.037937377772841,2018,0
0,0.0138605272238769,2018,0
0,0.0138605272238769,2018,0
0,0.0138605272238769,2018,0
0,0.0138605272238769,2018,0
0,0.0138605272238769,2018,0
0,0.0383418344644949,2018,0
0,0.0114085731868632,2018,0
0,0.0240708315386869,2018,0
0,0.0240708315386869,2018,0
0,0.0114085731868632,2018,0
0,0.0240708315386869,2018,0
0,0.0240708315386869,2018,0
0,0.0140203864383653,2018,0
0,0.0140203864383653,2018,0
0,0.0140203864383653,2018,0
0,0.0140203864383653,2018,0
0,0.0140203864383653,2018,0
0,0.0140203864383653,2018,0
0,0.0138837100709503,2018,0
0,0.0138837100709503,2018,0
0,0.0138837100709503,2018,0
0,0.0138837100709503,2018,0
0,0.00440689026329645,2018,0
0,0.00440689026329645,2018,0
0,0.00415238195038693,2018,0
0,0.0039321045671347,2018,0
0,0.00410585056994444,2018,0
0,0.0188182748102534,2018,0
0,0.027937716303646,2018,0
0,0.027937716303646,2018,0
0,0.0141827357974613,2018,0
0,0.0141827357974613,2018,0
0,0.0141827357974613,2018,0
0,0.0141827357974613,2018,0
0,0.0141827357974613,2018,0
0,0.0141827357974613,2018,0
0,0.0141827357974613,2018,0
0,0.0141827357974613,2018,0
0,0.0141827357974613,2018,0
0,0.0141827357974613,2018,0
0,0.0141827357974613,2018,0
0,0.0141827357974613,2018,0
0,0.0127603214997698,2018,0
0,0.0127603214997698,2018,0
0,0.0139105723718567,2018,0
0,0.0139105723718567,2018,0
0,0.0139105723718567,2018,0
0,0.0139105723718567,2018,0
0,0.0145948536222839,2018,0
0,0.0132007636977123,2018,0
0,0.0203726763271418,2018,0
0,0.0203726763271418,2018,0
0,0.0148491683989172,2018,0
0,0.0192704997348621,2018,0
0,0.0320929925537621,2018,0
0,0.0320929925537621,2018,0
0,0.0276942433335499,2018,0
0,0.0270994874820075,2018,0
0,0.0210622568145167,2018,0
0,0.0257048678527576,2018,0
0,0.0478630854262306,2018,0
0,0.0478630854262306,2018,0
0,0.0478630854262306,2018,0
0,0.0200803921728654,2018,0
0,0.0207694218974994,2018,0
0,0.0207694218974994,2018,0
0,0.0207694218974994,2018,0
0,0.0207694218974994,2018,0
0,0.0207694218974994,2018,0
0,0.0156587815492945,2018,0
0,0.0156587815492945,2018,0
0,0.0156587815492945,2018,0
0,0.0156587815492945,2018,0
0,0.0156587815492945,2018,0
0,0.0156587815492945,2018,0
0,0.0156587815492945,2018,0
0,0.0156587815492945,2018,0
0,0.0156587815492945,2018,0
0,0.0156587815492945,2018,0
0,0.0156587815492945,2018,0
0,0.0419849365307806,2018,0
0,0.033265038804275,2018,0
0,0.0162966864481207,2018,0
0,0.0162966864481207,2018,0
0,0.0162966864481207,2018,0
0,0.0162966864481207,2018,0
0,0.0162966864481207,2018,0
0,0.0162966864481207,2018,0
0,0.0428723039721536,2018,0
0,0.0130703532963309,2018,0
0,0.0130703532963309,2018,0
0,0.0290225750440897,2018,0
0,0.0290225750440897,2018,0
0,0.0290225750440897,2018,0
0,0.0290225750440897,2018,0
0,0.0163287088859418,2018,0
0,0.0163287088859418,2018,0
0,0.0163287088859418,2018,0
0,0.0163287088859418,2018,0
0,0.0163287088859418,2018,0
0,0.0163287088859418,2018,0
0,0.0166947480823793,2018,0
0,0.0166947480823793,2018,0
0,0.0166947480823793,2018,0
0,0.0166947480823793,2018,0
0,0.00491072661688142,2018,0
0,0.00525310461320775,2018,0
0,0.0056192774009517,2018,0
0,0.00513011373455075,2018,0
0,0.0056192774009517,2018,0
0,0.0243879952159221,2018,0
0,0.0326934395716085,2018,0
0,0.0326934395716085,2018,0
0,0.0326934395716085,2018,0
0,0.0173131838176849,2018,0
0,0.0173131838176849,2018,0
0,0.0173131838176849,2018,0
0,0.0173131838176849,2018,0
0,0.0173131838176849,2018,0
0,0.0173131838176849,2018,0
0,0.0173131838176849,2018,0
0,0.0173131838176849,2018,0
0,0.0173131838176849,2018,0
0,0.0173131838176849,2018,0
0,0.0173131838176849,2018,0
0,0.0173131838176849,2018,0
0,0.0159006240661918,2018,0
0,0.0159006240661918,2018,0
0,0.017558064606251,2018,0
0,0.017558064606251,2018,0
0,0.017558064606251,2018,0
0,0.017558064606251,2018,0
0,0.0179119426566431,2018,0
0,0.0165096322921868,2018,0
0,0.0257085531508469,2018,0
0,0.0257085531508469,2018,0
0,0.018413428875534,2018,0
0,0.023877121527905,2018,0
0,0.0395600064750184,2018,0
0,0.0395600064750184,2018,0
0,0.0335548228065763,2018,0
0,0.0309850035798376,2018,0
0,0.0329141209270395,2018,0
0,0.0643990724124603,2018,0
0,0.0643990724124603,2018,0
0,0.0643990724124603,2018,0
0,0.0260858699494125,2018,0
0,0.0252858935252343,2018,0
0,0.0188683909131621,2018,0
0,0.0188683909131621,2018,0
0,0.0188683909131621,2018,0
0,0.0188683909131621,2018,0
0,0.0188683909131621,2018,0
0,0.0188683909131621,2018,0
0,0.0188683909131621,2018,0
0,0.0188683909131621,2018,0
0,0.0188683909131621,2018,0
0,0.0188683909131621,2018,0
0,0.0188683909131621,2018,0
0,0.0507294668605684,2018,0
0,0.0414741266119444,2018,0
0,0.017579501327813,2018,0
0,0.0194417665038849,2018,0
0,0.0194417665038849,2018,0
0,0.0194417665038849,2018,0
0,0.0194417665038849,2018,0
0,0.0194417665038849,2018,0
0,0.0194417665038849,2018,0
0,0.0521115634769462,2018,0
0,0.0155314905589841,2018,0
0,0.0359218619011991,2018,0
0,0.0155314905589841,2018,0
0,0.0202873139104015,2018,0
0,0.0202873139104015,2018,0
0,0.0202873139104015,2018,0
0,0.0202873139104015,2018,0
0,0.0202873139104015,2018,0
0,0.0202873139104015,2018,0
0,0.0202873139104015,2018,0
0,0.0210738270920617,2018,0
0,0.0210738270920617,2018,0
0,0.0210738270920617,2018,0
0,0.0210738270920617,2018,0
0,0.00689558824236643,2018,0
0,0.00613501162680399,2018,0
0,0.00582916498625573,2018,0
0,0.00689558824236643,2018,0
0,0.00634786312231731,2018,0
0,0.0409193636818883,2018,0
0,0.0409193636818883,2018,0
0,0.0212110928040438,2018,0
0,0.0212110928040438,2018,0
0,0.0212110928040438,2018,0
0,0.0212110928040438,2018,0
0,0.0212110928040438,2018,0
0,0.0212110928040438,2018,0
0,0.0212110928040438,2018,0
0,0.0212110928040438,2018,0
0,0.0212110928040438,2018,0
0,0.0212110928040438,2018,0
0,0.0212110928040438,2018,0
0,0.0212110928040438,2018,0
0,0.0195131836466135,2018,0
0,0.0195131836466135,2018,0
0,0.0195131836466135,2018,0
0,0.0220518287041053,2018,0
0,0.0220518287041053,2018,0
0,0.0220518287041053,2018,0
0,0.0220518287041053,2018,0
0,0.0217041958768714,2018,0
0,0.0200659284139349,2018,0
0,0.0324646520256919,2018,0
0,0.0324646520256919,2018,0
0,0.0224249207810175,2018,0
0,0.0293707410811701,2018,0
0,0.0503205012710688,2018,0
0,0.0503205012710688,2018,0
0,0.0503205012710688,2018,0
0,0.0431275051967594,2018,0
0,0.0409513532953007,2018,0
0,0.0381528672766243,2018,0
0,0.0731954451687555,2018,0
0,0.0731954451687555,2018,0
0,0.0731954451687555,2018,0
0,0.0326129419302922,2018,0
0,0.0383253036956647,2018,0
0,0.0326129419302922,2018,0
0,0.0324438791582987,2018,0
0,0.0314285828346729,2018,0
0,0.0326129419302922,2018,0
0,0.0326129419302922,2018,0
0,0.0226228878374315,2018,0
0,0.0226228878374315,2018,0
0,0.0226228878374315,2018,0
0,0.0226228878374315,2018,0
0,0.0226228878374315,2018,0
0,0.0226228878374315,2018,0
0,0.0226228878374315,2018,0
0,0.0226228878374315,2018,0
0,0.0226228878374315,2018,0
0,0.0226228878374315,2018,0
0,0.062690773222344,2018,0
0,0.0506337333148283,2018,0
0,0.0210984074339625,2018,0
0,0.0230512976654969,2018,0
0,0.0230512976654969,2018,0
0,0.0230512976654969,2018,0
0,0.0230512976654969,2018,0
0,0.0230512976654969,2018,0
0,0.0230512976654969,2018,0
0,0.0631427048530015,2018,0
0,0.0404991060902021,2018,0
0,0.0177823864517963,2018,0
0,0.0177823864517963,2018,0
0,0.0241140995460263,2018,0
0,0.0241140995460263,2018,0
0,0.0241140995460263,2018,0
0,0.0241140995460263,2018,0
0,0.0241140995460263,2018,0
0,0.0241140995460263,2018,0
0,0.0241140995460263,2018,0
0,0.0251718492308574,2018,0
0,0.0251718492308574,2018,0
0,0.0071415542578256,2018,0
0,0.00744113431025362,2018,0
0,0.00811558536374116,2018,0
0,0.00811558536374116,2018,0
0,0.00678685918248213,2018,0
0,0.0457248095575732,2018,0
0,0.0457248095575732,2018,0
0,0.025982216771894,2018,0
0,0.025982216771894,2018,0
0,0.025982216771894,2018,0
0,0.025982216771894,2018,0
0,0.025982216771894,2018,0
0,0.025982216771894,2018,0
0,0.025982216771894,2018,0
0,0.025982216771894,2018,0
0,0.025982216771894,2018,0
0,0.025982216771894,2018,0
0,0.025982216771894,2018,0
0,0.025982216771894,2018,0
0,0.0712526580609047,2018,0
0,0.0241229427501027,2018,0
0,0.0241229427501027,2018,0
0,0.0241229427501027,2018,0
0,0.0267880520156369,2018,0
0,0.0267880520156369,2018,0
0,0.0267880520156369,2018,0
0,0.0267880520156369,2018,0
0,0.0267880520156369,2018,0
0,0.0260951442026443,2018,0
0,0.0240295172649149,2018,0
0,0.0397673918967969,2018,0
0,0.0397673918967969,2018,0
0,0.0261639694167396,2018,0
0,0.0261639694167396,2018,0
0,0.032580073409718,2018,0
0,0.051414107492074,2018,0
0,0.051414107492074,2018,0
0,0.051414107492074,2018,0
0,0.051414107492074,2018,0
0,0.0455952037424352,2018,0
0,0.0405817052535369,2018,0
0,0.0378797585705597,2018,0
0,0.033458192586692,2018,0
0,0.0907934698531983,2018,0
0,0.0907934698531983,2018,0
0,0.0907934698531983,2018,0
0,0.0337013081860979,2018,0
0,0.0350288394740884,2018,0
0,0.0350288394740884,2018,0
0,0.0350288394740884,2018,0
0,0.0350288394740884,2018,0
0,0.0349253664463787,2018,0
0,0.0416595056009252,2018,0
0,0.0258660947443061,2018,0
0,0.0258660947443061,2018,0
0,0.0258660947443061,2018,0
0,0.0258660947443061,2018,0
0,0.0258660947443061,2018,0
0,0.0258660947443061,2018,0
0,0.0258660947443061,2018,0
0,0.0258660947443061,2018,0
0,0.0258660947443061,2018,0
0,0.0258660947443061,2018,0
0,0.0668253199287518,2018,0
0,0.0508292579669129,2018,0
0,0.0254793276245363,2018,0
0,0.0254793276245363,2018,0
0,0.0254793276245363,2018,0
0,0.0254793276245363,2018,0
0,0.0254793276245363,2018,0
0,0.0254793276245363,2018,0
0,0.0667963707617098,2018,0
0,0.0667963707617098,2018,0
0,0.0180374343392086,2018,0
0,0.0396089710826897,2018,0
0,0.0180374343392086,2018,0
0,0.0249654708839496,2018,0
0,0.0249654708839496,2018,0
0,0.0249654708839496,2018,0
0,0.0249654708839496,2018,0
0,0.0249654708839496,2018,0
0,0.0249654708839496,2018,0
0,0.0249654708839496,2018,0
0,0.0249654708839496,2018,0
0,0.0249654708839496,2018,0
0,0.0247916246462289,2018,0
0,0.0253503221103499,2018,0
0,0.0253503221103499,2018,0
0,0.00818002110080113,2018,0
0,0.00818002110080113,2018,0
0,0.00751829578761513,2018,0
0,0.00721164334866791,2018,0
0,0.00686844424651759,2018,0
0,0.0447748742656445,2018,0
0,0.0447748742656445,2018,0
0,0.0253733780690924,2018,0
0,0.0253733780690924,2018,0
0,0.0253733780690924,2018,0
0,0.0253733780690924,2018,0
0,0.0253733780690924,2018,0
0,0.0253733780690924,2018,0
0,0.0253733780690924,2018,0
0,0.0253733780690924,2018,0
0,0.0253733780690924,2018,0
0,0.0253733780690924,2018,0
0,0.0253733780690924,2018,0
0,0.0253733780690924,2018,0
0,0.0735467199212316,2018,0
0,0.0251689371059961,2018,0
0,0.0251689371059961,2018,0
0,0.0286150583727448,2018,0
0,0.0286150583727448,2018,0
0,0.0286150583727448,2018,0
0,0.0286150583727448,2018,0
0,0.0286150583727448,2018,0
0,0.0246534230492983,2018,0
0,0.0447869646161409,2018,0
0,0.0242495984308145,2018,0
0,0.0390701131361218,2018,0
0,0.0390701131361218,2018,0
0,0.0237983504365871,2018,0
0,0.0237983504365871,2018,0
0,0.0286808084477505,2018,0
0,0.0462627069099615,2018,0
0,0.0462627069099615,2018,0
0,0.0462627069099615,2018,0
0,0.0462627069099615,2018,0
0,0.0388055645940042,2018,0
0,0.0294157811066403,2018,0
0,0.0345179759650786,2018,0
0,0.0369486949200948,2018,0
0,0.0767433564810871,2018,0
0,0.0767433564810871,2018,0
0,0.0767433564810871,2018,0
0,0.0326313011921538,2018,0
0,0.031341433271876,2018,0
0,0.038915292991315,2018,0
0,0.0325289004326141,2018,0
0,0.0228255186035317,2018,0
0,0.0228255186035317,2018,0
0,0.0228255186035317,2018,0
0,0.0228255186035317,2018,0
0,0.0228255186035317,2018,0
0,0.0228255186035317,2018,0
0,0.0228255186035317,2018,0
0,0.0228255186035317,2018,0
0,0.0228255186035317,2018,0
0,0.0228255186035317,2018,0
0,0.0624980361356477,2018,0
0,0.0450625745582538,2018,0
0,0.0221596058414849,2018,0
0,0.0221596058414849,2018,0
0,0.0221596058414849,2018,0
0,0.0221596058414849,2018,0
0,0.0221596058414849,2018,0
0,0.0221596058414849,2018,0
0,0.062554939701775,2018,0
0,0.062554939701775,2018,0
0,0.0382271057524058,2018,0
0,0.0163344047303198,2018,0
0,0.0382271057524058,2018,0
0,0.0382271057524058,2018,0
0,0.0163344047303198,2018,0
0,0.0382271057524058,2018,0
0,0.0213566362096057,2018,0
0,0.0213566362096057,2018,0
0,0.0213566362096057,2018,0
0,0.0213566362096057,2018,0
0,0.0213566362096057,2018,0
0,0.0213566362096057,2018,0
0,0.0213566362096057,2018,0
0,0.0213566362096057,2018,0
0,0.0213566362096057,2018,0
0,0.020816338251388,2018,0
0,0.0205658371531512,2018,0
0,0.0205658371531512,2018,0
0,0.00690422286643445,2018,0
0,0.00580493379132871,2018,0
0,0.00612878338671675,2018,0
0,0.00690422286643445,2018,0
0,0.00633433283129242,2018,0
0,0.0200569831881185,2018,0
0,0.0292997100362736,2018,0
0,0.0418141962392322,2018,0
0,0.019806331011025,2018,0
0,0.019806331011025,2018,0
0,0.019806331011025,2018,0
0,0.019806331011025,2018,0
0,0.019806331011025,2018,0
0,0.019806331011025,2018,0
0,0.019806331011025,2018,0
0,0.019806331011025,2018,0
0,0.019806331011025,2018,0
0,0.019806331011025,2018,0
0,0.019806331011025,2018,0
0,0.019806331011025,2018,0
0,0.0773197176615267,2018,0
0,0.0773197176615267,2018,0
0,0.0206270271409736,2018,0
0,0.0206270271409736,2018,0
0,0.0245559427845049,2018,0
0,0.0245559427845049,2018,0
0,0.0245559427845049,2018,0
0,0.0245559427845049,2018,0
0,0.0245559427845049,2018,0
0,0.0425787233835722,2018,0
0,0.0219789927224842,2018,0
0,0.0355921742188712,2018,0
0,0.0355921742188712,2018,0
0,0.02021465856343,2018,0
0,0.02021465856343,2018,0
0,0.0259901320315528,2018,0
0,0.0463034069290513,2018,0
0,0.0463034069290513,2018,0
0,0.0463034069290513,2018,0
0,0.0463034069290513,2018,0
0,0.0383089118826362,2018,0
0,0.0298999893289645,2018,0
0,0.0356394807481862,2018,0
0,0.0663534556945189,2018,0
0,0.0663534556945189,2018,0
0,0.0663534556945189,2018,0
0,0.0380405685620272,2018,0
0,0.0321286631740126,2018,0
0,0.0321286631740126,2018,0
0,0.031952124888542,2018,0
0,0.0308890416175876,2018,0
0,0.0321286631740126,2018,0
0,0.020590895018345,2018,0
0,0.020590895018345,2018,0
0,0.020590895018345,2018,0
0,0.020590895018345,2018,0
0,0.020590895018345,2018,0
0,0.020590895018345,2018,0
0,0.020590895018345,2018,0
0,0.020590895018345,2018,0
0,0.020590895018345,2018,0
0,0.020590895018345,2018,0
0,0.0608535125188405,2018,0
0,0.0466620455149661,2018,0
0,0.0210367186890864,2018,0
0,0.0210367186890864,2018,0
0,0.0210367186890864,2018,0
0,0.0210367186890864,2018,0
0,0.0210367186890864,2018,0
0,0.0210367186890864,2018,0
0,0.0609445954468945,2018,0
0,0.0609445954468945,2018,0
0,0.0400156793532314,2018,0
0,0.0400156793532314,2018,0
0,0.0400156793532314,2018,0
0,0.0173152387801583,2018,0
0,0.0400156793532314,2018,0
0,0.0173152387801583,2018,0
0,0.0213193677390503,2018,0
0,0.0213193677390503,2018,0
0,0.0213193677390503,2018,0
0,0.0213193677390503,2018,0
0,0.0213193677390503,2018,0
0,0.0213193677390503,2018,0
0,0.0213193677390503,2018,0
0,0.0213193677390503,2018,0
0,0.0213193677390503,2018,0
0,0.0217085328095027,2018,0
0,0.0211812362257029,2018,0
0,0.0211812362257029,2018,0
0,0.0136023169915579,2018,0
0,0.00717292085949546,2018,0
0,0.00688204681156866,2018,0
0,0.00656660244988986,2018,0
0,0.00778342938403326,2018,0
0,0.00778342938403326,2018,0
0,0.0339140204743103,2018,0
0,0.0319460496778459,2018,0
0,0.040322253153472,2018,0
0,0.040322253153472,2018,0
0,0.0219431493017978,2018,0
0,0.0219431493017978,2018,0
0,0.0219431493017978,2018,0
0,0.0219431493017978,2018,0
0,0.0219431493017978,2018,0
0,0.0219431493017978,2018,0
0,0.0219431493017978,2018,0
0,0.0219431493017978,2018,0
0,0.0219431493017978,2018,0
0,0.0219431493017978,2018,0
0,0.0219431493017978,2018,0
0,0.0219431493017978,2018,0
0,0.0738337505545641,2018,0
0,0.0738337505545641,2018,0
0,0.0548978392907433,2018,0
0,0.0548978392907433,2018,0
0,0.0548978392907433,2018,0
0,0.0229588659905545,2018,0
0,0.0229588659905545,2018,0
0,0.0229588659905545,2018,0
0,0.0229588659905545,2018,0
0,0.0283281035260185,2018,0
0,0.0283281035260185,2018,0
0,0.0283281035260185,2018,0
0,0.0283281035260185,2018,0
0,0.0262371335765944,2018,0
0,0.0262371335765944,2018,0
0,0.0262371335765944,2018,0
0,0.0262371335765944,2018,0
0,0.0262371335765944,2018,0
0,0.0234523601760232,2018,0
0,0.0387185615169262,2018,0
0,0.0387185615169262,2018,0
0,0.0235004065752238,2018,0
0,0.0235004065752238,2018,0
0,0.0300062600320453,2018,0
0,0.0522481924801623,2018,0
0,0.0522481924801623,2018,0
0,0.0522481924801623,2018,0
0,0.0522481924801623,2018,0
0,0.0339862252020197,2018,0
0,0.040665344039943,2018,0
0,0.0379787358961941,2018,0
0,0.0753228328130744,2018,0
0,0.0753228328130744,2018,0
0,0.0753228328130744,2018,0
0,0.0395802382327814,2018,0
0,0.0395802382327814,2018,0
0,0.038117753508445,2018,0
0,0.0394010716980776,2018,0
0,0.0395802382327814,2018,0
0,0.0470672755089229,2018,0
0,0.0395802382327814,2018,0
0,0.024470431707105,2018,0
0,0.024470431707105,2018,0
0,0.024470431707105,2018,0
0,0.024470431707105,2018,0
0,0.024470431707105,2018,0
0,0.024470431707105,2018,0
0,0.024470431707105,2018,0
0,0.024470431707105,2018,0
0,0.024470431707105,2018,0
0,0.024470431707105,2018,0
0,0.0592809954550642,2018,0
0,0.0542049610474092,2018,0
0,0.0252883540783388,2018,0
0,0.0252883540783388,2018,0
0,0.0252883540783388,2018,0
0,0.0252883540783388,2018,0
0,0.0252883540783388,2018,0
0,0.0252883540783388,2018,0
0,0.0602965704100701,2018,0
0,0.0602965704100701,2018,0
0,0.0192852797566977,2018,0
0,0.039605242735572,2018,0
0,0.039605242735572,2018,0
0,0.0192852797566977,2018,0
0,0.039605242735572,2018,0
0,0.039605242735572,2018,0
0,0.0259133938296293,2018,0
0,0.0270352053617352,2018,0
0,0.0270352053617352,2018,0
0,0.0270352053617352,2018,0
0,0.0270352053617352,2018,0
0,0.0270352053617352,2018,0
0,0.0270352053617352,2018,0
0,0.0270352053617352,2018,0
0,0.0270352053617352,2018,0
0,0.0270352053617352,2018,0
0,0.0283139246092573,2018,0
0,0.0283139246092573,2018,0
0,0.00818121567846712,2018,0
0,0.00850464866167146,2018,0
0,0.00975002725865571,2018,0
0,0.00899968347461546,2018,0
0,0.00975002725865571,2018,0
0,0.0425465976217553,2018,0
0,0.0399866554935244,2018,0
0,0.045341476280187,2018,0
0,0.045341476280187,2018,0
0,0.045341476280187,2018,0
0,0.0286042798885833,2018,0
0,0.0286042798885833,2018,0
0,0.0286042798885833,2018,0
0,0.0286042798885833,2018,0
0,0.0286042798885833,2018,0
0,0.0286042798885833,2018,0
0,0.0286042798885833,2018,0
0,0.0286042798885833,2018,0
0,0.0286042798885833,2018,0
0,0.0286042798885833,2018,0
0,0.0286042798885833,2018,0
0,0.0286042798885833,2018,0
0,0.0802408770658943,2018,0
0,0.0802408770658943,2018,0
0,0.0663462334546297,2018,0
0,0.0577475934106609,2018,0
0,0.0663462334546297,2018,0
0,0.0663462334546297,2018,0
0,0.0291244596134179,2018,0
0,0.0291244596134179,2018,0
0,0.0291244596134179,2018,0
0,0.032940547495855,2018,0
0,0.032940547495855,2018,0
0,0.032940547495855,2018,0
0,0.0298450595917184,2018,0
0,0.0298450595917184,2018,0
0,0.0298450595917184,2018,0
0,0.0298450595917184,2018,0
0,0.0288273610086218,2018,0
0,0.114489872168009,2018,0
0,0.0301217810070195,2018,0
0,0.050117457243004,2018,0
0,0.050117457243004,2018,0
0,0.0295583426988168,2018,0
0,0.0295583426988168,2018,0
0,0.0343013187780653,2018,0
0,0.0584899566881293,2018,0
0,0.0584899566881293,2018,0
0,0.0584899566881293,2018,0
0,0.0584899566881293,2018,0
0,0.0366431375505024,2018,0
0,0.0429327394760755,2018,0
0,0.0400103162177846,2018,0
0,0.0400103162177846,2018,0
0,0.062590054153102,2018,0
0,0.062590054153102,2018,0
0,0.062590054153102,2018,0
0,0.0476957518958039,2018,0
0,0.0475150025780869,2018,0
0,0.0578159970907635,2018,0
0,0.0458049255411906,2018,0
0,0.0476957518958039,2018,0
0,0.0476957518958039,2018,0
0,0.0476957518958039,2018,0
0,0.0476957518958039,2018,0
0,0.0303147569664831,2018,0
0,0.0303147569664831,2018,0
0,0.0303147569664831,2018,0
0,0.0303147569664831,2018,0
0,0.0303147569664831,2018,0
0,0.0303147569664831,2018,0
0,0.0303147569664831,2018,0
0,0.0303147569664831,2018,0
0,0.0303147569664831,2018,0
0,0.0303147569664831,2018,0
0,0.06311290605549,2018,0
0,0.0597912117523165,2018,0
0,0.0305549916163543,2018,0
0,0.0306354215328998,2018,0
0,0.0306354215328998,2018,0
0,0.0306354215328998,2018,0
0,0.0306354215328998,2018,0
0,0.0306354215328998,2018,0
0,0.0306354215328998,2018,0
0,0.0643214940622362,2018,0
0,0.0396334747822211,2018,0
0,0.0396334747822211,2018,0
0,0.0194553108142485,2018,0
0,0.0396334747822211,2018,0
0,0.0194553108142485,2018,0
0,0.0396334747822211,2018,0
0,0.0495469311093834,2018,0
0,0.0303410600726538,2018,0
0,0.0303410600726538,2018,0
0,0.0303410600726538,2018,0
0,0.0303410600726538,2018,0
0,0.0303410600726538,2018,0
0,0.0303410600726538,2018,0
0,0.0303410600726538,2018,0
0,0.0303410600726538,2018,0
0,0.0303410600726538,2018,0
0,0.0175835975392371,2018,0
0,0.0302782655303802,2018,0
0,0.0302782655303802,2018,0
0,0.0475476503849131,2018,0
0,0.00812824593898594,2018,0
0,0.00848169399246023,2018,0
0,0.00974389293500413,2018,0
0,0.0101805610730114,2018,0
0,0.00974389293500413,2018,0
0,0.00972502678343942,2018,0
0,0.00895943049878364,2018,0
0,0.00952549690065231,2018,0
0,0.0556699336056546,2018,0
0,0.0445803946719137,2018,0
0,0.0421916239281142,2018,0
0,0.0493718289533788,2018,0
0,0.0493718289533788,2018,0
0,0.0493718289533788,2018,0
0,0.0297714269963147,2018,0
0,0.0297714269963147,2018,0
0,0.0297714269963147,2018,0
0,0.0297714269963147,2018,0
0,0.0297714269963147,2018,0
0,0.0297714269963147,2018,0
0,0.0297714269963147,2018,0
0,0.0297714269963147,2018,0
0,0.0297714269963147,2018,0
0,0.0297714269963147,2018,0
0,0.0297714269963147,2018,0
0,0.0297714269963147,2018,0
0,0.0927036257110733,2018,0
0,0.0927036257110733,2018,0
0,0.0698681197768045,2018,0
0,0.0698681197768045,2018,0
0,0.0698681197768045,2018,0
0,0.054673916531892,2018,0
0,0.0285733953980887,2018,0
0,0.0285733953980887,2018,0
0,0.0285733953980887,2018,0
0,0.0333983524322771,2018,0
0,0.0333983524322771,2018,0
0,0.0333983524322771,2018,0
0,0.0300714129795761,2018,0
0,0.0300714129795761,2018,0
0,0.0300714129795761,2018,0
0,0.0300714129795761,2018,0
0,0.0300714129795761,2018,0
0,0.0295412675474702,2018,0
0,0.0289979193091379,2018,0
0,0.0495179458810371,2018,0
0,0.0495179458810371,2018,0
0,0.070396728619392,2018,0
0,0.0304565451366071,2018,0
0,0.0304565451366071,2018,0
0,0.0348537900865564,2018,0
0,0.0646657237276445,2018,0
0,0.0646657237276445,2018,0
0,0.0646657237276445,2018,0
0,0.0646657237276445,2018,0
0,0.0508115876187739,2018,0
0,0.0393785227348227,2018,0
0,0.04419077591127,2018,0
0,0.0479170749221574,2018,0
0,0.04419077591127,2018,0
0,0.0507435570165636,2018,0
0,0.0507435570165636,2018,0
0,0.0507435570165636,2018,0
0,0.0487281165849442,2018,0
0,0.0489710880837116,2018,0
0,0.0468597502133921,2018,0
0,0.0489710880837116,2018,0
0,0.0601239502773755,2018,0
0,0.0489710880837116,2018,0
0,0.031188957194398,2018,0
0,0.031188957194398,2018,0
0,0.031188957194398,2018,0
0,0.031188957194398,2018,0
0,0.031188957194398,2018,0
0,0.031188957194398,2018,0
0,0.031188957194398,2018,0
0,0.031188957194398,2018,0
0,0.031188957194398,2018,0
0,0.064946909493341,2018,0
0,0.028499400492699,2018,0
0,0.0344700002183833,2018,0
0,0.028499400492699,2018,0
0,0.0301651335201892,2018,0
0,0.0301651335201892,2018,0
0,0.0301651335201892,2018,0
0,0.0301651335201892,2018,0
0,0.0301651335201892,2018,0
0,0.0301651335201892,2018,0
0,0.0741148258378062,2018,0
0,0.0447869350869531,2018,0
0,0.0447869350869531,2018,0
0,0.0447869350869531,2018,0
0,0.0194344243314775,2018,0
0,0.0194344243314775,2018,0
0,0.0447869350869531,2018,0
0,0.0277055548915308,2018,0
0,0.0277055548915308,2018,0
0,0.0277055548915308,2018,0
0,0.0277055548915308,2018,0
0,0.0277055548915308,2018,0
0,0.0277055548915308,2018,0
0,0.0277055548915308,2018,0
0,0.0277055548915308,2018,0
0,0.0277055548915308,2018,0
0,0.0168885596614891,2018,0
0,0.0261424441792988,2018,0
0,0.0261424441792988,2018,0
0,0.0431184660729224,2018,0
0,0.0192871449096245,2018,0
0,0.0192871449096245,2018,0
0,0.00838437624767774,2018,0
0,0.00867999660334204,2018,0
0,0.00789742825471236,2018,0
0,0.00867999660334204,2018,0
0,0.0086144317359103,2018,0
0,0.00714277678453399,2018,0
0,0.00903447888821225,2018,0
0,0.00754880744823965,2018,0
0,0.0448015409526578,2018,0
0,0.0448015409526578,2018,0
0,0.037136083406135,2018,0
0,0.035594918295689,2018,0
0,0.050057664713608,2018,0
0,0.050057664713608,2018,0
0,0.050057664713608,2018,0
0,0.0260903928064137,2018,0
0,0.0260903928064137,2018,0
0,0.0260903928064137,2018,0
0,0.0260903928064137,2018,0
0,0.0260903928064137,2018,0
0,0.0260903928064137,2018,0
0,0.0260903928064137,2018,0
0,0.0260903928064137,2018,0
0,0.0260903928064137,2018,0
0,0.0260903928064137,2018,0
0,0.0260903928064137,2018,0
0,0.0260903928064137,2018,0
0,0.0750595445882305,2018,0
0,0.0935933696697232,2018,0
0,0.0935933696697232,2018,0
0,0.0935933696697232,2018,0
0,0.0611582864043502,2018,0
0,0.0611582864043502,2018,0
0,0.0611582864043502,2018,0
0,0.0434876024502289,2018,0
0,0.0226958902059711,2018,0
0,0.0226958902059711,2018,0
0,0.0291482534882775,2018,0
0,0.0291482534882775,2018,0
0,0.0291482534882775,2018,0
0,0.0272841959570764,2018,0
0,0.0272841959570764,2018,0
0,0.0272841959570764,2018,0
0,0.0272841959570764,2018,0
0,0.0272841959570764,2018,0
0,0.0260533991772899,2018,0
0,0.0190723842680024,2018,0
0,0.035689732984302,2018,0
0,0.035689732984302,2018,0
0,0.0687450365988986,2018,0
0,0.0254547732556639,2018,0
0,0.0254547732556639,2018,0
0,0.0561588403117717,2018,0
0,0.0561588403117717,2018,0
0,0.0447533476849677,2018,0
0,0.0348627187396336,2018,0
0,0.0418902131579516,2018,0
0,0.0418902131579516,2018,0
0,0.0456425220790838,2018,0
0,0.0449778555440338,2018,0
0,0.0449778555440338,2018,0
0,0.0449778555440338,2018,0
0,0.0398698107137427,2018,0
0,0.0490554224164213,2018,0
0,0.0402415648514645,2018,0
0,0.0402415648514645,2018,0
0,0.0402415648514645,2018,0
0,0.0384358282962975,2018,0
0,0.0402415648514645,2018,0
0,0.025445967752913,2018,0
0,0.025445967752913,2018,0
0,0.025445967752913,2018,0
0,0.025445967752913,2018,0
0,0.025445967752913,2018,0
0,0.025445967752913,2018,0
0,0.025445967752913,2018,0
0,0.025445967752913,2018,0
0,0.025445967752913,2018,0
0,0.074527037031867,2018,0
0,0.0555000176909947,2018,0
0,0.0212069302782693,2018,0
0,0.0212069302782693,2018,0
0,0.0252563278145083,2018,0
0,0.0260960780989791,2018,0
0,0.0260960780989791,2018,0
0,0.0260960780989791,2018,0
0,0.0260960780989791,2018,0
0,0.0260960780989791,2018,0
0,0.0744485057086646,2018,0
0,0.0744485057086646,2018,0
0,0.0180246511574292,2018,0
0,0.0464954063012766,2018,0
0,0.0464954063012766,2018,0
0,0.0464954063012766,2018,0
0,0.0464954063012766,2018,0
0,0.0180246511574292,2018,0
0,0.0271780513732662,2018,0
0,0.0271780513732662,2018,0
0,0.0271780513732662,2018,0
0,0.0271780513732662,2018,0
0,0.0271780513732662,2018,0
0,0.0271780513732662,2018,0
0,0.0271780513732662,2018,0
0,0.0271780513732662,2018,0
0,0.0271780513732662,2018,0
0,0.0150753850186508,2018,0
0,0.0153667847457536,2018,0
0,0.0278748553277159,2018,0
0,0.0278748553277159,2018,0
0,0.0478337129447064,2018,0
0,0.0304378372371657,2018,0
0,0.0304378372371657,2018,0
0,0.00938790240540829,2018,0
0,0.00980514072728556,2018,0
0,0.0081307037816172,2018,0
0,0.00934326146499412,2018,0
0,0.00773243916855201,2018,0
0,0.00911687709246726,2018,0
0,0.00938790240540829,2018,0
0,0.0085639030741492,2018,0
0,0.0441367717497634,2018,0
0,0.0441367717497634,2018,0
0,0.0371884058805183,2018,0
0,0.0358424059846411,2018,0
0,0.048986266914919,2018,0
0,0.048986266914919,2018,0
0,0.028089727442723,2018,0
0,0.028089727442723,2018,0
0,0.028089727442723,2018,0
0,0.028089727442723,2018,0
0,0.028089727442723,2018,0
0,0.028089727442723,2018,0
0,0.028089727442723,2018,0
0,0.028089727442723,2018,0
0,0.028089727442723,2018,0
0,0.028089727442723,2018,0
0,0.028089727442723,2018,0
0,0.028089727442723,2018,0
0,0.0904991146358417,2018,0
0,0.0865651300443636,2018,0
0,0.0865651300443636,2018,0
0,0.0865651300443636,2018,0
0,0.0865651300443636,2018,0
0,0.0700504613855635,2018,0
0,0.0700504613855635,2018,0
0,0.0700504613855635,2018,0
0,0.0457513954403858,2018,0
0,0.0249137091867422,2018,0
0,0.0249137091867422,2018,0
0,0.0249137091867422,2018,0
0,0.029769466051734,2018,0
0,0.029769466051734,2018,0
0,0.0286983028647669,2018,0
0,0.0286983028647669,2018,0
0,0.0286983028647669,2018,0
0,0.0286983028647669,2018,0
0,0.0286983028647669,2018,0
0,0.0286224772709965,2018,0
0,0.0530353307321811,2018,0
0,0.0219085987352162,2018,0
0,0.0219085987352162,2018,0
0,0.0427484160350745,2018,0
0,0.0693951871804453,2018,0
0,0.0284183929260202,2018,0
0,0.0284183929260202,2018,0
0,0.0545914812765199,2018,0
0,0.0545914812765199,2018,0
0,0.0416600415389915,2018,0
0,0.0450444777700983,2018,0
0,0.0416600415389915,2018,0
0,0.036387893252995,2018,0
0,0.084082556001782,2018,0
0,0.084082556001782,2018,0
0,0.084082556001782,2018,0
0,0.0396883000588027,2018,0
0,0.0400583658492826,2018,0
0,0.0400583658492826,2018,0
0,0.03847248078923,2018,0
0,0.0400583658492826,2018,0
0,0.0400583658492826,2018,0
0,0.0400583658492826,2018,0
0,0.0281614601577347,2018,0
0,0.0281614601577347,2018,0
0,0.0281614601577347,2018,0
0,0.0281614601577347,2018,0
0,0.0281614601577347,2018,0
0,0.0281614601577347,2018,0
0,0.0281614601577347,2018,0
0,0.0281614601577347,2018,0
0,0.0281614601577347,2018,0
0,0.0281614601577347,2018,0
0,0.0688574569408884,2018,0
0,0.0546215154199947,2018,0
0,0.025711693867803,2018,0
0,0.025711693867803,2018,0
0,0.0305428758555198,2018,0
0,0.0288711188106742,2018,0
0,0.0288711188106742,2018,0
0,0.0288711188106742,2018,0
0,0.0288711188106742,2018,0
0,0.0288711188106742,2018,0
0,0.0685456616916748,2018,0
0,0.0685456616916748,2018,0
0,0.0417240500833187,2018,0
0,0.0417240500833187,2018,0
0,0.0417240500833187,2018,0
0,0.0195477855396764,2018,0
0,0.0417240500833187,2018,0
0,0.0195477855396764,2018,0
0,0.0305979076060722,2018,0
0,0.0305979076060722,2018,0
0,0.0305979076060722,2018,0
0,0.0305979076060722,2018,0
0,0.0305979076060722,2018,0
0,0.0305979076060722,2018,0
0,0.0305979076060722,2018,0
0,0.0305979076060722,2018,0
0,0.0305979076060722,2018,0
0,0.0305979076060722,2018,0
0,0.032030000315792,2018,0
0,0.032030000315792,2018,0
0,0.0528278913012788,2018,0
0,0.00896254214576711,2018,0
0,0.0112505212362032,2018,0
0,0.010532241323696,2018,0
0,0.00989043329591669,2018,0
0,0.01075747568175,2018,0
0,0.00934023281507545,2018,0
0,0.01075747568175,2018,0
0,0.0517698607469831,2018,0
0,0.0517698607469831,2018,0
0,0.0452703702700591,2018,0
0,0.0431442737929642,2018,0
0,0.0478843360541046,2018,0
0,0.0329511892006651,2018,0
0,0.0329511892006651,2018,0
0,0.0329511892006651,2018,0
0,0.0329511892006651,2018,0
0,0.0329511892006651,2018,0
0,0.0329511892006651,2018,0
0,0.0329511892006651,2018,0
0,0.0329511892006651,2018,0
0,0.0329511892006651,2018,0
0,0.0329511892006651,2018,0
0,0.0329511892006651,2018,0
0,0.0329511892006651,2018,0
0,0.122969558599099,2018,0
0,0.0869260892332868,2018,0
0,0.0869260892332868,2018,0
0,0.0869260892332868,2018,0
0,0.0869260892332868,2018,0
0,0.083257848326014,2018,0
0,0.083257848326014,2018,0
0,0.0532787680071659,2018,0
0,0.0297616146796111,2018,0
0,0.0297616146796111,2018,0
0,0.0297616146796111,2018,0
0,0.035814726802824,2018,0
0,0.035814726802824,2018,0
0,0.0311407634652183,2018,0
0,0.0311407634652183,2018,0
0,0.0311407634652183,2018,0
0,0.0311407634652183,2018,0
0,0.0334444048936519,2018,0
0,0.0272885531672138,2018,0
0,0.0272885531672138,2018,0
0,0.0300832759269148,2018,0
0,0.0511571073127509,2018,0
0,0.072454770940534,2018,0
0,0.0341399429816071,2018,0
0,0.0341399429816071,2018,0
0,0.0394993355383635,2018,0
0,0.0688651673264003,2018,0
0,0.0688651673264003,2018,0
0,0.0501669192530077,2018,0
0,0.0464959366671833,2018,0
0,0.0464959366671833,2018,0
0,0.0439104079505945,2018,0
0,0.112773839319992,2018,0
0,0.112773839319992,2018,0
0,0.112773839319992,2018,0
0,0.0483140963082149,2018,0
0,0.0465230242278312,2018,0
0,0.0481073360253499,2018,0
0,0.0483140963082149,2018,0
0,0.0483140963082149,2018,0
0,0.0351805764627263,2018,0
0,0.0351805764627263,2018,0
0,0.0351805764627263,2018,0
0,0.0351805764627263,2018,0
0,0.0351805764627263,2018,0
0,0.0351805764627263,2018,0
0,0.0351805764627263,2018,0
0,0.0351805764627263,2018,0
0,0.0351805764627263,2018,0
0,0.0713865214392911,2018,0
0,0.032641935478689,2018,0
0,0.0390738741754984,2018,0
0,0.032243357191808,2018,0
0,0.0361886343815294,2018,0
0,0.0361886343815294,2018,0
0,0.0361886343815294,2018,0
0,0.0361886343815294,2018,0
0,0.0361886343815294,2018,0
0,0.0729345330213378,2018,0
0,0.0729345330213378,2018,0
0,0.0729345330213378,2018,0
0,0.0438675691365342,2018,0
0,0.0438675691365342,2018,0
0,0.0438675691365342,2018,0
0,0.0240557377507134,2018,0
0,0.0438675691365342,2018,0
0,0.0366568624773152,2018,0
0,0.0366568624773152,2018,0
0,0.0366568624773152,2018,0
0,0.0366568624773152,2018,0
0,0.0366568624773152,2018,0
0,0.0366568624773152,2018,0
0,0.0366568624773152,2018,0
0,0.0366568624773152,2018,0
0,0.0373400835431814,2018,0
0,0.0373400835431814,2018,0
0,0.0588854874792231,2018,0
0,0.0147915809678896,2018,0
0,0.015537045543745,2018,0
0,0.0144492425738454,2018,0
0,0.0134518398964914,2018,0
0,0.0131782594583804,2018,0
0,0.0126136058533238,2018,0
0,0.0147915809678896,2018,0
0,0.0120470058521719,2018,0
0,0.0122643513584797,2018,0
0,0.0746660666427075,2018,0
0,0.0746660666427075,2018,0
0,0.0357904772926371,2018,0
0,0.0563172823622815,2018,0
0,0.0546113379931907,2018,0
0,0.0534313427088426,2018,0
0,0.0534313427088426,2018,0
0,0.0393058100191895,2018,0
0,0.0393058100191895,2018,0
0,0.0393058100191895,2018,0
0,0.0393058100191895,2018,0
0,0.0393058100191895,2018,0
0,0.0393058100191895,2018,0
0,0.0393058100191895,2018,0
0,0.0393058100191895,2018,0
0,0.0393058100191895,2018,0
0,0.0393058100191895,2018,0
0,0.0393058100191895,2018,0
0,0.0393058100191895,2018,0
0,0.0925613893236794,2018,0
0,0.103341443608509,2018,0
0,0.103341443608509,2018,0
0,0.103341443608509,2018,0
0,0.11539341456764,2018,0
0,0.11539341456764,2018,0
0,0.0792524655190096,2018,0
0,0.0373862075928881,2018,0
0,0.0373862075928881,2018,0
0,0.0373862075928881,2018,0
0,0.0473311358294626,2018,0
0,0.0473311358294626,2018,0
0,0.0376327974454548,2018,0
0,0.0376327974454548,2018,0
0,0.0376327974454548,2018,0
0,0.0376327974454548,2018,0
0,0.0376327974454548,2018,0
0,0.0376327974454548,2018,0
0,0.0376327974454548,2018,0
0,0.0376327974454548,2018,0
0,0.0376327974454548,2018,0
0,0.0376327974454548,2018,0
0,0.0376327974454548,2018,0
0,0.0376327974454548,2018,0
0,0.0376327974454548,2018,0
0,0.0417466250629918,2018,0
0,0.0417466250629918,2018,0
0,0.0384031212757919,2018,0
0,0.0654364366282264,2018,0
0,0.083211745854787,2018,0
0,0.0424823990983252,2018,0
0,0.0424823990983252,2018,0
0,0.0463737982524191,2018,0
0,0.167744355750119,2018,0
0,0.0839571203810242,2018,0
0,0.0839571203810242,2018,0
0,0.0839571203810242,2018,0
0,0.0564793560818221,2018,0
0,0.0553773606367543,2018,0
0,0.0564793560818221,2018,0
0,0.0615680952467419,2018,0
0,0.298713052399625,2018,0
0,0.109416757094913,2018,0
0,0.109416757094913,2018,0
0,0.109416757094913,2018,0
0,0.0588086730530949,2018,0
0,0.0586437256732596,2018,0
0,0.0564519247659976,2018,0
0,0.0588086730530949,2018,0
0,0.0721204218916602,2018,0
0,0.0443831955015033,2018,0
0,0.0443831955015033,2018,0
0,0.0443831955015033,2018,0
0,0.0443831955015033,2018,0
0,0.0443831955015033,2018,0
0,0.0443831955015033,2018,0
0,0.0443831955015033,2018,0
0,0.0443831955015033,2018,0
0,0.0443831955015033,2018,0
0,0.0782692904002157,2018,0
0,0.0492398474015001,2018,0
0,0.0401308825993284,2018,0
0,0.0484377531870118,2018,0
0,0.046236791814488,2018,0
0,0.046236791814488,2018,0
0,0.046236791814488,2018,0
0,0.046236791814488,2018,0
0,0.046236791814488,2018,0
0,0.046236791814488,2018,0
0,0.0785481267795374,2018,0
0,0.0785481267795374,2018,0
0,0.0785481267795374,2018,0
0,0.0533245212372515,2018,0
0,0.0533245212372515,2018,0
0,0.0533245212372515,2018,0
0,0.0308932484893006,2018,0
0,0.0533245212372515,2018,0
0,0.0478831191744339,2018,0
0,0.0478831191744339,2018,0
0,0.0478831191744339,2018,0
0,0.0478831191744339,2018,0
0,0.0478831191744339,2018,0
0,0.0478831191744339,2018,0
0,0.0478831191744339,2018,0
0,0.0478831191744339,2018,0
0,0.0478831191744339,2018,0
0,0.0941519635704959,2018,0
0,0.0499689335394162,2018,0
0,0.0499689335394162,2018,0
0,0.0499689335394162,2018,0
0,0.0745879149444406,2018,0
0,0.0274268986300043,2018,0
0,0.0640989200047952,2018,0
0,0.0640989200047952,2018,0
0,0.0640989200047952,2018,0
0,0.0640989200047952,2018,0
0,0.0640989200047952,2018,0
0,0.0640989200047952,2018,0
0,0.0201810593527931,2018,0
0,0.0182812540725923,2018,0
0,0.0223827892443789,2018,0
0,0.0223827892443789,2018,0
0,0.0178671786534441,2018,0
0,0.0197610452861712,2018,0
0,0.0236376065893842,2018,0
0,0.0187315291023402,2018,0
0,0.0218880926762531,2018,0
0,0.0223945924188966,2018,0
0,0.0968317941479935,2018,0
0,0.0968317941479935,2018,0
0,0.0455601749854636,2018,0
0,0.0618115129860016,2018,0
0,0.0618115129860016,2018,0
0,0.0531797364740837,2018,0
0,0.0531797364740837,2018,0
0,0.0531797364740837,2018,0
0,0.0531797364740837,2018,0
0,0.0531797364740837,2018,0
0,0.0531797364740837,2018,0
0,0.0531797364740837,2018,0
0,0.0531797364740837,2018,0
0,0.0531797364740837,2018,0
0,0.0531797364740837,2018,0
0,0.0531797364740837,2018,0
0,0.0531797364740837,2018,0
0,0.119682143982667,2018,0
0,0.115116687169812,2018,0
0,0.115116687169812,2018,0
0,0.115116687169812,2018,0
0,0.166829338345059,2018,0
0,0.166829338345059,2018,0
0,0.0993910989451057,2018,0
0,0.0993910989451057,2018,0
0,0.046566779021937,2018,0
0,0.046566779021937,2018,0
0,0.0630209141194388,2018,0
0,0.0630209141194388,2018,0
0,0.0465837276664709,2018,0
0,0.0465837276664709,2018,0
0,0.0465837276664709,2018,0
0,0.0465837276664709,2018,0
0,0.0465837276664709,2018,0
0,0.0465837276664709,2018,0
0,0.0465837276664709,2018,0
0,0.0465837276664709,2018,0
0,0.0536468034165208,2018,0
0,0.0536468034165208,2018,0
0,0.0459135917858695,2018,0
0,0.0815110082181923,2018,0
0,0.0915171796760675,2018,0
0,0.0569681638890759,2018,0
0,0.0569681638890759,2018,0
0,0.0555873007883433,2018,0
0,0.160375412458171,2018,0
0,0.0952208050622457,2018,0
0,0.0952208050622457,2018,0
0,0.0654790718406167,2018,0
0,0.0717577337129331,2018,0
0,0.0654790718406167,2018,0
0,0.100898592536313,2018,0
0,0.0665156877739581,2018,0
0,0.0824316748637966,2018,0
0,0.0638021637477175,2018,0
0,0.0664817028688342,2018,0
0,0.0556832539245012,2018,0
0,0.0556832539245012,2018,0
0,0.0556832539245012,2018,0
0,0.0556832539245012,2018,0
0,0.0556832539245012,2018,0
0,0.0556832539245012,2018,0
0,0.0556832539245012,2018,0
0,0.0556832539245012,2018,0
0,0.0556832539245012,2018,0
0,0.0811379885353878,2018,0
0,0.0767207894904861,2018,0
0,0.0524074053122536,2018,0
0,0.0428526185037052,2018,0
0,0.0547627118454752,2018,0
0,0.0536509886980629,2018,0
0,0.0536509886980629,2018,0
0,0.0536509886980629,2018,0
0,0.0536509886980629,2018,0
0,0.0536509886980629,2018,0
0,0.0772123104575989,2018,0
0,0.0772123104575989,2018,0
0,0.0696177523074345,2018,0
0,0.0333907584120083,2018,0
0,0.0333907584120083,2018,0
0,0.0549208268030732,2018,0
0,0.0549208268030732,2018,0
0,0.0549208268030732,2018,0
0,0.0549208268030732,2018,0
0,0.0527871549843035,2018,0
0,0.0527871549843035,2018,0
0,0.0527871549843035,2018,0
0,0.0527871549843035,2018,0
0,0.0527871549843035,2018,0
0,0.0527871549843035,2018,0
0,0.0527871549843035,2018,0
0,0.0527871549843035,2018,0
0,0.0527871549843035,2018,0
0,0.053705101237234,2018,0
0,0.053705101237234,2018,0
0,0.053705101237234,2018,0
0,0.0739371869596333,2018,0
0,0.0160211843303658,2018,0
0,0.0197798788948692,2018,0
0,0.0191890246192796,2018,0
0,0.01689008516843,2018,0
0,0.0197798788948692,2018,0
0,0.0175366369964567,2018,0
0,0.0196893229514438,2018,0
0,0.016278510975657,2018,0
0,0.0178752669144377,2018,0
0,0.0206580400144342,2018,0
0,0.0914239076792916,2018,0
0,0.0441038869926603,2018,0
0,0.0617228029207932,2018,0
0,0.0617228029207932,2018,0
0,0.0543782845930038,2018,0
0,0.0543782845930038,2018,0
0,0.0543782845930038,2018,0
0,0.0543782845930038,2018,0
0,0.0543782845930038,2018,0
0,0.0543782845930038,2018,0
0,0.0543782845930038,2018,0
0,0.0543782845930038,2018,0
0,0.0543782845930038,2018,0
0,0.0543782845930038,2018,0
0,0.0543782845930038,2018,0
0,0.0543782845930038,2018,0
0,0.106857852887761,2018,0
0,0.10665259495984,2018,0
0,0.10665259495984,2018,0
0,0.10665259495984,2018,0
0,0.10665259495984,2018,0
0,0.144020513893737,2018,0
0,0.144020513893737,2018,0
0,0.0934259668871353,2018,0
0,0.0435487846927166,2018,0
0,0.0590245217624807,2018,0
0,0.0590245217624807,2018,0
0,0.0590245217624807,2018,0
0,0.0438540600922396,2018,0
0,0.0438540600922396,2018,0
0,0.0438540600922396,2018,0
0,0.0438540600922396,2018,0
0,0.0551667941966261,2018,0
0,0.047010276971691,2018,0
0,0.047010276971691,2018,0
0,0.0429520651695052,2018,0
0,0.0682449663321649,2018,0
0,0.0802151990276835,2018,0
0,0.0548713672624023,2018,0
0,0.0511419056459441,2018,0
0,0.105414847732293,2018,0
0,0.0880726629871465,2018,0
0,0.0880726629871465,2018,0
0,0.0741031210171124,2018,0
0,0.0553510748528423,2018,0
0,0.0469694003689846,2018,0
0,0.052085203061634,2018,0
0,0.0544290025820262,2018,0
0,0.0678430509386767,2018,0
0,0.0546396979578,2018,0
0,0.040656273606833,2018,0
0,0.0528332054039578,2018,0
0,0.0528332054039578,2018,0
0,0.0528332054039578,2018,0
0,0.0528332054039578,2018,0
0,0.0528332054039578,2018,0
0,0.0528332054039578,2018,0
0,0.0528332054039578,2018,0
0,0.0528332054039578,2018,0
0,0.0763427906386272,2018,0
0,0.0513340025597635,2018,0
0,0.04268927878516,2018,0
0,0.0407169453924913,2018,0
0,0.0509764122326908,2018,0
0,0.0509764122326908,2018,0
0,0.0528694550084776,2018,0
0,0.0528694550084776,2018,0
0,0.0528694550084776,2018,0
0,0.0528694550084776,2018,0
0,0.0756192864399664,2018,0
0,0.0756192864399664,2018,0
0,0.0667155154721925,2018,0
0,0.0667155154721925,2018,0
0,0.0500868814669788,2018,0
0,0.0500868814669788,2018,0
0,0.0500868814669788,2018,0
0,0.0285578316015067,2018,0
0,0.0500868814669788,2018,0
0,0.052131091435437,2018,0
0,0.052131091435437,2018,0
0,0.052131091435437,2018,0
0,0.052131091435437,2018,0
0,0.052131091435437,2018,0
0,0.052131091435437,2018,0
0,0.052131091435437,2018,0
0,0.052131091435437,2018,0
0,0.0742689124737665,2018,0
0,0.0510567839600741,2018,0
0,0.0510567839600741,2018,0
0,0.0688260148826389,2018,0
0,0.0135406091586608,2018,0
0,0.0166515970136657,2018,0
0,0.0164706364450053,2018,0
0,0.0136504826638002,2018,0
0,0.0166515970136657,2018,0
0,0.0144192814482704,2018,0
0,0.0147191170434197,2018,0
0,0.014998874519918,2018,0
0,0.0159708971772743,2018,0
0,0.017225401442739,2018,0
0,0.0887315733460774,2018,0
0,0.0426357992782733,2018,0
0,0.0519615285425595,2018,0
0,0.0559577732576411,2018,0
0,0.05388755493662,2018,0
0,0.0489515929745828,2018,0
0,0.0489515929745828,2018,0
0,0.0489515929745828,2018,0
0,0.0489515929745828,2018,0
0,0.0489515929745828,2018,0
0,0.0489515929745828,2018,0
0,0.0489515929745828,2018,0
0,0.0489515929745828,2018,0
0,0.0489515929745828,2018,0
0,0.0489515929745828,2018,0
0,0.0489515929745828,2018,0
0,0.0489515929745828,2018,0
0,0.087718162444542,2018,0
0,0.0612174076264454,2018,0
0,0.0927055205094137,2018,0
0,0.0927055205094137,2018,0
0,0.0927055205094137,2018,0
0,0.0927055205094137,2018,0
0,0.113356817376522,2018,0
0,0.0412933214173518,2018,0
0,0.0412933214173518,2018,0
0,0.0484442945151814,2018,0
0,0.0484442945151814,2018,0
0,0.0362185798881117,2018,0
0,0.0362185798881117,2018,0
0,0.0362185798881117,2018,0
0,0.0459895063510201,2018,0
0,0.0401491476095516,2018,0
0,0.0401491476095516,2018,0
0,0.0425331182115638,2018,0
0,0.0634895598338728,2018,0
0,0.0449727901249578,2018,0
0,0.0419439821736198,2018,0
0,0.0557208044751462,2018,0
0,0.0993038541600532,2018,0
0,0.0768213727694085,2018,0
0,0.0567167339849278,2018,0
0,0.0440690161122322,2018,0
0,0.0180801379676812,2018,0
0,0.0162055133901098,2018,0
0,0.0162055133901098,2018,0
0,0.0414188292413835,2018,0
0,0.0411552266527062,2018,0
0,0.0393251902976446,2018,0
0,0.0366941704846361,2018,0
0,0.0444810468643456,2018,0
0,0.0444810468643456,2018,0
0,0.0444810468643456,2018,0
0,0.0444810468643456,2018,0
0,0.0444810468643456,2018,0
0,0.0444810468643456,2018,0
0,0.0444810468643456,2018,0
0,0.0444810468643456,2018,0
0,0.0627727037435125,2018,0
0,0.0810450307742159,2018,0
0,0.0421472691807249,2018,0
0,0.0362311261179,2018,0
0,0.0452052594982314,2018,0
0,0.0452052594982314,2018,0
0,0.0437455344650345,2018,0
0,0.0437455344650345,2018,0
0,0.0437455344650345,2018,0
0,0.0437455344650345,2018,0
0,0.0625693349419068,2018,0
0,0.0625693349419068,2018,0
0,0.0575850755091419,2018,0
0,0.0575850755091419,2018,0
0,0.0435726741902496,2018,0
0,0.0435726741902496,2018,0
0,0.0435726741902496,2018,0
0,0.0237868748265326,2018,0
0,0.0435726741902496,2018,0
0,0.043330459065317,2018,0
0,0.043330459065317,2018,0
0,0.043330459065317,2018,0
0,0.043330459065317,2018,0
0,0.043330459065317,2018,0
0,0.043330459065317,2018,0
0,0.043330459065317,2018,0
0,0.0622907884717589,2018,0
0,0.0400846996353293,2018,0
0,0.0400846996353293,2018,0
0,0.0535221737132473,2018,0
0,0.0107193248276882,2018,0
0,0.0101691598146555,2018,0
0,0.0122272837155296,2018,0
0,0.0101079544217928,2018,0
0,0.0122272837155296,2018,0
0,0.0111083830181065,2018,0
0,0.0117566861630695,2018,0
0,0.0109049269402414,2018,0
0,0.0569686642458856,2018,0
0,0.0436373992373206,2018,0
0,0.0483230567491022,2018,0
0,0.0364340826019961,2018,0
0,0.0364340826019961,2018,0
0,0.0364340826019961,2018,0
0,0.0364340826019961,2018,0
0,0.0364340826019961,2018,0
0,0.0364340826019961,2018,0
0,0.0364340826019961,2018,0
0,0.0364340826019961,2018,0
0,0.0364340826019961,2018,0
0,0.0364340826019961,2018,0
0,0.070462612831258,2018,0
0,0.0826885257659726,2018,0
0,0.0826885257659726,2018,0
0,0.0826885257659726,2018,0
0,0.0826885257659726,2018,0
0,0.0879075971479008,2018,0
0,0.0327371300366789,2018,0
0,0.0375477395006012,2018,0
0,0.0375477395006012,2018,0
0,0.0252527034445215,2018,0
0,0.0252527034445215,2018,0
0,0.0252527034445215,2018,0
0,0.0335071258348345,2018,0
0,0.11080659426478,2018,0
0,0.0290317469653389,2018,0
0,0.0290317469653389,2018,0
0,0.048566134556788,2018,0
0,0.0320450222741859,2018,0
0,0.0320450222741859,2018,0
0,0.0309130773783533,2018,0
0,0.0398902195370053,2018,0
0,0.0739904443487581,2018,0
0,0.0640364185721597,2018,0
0,0.0455427027331916,2018,0
0,0.0377928060581379,2018,0
0,0.0121277579077488,2018,0
0,0.0123751452433407,2018,0
0,0.0128134157732737,2018,0
0,0.0128134157732737,2018,0
0,0.0360348907052362,2018,0
0,0.0344019468084973,2018,0
0,0.0360438306227038,2018,0
0,0.024685158216848,2018,0
0,0.0314345251728506,2018,0
0,0.0314345251728506,2018,0
0,0.0314345251728506,2018,0
0,0.0314345251728506,2018,0
0,0.0314345251728506,2018,0
0,0.0314345251728506,2018,0
0,0.0314345251728506,2018,0
0,0.0314345251728506,2018,0
0,0.0430632327173174,2018,0
0,0.0531346341844019,2018,0
0,0.0440609936408156,2018,0
0,0.0294746969697079,2018,0
0,0.0331289710811886,2018,0
0,0.0331289710811886,2018,0
0,0.0295617829967066,2018,0
0,0.0295617829967066,2018,0
0,0.0295617829967066,2018,0
0,0.0295617829967066,2018,0
0,0.0525780001189162,2018,0
0,0.0525780001189162,2018,0
0,0.018929522338178,2018,0
0,0.0388499905439071,2018,0
0,0.0388499905439071,2018,0
0,0.0388499905439071,2018,0
0,0.0388499905439071,2018,0
0,0.0283656510952407,2018,0
0,0.0283656510952407,2018,0
0,0.0283656510952407,2018,0
0,0.0283656510952407,2018,0
0,0.0283656510952407,2018,0
0,0.0283656510952407,2018,0
0,0.0283656510952407,2018,0
0,0.0518679834949956,2018,0
0,0.0412519194183248,2018,0
0,0.0275447224862899,2018,0
0,0.0275447224862899,2018,0
0,0.0386929730204566,2018,0
0,0.0078812842165235,2018,0
0,0.00888163689572678,2018,0
0,0.00763782553349718,2018,0
0,0.00888163689572678,2018,0
0,0.00823072718519841,2018,0
0,0.00867271907793921,2018,0
0,0.00809065840497965,2018,0
0,0.00756389202251726,2018,0
0,0.0421193013787726,2018,0
0,0.0405767479784809,2018,0
0,0.0263590822781478,2018,0
0,0.0263590822781478,2018,0
0,0.0263590822781478,2018,0
0,0.0263590822781478,2018,0
0,0.0263590822781478,2018,0
0,0.0263590822781478,2018,0
0,0.0263590822781478,2018,0
0,0.0263590822781478,2018,0
0,0.0621788375505875,2018,0
0,0.071876362501442,2018,0
0,0.071876362501442,2018,0
0,0.071876362501442,2018,0
0,0.0700569457266765,2018,0
0,0.025429652714722,2018,0
0,0.0324709390906983,2018,0
0,0.0324709390906983,2018,0
0,0.0324709390906983,2018,0
0,0.0231981320949054,2018,0
0,0.0231981320949054,2018,0
0,0.0231981320949054,2018,0
0,0.0259722953828923,2018,0
0,0.0243885983756486,2018,0
0,0.0243885983756486,2018,0
0,0.113769007809229,2018,0
0,0.0810820878010868,2018,0
0,0.022316989502233,2018,0
0,0.0250691501000294,2018,0
0,0.0269858802199336,2018,0
0,0.0402707943771922,2018,0
0,0.0402707943771922,2018,0
0,0.0908278349280354,2018,0
0,0.0552709930891225,2018,0
0,0.0552709930891225,2018,0
0,0.0413672781378401,2018,0
0,0.0386322288071377,2018,0
0,0.0107675997607013,2018,0
0,0.0111406723176896,2018,0
0,0.0120327016646368,2018,0
0,0.0120327016646368,2018,0
0,0.0763889379741732,2018,0
0,0.0229824942672329,2018,0
0,0.0244489091066418,2018,0
0,0.0244489091066418,2018,0
0,0.0244489091066418,2018,0
0,0.0244489091066418,2018,0
0,0.0244489091066418,2018,0
0,0.0244489091066418,2018,0
0,0.0244489091066418,2018,0
0,0.0244489091066418,2018,0
0,0.0378761445783988,2018,0
0,0.0526672578050473,2018,0
0,0.0446303420492511,2018,0
0,0.0252789609952464,2018,0
0,0.0298438849594033,2018,0
0,0.0239977425647847,2018,0
0,0.0239977425647847,2018,0
0,0.0239977425647847,2018,0
0,0.0239977425647847,2018,0
0,0.0535994578918149,2018,0
0,0.0535994578918149,2018,0
0,0.0193429985233698,2018,0
0,0.0242912185039332,2018,0
0,0.0242912185039332,2018,0
0,0.0242912185039332,2018,0
0,0.0242912185039332,2018,0
0,0.0242912185039332,2018,0
0,0.0242912185039332,2018,0
0,0.055298377288273,2018,0
0,0.0494856501494655,2018,0
0,0.0257012201642247,2018,0
0,0.0257012201642247,2018,0
0,0.0409455146481459,2018,0
0,0.0757125330224583,2018,0
0,0.00993018397066103,2018,0
0,0.00916554250322213,2018,0
0,0.00899440517852225,2018,0
0,0.00866749106948225,2018,0
0,0.00973702876361405,2018,0
0,0.00993018397066103,2018,0
0,0.00845708133125865,2018,0
0,0.0083359126654026,2018,0
0,0.0410662279483055,2018,0
0,0.027158295244322,2018,0
0,0.027158295244322,2018,0
0,0.027158295244322,2018,0
0,0.027158295244322,2018,0
0,0.027158295244322,2018,0
0,0.027158295244322,2018,0
0,0.0731744661181075,2018,0
0,0.0513734487665728,2018,0
0,0.074500774775389,2018,0
0,0.074500774775389,2018,0
0,0.074500774775389,2018,0
0,0.0723645603790951,2018,0
0,0.0350990893972593,2018,0
0,0.0350990893972593,2018,0
0,0.0350990893972593,2018,0
0,0.029085757909935,2018,0
0,0.029085757909935,2018,0
0,0.029085757909935,2018,0
0,0.0279305725383919,2018,0
0,0.130713570838031,2018,0
0,0.104225187141259,2018,0
0,0.0233632370057371,2018,0
0,0.0316363919691692,2018,0
0,0.0278787796615591,2018,0
0,0.0314633142247522,2018,0
0,0.0493271209988863,2018,0
0,0.128266135663657,2018,0
0,0.062907335397942,2018,0
0,0.0479229486177868,2018,0
0,0.0140290896352413,2018,0
0,0.0149505400628973,2018,0
0,0.0149505400628973,2018,0
0,0.0140290896352413,2018,0
0,0.0149505400628973,2018,0
0,0.0149505400628973,2018,0
0,0.0149505400628973,2018,0
0,0.0137358700171166,2018,0
0,0.0137358700171166,2018,0
0,0.0137358700171166,2018,0
0,0.0376374875624187,2018,0
0,0.0376374875624187,2018,0
0,0.0376374875624187,2018,0
0,0.0376374875624187,2018,0
0,0.0376374875624187,2018,0
0,0.0376374875624187,2018,0
0,0.0376374875624187,2018,0
0,0.0376374875624187,2018,0
0,0.0376374875624187,2018,0
0,0.0376374875624187,2018,0
0,0.0376374875624187,2018,0
0,0.0376374875624187,2018,0
0,0.0376374875624187,2018,0
0,0.0376374875624187,2018,0
0,0.0376374875624187,2018,0
0,0.0376374875624187,2018,0
0,0.0376374875624187,2018,0
0,0.0376374875624187,2018,0
0,0.0376374875624187,2018,0
0,0.0376374875624187,2018,0
0,0.0376374875624187,2018,0
0,0.0376374875624187,2018,0
0,0.0376374875624187,2018,0
0,0.0376374875624187,2018,0
0,0.0376374875624187,2018,0
0,0.0332702072177721,2018,0
0,0.0309877260622671,2018,0
0,0.0277507348780893,2018,0
0,0.0277507348780893,2018,0
0,0.0277507348780893,2018,0
0,0.0277507348780893,2018,0
0,0.0277507348780893,2018,0
0,0.0277507348780893,2018,0
0,0.0277507348780893,2018,0
0,0.0456378090304853,2018,0
0,0.0601514334535141,2018,0
0,0.0729564377186698,2018,0
0,0.0451391389963922,2018,0
0,0.0371358672235313,2018,0
0,0.0289673777336048,2018,0
0,0.0289673777336048,2018,0
0,0.0289673777336048,2018,0
0,0.0289673777336048,2018,0
0,0.0612842984791477,2018,0
0,0.0612842984791477,2018,0
0,0.0230558078622232,2018,0
0,0.0307128931361842,2018,0
0,0.0307128931361842,2018,0
0,0.0307128931361842,2018,0
0,0.0307128931361842,2018,0
0,0.0307128931361842,2018,0
0,0.0633747757553657,2018,0
0,0.0476139034084668,2018,0
0,0.0321413455022114,2018,0
0,0.0321413455022114,2018,0
0,0.0536865569730579,2018,0
0,0.0126302231260125,2018,0
0,0.0132862563632696,2018,0
0,0.0149213567773273,2018,0
0,0.0146355827567871,2018,0
0,0.0149417155665524,2018,0
0,0.0123560439996738,2018,0
0,0.0149213567773273,2018,0
0,0.0121018167169718,2018,0
0,0.0527247227655177,2018,0
0,0.0532501332540409,2018,0
0,0.0496565938325439,2018,0
0,0.032555654318752,2018,0
0,0.032555654318752,2018,0
0,0.032555654318752,2018,0
0,0.0948073334200693,2018,0
0,0.0587010529758955,2018,0
0,0.0836980926516427,2018,0
0,0.0836980926516427,2018,0
0,0.0836980926516427,2018,0
0,0.107494187653396,2018,0
0,0.0503404561702115,2018,0
0,0.0503404561702115,2018,0
0,0.0503404561702115,2018,0
0,0.052323626548071,2018,0
0,0.052323626548071,2018,0
0,0.052323626548071,2018,0
0,0.0337681814147336,2018,0
0,0.0701814587575157,2018,0
0,0.165083729101822,2018,0
0,0.0373696826685126,2018,0
0,0.0638021679434615,2018,0
0,0.0596903947284139,2018,0
0,0.0845961368533338,2018,0
0,0.0406395044197177,2018,0
0,0.0673072926060755,2018,0
0,0.202538196848771,2018,0
0,0.0675382485446658,2018,0
0,0.0498881736424064,2018,0
0,0.0168546828371158,2018,0
0,0.0182292951396631,2018,0
0,0.0182292951396631,2018,0
0,0.0168546828371158,2018,0
0,0.0182292951396631,2018,0
0,0.0182292951396631,2018,0
0,0.0182292951396631,2018,0
0,0.0182292951396631,2018,0
0,0.0153330680892702,2018,0
0,0.0153330680892702,2018,0
0,0.0153330680892702,2018,0
0,0.0153330680892702,2018,0
0,0.0426252087205907,2018,0
0,0.0426252087205907,2018,0
0,0.0426252087205907,2018,0
0,0.0426252087205907,2018,0
0,0.0426252087205907,2018,0
0,0.0426252087205907,2018,0
0,0.0426252087205907,2018,0
0,0.0690072605285572,2018,0
0,0.0375114539034557,2018,0
0,0.0375114539034557,2018,0
0,0.0375114539034557,2018,0
0,0.0375114539034557,2018,0
0,0.0375114539034557,2018,0
0,0.0375114539034557,2018,0
0,0.0375114539034557,2018,0
0,0.071124511406304,2018,0
0,0.149734307746859,2018,0
0,0.0960737555853013,2018,0
0,0.0400213599915104,2018,0
0,0.0400213599915104,2018,0
0,0.0400213599915104,2018,0
0,0.0400213599915104,2018,0
0,0.0735081379958717,2018,0
0,0.0735081379958717,2018,0
0,0.0252787099174884,2018,0
0,0.160657679739543,2018,0
0,0.0402823686520824,2018,0
0,0.0402823686520824,2018,0
0,0.0402823686520824,2018,0
0,0.0731331342158441,2018,0
0,0.0384278270985367,2018,0
0,0.0636876041911163,2018,0
0,0.0250020543431061,2018,0
0,0.0218472175246382,2018,0
0,0.019591496777759,2018,0
0,0.0250020543431061,2018,0
0,0.0244046121393195,2018,0
0,0.0200807776614831,2018,0
0,0.0206201549071002,2018,0
0,0.0945651635695271,2018,0
0,0.0797206690745284,2018,0
0,0.0585397833433205,2018,0
0,0.0585397833433205,2018,0
0,0.0378757123167618,2018,0
0,0.107343175730965,2018,0
0,0.0512617727624052,2018,0
0,0.0801162496619467,2018,0
0,0.0801162496619467,2018,0
0,0.158317950945669,2018,0
0,0.0755331569340018,2018,0
0,0.0620423082774193,2018,0
0,0.0620423082774193,2018,0
0,0.0620423082774193,2018,0
0,0.0620423082774193,2018,0
0,0.0667866207542842,2018,0
0,0.0667866207542842,2018,0
0,0.0366368401105564,2018,0
0,0.0707531832204298,2018,0
0,0.0507002482010656,2018,0
0,0.0569996354892617,2018,0
0,0.18028593710398,2018,0
0,0.0409577634857265,2018,0
0,0.0556168513996799,2018,0
0,0.0713368311891815,2018,0
0,0.0347031767139492,2018,0
0,0.0654701827021138,2018,0
0,0.129826788970058,2018,0
0,0.057960262762946,2018,0
0,0.057960262762946,2018,0
0,0.057960262762946,2018,0
0,0.0414061689136439,2018,0
0,0.0130006367678649,2018,0
0,0.0130006367678649,2018,0
0,0.0130006367678649,2018,0
0,0.0130006367678649,2018,0
0,0.0130006367678649,2018,0
0,0.0124220049067416,2018,0
0,0.0124220049067416,2018,0
0,0.0118649439702288,2018,0
0,0.0118649439702288,2018,0
0,0.032920952325838,2018,0
0,0.032920952325838,2018,0
0,0.0347320760149959,2018,0
0,0.0347320760149959,2018,0
0,0.101435502659249,2018,0
0,0.0339358328562378,2018,0
0,0.0339358328562378,2018,0
0,0.0339358328562378,2018,0
0,0.0686317618461752,2018,0
0,0.0686317618461752,2018,0
0,0.0224785425613638,2018,0
0,0.0471551193121359,2018,0
0,0.0471551193121359,2018,0
0,0.0224785425613638,2018,0
0,0.0471551193121359,2018,0
0,0.0471551193121359,2018,0
0,0.10408714772115,2018,0
0,0.0343467210781749,2018,0
0,0.0343467210781749,2018,0
0,0.0343467210781749,2018,0
0,0.0695899064878088,2018,0
0,0.0563538378353542,2018,0
0,0.0201481842156282,2018,0
0,0.0165474260599621,2018,0
0,0.0175862799952847,2018,0
0,0.0168076154097042,2018,0
0,0.0186612924173713,2018,0
0,0.0182618542386731,2018,0
0,0.0208898218641171,2018,0
0,0.0208898218641171,2018,0
0,0.0594835163540746,2018,0
0,0.0553122667719459,2018,0
0,0.0501759893544042,2018,0
0,0.0906200481031073,2018,0
0,0.0906200481031073,2018,0
0,0.0906200481031073,2018,0
0,0.0522664063959428,2018,0
0,0.0551609964731534,2018,0
0,0.0537341319893637,2018,0
0,0.0537341319893637,2018,0
0,0.0537341319893637,2018,0
0,0.0537341319893637,2018,0
0,0.0497103859978315,2018,0
0,0.0497103859978315,2018,0
0,0.139144471454199,2018,0
0,0.0402758963663032,2018,0
0,0.073965409620983,2018,0
0,0.0381774257214746,2018,0
0,0.036414260741271,2018,0
0,0.0643946856620987,2018,0
0,0.17176237054272,2018,0
0,0.0629609844447714,2018,0
0,0.0629609844447714,2018,0
0,0.0629609844447714,2018,0
0,0.0629609844447714,2018,0
0,0.0477125545720385,2018,0
0,0.016112984928485,2018,0
0,0.0172051259511869,2018,0
0,0.016112984928485,2018,0
0,0.0172051259511869,2018,0
0,0.0172051259511869,2018,0
0,0.0172051259511869,2018,0
0,0.0172051259511869,2018,0
0,0.0172051259511869,2018,0
0,0.0142803559206562,2018,0
0,0.0142803559206562,2018,0
0,0.0351855508909029,2018,0
0,0.0351855508909029,2018,0
0,0.0355370409309219,2018,0
0,0.0355370409309219,2018,0
0,0.0711946398407243,2018,0
0,0.0711946398407243,2018,0
0,0.0473238334088487,2018,0
0,0.0473238334088487,2018,0
0,0.0473238334088487,2018,0
0,0.0473238334088487,2018,0
0,0.0225329390511873,2018,0
0,0.0225329390511873,2018,0
0,0.0350502737384929,2018,0
0,0.0350502737384929,2018,0
0,0.0700847388963584,2018,0
0,0.0912597389039243,2018,0
0,0.0512082839853247,2018,0
0,0.0175607328516727,2018,0
0,0.0140598200036764,2018,0
0,0.0150686743058088,2018,0
0,0.0156834758741608,2018,0
0,0.0175607328516727,2018,0
0,0.0548648969420256,2018,0
0,0.0509451325412137,2018,0
0,0.0509451325412137,2018,0
0,0.0558685074186762,2018,0
0,0.0843561377554592,2018,0
0,0.0843561377554592,2018,0
0,0.0843561377554592,2018,0
0,0.0526081637367617,2018,0
0,0.0451952961067504,2018,0
0,0.0451952961067504,2018,0
0,0.0451952961067504,2018,0
0,0.0451952961067504,2018,0
0,0.0404277898400709,2018,0
0,0.126416484752386,2018,0
0,0.0549656376506731,2018,0
0,0.034193436530461,2018,0
0,0.0348257595021406,2018,0
0,0.0589992449334027,2018,0
0,0.0321899947355423,2018,0
0,0.0586064861276527,2018,0
0,0.0586064861276527,2018,0
0,0.0438057622652166,2018,0
0,0.0152727332968729,2018,0
0,0.0152727332968729,2018,0
0,0.0152727332968729,2018,0
0,0.0152727332968729,2018,0
0,0.0152727332968729,2018,0
0,0.0152727332968729,2018,0
0,0.0143992120389985,2018,0
0,0.0143992120389985,2018,0
0,0.0152727332968729,2018,0
0,0.0133731749855671,2018,0
0,0.0133731749855671,2018,0
0,0.0407983417131884,2018,0
0,0.051558911604333,2018,0
0,0.0312870061092347,2018,0
0,0.0674258359207451,2018,0
0,0.0674258359207451,2018,0
0,0.021329834518862,2018,0
0,0.021329834518862,2018,0
0,0.0430715284329036,2018,0
0,0.0430715284329036,2018,0
0,0.0430715284329036,2018,0
0,0.0430715284329036,2018,0
0,0.0303584921781799,2018,0
0,0.071047790644107,2018,0
0,0.0443174144543563,2018,0
0,0.0132375262433165,2018,0
0,0.0137744440356043,2018,0
0,0.0515428819896109,2018,0
0,0.0512894982541378,2018,0
0,0.0451600381911367,2018,0
0,0.0451600381911367,2018,0
0,0.0451600381911367,2018,0
0,0.0963633937421745,2018,0
0,0.0571191964059362,2018,0
0,0.0513786705322147,2018,0
0,0.0766958103040336,2018,0
0,0.0766958103040336,2018,0
0,0.0766958103040336,2018,0
0,0.0716496524644395,2018,0
0,0.0468926159620692,2018,0
0,0.0468926159620692,2018,0
0,0.0468926159620692,2018,0
0,0.0468926159620692,2018,0
0,0.0401994737895956,2018,0
0,0.0345663281265182,2018,0
0,0.133420221508497,2018,0
0,0.0576965595121254,2018,0
0,0.0514079112087135,2018,0
0,0.040495551932348,2018,0
0,0.0420956217341068,2018,0
0,0.102282776826363,2018,0
0,0.0363118519413261,2018,0
0,0.0599037800927338,2018,0
0,0.0563877450884017,2018,0
0,0.0423459524430963,2018,0
0,0.0170307166893105,2018,0
0,0.0159737684951977,2018,0
0,0.0170307166893105,2018,0
0,0.0170307166893105,2018,0
0,0.0159737684951977,2018,0
0,0.0170307166893105,2018,0
0,0.0170307166893105,2018,0
0,0.0170307166893105,2018,0
0,0.0150054795607859,2018,0
0,0.103758088440098,2018,0
0,0.0734867231597871,2018,0
0,0.0734867231597871,2018,0
0,0.0457658658251348,2018,0
0,0.0457658658251348,2018,0
0,0.0457658658251348,2018,0
0,0.0457658658251348,2018,0
0,0.0505539404402265,2018,0
0,0.0172063497395458,2018,0
0,0.0182311214740561,2018,0
0,0.040922952723,2018,0
0,0.0465442415844629,2018,0
0,0.0465442415844629,2018,0
0,0.0465442415844629,2018,0
0,0.111002391154933,2018,0
0,0.0654175245948749,2018,0
0,0.0853949896170797,2018,0
0,0.0580352530478746,2018,0
0,0.0902336443409053,2018,0
0,0.0902336443409053,2018,0
0,0.0218303624666093,2018,0
0,0.0822840527467737,2018,0
0,0.0875859298640631,2018,0
0,0.053644406975096,2018,0
0,0.053644406975096,2018,0
0,0.053644406975096,2018,0
0,0.053644406975096,2018,0
0,0.0482374528171762,2018,0
0,0.0482374528171762,2018,0
0,0.0407777075535613,2018,0
0,0.140406491715976,2018,0
0,0.061605015612542,2018,0
0,0.0619192768356855,2018,0
0,0.0702348937700467,2018,0
0,0.0461709469472984,2018,0
0,0.0453768870793305,2018,0
0,0.14921536858229,2018,0
0,0.0716097429027056,2018,0
0,0.0657922542425283,2018,0
0,0.0511753472282885,2018,0
0,0.0252918584483676,2018,0
0,0.0232283701450897,2018,0
0,0.0252918584483676,2018,0
0,0.0252918584483676,2018,0
0,0.0252918584483676,2018,0
0,0.0252918584483676,2018,0
0,0.0232283701450897,2018,0
0,0.0252918584483676,2018,0
0,0.0206505552328752,2018,0
0,0.0525474177926498,2018,0
0,0.0525474177926498,2018,0
0,0.123508138432963,2018,0
0,0.0799434068933467,2018,0
0,0.0799434068933467,2018,0
0,0.0977522091412081,2018,0
0,0.0750345803348617,2018,0
0,0.0239261121858648,2018,0
0,0.0190580225082236,2018,0
0,0.0201498458246209,2018,0
0,0.0778734557261991,2018,0
0,0.0436987271484165,2018,0
0,0.0436987271484165,2018,0
0,0.0436987271484165,2018,0
0,0.0481005670652747,2018,0
0,0.0481005670652747,2018,0
0,0.109274508480263,2018,0
0,0.0995286968867533,2018,0
0,0.120453726605885,2018,0
0,0.120453726605885,2018,0
0,0.0245312893068973,2018,0
0,0.0873969511977454,2018,0
0,0.0831269299401399,2018,0
0,0.0881270424800411,2018,0
0,0.0563754986675034,2018,0
0,0.0563754986675034,2018,0
0,0.0563754986675034,2018,0
0,0.0537005206834313,2018,0
0,0.0537005206834313,2018,0
0,0.0537005206834313,2018,0
0,0.0444304562521988,2018,0
0,0.139023247411317,2018,0
0,0.0287774741116342,2018,0
0,0.0908282413732262,2018,0
0,0.0787626465484955,2018,0
0,0.141043386894212,2018,0
0,0.0540231007203466,2018,0
0,0.0484068270828013,2018,0
0,0.111267915944897,2018,0
0,0.081948600762039,2018,0
0,0.0882770962970471,2018,0
0,0.066121306173258,2018,0
0,0.0308836893394923,2018,0
0,0.0281520010277358,2018,0
0,0.0308836893394923,2018,0
0,0.0308836893394923,2018,0
0,0.0308836893394923,2018,0
0,0.0308836893394923,2018,0
0,0.0308836893394923,2018,0
0,0.0281520010277358,2018,0
0,0.0243352376589062,2018,0
0,0.0639134669420625,2018,0
0,0.0639134669420625,2018,0
0,0.17609609535474,2018,0
0,0.0112175528968886,2018,0
0,0.0285052450110392,2018,0
0,0.0916033522972514,2018,0
0,0.128698343990556,2018,0
0,0.0972284208655867,2018,0
0,0.192487181534217,2018,0
0,0.0339917377897802,2018,0
0,0.036608820993712,2018,0
0,0.103733229101898,2018,0
0,0.068523153290139,2018,0
0,0.068523153290139,2018,0
0,0.0747968438508832,2018,0
0,0.0747968438508832,2018,0
0,0.140764945541178,2018,0
0,0.140547136458895,2018,0
0,0.131680771777437,2018,0
0,0.131680771777437,2018,0
0,0.0439223024090835,2018,0
0,0.139357995660385,2018,0
0,0.150677505762316,2018,0
0,0.0897166708999844,2018,0
0,0.0759838246060163,2018,0
0,0.0759838246060163,2018,0
0,0.0759838246060163,2018,0
0,0.072660116615206,2018,0
0,0.072660116615206,2018,0
0,0.0596885376111368,2018,0
0,0.182820814096833,2018,0
0,0.116239688203542,2018,0
0,0.0988645613531073,2018,0
0,0.20656631924755,2018,0
0,0.0846557654049287,2018,0
0,0.0984911124549635,2018,0
0,0.108074723610524,2018,0
0,0.0764236380420379,2018,0
0,0.0314930230636242,2018,0
0,0.0314930230636242,2018,0
0,0.0314930230636242,2018,0
0,0.0314930230636242,2018,0
0,0.028967905434299,2018,0
0,0.028967905434299,2018,0
0,0.0314930230636242,2018,0
0,0.0314930230636242,2018,0
0,0.0240856221812686,2018,0
0,0.0240856221812686,2018,0
0,0.0631926760053318,2018,0
0,0.0631926760053318,2018,0
0,0.0631926760053318,2018,0
0,0.0785500274132065,2018,0
0,0.173115483250616,2018,0
0,0.0083613125882743,2018,0
0,0.0357725765412939,2018,0
0,0.0646666817742524,2018,0
0,0.0646666817742524,2018,0
0,0.0330603000285614,2018,0
0,0.0646666817742524,2018,0
0,0.133515083910867,2018,0
0,0.104000946504291,2018,0
0,0.184189074561137,2018,0
0,0.0277184642026961,2018,0
0,0.0292089906988654,2018,0
0,0.0684028971622534,2018,0
0,0.0800377644903591,2018,0
0,0.0554238598129127,2018,0
0,0.0554238598129127,2018,0
0,0.0554238598129127,2018,0
0,0.125268776422101,2018,0
0,0.140196013972417,2018,0
0,0.119859900815983,2018,0
0,0.105537529342075,2018,0
0,0.129323848724259,2018,0
0,0.070583641473392,2018,0
0,0.0651485729213547,2018,0
0,0.0651485729213547,2018,0
0,0.0651485729213547,2018,0
0,0.05698797319183,2018,0
0,0.171899205337058,2018,0
0,0.0985277345615432,2018,0
0,0.0710973198704814,2018,0
0,0.0818215321544894,2018,0
0,0.0941292940119195,2018,0
0,0.0643174581488842,2018,0
0,0.0270168118921332,2018,0
0,0.0251166667674172,2018,0
0,0.0270168118921332,2018,0
0,0.0270168118921332,2018,0
0,0.0270168118921332,2018,0
0,0.0251166667674172,2018,0
0,0.0270168118921332,2018,0
0,0.0270168118921332,2018,0
0,0.0251166667674172,2018,0
0,0.0216615308765021,2018,0
0,0.0216615308765021,2018,0
0,0.0216615308765021,2018,0
0,0.0620004362529479,2018,0
0,0.0620004362529479,2018,0
0,0.0620004362529479,2018,0
0,0.0620004362529479,2018,0
0,0.0620004362529479,2018,0
0,0.0662955989487371,2018,0
1,0.0244778172730601,2018,0
1,0.0553510748528423,2018,0
1,0.133553233625978,2018,0
1,0.269074702325346,2018,0
1,0.0552709930891225,2018,0
1,0.0561588403117717,2018,0
1,0.0325100810877955,2018,0
1,0.0294365438266719,2018,0
1,0.0356772058348338,2018,0
1,0.0741644821843301,2018,0
1,0.0308392544269476,2018,0
1,0.11123614564091,2018,0
1,0.0277507348780893,2018,0
1,0.0242912185039332,2018,0
1,0.0366368401105564,2018,0
1,0.0303584921781799,2018,0
1,0.0350502737384929,2018,0
1,0.0307128931361842,2018,0
1,0.0378757123167618,2018,0
1,0.0297869336102641,2018,0
1,0.0402823686520824,2018,0
1,0.11123614564091,2018,0
1,0.0294365438266719,2018,0
1,0.0347320760149959,2018,0
1,0.027158295244322,2018,0
1,0.0297869336102641,2018,0
1,0.0421551154596729,2018,0
1,0.0839571203810242,2018,0
1,0.0768213727694085,2018,0
1,0.0952208050622457,2018,0
1,0.0522481924801623,2018,0
1,0.0488394400736248,2018,0
1,0.0676934969712621,2018,0
1,0.100898592536313,2018,0
1,0.100898592536313,2018,0
1,0.0314032904247767,2018,0
1,0.0605216360874635,2018,0
1,0.174585694014229,2018,0
1,0.185839080188577,2018,0
1,0.0506699013665025,2018,0
1,0.032555654318752,2018,0
1,0.0378757123167618,2018,0
1,0.122568008768344,2018,0
1,0.102034229583298,2018,0
1,0.0916033522972514,2018,0
1,0.196914842952294,2018,0
1,0.155509719234749,2018,0
1,0.209597012328842,2018,0
1,0.212287789111865,2018,0
1,0.0327371300366789,2018,0
1,0.183864157003093,2018,0
1,0.136605605106163,2018,0
1,0.108059218754345,2018,0
1,0.0716825083439107,2018,0
1,0.129607627664973,2018,0
1,0.0554554295867302,2018,0
1,0.027158295244322,2018,0
1,0.0510567839600741,2018,0
1,0.0364340826019961,2018,0
1,0.0352774547280361,2018,0
1,0.104909601948794,2018,0
1,0.0250691501000294,2018,0
1,0.043330459065317,2018,0
1,0.0536509886980629,2018,0
1,0.043330459065317,2018,0
1,0.0402823686520824,2018,0
1,0.0554554295867302,2018,0
1,0.0801162496619467,2018,0
1,0.143078018836625,2018,0
1,0.0301217810070195,2018,0
1,0.0249530076457934,2018,0
1,0.0226958902059711,2018,0
1,0.045264642764263,2018,0
1,0.042064742727661,2018,0
1,0.0426252087205907,2018,0
1,0.0447535537249154,2018,0
1,0.0640989200047952,2018,0
1,0.0376374875624187,2018,0
1,0.0426252087205907,2018,0
1,0.0426252087205907,2018,0
1,0.0426252087205907,2018,0
1,0.0426252087205907,2018,0
1,0.0426252087205907,2018,0
1,0.0426252087205907,2018,0
1,0.0426252087205907,2018,0
1,0.0476957518958039,2018,0
1,0.0426252087205907,2018,0
1,0.0376374875624187,2018,0
1,0.0426252087205907,2018,0
1,0.032920952325838,2018,0
1,0.0185041466873507,2018,0
1,0.0376374875624187,2018,0
1,0.116103674925374,2018,0
1,0.0395802382327814,2018,0
1,0.0414740420775001,2018,0
1,0.0321286631740126,2018,0
1,0.0376374875624187,2018,0
1,0.0426252087205907,2018,0
1,0.0376374875624187,2018,0
1,0.0426252087205907,2018,0
1,0.0426252087205907,2018,0
1,0.0620004362529479,2018,0
1,0.0426252087205907,2018,0
1,0.0284092470130651,2018,0
1,0.0447993836059082,2018,0
1,0.120015381683288,2018,0
1,0.0153810992796795,2018,0
1,0.0426252087205907,2018,0
1,0.0426252087205907,2018,0
1,0.032920952325838,2018,0
1,0.2916375466291,2018,0
1,0.0620004362529479,2018,0
1,0.0376374875624187,2018,0
1,0.0426252087205907,2018,0
1,0.0376374875624187,2018,0
1,0.179807804431389,2018,0
1,0.0289979193091379,2018,0
1,0.0298975113495725,2018,0
1,0.0398193940714218,2018,0
1,0.0376374875624187,2018,0
1,0.0376374875624187,2018,0
1,0.0376374875624187,2018,0
1,0.032920952325838,2018,0
1,0.0426252087205907,2018,0
1,0.0426252087205907,2018,0
1,0.0665156877739581,2018,0
1,0.0376374875624187,2018,0
1,0.0620004362529479,2018,0
1,0.0376374875624187,2018,0
1,0.0483140963082149,2018,0
1,0.0426252087205907,2018,0
1,0.0439901149195817,2018,0
1,0.0360348907052362,2018,0
1,0.0491760156098096,2018,0
1,0.206811942344628,2018,0
1,0.0739446222420491,2018,0
1,0.0118649439702288,2018,0
1,0.012043224988656,2018,0
1,0.0150054795607859,2018,0
1,0.0702359008988999,2018,0
1,0.160001423691827,2018,0
1,0.0136023169915579,2018,0
1,0.111513099473275,2018,0
1,0.0653648431162086,2018,0
1,0.0507002350840066,2018,0
1,0.0285578316015067,2018,0
1,0.124263788072147,2018,0
1,0.0493271209988863,2018,0
1,0.090298974120236,2018,0
1,0.0551227265754747,2018,0
1,0.0429799349929725,2018,0
1,0.0485156890796665,2018,0
1,0.0259080867323546,2018,0
1,0.0480136215813463,2018,0
1,0.0250164242531106,2018,0
1,0.113356817376522,2018,0
1,0.083257848326014,2018,0
1,0.351485715715712,2018,0
1,0.0427484160350745,2018,0
1,0.352961777696799,2018,0
1,0.0153663560819731,2018,0
1,0.0130006367678649,2018,0
1,0.0376049676774841,2018,0
1,0.0733345376802674,2018,0
1,0.0374317730145969,2018,0
1,0.0325945768684274,2018,0
1,0.11009953588834,2018,0
1,0.0489710880837116,2018,0
1,0.0486259727137046,2018,0
1,0.0820108810569471,2018,0
1,0.0133731749855671,2018,0
1,0.0327428496554883,2018,0
1,0.0122921019282801,2018,0
1,0.0172051259511869,2018,0
1,0.0126247443836206,2018,0
1,0.0639134669420625,2018,0
1,0.150963295481802,2018,0
1,0.0537897932816888,2018,0
1,0.0885664879100856,2018,0
1,0.0631926760053318,2018,0
1,0.109895821732664,2018,0
1,0.0381656421585464,2018,0
1,0.141901323404416,2018,0
1,0.0237580456175132,2018,0
1,0.051121779718055,2018,0
1,0.0587804957324794,2018,0
1,0.0719371906969277,2018,0
1,0.0638640177222727,2018,0
1,0.0820599204690544,2018,0
1,0.032555654318752,2018,0
1,0.0355370409309219,2018,0
1,0.0263590822781478,2018,0
1,0.0364340826019961,2018,0
1,0.0263590822781478,2018,0
1,0.0324709390906983,2018,0
1,0.0291482534882775,2018,0
1,0.0625908192181232,2018,0
1,0.0723416041824718,2018,0
0,0.0963103242636949,2019,0
0,0.133500979143896,2019,0
0,0.0160838791143409,2019,0
0,0.039054938672413,2019,0
0,0.0580968417127273,2019,0
0,0.0580968417127273,2019,0
0,0.0580968417127273,2019,0
0,0.036200090376897,2019,0
0,0.142342694020194,2019,0
0,0.0581247482510628,2019,0
0,0.0581247482510628,2019,0
0,0.104602498762222,2019,0
0,0.0709348656165573,2019,0
0,0.0695556271392834,2019,0
0,0.0645217771783259,2019,0
0,0.0687351386699367,2019,0
0,0.0667531458401995,2019,0
0,0.0667531458401995,2019,0
0,0.0667531458401995,2019,0
0,0.0667531458401995,2019,0
0,0.0667531458401995,2019,0
0,0.138748434503822,2019,0
0,0.0948822063105754,2019,0
0,0.0754971391267379,2019,0
0,0.194650826399536,2019,0
0,0.405129036650937,2019,0
0,0.0958677192578165,2019,0
0,0.146729023250794,2019,0
0,0.121626421702123,2019,0
0,0.08805977410426,2019,0
0,0.360002173195064,2019,0
0,0.13711797617167,2019,0
0,0.107694829564694,2019,0
0,0.121238876737329,2019,0
0,0.13104007310275,2019,0
0,0.13104007310275,2019,0
0,0.13104007310275,2019,0
0,0.13104007310275,2019,0
0,0.13104007310275,2019,0
0,0.13104007310275,2019,0
0,0.121238876737329,2019,0
0,0.13104007310275,2019,0
0,0.121238876737329,2019,0
0,0.13104007310275,2019,0
0,0.0621703835559366,2019,0
0,0.0621703835559366,2019,0
0,0.0621703835559366,2019,0
0,0.212547911395811,2019,0
0,0.223133370720289,2019,0
0,0.212547911395811,2019,0
0,0.212547911395811,2019,0
0,0.41000146634321,2019,0
0,0.0470767794932224,2019,0
0,0.196174247881869,2019,0
0,0.126663715209888,2019,0
0,0.126663715209888,2019,0
0,0.26235667194758,2019,0
0,0.143001699589352,2019,0
0,0.143001699589352,2019,0
0,0.143001699589352,2019,0
0,0.238292088807284,2019,0
0,0.25470100623706,2019,0
0,0.149566186620844,2019,0
0,0.149566186620844,2019,0
0,0.156573478210796,2019,0
0,0.156573478210796,2019,0
0,0.156573478210796,2019,0
0,0.156573478210796,2019,0
0,0.156573478210796,2019,0
0,0.238866179084155,2019,0
0,0.330108708314268,2019,0
0,0.526887172183182,2019,1
0,0.227001339204573,2019,0
0,0.227001339204573,2019,0
0,NA,2019,NA
0,0.388442087769088,2019,0
0,0.342861034945157,2019,0
0,0.184536961904628,2019,0
0,0.211777798421336,2019,0
0,0.301673106197432,2019,0
0,0.301673106197432,2019,0
0,0.301673106197432,2019,0
0,0.273105807846809,2019,0
0,0.301673106197432,2019,0
0,0.273105807846809,2019,0
0,0.301673106197432,2019,0
0,0.273105807846809,2019,0
0,0.301673106197432,2019,0
0,0.130815101874691,2019,0
0,0.130815101874691,2019,0
0,0.130815101874691,2019,0
0,0.130815101874691,2019,0
0,0.130815101874691,2019,0
0,0.356429625600334,2019,0
0,0.354363158573522,2019,0
0,0.194320158536409,2019,0
0,0.662942925949113,2019,1
0,0.0972994475880542,2019,0
0,0.196888766469155,2019,0
0,0.37853513705576,2019,0
0,0.199682008500486,2019,0
0,0.199682008500486,2019,0
0,0.199682008500486,2019,0
0,0.284187678923891,2019,0
0,0.301606371234354,2019,0
0,0.202455569155564,2019,0
0,0.202455569155564,2019,0
0,0.200969740371421,2019,0
0,0.200969740371421,2019,0
0,0.200969740371421,2019,0
0,0.200969740371421,2019,0
0,0.200969740371421,2019,0
0,0.200969740371421,2019,0
0,0.200969740371421,2019,0
0,0.215387504254176,2019,0
0,0.333783265632701,2019,0
0,0.542279164018822,2019,1
0,0.242024371765138,2019,0
0,0.303807865340806,2019,0
0,0.225251263699037,2019,0
0,0.563126627691451,2019,1
0,0.179543240380873,2019,0
0,0.205387371360416,2019,0
0,0.219586607220058,2019,0
0,0.219586607220058,2019,0
0,0.219586607220058,2019,0
0,0.219586607220058,2019,0
0,0.205387371360416,2019,0
0,0.219586607220058,2019,0
0,0.219586607220058,2019,0
0,0.219586607220058,2019,0
0,0.205387371360416,2019,0
0,0.0971240715212051,2019,0
0,0.0971240715212051,2019,0
0,0.0971240715212051,2019,0
0,0.0971240715212051,2019,0
0,0.0971240715212051,2019,0
0,0.204935296795178,2019,0
0,0.0929915274200817,2019,0
0,0.212627392422147,2019,0
0,0.203375663781892,2019,0
0,0.203375663781892,2019,0
0,0.203375663781892,2019,0
0,0.191698438536911,2019,0
0,0.19887139285225,2019,0
0,0.187025338243218,2019,0
0,0.188638936244264,2019,0
0,0.188638936244264,2019,0
0,0.188638936244264,2019,0
0,0.188638936244264,2019,0
0,0.188638936244264,2019,0
0,0.188638936244264,2019,0
0,0.209544134242066,2019,0
0,0.21006001987336,2019,0
0,0.200244232786004,2019,0
0,0.217598516501078,2019,0
0,0.202363866586209,2019,0
0,0.233372366038213,2019,0
0,0.168646906402306,2019,0
0,0.179083187930215,2019,0
0,0.179083187930215,2019,0
0,0.171335164478155,2019,0
0,0.179083187930215,2019,0
0,0.179083187930215,2019,0
0,0.179083187930215,2019,0
0,0.171335164478155,2019,0
0,0.171335164478155,2019,0
0,0.179083187930215,2019,0
0,0.0806554875347279,2019,0
0,0.0806554875347279,2019,0
0,0.0806554875347279,2019,0
0,0.166696703393903,2019,0
0,0.166696703393903,2019,0
0,0.0434135497802081,2019,0
0,0.149366021645053,2019,0
0,0.115579669962987,2019,0
0,0.11492126790819,2019,0
0,0.0789291622076555,2019,0
0,0.11310578544731,2019,0
0,0.112295837943339,2019,0
0,0.122999010406833,2019,0
0,0.139584634697759,2019,0
0,0.141781499816935,2019,0
0,0.146352945018176,2019,0
0,0.121262453942248,2019,0
0,0.124803855576872,2019,0
0,0.124803855576872,2019,0
0,0.126884980113007,2019,0
0,0.124803855576872,2019,0
0,0.126884980113007,2019,0
0,0.0650757346606767,2019,0
0,0.0650757346606767,2019,0
0,0.0383131988068017,2019,0
0,0.0821368630557003,2019,0
0,0.0768842987649596,2019,0
0,NA,2019,NA
0,0.0343336542792269,2019,0
0,0.0905586045948876,2019,0
0,0.162137198710594,2019,0
0,0.0567521720840384,2019,0
0,0.0546811350176399,2019,0
0,0.0546811350176399,2019,0
0,0.0522272891954447,2019,0
0,0.0546811350176399,2019,0
0,0.0522272891954447,2019,0
0,0.0248308818871133,2019,0
0,0.0482979505429802,2019,0
0,0.0501678167900601,2019,0
0,NA,2019,NA
0,0.0269729407454004,2019,0
0,0.022892433039862,2019,0
0,0.0620330490596138,2019,0
0,0.0466922905105147,2019,0
0,0.044273037591486,2019,0
0,0.045977207826204,2019,0
0,0.045977207826204,2019,0
0,0.045977207826204,2019,0
0,0.023431747353891,2019,0
0,0.0660934456815536,2019,0
0,0.0630272077662989,2019,0
0,NA,2019,NA
0,NA,2019,NA
0,0.0302255530293267,2019,0
0,0.102817623724615,2019,0
0,0.0558307124226182,2019,0
0,0.0750534077183627,2019,0
0,0.0750534077183627,2019,0
0,0.0758900037471574,2019,0
0,0.0750534077183627,2019,0
0,0.153690120163503,2019,0
0,0.0295449784481613,2019,0
0,0.0713133977775114,2019,0
0,0.384269001991545,2019,0
0,0.103775883625612,2019,0
0,0.0900471412480501,2019,0
0,0.0971187532591574,2019,0
0,0.107474481571564,2019,0
0,0.0609998052450468,2019,0
0,0.0564610842533273,2019,0
0,0.0726982010891937,2019,0
0,0.071905660619007,2019,0
0,0.0726982010891937,2019,0
0,0.0726982010891937,2019,0
0,0.138110914311961,2019,0
0,0.138110914311961,2019,0
0,0.0907443727726829,2019,0
0,0.053531035991582,2019,0
0,0.0758978223625566,2019,0
0,0.0716477989763955,2019,0
0,0.0801488887917048,2019,0
0,0.0651925898489954,2019,0
0,0.0396381264082523,2019,0
0,0.0506609840453145,2019,0
0,0.0325636303655766,2019,0
0,0.0325636303655766,2019,0
0,0.114513961062063,2019,0
0,0.114513961062063,2019,0
0,0.0824783856958884,2019,0
0,0.0259823306800638,2019,0
0,0.02652266468583,2019,0
0,0.02652266468583,2019,0
0,0.0259823306800638,2019,0
0,0.0351834993879323,2019,0
0,0.0309447198285722,2019,0
0,0.0426658278772219,2019,0
0,0.0431880416198049,2019,0
0,0.0726487771319621,2019,0
0,0.0415276215269366,2019,0
0,0.0415276215269366,2019,0
0,0.133410442763234,2019,0
0,0.133410442763234,2019,0
0,0.133624422635897,2019,0
0,0.137135673499576,2019,0
0,0.133410442763234,2019,0
0,0.0799902854609187,2019,0
0,0.0260169267169456,2019,0
0,0.0410484870057647,2019,0
0,0.0300356808807336,2019,0
0,0.0326491285892492,2019,0
0,0.0598898765167088,2019,0
0,0.0598898765167088,2019,0
0,0.0284156831269763,2019,0
0,0.103837568005373,2019,0
0,0.103837568005373,2019,0
0,0.103837568005373,2019,0
0,0.103837568005373,2019,0
0,0.105209572993203,2019,0
0,0.104919060643475,2019,0
0,0.0309688923942797,2019,0
0,0.0219615824370508,2019,0
0,0.0219615824370508,2019,0
0,0.0225291429408011,2019,0
0,0.0386664257743953,2019,0
0,0.0386664257743953,2019,0
0,0.013524407506355,2019,0
0,0.0267145264030947,2019,0
0,0.0417191518817259,2019,0
0,0.0417191518817259,2019,0
0,0.0198343689118091,2019,0
0,0.0792262142068881,2019,0
0,0.0766476849399577,2019,0
0,0.0766476849399577,2019,0
0,0.0759480375113994,2019,0
0,0.0766476849399577,2019,0
0,0.0766476849399577,2019,0
0,0.0766476849399577,2019,0
0,0.081406296140197,2019,0
0,0.0182504035328331,2019,0
0,0.0182504035328331,2019,0
0,0.0182504035328331,2019,0
0,0.0140322379593466,2019,0
0,0.0274521598863895,2019,0
0,0.0389508189056081,2019,0
0,0.0202846625055662,2019,0
0,0.0246804574920149,2019,0
0,0.0246804574920149,2019,0
0,0.0298165019605704,2019,0
0,0.0221731375095601,2019,0
0,0.0124177987152636,2019,0
0,0.0477212334872606,2019,0
0,0.0532180211453932,2019,0
0,0.0494988314468046,2019,0
0,0.05304705480896,2019,0
0,0.0494988314468046,2019,0
0,0.0494988314468046,2019,0
0,0.0494988314468046,2019,0
0,0.0494988314468046,2019,0
0,0.0494988314468046,2019,0
0,0.0494988314468046,2019,0
0,0.0155696414559707,2019,0
0,0.024824034302509,2019,0
0,0.0362582500563564,2019,0
0,0.00921765782132971,2019,0
0,0.0195197870008358,2019,0
0,0.0195197870008358,2019,0
0,0.0251360345527117,2019,0
0,0.0226844061394362,2019,0
0,0.0099024022564187,2019,0
0,0.043643772903852,2019,0
0,0.043643772903852,2019,0
0,0.043643772903852,2019,0
0,0.0501819615140262,2019,0
0,0.043643772903852,2019,0
0,0.0501819615140262,2019,0
0,0.0344894767806854,2019,0
0,0.043643772903852,2019,0
0,0.043643772903852,2019,0
0,0.043643772903852,2019,0
0,0.0464972604972615,2019,0
0,0.043643772903852,2019,0
0,0.043643772903852,2019,0
0,0.043643772903852,2019,0
0,0.043643772903852,2019,0
0,0.043643772903852,2019,0
0,0.043643772903852,2019,0
0,0.043643772903852,2019,0
0,0.043643772903852,2019,0
0,0.043643772903852,2019,0
0,0.0422986125906329,2019,0
0,0.043643772903852,2019,0
0,0.043643772903852,2019,0
0,0.043643772903852,2019,0
0,0.043643772903852,2019,0
0,0.043643772903852,2019,0
0,0.043643772903852,2019,0
0,0.043643772903852,2019,0
0,0.043643772903852,2019,0
0,0.0114367758267546,2019,0
0,0.0256286447224498,2019,0
0,0.0175091612958832,2019,0
0,0.0175091612958832,2019,0
0,0.0175091612958832,2019,0
0,0.0326824245446366,2019,0
0,0.00946066911291587,2019,0
0,0.0504812629087681,2019,0
0,0.0174945484226874,2019,0
0,0.0174945484226874,2019,0
0,0.025092385847929,2019,0
0,0.0081805220773038,2019,0
0,0.0199988875168842,2019,0
0,0.00837624842039604,2019,0
0,0.0372152356243776,2019,0
0,0.0350161427020574,2019,0
0,0.0350161427020574,2019,0
0,0.0350161427020574,2019,0
0,0.0350161427020574,2019,0
0,0.0350161427020574,2019,0
0,0.0337297829568572,2019,0
0,0.0350161427020574,2019,0
0,0.0350161427020574,2019,0
0,0.0350161427020574,2019,0
0,0.0350161427020574,2019,0
0,0.0350161427020574,2019,0
0,0.0350161427020574,2019,0
0,0.0350161427020574,2019,0
0,0.0350161427020574,2019,0
0,0.0350161427020574,2019,0
0,0.0350161427020574,2019,0
0,0.0350161427020574,2019,0
0,0.0350161427020574,2019,0
0,0.0350161427020574,2019,0
0,0.0350161427020574,2019,0
0,0.0350161427020574,2019,0
0,0.0415458468604879,2019,0
0,0.0350161427020574,2019,0
0,0.0350161427020574,2019,0
0,0.0350161427020574,2019,0
0,0.0415458468604879,2019,0
0,0.0278022847178096,2019,0
0,0.0350161427020574,2019,0
0,0.0350161427020574,2019,0
0,0.0350161427020574,2019,0
0,0.0350161427020574,2019,0
0,0.0254860426014064,2019,0
0,0.0271147042266933,2019,0
0,0.00903868620495811,2019,0
0,0.0211656341883039,2019,0
0,0.00858353996516361,2019,0
0,0.0164595389599527,2019,0
0,0.00732196279543101,2019,0
0,0.0265399222164945,2019,0
0,0.0265399222164945,2019,0
0,0.0265399222164945,2019,0
0,0.0265399222164945,2019,0
0,0.0265399222164945,2019,0
0,0.0265399222164945,2019,0
0,0.0265399222164945,2019,0
0,0.0265399222164945,2019,0
0,0.0316889500418411,2019,0
0,0.0265399222164945,2019,0
0,0.0265399222164945,2019,0
0,0.0316889500418411,2019,0
0,0.0265399222164945,2019,0
0,0.0265399222164945,2019,0
0,0.0265399222164945,2019,0
0,0.0265399222164945,2019,0
0,0.0265399222164945,2019,0
0,0.0265399222164945,2019,0
0,0.0316889500418411,2019,0
0,0.0205570442579175,2019,0
0,0.0265399222164945,2019,0
0,0.0265399222164945,2019,0
0,0.0265399222164945,2019,0
0,0.0265399222164945,2019,0
0,0.0265399222164945,2019,0
0,0.0265399222164945,2019,0
0,0.0265399222164945,2019,0
0,0.0265399222164945,2019,0
0,0.0265399222164945,2019,0
0,0.0265399222164945,2019,0
0,0.0265399222164945,2019,0
0,0.0265399222164945,2019,0
0,0.0112063200118538,2019,0
0,0.0140966604451801,2019,0
0,0.0112063200118538,2019,0
0,0.0222984963683763,2019,0
0,0.0253070317830223,2019,0
0,0.010083179978131,2019,0
0,0.0183534097534934,2019,0
0,0.0147213203334174,2019,0
0,0.0146620638911491,2019,0
0,0.00792304650989331,2019,0
0,0.0299954830512937,2019,0
0,0.0299954830512937,2019,0
0,0.0299954830512937,2019,0
0,0.0299954830512937,2019,0
0,0.0356869274189038,2019,0
0,0.0299954830512937,2019,0
0,0.0299954830512937,2019,0
0,0.0299954830512937,2019,0
0,0.0299954830512937,2019,0
0,0.0299954830512937,2019,0
0,0.0299954830512937,2019,0
0,0.0231296730754166,2019,0
0,0.0299954830512937,2019,0
0,0.0356869274189038,2019,0
0,0.0299954830512937,2019,0
0,0.0299954830512937,2019,0
0,0.0356869274189038,2019,0
0,0.0299954830512937,2019,0
0,0.0299954830512937,2019,0
0,0.0299954830512937,2019,0
0,0.0299954830512937,2019,0
0,0.0299954830512937,2019,0
0,0.0299954830512937,2019,0
0,0.0299954830512937,2019,0
0,0.0299954830512937,2019,0
0,0.0299954830512937,2019,0
0,0.0299954830512937,2019,0
0,0.0299954830512937,2019,0
0,0.0299954830512937,2019,0
0,0.0299954830512937,2019,0
0,0.0198456183001321,2019,0
0,0.0228483075268178,2019,0
0,0.00870732631589234,2019,0
0,0.0179018528316202,2019,0
0,0.0113003955129694,2019,0
0,0.00844572187791305,2019,0
0,0.0327910254339255,2019,0
0,0.0327910254339255,2019,0
0,0.0327910254339255,2019,0
0,0.0327910254339255,2019,0
0,0.0327910254339255,2019,0
0,0.0327910254339255,2019,0
0,0.0327910254339255,2019,0
0,0.0327910254339255,2019,0
0,0.0327910254339255,2019,0
0,0.0327910254339255,2019,0
0,0.0327910254339255,2019,0
0,0.0327910254339255,2019,0
0,0.0327910254339255,2019,0
0,0.0327910254339255,2019,0
0,0.0327910254339255,2019,0
0,0.0327910254339255,2019,0
0,0.0327910254339255,2019,0
0,0.0376201735699423,2019,0
0,0.0327910254339255,2019,0
0,0.0327910254339255,2019,0
0,0.0327910254339255,2019,0
0,0.0327910254339255,2019,0
0,0.0376201735699423,2019,0
0,0.0309769622322191,2019,0
0,0.0327910254339255,2019,0
0,0.0249035323504965,2019,0
0,0.0327910254339255,2019,0
0,0.0327910254339255,2019,0
0,0.0327910254339255,2019,0
0,0.0376201735699423,2019,0
0,0.0158772340114532,2019,0
0,0.0112508464555312,2019,0
0,0.0112508464555312,2019,0
0,0.0188663051172404,2019,0
0,0.00537417973182324,2019,0
0,0.00560421137274507,2019,0
0,0.0185434965139178,2019,0
0,0.0152420780872294,2019,0
0,0.0128060306264094,2019,0
0,0.00925187583755952,2019,0
0,0.0363272565037414,2019,0
0,0.0389426021304134,2019,0
0,0.0363272565037414,2019,0
0,0.0363272565037414,2019,0
0,0.0363272565037414,2019,0
0,0.0363272565037414,2019,0
0,0.0363272565037414,2019,0
0,0.0346901393455276,2019,0
0,0.0363272565037414,2019,0
0,0.0363272565037414,2019,0
0,0.0363272565037414,2019,0
0,0.0363272565037414,2019,0
0,0.0363272565037414,2019,0
0,0.0363272565037414,2019,0
0,0.0363272565037414,2019,0
0,0.0280142533619658,2019,0
0,0.0363272565037414,2019,0
0,0.0363272565037414,2019,0
0,0.0363272565037414,2019,0
0,0.0422285909596907,2019,0
0,0.0363272565037414,2019,0
0,0.0363272565037414,2019,0
0,0.0363272565037414,2019,0
0,0.0363272565037414,2019,0
0,0.0422285909596907,2019,0
0,0.0363272565037414,2019,0
0,0.0363272565037414,2019,0
0,0.0363272565037414,2019,0
0,0.0363272565037414,2019,0
0,0.0363272565037414,2019,0
0,0.0363272565037414,2019,0
0,0.0422285909596907,2019,0
0,0.0363272565037414,2019,0
0,0.00827701998919937,2019,0
0,0.0115747346495707,2019,0
0,0.0173199901473361,2019,0
0,0.0212924628870639,2019,0
0,0.0100385878146496,2019,0
0,0.0100385878146496,2019,0
0,0.0049221856857068,2019,0
0,0.0183596585502015,2019,0
0,0.01526056161781,2019,0
0,0.0152348558253436,2019,0
0,0.0389422463617929,2019,0
0,0.0389422463617929,2019,0
0,0.0389422463617929,2019,0
0,0.0389422463617929,2019,0
0,0.0389422463617929,2019,0
0,0.0389422463617929,2019,0
0,0.0389422463617929,2019,0
0,0.0456017496672019,2019,0
0,0.0389422463617929,2019,0
0,0.0389422463617929,2019,0
0,0.0389422463617929,2019,0
0,0.0415277049545485,2019,0
0,0.0375441140447165,2019,0
0,0.0389422463617929,2019,0
0,0.0389422463617929,2019,0
0,0.0306002495113701,2019,0
0,0.0389422463617929,2019,0
0,0.0389422463617929,2019,0
0,0.0389422463617929,2019,0
0,0.0389422463617929,2019,0
0,0.0389422463617929,2019,0
0,0.0389422463617929,2019,0
0,0.0456017496672019,2019,0
0,0.0389422463617929,2019,0
0,0.0389422463617929,2019,0
0,0.0389422463617929,2019,0
0,0.0389422463617929,2019,0
0,0.0389422463617929,2019,0
0,0.0389422463617929,2019,0
0,0.0389422463617929,2019,0
0,0.0389422463617929,2019,0
0,0.0389422463617929,2019,0
0,0.0389422463617929,2019,0
0,0.0456017496672019,2019,0
0,0.00906464506537981,2019,0
0,0.0217709534348196,2019,0
0,0.0251301666093373,2019,0
0,0.0180582257229401,2019,0
0,0.0103156148720071,2019,0
0,0.0103156148720071,2019,0
0,0.0167983245043686,2019,0
0,0.0194934381613637,2019,0
0,0.0157656572140098,2019,0
0,0.0116669233840512,2019,0
0,0.0116669233840512,2019,0
0,0.0116669233840512,2019,0
0,0.00972023199776657,2019,0
0,0.00972023199776657,2019,0
0,0.0110014187491368,2019,0
0,0.00972023199776657,2019,0
0,0.0433773808419614,2019,0
0,0.0507051198690823,2019,0
0,0.0433773808419614,2019,0
0,0.0433773808419614,2019,0
0,0.0507051198690823,2019,0
0,0.0433773808419614,2019,0
0,0.0433773808419614,2019,0
0,0.0433773808419614,2019,0
0,0.0433773808419614,2019,0
0,0.0433773808419614,2019,0
0,0.0433773808419614,2019,0
0,0.0433773808419614,2019,0
0,0.0507051198690823,2019,0
0,0.0433773808419614,2019,0
0,0.0433773808419614,2019,0
0,0.0433773808419614,2019,0
0,0.0433773808419614,2019,0
0,0.0433773808419614,2019,0
0,0.0348849324793952,2019,0
0,0.0433773808419614,2019,0
0,0.0433773808419614,2019,0
0,0.0433773808419614,2019,0
0,0.0433773808419614,2019,0
0,0.0433773808419614,2019,0
0,0.0459722974730345,2019,0
0,0.0433773808419614,2019,0
0,0.0433773808419614,2019,0
0,0.0433773808419614,2019,0
0,0.0423121473352323,2019,0
0,0.0433773808419614,2019,0
0,0.0433773808419614,2019,0
0,0.0433773808419614,2019,0
0,0.0101511030102043,2019,0
0,0.0201204553285338,2019,0
0,0.00944717403060648,2019,0
0,0.00944717403060648,2019,0
0,0.0143518271858169,2019,0
0,0.0143518271858169,2019,0
0,0.0143518271858169,2019,0
0,0.0208758838476774,2019,0
0,0.0241493212034452,2019,0
0,0.0233254656407373,2019,0
0,0.0233254656407373,2019,0
0,0.0258138926715041,2019,0
0,0.0211464311797557,2019,0
0,0.0110779129039211,2019,0
0,0.0110779129039211,2019,0
0,0.0169733622901669,2019,0
0,0.0128362731359636,2019,0
0,0.0128362731359636,2019,0
0,0.0128362731359636,2019,0
0,0.010199077910626,2019,0
0,0.010199077910626,2019,0
0,0.0120591521663416,2019,0
0,0.010199077910626,2019,0
0,0.044100234457776,2019,0
0,0.044100234457776,2019,0
0,0.044100234457776,2019,0
0,0.044100234457776,2019,0
0,0.044100234457776,2019,0
0,0.0462548558832702,2019,0
0,0.044100234457776,2019,0
0,0.044100234457776,2019,0
0,0.044100234457776,2019,0
0,0.044100234457776,2019,0
0,0.044100234457776,2019,0
0,0.0367464571050677,2019,0
0,0.044100234457776,2019,0
0,0.0436133360852316,2019,0
0,0.044100234457776,2019,0
0,0.044100234457776,2019,0
0,0.052953140041112,2019,0
0,0.044100234457776,2019,0
0,0.044100234457776,2019,0
0,0.044100234457776,2019,0
0,0.044100234457776,2019,0
0,0.044100234457776,2019,0
0,0.044100234457776,2019,0
0,0.044100234457776,2019,0
0,0.044100234457776,2019,0
0,0.044100234457776,2019,0
0,0.044100234457776,2019,0
0,0.052953140041112,2019,0
0,0.052953140041112,2019,0
0,0.044100234457776,2019,0
0,0.0128707948235292,2019,0
0,0.0222917162892788,2019,0
0,0.0160098854002313,2019,0
0,0.0160098854002313,2019,0
0,0.0160098854002313,2019,0
0,0.00999292711809821,2019,0
0,0.00999292711809821,2019,0
0,0.0261699499325263,2019,0
0,0.0254087768648076,2019,0
0,0.0280025708028522,2019,0
0,0.0280025708028522,2019,0
0,0.0225384815142797,2019,0
0,0.0275862145840662,2019,0
0,0.0168825766997817,2019,0
0,0.0128077213488181,2019,0
0,0.0128077213488181,2019,0
0,0.0128077213488181,2019,0
0,0.0116879652789433,2019,0
0,0.01200845147442,2019,0
0,0.0099029264364348,2019,0
0,0.0099029264364348,2019,0
0,0.0099029264364348,2019,0
0,0.0418220449315491,2019,0
0,0.0418220449315491,2019,0
0,0.0418220449315491,2019,0
0,0.0418220449315491,2019,0
0,0.0418220449315491,2019,0
0,0.0512339822575089,2019,0
0,0.0418220449315491,2019,0
0,0.0418220449315491,2019,0
0,0.0437235027086354,2019,0
0,0.0418220449315491,2019,0
0,0.0418220449315491,2019,0
0,0.0512339822575089,2019,0
0,0.0414555071412368,2019,0
0,0.0418220449315491,2019,0
0,0.0414555071412368,2019,0
0,0.0418220449315491,2019,0
0,0.0418220449315491,2019,0
0,0.0512339822575089,2019,0
0,0.0351865123077725,2019,0
0,0.0418220449315491,2019,0
0,0.0418220449315491,2019,0
0,0.0418220449315491,2019,0
0,0.0418220449315491,2019,0
0,0.0418220449315491,2019,0
0,0.0418220449315491,2019,0
0,0.0418220449315491,2019,0
0,0.0418220449315491,2019,0
0,0.0418220449315491,2019,0
0,0.0418220449315491,2019,0
0,0.0418220449315491,2019,0
0,0.0418220449315491,2019,0
0,0.0418220449315491,2019,0
0,0.0418220449315491,2019,0
0,0.0150081558984602,2019,0
0,0.0237936153614114,2019,0
0,0.0190676744141217,2019,0
0,0.0113499256014096,2019,0
0,0.0190676744141217,2019,0
0,0.0113499256014096,2019,0
0,0.0190676744141217,2019,0
0,0.0190676744141217,2019,0
0,0.0285242510771895,2019,0
0,0.0277483858172105,2019,0
0,0.031833955470861,2019,0
0,0.031833955470861,2019,0
0,0.0240804630961621,2019,0
0,0.0113244485017227,2019,0
0,0.0116739741070461,2019,0
0,0.0116739741070461,2019,0
0,0.0326049860771134,2019,0
0,0.0180727233851882,2019,0
0,0.0136860101295644,2019,0
0,0.0136860101295644,2019,0
0,0.0136860101295644,2019,0
0,0.0106133806603595,2019,0
0,0.0106133806603595,2019,0
0,0.0106133806603595,2019,0
0,0.0122475321865435,2019,0
0,0.0125860600437967,2019,0
0,0.0462194416244311,2019,0
0,0.0462194416244311,2019,0
0,0.0462194416244311,2019,0
0,0.0459014386832834,2019,0
0,0.0462194416244311,2019,0
0,0.0462194416244311,2019,0
0,0.0462194416244311,2019,0
0,0.0462194416244311,2019,0
0,0.0462194416244311,2019,0
0,0.0462194416244311,2019,0
0,0.0462194416244311,2019,0
0,0.0462194416244311,2019,0
0,0.0462194416244311,2019,0
0,0.0462194416244311,2019,0
0,0.0459014386832834,2019,0
0,0.0462194416244311,2019,0
0,0.0462194416244311,2019,0
0,0.0462194416244311,2019,0
0,0.0462194416244311,2019,0
0,0.0553413143404091,2019,0
0,0.0462194416244311,2019,0
0,0.0462194416244311,2019,0
0,0.0573653635631281,2019,0
0,0.0462194416244311,2019,0
0,0.0462194416244311,2019,0
0,0.0462194416244311,2019,0
0,0.0462194416244311,2019,0
0,0.0460065177847807,2019,0
0,0.0553413143404091,2019,0
0,0.0462194416244311,2019,0
0,0.0553413143404091,2019,0
0,0.0462194416244311,2019,0
0,0.0462194416244311,2019,0
0,0.0388132215784237,2019,0
0,0.0462194416244311,2019,0
0,0.0462194416244311,2019,0
0,0.0483806232638377,2019,0
0,0.0254176934202926,2019,0
0,0.0294991677515663,2019,0
0,0.0114695441854298,2019,0
0,0.0114695441854298,2019,0
0,0.0114695441854298,2019,0
0,0.0328744278028151,2019,0
0,0.0328744278028151,2019,0
0,0.0286113599981773,2019,0
0,0.0259470848253902,2019,0
0,0.00815926888832189,2019,0
0,0.00871472842608642,2019,0
0,0.037484516120249,2019,0
0,0.0200702192869182,2019,0
0,0.0229056036982929,2019,0
0,0.0222735313960527,2019,0
0,0.019205037196085,2019,0
0,0.0140330531848806,2019,0
0,0.0140330531848806,2019,0
0,0.0140330531848806,2019,0
0,0.0140330531848806,2019,0
0,0.0111376624090446,2019,0
0,0.0130717885061408,2019,0
0,0.0111376624090446,2019,0
0,0.0111376624090446,2019,0
0,0.0127987239393644,2019,0
0,0.0585224429983403,2019,0
0,0.0499274011368958,2019,0
0,0.0565022510727159,2019,0
0,0.0477532627647644,2019,0
0,0.0477532627647644,2019,0
0,0.0477532627647644,2019,0
0,0.0477532627647644,2019,0
0,0.0477532627647644,2019,0
0,0.0565022510727159,2019,0
0,0.0477532627647644,2019,0
0,0.0477532627647644,2019,0
0,0.0565022510727159,2019,0
0,0.0477532627647644,2019,0
0,0.0477532627647644,2019,0
0,0.0477532627647644,2019,0
0,0.0477532627647644,2019,0
0,0.0477532627647644,2019,0
0,0.0477532627647644,2019,0
0,0.047513805240139,2019,0
0,0.0477532627647644,2019,0
0,0.0477532627647644,2019,0
0,0.0477532627647644,2019,0
0,0.0477532627647644,2019,0
0,0.0477532627647644,2019,0
0,0.0477532627647644,2019,0
0,0.0477532627647644,2019,0
0,0.0477532627647644,2019,0
0,0.0477532627647644,2019,0
0,0.0477532627647644,2019,0
0,0.0477532627647644,2019,0
0,0.0477532627647644,2019,0
0,0.0475359695861246,2019,0
0,0.0477532627647644,2019,0
0,0.0477532627647644,2019,0
0,0.0403202281221755,2019,0
0,0.0477532627647644,2019,0
0,0.0477532627647644,2019,0
0,0.0353693572316299,2019,0
0,0.0121108834829235,2019,0
0,0.0121108834829235,2019,0
0,0.0121108834829235,2019,0
0,0.0121108834829235,2019,0
0,0.0121108834829235,2019,0
0,0.0121108834829235,2019,0
0,0.0400024714196109,2019,0
0,0.0400024714196109,2019,0
0,0.0278729594472694,2019,0
0,0.0353947344683773,2019,0
0,0.0321793697467897,2019,0
0,0.00932760341585157,2019,0
0,0.00932760341585157,2019,0
0,0.00985212003846386,2019,0
0,0.0100519117592729,2019,0
0,0.00998773814614967,2019,0
0,0.042727286746683,2019,0
0,0.0242190770624037,2019,0
0,0.021157490392074,2019,0
0,0.0246400563300349,2019,0
0,0.0252316854673954,2019,0
0,0.0268955630898481,2019,0
0,0.0268955630898481,2019,0
0,0.0268955630898481,2019,0
0,0.015500016943562,2019,0
0,0.015500016943562,2019,0
0,0.015500016943562,2019,0
0,0.015500016943562,2019,0
0,0.0115464829318846,2019,0
0,0.0135417119379904,2019,0
0,0.0115464829318846,2019,0
0,0.0137347822917111,2019,0
0,0.0115464829318846,2019,0
0,0.0490432032360201,2019,0
0,0.0490432032360201,2019,0
0,0.0490432032360201,2019,0
0,0.0490432032360201,2019,0
0,0.0585067865120114,2019,0
0,0.0490432032360201,2019,0
0,0.0490432032360201,2019,0
0,0.0490432032360201,2019,0
0,0.0490432032360201,2019,0
0,0.0490432032360201,2019,0
0,0.0490432032360201,2019,0
0,0.0490432032360201,2019,0
0,0.0490432032360201,2019,0
0,0.0490432032360201,2019,0
0,0.0605647578495323,2019,0
0,0.0490432032360201,2019,0
0,0.0490138884533029,2019,0
0,0.0490432032360201,2019,0
0,0.0490432032360201,2019,0
0,0.0585067865120114,2019,0
0,0.0490432032360201,2019,0
0,0.0487597774925156,2019,0
0,0.0490432032360201,2019,0
0,0.0490432032360201,2019,0
0,0.0490432032360201,2019,0
0,0.0490432032360201,2019,0
0,0.0511558256216217,2019,0
0,0.0585067865120114,2019,0
0,0.0490432032360201,2019,0
0,0.0417413619789879,2019,0
0,0.0490432032360201,2019,0
0,0.0490432032360201,2019,0
0,0.0490432032360201,2019,0
0,0.0490432032360201,2019,0
0,0.0490432032360201,2019,0
0,0.0490432032360201,2019,0
0,0.0490432032360201,2019,0
0,0.0490432032360201,2019,0
0,0.0490432032360201,2019,0
0,0.0490432032360201,2019,0
0,0.0490138884533029,2019,0
0,0.0226804492581671,2019,0
0,0.0358497724564942,2019,0
0,0.0385751459455995,2019,0
0,0.0246048747560866,2019,0
0,0.0392302644220457,2019,0
0,0.0466461401089604,2019,0
0,0.0466461401089604,2019,0
0,0.0294436885046505,2019,0
0,0.0387153101911984,2019,0
0,0.00890900508995792,2019,0
0,0.00962979258597134,2019,0
0,0.00890900508995792,2019,0
0,0.00969792080976154,2019,0
0,0.00948165866991462,2019,0
0,0.0438494222866514,2019,0
0,0.0237250973570351,2019,0
0,0.0877782557975012,2019,0
0,0.0270680809028792,2019,0
0,0.0221019653075917,2019,0
0,0.0270680809028792,2019,0
0,0.0280426950462657,2019,0
0,0.0324378938565099,2019,0
0,0.0324378938565099,2019,0
0,0.0324378938565099,2019,0
0,0.0168171116939727,2019,0
0,0.0168171116939727,2019,0
0,0.0168171116939727,2019,0
0,0.0168171116939727,2019,0
0,0.0120459771817516,2019,0
0,0.0153485266212815,2019,0
0,0.0153227088803562,2019,0
0,0.0120459771817516,2019,0
0,0.0120459771817516,2019,0
0,0.0527769065014835,2019,0
0,0.0527769065014835,2019,0
0,0.0527769065014835,2019,0
0,0.0527769065014835,2019,0
0,0.0527769065014835,2019,0
0,0.0663394241937413,2019,0
0,0.0527769065014835,2019,0
0,0.0527769065014835,2019,0
0,0.0527769065014835,2019,0
0,0.0663394241937413,2019,0
0,0.0527769065014835,2019,0
0,0.0527769065014835,2019,0
0,0.0527769065014835,2019,0
0,0.0527769065014835,2019,0
0,0.0527769065014835,2019,0
0,0.0527769065014835,2019,0
0,0.0460367866827352,2019,0
0,0.0527769065014835,2019,0
0,0.0527769065014835,2019,0
0,0.0527769065014835,2019,0
0,0.0527769065014835,2019,0
0,0.0527769065014835,2019,0
0,0.0663394241937413,2019,0
0,0.0527769065014835,2019,0
0,0.0527769065014835,2019,0
0,0.0527769065014835,2019,0
0,0.0527769065014835,2019,0
0,0.0527769065014835,2019,0
0,0.0527769065014835,2019,0
0,0.0527769065014835,2019,0
0,0.0527769065014835,2019,0
0,0.0310424692234065,2019,0
0,0.0380753741307699,2019,0
0,0.0490195741053315,2019,0
0,0.0490195741053315,2019,0
0,0.00894170231499898,2019,0
0,0.00996905017615468,2019,0
0,0.00969161221683947,2019,0
0,0.00988957143316302,2019,0
0,0.00894170231499898,2019,0
0,0.00873153807587623,2019,0
0,0.0466732047466229,2019,0
0,0.0251735304197794,2019,0
0,0.0264660011566487,2019,0
0,0.0178897507224061,2019,0
0,0.0178897507224061,2019,0
0,0.0178897507224061,2019,0
0,0.0178897507224061,2019,0
0,0.0124129721160893,2019,0
0,0.0165358044863662,2019,0
0,0.0124129721160893,2019,0
0,0.0164041722875509,2019,0
0,0.0124129721160893,2019,0
0,0.0531648378441665,2019,0
0,0.0531648378441665,2019,0
0,0.0531648378441665,2019,0
0,0.0531648378441665,2019,0
0,0.0685966078493866,2019,0
0,0.0531648378441665,2019,0
0,0.0531648378441665,2019,0
0,0.0531648378441665,2019,0
0,0.0685966078493866,2019,0
0,0.0531648378441665,2019,0
0,0.0531648378441665,2019,0
0,0.0685966078493866,2019,0
0,0.0531648378441665,2019,0
0,0.0531648378441665,2019,0
0,0.0531648378441665,2019,0
0,0.0531648378441665,2019,0
0,0.0531648378441665,2019,0
0,0.0531648378441665,2019,0
0,0.0531648378441665,2019,0
0,0.0531648378441665,2019,0
0,0.0531648378441665,2019,0
0,0.0531648378441665,2019,0
0,0.0471821581479108,2019,0
0,0.0531648378441665,2019,0
0,0.0531648378441665,2019,0
0,0.0531648378441665,2019,0
0,0.0321588616037503,2019,0
0,0.0404944127190704,2019,0
0,0.0535576945370867,2019,0
0,0.0535576945370867,2019,0
0,0.100871889610536,2019,0
0,0.0573839689241232,2019,0
0,0.0452237294819573,2019,0
0,0.0417979485195518,2019,0
0,0.0510505606909072,2019,0
0,0.0468717098970033,2019,0
0,0.0368672074890173,2019,0
0,0.0299159316051114,2019,0
0,0.0308227808282121,2019,0
0,0.0215129526620879,2019,0
0,0.0215129526620879,2019,0
0,0.0215129526620879,2019,0
0,0.0215129526620879,2019,0
0,0.0167650580616411,2019,0
0,0.0138613506015889,2019,0
0,0.0167410686469897,2019,0
0,0.0138613506015889,2019,0
0,0.0138613506015889,2019,0
0,0.0572487164429817,2019,0
0,0.0572487164429817,2019,0
0,0.0572487164429817,2019,0
0,0.0501289474045358,2019,0
0,0.0572487164429817,2019,0
0,0.0684135621529863,2019,0
0,0.0572487164429817,2019,0
0,0.0684135621529863,2019,0
0,0.0684135621529863,2019,0
0,0.0572487164429817,2019,0
0,0.0572487164429817,2019,0
0,0.0572487164429817,2019,0
0,0.0572487164429817,2019,0
0,0.0572487164429817,2019,0
0,0.0572487164429817,2019,0
0,0.0572487164429817,2019,0
0,0.0572487164429817,2019,0
0,0.0572487164429817,2019,0
0,0.0572487164429817,2019,0
0,0.0572487164429817,2019,0
0,0.0572487164429817,2019,0
0,0.0572487164429817,2019,0
0,0.0572487164429817,2019,0
0,0.0572487164429817,2019,0
0,0.0572487164429817,2019,0
0,0.0572487164429817,2019,0
0,0.0466629012911161,2019,0
0,0.0495468186244849,2019,0
0,0.0495468186244849,2019,0
0,0.0411539806647697,2019,0
0,0.0172781247364933,2019,0
0,0.028577317215351,2019,0
0,0.028577317215351,2019,0
0,0.0172781247364933,2019,0
0,0.028577317215351,2019,0
0,0.028577317215351,2019,0
0,NA,2019,NA
0,0.0461165601818634,2019,0
0,0.0461165601818634,2019,0
0,0.0461165601818634,2019,0
0,0.0231516822650602,2019,0
0,0.0231516822650602,2019,0
0,0.0231516822650602,2019,0
0,0.0231516822650602,2019,0
0,0.0231516822650602,2019,0
0,0.00940351061330302,2019,0
0,0.00940351061330302,2019,0
0,0.0100174874340609,2019,0
0,0.00924080311695131,2019,0
0,0.0101775901825202,2019,0
0,0.0102486771306108,2019,0
0,0.0305795851570701,2019,0
0,0.0381857426663821,2019,0
0,0.03335255622561,2019,0
0,0.0966164839430034,2019,0
0,0.0921882576409437,2019,0
0,0.0288034256488892,2019,0
0,0.0227592913845146,2019,0
0,0.0227592913845146,2019,0
0,0.0227592913845146,2019,0
0,0.0227592913845146,2019,0
0,0.0227592913845146,2019,0
0,0.0227592913845146,2019,0
0,0.0227592913845146,2019,0
0,0.0227592913845146,2019,0
0,0.0227592913845146,2019,0
0,0.0227592913845146,2019,0
0,0.0227592913845146,2019,0
0,0.0227592913845146,2019,0
0,0.0227592913845146,2019,0
0,0.0202405597017092,2019,0
0,0.0202405597017092,2019,0
0,0.0430104734756992,2019,0
0,0.0379608836853681,2019,0
0,0.0342015554961404,2019,0
0,0.0345474715704156,2019,0
0,0.041063616433238,2019,0
0,0.0368038039107263,2019,0
0,0.0786315954896222,2019,0
0,0.0277377277101391,2019,0
0,0.0281971118302901,2019,0
0,0.0221908434962629,2019,0
0,0.0330084889850353,2019,0
0,0.0322049307012597,2019,0
0,0.0318788026551286,2019,0
0,0.0325956057553818,2019,0
0,0.0327284570053842,2019,0
0,0.0317195329450119,2019,0
0,0.0323285297688712,2019,0
0,0.0430728160870743,2019,0
0,0.0216324849126625,2019,0
0,0.0216324849126625,2019,0
0,0.0259812277734835,2019,0
0,0.0308741452584953,2019,0
0,0.0277361940871806,2019,0
0,0.0328515683696331,2019,0
0,0.034225771604914,2019,0
0,0.0328515683696331,2019,0
0,0.168702726825589,2019,0
0,0.0421650498891475,2019,0
0,0.0421650498891475,2019,0
0,0.0421650498891475,2019,0
0,0.0202257573886213,2019,0
0,0.0202257573886213,2019,0
0,0.0202257573886213,2019,0
0,0.0206043134575354,2019,0
0,0.0202257573886213,2019,0
0,0.0202257573886213,2019,0
0,0.0202257573886213,2019,0
0,0.0206043134575354,2019,0
0,0.0140664022060731,2019,0
0,0.0140664022060731,2019,0
0,0.01769652224058,2019,0
0,0.01769652224058,2019,0
0,0.0176275936285531,2019,0
0,0.0140664022060731,2019,0
0,0.0140664022060731,2019,0
0,0.0140664022060731,2019,0
0,0.0140664022060731,2019,0
0,0.0162128816397898,2019,0
0,0.0140664022060731,2019,0
0,0.0176381001325131,2019,0
0,0.0567508692298982,2019,0
0,0.0567508692298982,2019,0
0,0.0567508692298982,2019,0
0,0.0697242635683017,2019,0
0,0.0567508692298982,2019,0
0,0.0567508692298982,2019,0
0,0.0567508692298982,2019,0
0,0.0567508692298982,2019,0
0,0.0567508692298982,2019,0
0,0.0567508692298982,2019,0
0,0.0697242635683017,2019,0
0,0.0567508692298982,2019,0
0,0.0567508692298982,2019,0
0,0.0579184379408675,2019,0
0,0.0567508692298982,2019,0
0,0.0567508692298982,2019,0
0,0.0567508692298982,2019,0
0,0.0567508692298982,2019,0
0,0.0697242635683017,2019,0
0,0.0567508692298982,2019,0
0,0.0561137291028297,2019,0
0,0.0567508692298982,2019,0
0,0.0567508692298982,2019,0
0,0.0567508692298982,2019,0
0,0.0567508692298982,2019,0
0,0.0567508692298982,2019,0
0,0.0501787868202774,2019,0
0,0.0567508692298982,2019,0
0,0.0567508692298982,2019,0
0,0.0585504014849192,2019,0
0,0.0567508692298982,2019,0
0,0.0567508692298982,2019,0
0,0.0567508692298982,2019,0
0,0.0567508692298982,2019,0
0,0.0567508692298982,2019,0
0,0.0258363119464538,2019,0
0,0.0362820783304313,2019,0
0,0.0207951781682566,2019,0
0,0.0207951781682566,2019,0
0,0.0207951781682566,2019,0
0,0.0207951781682566,2019,0
0,0.0207951781682566,2019,0
0,0.0207951781682566,2019,0
0,0.0207951781682566,2019,0
0,0.0207951781682566,2019,0
0,0.0207951781682566,2019,0
0,0.0479933079571804,2019,0
0,0.0355076210708098,2019,0
0,0.0194918182555851,2019,0
0,0.0194918182555851,2019,0
0,0.0194918182555851,2019,0
0,0.047466144687515,2019,0
0,0.047466144687515,2019,0
0,0.0392521257882586,2019,0
0,0.0144360491863745,2019,0
0,0.0144360491863745,2019,0
0,0.0306579794507998,2019,0
0,0.0144360491863745,2019,0
0,0.0144360491863745,2019,0
0,0.0144360491863745,2019,0
0,0.0306579794507998,2019,0
0,0.0306579794507998,2019,0
0,0.0306579794507998,2019,0
0,0.0144360491863745,2019,0
0,0.0187982676026147,2019,0
0,0.0187982676026147,2019,0
0,0.0187982676026147,2019,0
0,0.0187982676026147,2019,0
0,0.0187982676026147,2019,0
0,0.0187982676026147,2019,0
0,0.0187982676026147,2019,0
0,0.0187982676026147,2019,0
0,0.0187982676026147,2019,0
0,0.0478692726832151,2019,0
0,0.0559651228627563,2019,0
0,NA,2019,NA
0,0.0371203264419915,2019,0
0,0.0371203264419915,2019,0
0,0.0371203264419915,2019,0
0,0.018627430292633,2019,0
0,0.018627430292633,2019,0
0,0.018627430292633,2019,0
0,0.018627430292633,2019,0
0,0.018627430292633,2019,0
0,0.00823464316907602,2019,0
0,0.00823464316907602,2019,0
0,0.00881770171898355,2019,0
0,0.00896873951690191,2019,0
0,0.00808654404798848,2019,0
0,0.00903518992195071,2019,0
0,0.0282271712680399,2019,0
0,0.0342033211271223,2019,0
0,0.0258426142246672,2019,0
0,0.0323900300214406,2019,0
0,0.0756472299107902,2019,0
0,0.079378309904883,2019,0
0,0.0251995358018321,2019,0
0,0.0212928832888573,2019,0
0,0.0187995467087192,2019,0
0,0.0187995467087192,2019,0
0,0.0187995467087192,2019,0
0,0.0187995467087192,2019,0
0,0.0187995467087192,2019,0
0,0.0187995467087192,2019,0
0,0.0187995467087192,2019,0
0,0.0187995467087192,2019,0
0,0.0187995467087192,2019,0
0,0.0187995467087192,2019,0
0,0.0187995467087192,2019,0
0,0.0187995467087192,2019,0
0,0.0187995467087192,2019,0
0,0.0155830620437865,2019,0
0,0.0155830620437865,2019,0
0,0.0370462888981715,2019,0
0,0.0313716869714838,2019,0
0,0.029105298340545,2019,0
0,0.0350545361894238,2019,0
0,0.0294273248552118,2019,0
0,0.0323573252658622,2019,0
0,0.0635082438028632,2019,0
0,0.0249270258335761,2019,0
0,0.0245533302326058,2019,0
0,0.0188303501879933,2019,0
0,0.0299796454079704,2019,0
0,0.0296014072367504,2019,0
0,0.0301230535822981,2019,0
0,0.0290820864552604,2019,0
0,0.031157646596815,2019,0
0,0.0290531985064464,2019,0
0,0.037730051547978,2019,0
0,0.0189376389277712,2019,0
0,0.0189376389277712,2019,0
0,0.0237128155964019,2019,0
0,0.0290303858221225,2019,0
0,0.0318653368289964,2019,0
0,0.0252110464734853,2019,0
0,0.0318653368289964,2019,0
0,0.0334123463446539,2019,0
0,0.149748711664046,2019,0
0,0.150911353068528,2019,0
0,0.0389203309356227,2019,0
0,0.0389203309356227,2019,0
0,0.0389203309356227,2019,0
0,0.0176969488761148,2019,0
0,0.0173441566050575,2019,0
0,0.0176969488761148,2019,0
0,0.0173441566050575,2019,0
0,0.0173441566050575,2019,0
0,0.0173441566050575,2019,0
0,0.0173441566050575,2019,0
0,0.0166949205147552,2019,0
0,0.0125150825115926,2019,0
0,0.0125150825115926,2019,0
0,0.0125150825115926,2019,0
0,0.0125150825115926,2019,0
0,0.0125150825115926,2019,0
0,0.0125150825115926,2019,0
0,0.0168819054523165,2019,0
0,0.0149829434200675,2019,0
0,0.0125150825115926,2019,0
0,0.0168819054523165,2019,0
0,0.0166371658907792,2019,0
0,0.0489108417788368,2019,0
0,0.0500769351967495,2019,0
0,0.0489108417788368,2019,0
0,0.0489108417788368,2019,0
0,0.0489108417788368,2019,0
0,0.0489108417788368,2019,0
0,0.0482319407182309,2019,0
0,0.0489108417788368,2019,0
0,0.0489108417788368,2019,0
0,0.0501488167543009,2019,0
0,0.0489108417788368,2019,0
0,0.0489108417788368,2019,0
0,0.0489108417788368,2019,0
0,0.0489108417788368,2019,0
0,0.0489108417788368,2019,0
0,0.0489108417788368,2019,0
0,0.0489108417788368,2019,0
0,0.0489108417788368,2019,0
0,0.0489108417788368,2019,0
0,0.0489108417788368,2019,0
0,0.0489108417788368,2019,0
0,0.0489108417788368,2019,0
0,0.0632362099644494,2019,0
0,0.0489108417788368,2019,0
0,0.0439931642379742,2019,0
0,0.0489108417788368,2019,0
0,0.0489108417788368,2019,0
0,0.0489108417788368,2019,0
0,0.0489108417788368,2019,0
0,0.0489108417788368,2019,0
0,0.0632362099644494,2019,0
0,0.0489108417788368,2019,0
0,0.0489108417788368,2019,0
0,0.0489108417788368,2019,0
0,0.0632362099644494,2019,0
0,0.0254200271753011,2019,0
0,0.0282094109822883,2019,0
0,0.0188845682178286,2019,0
0,0.0188845682178286,2019,0
0,0.0188845682178286,2019,0
0,0.0188845682178286,2019,0
0,0.0188845682178286,2019,0
0,0.0188845682178286,2019,0
0,0.0188845682178286,2019,0
0,0.0188845682178286,2019,0
0,0.0188845682178286,2019,0
0,0.0489303647384544,2019,0
0,0.030584272211401,2019,0
0,0.0189916962759569,2019,0
0,0.0189916962759569,2019,0
0,0.0189916962759569,2019,0
0,0.0486986179751932,2019,0
0,0.0396521588091866,2019,0
0,0.0486986179751932,2019,0
0,0.0146762962456452,2019,0
0,0.0146762962456452,2019,0
0,0.033491776302232,2019,0
0,0.033491776302232,2019,0
0,0.0146762962456452,2019,0
0,0.033491776302232,2019,0
0,0.0146762962456452,2019,0
0,0.0146762962456452,2019,0
0,0.033491776302232,2019,0
0,0.0146762962456452,2019,0
0,0.019197239603465,2019,0
0,0.019197239603465,2019,0
0,0.019197239603465,2019,0
0,0.019197239603465,2019,0
0,0.019197239603465,2019,0
0,0.019197239603465,2019,0
0,0.019197239603465,2019,0
0,0.019197239603465,2019,0
0,0.019197239603465,2019,0
0,0.0491475793581116,2019,0
0,NA,2019,NA
0,0.0438839922328648,2019,0
0,0.0438839922328648,2019,0
0,0.0197137867244405,2019,0
0,0.0197137867244405,2019,0
0,0.0197137867244405,2019,0
0,0.0197137867244405,2019,0
0,0.0197137867244405,2019,0
0,0.0464212408138941,2019,0
0,0.00947623674672267,2019,0
0,0.0102696384086324,2019,0
0,0.0104800582996078,2019,0
0,0.0105632951577189,2019,0
0,0.00947623674672267,2019,0
0,0.00924754311734103,2019,0
0,0.0262970839485069,2019,0
0,0.0287378513244651,2019,0
0,0.0678617073055934,2019,0
0,0.0264698493839005,2019,0
0,0.0222313321686652,2019,0
0,0.0248762626499462,2019,0
0,0.019962642019992,2019,0
0,0.019962642019992,2019,0
0,0.019962642019992,2019,0
0,0.019962642019992,2019,0
0,0.019962642019992,2019,0
0,0.019962642019992,2019,0
0,0.019962642019992,2019,0
0,0.019962642019992,2019,0
0,0.019962642019992,2019,0
0,0.019962642019992,2019,0
0,0.019962642019992,2019,0
0,0.019962642019992,2019,0
0,0.0233557803115509,2019,0
0,0.0160323629363241,2019,0
0,0.0160323629363241,2019,0
0,0.0280445338452472,2019,0
0,0.0466537231943432,2019,0
0,0.0374717420183588,2019,0
0,0.0345431313810463,2019,0
0,0.0313360300266138,2019,0
0,0.0310082335224832,2019,0
0,0.0611251926838962,2019,0
0,0.0272826661606193,2019,0
0,0.026912270890826,2019,0
0,0.0200076395978916,2019,0
0,0.0248997641806502,2019,0
0,0.0325907059219845,2019,0
0,0.0319451718628392,2019,0
0,0.0344338604618943,2019,0
0,0.0331739677662901,2019,0
0,0.0320019359570334,2019,0
0,0.0329790722039754,2019,0
0,0.0451662627691884,2019,0
0,0.0196506542322094,2019,0
0,0.0196506542322094,2019,0
0,0.0247305012429246,2019,0
0,0.0321282645102979,2019,0
0,0.0376731474032135,2019,0
0,0.0358156009194311,2019,0
0,0.0291820048213703,2019,0
0,0.0358156009194311,2019,0
0,0.0475188513548915,2019,0
0,0.0475188513548915,2019,0
0,0.0475188513548915,2019,0
0,0.0196434974240475,2019,0
0,0.0196434974240475,2019,0
0,0.0196434974240475,2019,0
0,0.0199062866579154,2019,0
0,0.0196434974240475,2019,0
0,0.0196434974240475,2019,0
0,0.0199062866579154,2019,0
0,0.0135445869709253,2019,0
0,0.0135445869709253,2019,0
0,0.0177027474505686,2019,0
0,0.0135445869709253,2019,0
0,0.0135445869709253,2019,0
0,0.017400378835757,2019,0
0,0.0177027474505686,2019,0
0,0.0135445869709253,2019,0
0,0.0159899391040178,2019,0
0,0.0135445869709253,2019,0
0,0.0174733322986757,2019,0
0,0.0135445869709253,2019,0
0,0.0529444525204813,2019,0
0,0.0529444525204813,2019,0
0,0.0660499111831254,2019,0
0,0.0529444525204813,2019,0
0,0.0529444525204813,2019,0
0,0.0529444525204813,2019,0
0,0.0529444525204813,2019,0
0,0.0660499111831254,2019,0
0,0.0660499111831254,2019,0
0,0.0529444525204813,2019,0
0,0.0476297246689962,2019,0
0,0.0529444525204813,2019,0
0,0.0529444525204813,2019,0
0,0.054210032648573,2019,0
0,0.0529444525204813,2019,0
0,0.0529444525204813,2019,0
0,0.0529444525204813,2019,0
0,0.0529444525204813,2019,0
0,0.0529444525204813,2019,0
0,0.0529444525204813,2019,0
0,0.0529444525204813,2019,0
0,0.0529444525204813,2019,0
0,0.0529444525204813,2019,0
0,0.0529444525204813,2019,0
0,0.0529444525204813,2019,0
0,0.0529444525204813,2019,0
0,0.0529444525204813,2019,0
0,0.0529444525204813,2019,0
0,0.0529444525204813,2019,0
0,0.0543349628815362,2019,0
0,0.0529444525204813,2019,0
0,0.0529444525204813,2019,0
0,0.0529444525204813,2019,0
0,0.0529444525204813,2019,0
0,0.0529444525204813,2019,0
0,0.0522808073637791,2019,0
0,0.0319103936955107,2019,0
0,0.019324954359426,2019,0
0,0.019324954359426,2019,0
0,0.019324954359426,2019,0
0,0.019324954359426,2019,0
0,0.019324954359426,2019,0
0,0.019324954359426,2019,0
0,0.019324954359426,2019,0
0,0.019324954359426,2019,0
0,0.019324954359426,2019,0
0,0.019324954359426,2019,0
0,0.0511896768686394,2019,0
0,0.0294526777116015,2019,0
0,0.0193627676847068,2019,0
0,0.0193627676847068,2019,0
0,0.0193627676847068,2019,0
0,0.0415952428038638,2019,0
0,0.051163138232519,2019,0
0,0.051163138232519,2019,0
0,0.0163169370771921,2019,0
0,0.0163169370771921,2019,0
0,0.0163169370771921,2019,0
0,0.035755154152764,2019,0
0,0.035755154152764,2019,0
0,0.035755154152764,2019,0
0,0.0163169370771921,2019,0
0,0.0163169370771921,2019,0
0,0.0163169370771921,2019,0
0,0.035755154152764,2019,0
0,0.0196871212707252,2019,0
0,0.0196871212707252,2019,0
0,0.0196871212707252,2019,0
0,0.0196871212707252,2019,0
0,0.0196871212707252,2019,0
0,0.0196871212707252,2019,0
0,0.0196871212707252,2019,0
0,0.0196871212707252,2019,0
0,0.0196871212707252,2019,0
0,0.0510419477571863,2019,0
0,0.089485815731519,2019,0
0,NA,2019,NA
0,0.0457434088996675,2019,0
0,0.0457434088996675,2019,0
0,0.019762329132076,2019,0
0,0.019762329132076,2019,0
0,0.019762329132076,2019,0
0,0.019762329132076,2019,0
0,0.019762329132076,2019,0
0,0.00974173049771073,2019,0
0,0.0108332527952514,2019,0
0,0.0105379194229066,2019,0
0,0.0107491374821082,2019,0
0,0.00951140465279334,2019,0
0,0.0282852772742521,2019,0
0,0.0328153589595995,2019,0
0,0.0258889180096795,2019,0
0,0.0706534597771795,2019,0
0,0.0251645637215853,2019,0
0,0.0212668498440109,2019,0
0,0.0195005352761409,2019,0
0,0.0195005352761409,2019,0
0,0.0195005352761409,2019,0
0,0.0195005352761409,2019,0
0,0.0195005352761409,2019,0
0,0.0195005352761409,2019,0
0,0.0195005352761409,2019,0
0,0.0195005352761409,2019,0
0,0.0195005352761409,2019,0
0,0.0195005352761409,2019,0
0,0.0195005352761409,2019,0
0,0.0165525991053587,2019,0
0,0.0165525991053587,2019,0
0,0.0457780497754175,2019,0
0,0.0307581219877649,2019,0
0,0.0342627568807822,2019,0
0,0.0331835362787664,2019,0
0,0.0371656416640751,2019,0
0,0.0310813376523559,2019,0
0,0.0637903716756737,2019,0
0,0.0260907047935319,2019,0
0,0.0195219726784941,2019,0
0,0.0339785025778744,2019,0
0,0.0333722081713104,2019,0
0,0.0343520769864898,2019,0
0,0.0345723776730271,2019,0
0,0.0338934252950288,2019,0
0,0.0359486954052147,2019,0
0,0.0332917905620099,2019,0
0,0.0272324403181861,2019,0
0,0.0449750646144242,2019,0
0,0.0195518016711039,2019,0
0,0.0195518016711039,2019,0
0,0.0246665739452383,2019,0
0,0.0329277980750854,2019,0
0,0.0382226693679173,2019,0
0,0.0382226693679173,2019,0
0,0.0319400887076624,2019,0
0,0.0403681720462068,2019,0
0,0.0526542750074923,2019,0
0,0.0526542750074923,2019,0
0,0.0526542750074923,2019,0
0,0.0209061094807448,2019,0
0,0.0209061094807448,2019,0
0,0.0209061094807448,2019,0
0,0.0209061094807448,2019,0
0,0.0210076404286588,2019,0
0,0.0210076404286588,2019,0
0,0.0209061094807448,2019,0
0,0.0146464283409602,2019,0
0,0.0146464283409602,2019,0
0,0.0146464283409602,2019,0
0,0.0146464283409602,2019,0
0,0.0146464283409602,2019,0
0,0.0146464283409602,2019,0
0,0.0189885950048306,2019,0
0,0.0146464283409602,2019,0
0,0.0146464283409602,2019,0
0,0.0589315295473284,2019,0
0,0.0589315295473284,2019,0
0,0.0589315295473284,2019,0
0,0.0589315295473284,2019,0
0,0.0589315295473284,2019,0
0,0.0589315295473284,2019,0
0,0.0589315295473284,2019,0
0,0.0589315295473284,2019,0
0,0.0589315295473284,2019,0
0,0.0589315295473284,2019,0
0,0.0603483766926567,2019,0
0,0.0589315295473284,2019,0
0,0.0589315295473284,2019,0
0,0.0589315295473284,2019,0
0,0.0589315295473284,2019,0
0,0.0589315295473284,2019,0
0,0.0607013153942194,2019,0
0,0.0589315295473284,2019,0
0,0.0589315295473284,2019,0
0,0.0589315295473284,2019,0
0,0.0581631423222856,2019,0
0,0.0535559549582634,2019,0
0,0.0721393788604686,2019,0
0,0.0721393788604686,2019,0
0,0.0589315295473284,2019,0
0,0.0721393788604686,2019,0
0,0.0589315295473284,2019,0
0,0.0589315295473284,2019,0
0,0.0589315295473284,2019,0
0,0.0589315295473284,2019,0
0,0.033564284855325,2019,0
0,0.0194783406156299,2019,0
0,0.0194783406156299,2019,0
0,0.0194783406156299,2019,0
0,0.0194783406156299,2019,0
0,0.0194783406156299,2019,0
0,0.0194783406156299,2019,0
0,0.0194783406156299,2019,0
0,0.0194783406156299,2019,0
0,0.0194783406156299,2019,0
0,0.0194783406156299,2019,0
0,0.051239019610011,2019,0
0,0.051239019610011,2019,0
0,0.0324450976910852,2019,0
0,0.019470839846875,2019,0
0,0.019470839846875,2019,0
0,0.019470839846875,2019,0
0,0.019470839846875,2019,0
0,0.0517263012617126,2019,0
0,0.0420572069678556,2019,0
0,0.0517263012617126,2019,0
0,0.0159523352019589,2019,0
0,0.03610390959543,2019,0
0,0.03610390959543,2019,0
0,0.03610390959543,2019,0
0,0.0159523352019589,2019,0
0,0.03610390959543,2019,0
0,0.01949580859481,2019,0
0,0.01949580859481,2019,0
0,0.01949580859481,2019,0
0,0.01949580859481,2019,0
0,0.01949580859481,2019,0
0,0.01949580859481,2019,0
0,0.01949580859481,2019,0
0,0.01949580859481,2019,0
0,0.01949580859481,2019,0
0,0.0511473945085169,2019,0
0,NA,2019,NA
0,0.0429628709695533,2019,0
0,0.0429628709695533,2019,0
0,0.019825758936843,2019,0
0,0.019825758936843,2019,0
0,0.019825758936843,2019,0
0,0.019825758936843,2019,0
0,0.019825758936843,2019,0
0,0.00923043859407572,2019,0
0,0.00927761186363242,2019,0
0,0.0102157063162752,2019,0
0,0.00908778202139053,2019,0
0,0.010140885500022,2019,0
0,0.00996123862974975,2019,0
0,0.0264073931359386,2019,0
0,0.0334364261129635,2019,0
0,0.0330887415393692,2019,0
0,0.0288407205449595,2019,0
0,0.0349348913455972,2019,0
0,0.0784293144277932,2019,0
0,0.0250396280564581,2019,0
0,0.0212726789064064,2019,0
0,0.0198819807722346,2019,0
0,0.0198819807722346,2019,0
0,0.0198819807722346,2019,0
0,0.0198819807722346,2019,0
0,0.0198819807722346,2019,0
0,0.0198819807722346,2019,0
0,0.0198819807722346,2019,0
0,0.0198819807722346,2019,0
0,0.0198819807722346,2019,0
0,0.0198819807722346,2019,0
0,0.0198819807722346,2019,0
0,0.0198819807722346,2019,0
0,0.0163527858015621,2019,0
0,0.0163527858015621,2019,0
0,0.0423930487828392,2019,0
0,0.0314992698707034,2019,0
0,0.0335769128567937,2019,0
0,0.0375059476336094,2019,0
0,0.0311729355129344,2019,0
0,0.0346389565446225,2019,0
0,0.0698545943708072,2019,0
0,0.0258906783473905,2019,0
0,0.0104010208388063,2019,0
0,0.0351955165404991,2019,0
0,0.0204308393632807,2019,0
0,0.031840779306312,2019,0
0,0.0328771404332267,2019,0
0,0.0338702948836676,2019,0
0,0.0323592269751287,2019,0
0,0.0318203558432869,2019,0
0,0.0256481383695384,2019,0
0,0.0437654442830781,2019,0
0,0.0380531946948148,2019,0
0,0.0214737255910221,2019,0
0,0.0214737255910221,2019,0
0,0.0264167508388066,2019,0
0,0.0314404130056495,2019,0
0,0.0291928103951328,2019,0
0,0.0338176672544886,2019,0
0,0.0354057014893776,2019,0
0,0.0338176672544886,2019,0
0,0.0541224608619555,2019,0
0,0.0541224608619555,2019,0
0,0.0541224608619555,2019,0
0,0.0197536961005622,2019,0
0,0.0197536961005622,2019,0
0,0.0198282495826415,2019,0
0,0.0197536961005622,2019,0
0,0.0198282495826415,2019,0
0,0.0197536961005622,2019,0
0,0.0197536961005622,2019,0
0,0.0139873462832297,2019,0
0,0.0139873462832297,2019,0
0,0.0139873462832297,2019,0
0,0.0139873462832297,2019,0
0,0.0139873462832297,2019,0
0,0.0173717168384315,2019,0
0,0.0139873462832297,2019,0
0,0.0139873462832297,2019,0
0,0.0139873462832297,2019,0
0,0.0575698820062088,2019,0
0,0.0575698820062088,2019,0
0,0.0686156972090205,2019,0
0,0.0686156972090205,2019,0
0,0.0575698820062088,2019,0
0,0.0590636326942197,2019,0
0,0.0575698820062088,2019,0
0,0.0575698820062088,2019,0
0,0.0575698820062088,2019,0
0,0.0575698820062088,2019,0
0,0.0575698820062088,2019,0
0,0.0686156972090205,2019,0
0,0.0575698820062088,2019,0
0,0.0575698820062088,2019,0
0,0.0575698820062088,2019,0
0,0.0569228999075006,2019,0
0,0.0575698820062088,2019,0
0,0.0575698820062088,2019,0
0,0.0575698820062088,2019,0
0,0.0575698820062088,2019,0
0,0.0589899717787071,2019,0
0,0.0575698820062088,2019,0
0,0.0575698820062088,2019,0
0,0.0575698820062088,2019,0
0,0.0575698820062088,2019,0
0,0.0575698820062088,2019,0
0,0.0523091889221603,2019,0
0,0.0575698820062088,2019,0
0,0.0575698820062088,2019,0
0,0.0527104906530517,2019,0
0,0.0335183308457407,2019,0
0,0.0228522705623895,2019,0
0,0.0228522705623895,2019,0
0,0.0228522705623895,2019,0
0,0.0228522705623895,2019,0
0,0.0228522705623895,2019,0
0,0.0228522705623895,2019,0
0,0.0228522705623895,2019,0
0,0.0228522705623895,2019,0
0,0.0228522705623895,2019,0
0,0.0228522705623895,2019,0
0,0.0458188302814763,2019,0
0,0.0458188302814763,2019,0
0,0.0444270323607348,2019,0
0,0.045186917581768,2019,0
0,0.0375235278893466,2019,0
0,0.0236449151306548,2019,0
0,0.0236449151306548,2019,0
0,0.0236449151306548,2019,0
0,0.0392376775391597,2019,0
0,0.0458094070764396,2019,0
0,0.0458094070764396,2019,0
0,0.0166165243286715,2019,0
0,0.0298337238434025,2019,0
0,0.0298337238434025,2019,0
0,0.0166165243286715,2019,0
0,0.0298337238434025,2019,0
0,0.0298337238434025,2019,0
0,0.0237045504621194,2019,0
0,0.0237045504621194,2019,0
0,0.0237045504621194,2019,0
0,0.0237045504621194,2019,0
0,0.0237045504621194,2019,0
0,0.0237045504621194,2019,0
0,0.0237045504621194,2019,0
0,0.0237045504621194,2019,0
0,0.0237045504621194,2019,0
0,0.0451498773809152,2019,0
0,NA,2019,NA
0,0.0445101226627747,2019,0
0,0.0445101226627747,2019,0
0,0.0230656911296082,2019,0
0,0.0230656911296082,2019,0
0,0.0230656911296082,2019,0
0,0.0230656911296082,2019,0
0,0.0230656911296082,2019,0
0,0.00975442383755513,2019,0
0,0.00993699708571915,2019,0
0,0.00993699708571915,2019,0
0,0.0107686213291996,2019,0
0,0.010843339279976,2019,0
0,0.0105956635701188,2019,0
0,0.0279290956992051,2019,0
0,0.0350814635052079,2019,0
0,0.0304121614934343,2019,0
0,0.0365972245465225,2019,0
0,0.034731451312733,2019,0
0,0.0826525378164533,2019,0
0,0.0230528106430455,2019,0
0,0.0269633432297271,2019,0
0,0.0233611315966051,2019,0
0,0.0233611315966051,2019,0
0,0.0233611315966051,2019,0
0,0.0233611315966051,2019,0
0,0.0233611315966051,2019,0
0,0.0233611315966051,2019,0
0,0.0233611315966051,2019,0
0,0.0233611315966051,2019,0
0,0.0233611315966051,2019,0
0,0.0233611315966051,2019,0
0,0.0233611315966051,2019,0
0,0.0233611315966051,2019,0
0,0.0184843032320642,2019,0
0,0.0184843032320642,2019,0
0,0.0316914722849826,2019,0
0,0.0350505990073928,2019,0
0,0.0378184981371486,2019,0
0,0.0340236720547611,2019,0
0,0.03200947977096,2019,0
0,0.0710864516546868,2019,0
0,0.026997372109518,2019,0
0,0.0111891244736161,2019,0
0,0.0399399277204032,2019,0
0,0.0233449071005832,2019,0
0,0.0267941160703722,2019,0
0,0.0333206621206266,2019,0
0,0.0343168813613006,2019,0
0,0.033493263926398,2019,0
0,0.034535001909528,2019,0
0,0.0337997646909765,2019,0
0,0.0233810649813341,2019,0
0,0.0453365458443854,2019,0
0,0.0146356962318184,2019,0
0,0.0373743536577612,2019,0
0,0.0235228924223682,2019,0
0,0.0235228924223682,2019,0
0,0.0272216851464196,2019,0
0,0.0324473116955623,2019,0
0,0.0324473116955623,2019,0
0,0.0289078845517745,2019,0
0,0.033686754953243,2019,0
0,0.0606954753861604,2019,0
0,0.0606954753861604,2019,0
0,0.0606954753861604,2019,0
0,0.0210716205451358,2019,0
0,0.0209237397638223,2019,0
0,0.0210716205451358,2019,0
0,0.0209237397638223,2019,0
0,0.0209237397638223,2019,0
0,0.0209237397638223,2019,0
0,0.0209237397638223,2019,0
0,0.0140810006021705,2019,0
0,0.0140810006021705,2019,0
0,0.0140810006021705,2019,0
0,0.0140810006021705,2019,0
0,0.0140810006021705,2019,0
0,0.0140810006021705,2019,0
0,0.0140810006021705,2019,0
0,0.0140810006021705,2019,0
0,0.0164972177899878,2019,0
0,0.0164972177899878,2019,0
0,0.0564743609539653,2019,0
0,0.0582985526701244,2019,0
0,0.0564743609539653,2019,0
0,0.0564743609539653,2019,0
0,0.0564743609539653,2019,0
0,0.0564743609539653,2019,0
0,0.0564743609539653,2019,0
0,0.0560392126398494,2019,0
0,0.0564743609539653,2019,0
0,0.0652092209495205,2019,0
0,0.0564743609539653,2019,0
0,0.0564743609539653,2019,0
0,0.0564743609539653,2019,0
0,0.0564743609539653,2019,0
0,0.0564743609539653,2019,0
0,0.0572954002341136,2019,0
0,0.0564743609539653,2019,0
0,0.050083532440254,2019,0
0,0.0564743609539653,2019,0
0,0.0652092209495205,2019,0
0,0.0652092209495205,2019,0
0,0.0564743609539653,2019,0
0,0.0564743609539653,2019,0
0,0.0564743609539653,2019,0
0,0.0564743609539653,2019,0
0,0.0564743609539653,2019,0
0,0.0564743609539653,2019,0
0,0.0564743609539653,2019,0
0,0.0564743609539653,2019,0
0,0.0564743609539653,2019,0
0,0.0564743609539653,2019,0
0,0.0564743609539653,2019,0
0,0.0564743609539653,2019,0
0,0.0564743609539653,2019,0
0,0.0564743609539653,2019,0
0,0.0555370490436517,2019,0
0,0.0362468987540548,2019,0
0,0.023479663712187,2019,0
0,0.023479663712187,2019,0
0,0.023479663712187,2019,0
0,0.023479663712187,2019,0
0,0.023479663712187,2019,0
0,0.023479663712187,2019,0
0,0.023479663712187,2019,0
0,0.023479663712187,2019,0
0,0.023479663712187,2019,0
0,0.023479663712187,2019,0
0,0.041069636639631,2019,0
0,0.041069636639631,2019,0
0,0.0460286295630426,2019,0
0,0.0399598891866245,2019,0
0,0.0345800141592631,2019,0
0,0.0237556546305017,2019,0
0,0.0237556546305017,2019,0
0,0.0237556546305017,2019,0
0,0.0348839813918028,2019,0
0,0.040198730166478,2019,0
0,0.040198730166478,2019,0
0,0.0276885349310718,2019,0
0,0.0276885349310718,2019,0
0,0.0276885349310718,2019,0
0,0.0161953246005749,2019,0
0,0.0276885349310718,2019,0
0,0.0161953246005749,2019,0
0,0.033191788439699,2019,0
0,0.0237836500582353,2019,0
0,0.0237836500582353,2019,0
0,0.0237836500582353,2019,0
0,0.0237836500582353,2019,0
0,0.0237836500582353,2019,0
0,0.0237836500582353,2019,0
0,0.0237836500582353,2019,0
0,0.0237836500582353,2019,0
0,0.0237836500582353,2019,0
0,0.0397972977008324,2019,0
0,NA,2019,NA
0,0.049994247907574,2019,0
0,0.049994247907574,2019,0
0,0.0232822864189491,2019,0
0,0.0232822864189491,2019,0
0,0.0232822864189491,2019,0
0,0.0232822864189491,2019,0
0,0.0112051007481034,2019,0
0,0.0121274060568078,2019,0
0,0.0110180285054157,2019,0
0,0.0112051007481034,2019,0
0,0.0120481038671625,2019,0
0,0.0118722521537479,2019,0
0,0.0365383066322686,2019,0
0,0.0307937945439813,2019,0
0,0.0351338175161854,2019,0
0,0.0777499717917559,2019,0
0,0.0283752549990353,2019,0
0,0.0245349878083408,2019,0
0,0.0237906216443244,2019,0
0,0.0237906216443244,2019,0
0,0.0237906216443244,2019,0
0,0.0237906216443244,2019,0
0,0.0237906216443244,2019,0
0,0.0237906216443244,2019,0
0,0.0237906216443244,2019,0
0,0.0237906216443244,2019,0
0,0.0237906216443244,2019,0
0,0.0237906216443244,2019,0
0,0.0237906216443244,2019,0
0,0.0237906216443244,2019,0
0,0.0194511815594108,2019,0
0,0.0194511815594108,2019,0
0,0.0401128272955552,2019,0
0,0.0339163934523574,2019,0
0,0.0342391524866746,2019,0
0,0.0373205290976132,2019,0
0,0.0713758205310207,2019,0
0,0.0302469415996071,2019,0
0,0.010135692297865,2019,0
0,0.03807466786781,2019,0
0,0.0244759926955849,2019,0
0,0.0347372766331291,2019,0
0,0.0349170038051856,2019,0
0,0.0353168055608466,2019,0
0,0.0342325204603813,2019,0
0,0.0344724241382615,2019,0
0,0.0352945354972384,2019,0
0,0.0549872260369846,2019,0
0,0.0549872260369846,2019,0
0,0.0175894677376584,2019,0
0,0.0326921085478134,2019,0
0,0.0250072475888773,2019,0
0,0.0250072475888773,2019,0
0,0.0271079597114701,2019,0
0,0.0406911533169023,2019,0
0,0.0362052582630341,2019,0
0,0.0347716783903008,2019,0
0,0.0307316124082923,2019,0
0,0.0347716783903008,2019,0
0,0.0578764311340002,2019,0
0,0.0578764311340002,2019,0
0,0.0578764311340002,2019,0
0,0.0212759669340132,2019,0
0,0.0212759669340132,2019,0
0,0.0212759669340132,2019,0
0,0.0215691174908192,2019,0
0,0.0212759669340132,2019,0
0,0.0215691174908192,2019,0
0,0.0212759669340132,2019,0
0,0.0212759669340132,2019,0
0,0.0161450753444704,2019,0
0,0.0136599652858901,2019,0
0,0.0136599652858901,2019,0
0,0.0136599652858901,2019,0
0,0.0136599652858901,2019,0
0,0.0136599652858901,2019,0
0,0.0136599652858901,2019,0
0,0.0136599652858901,2019,0
0,0.0136599652858901,2019,0
0,0.0533387126104699,2019,0
0,0.0626552041448998,2019,0
0,0.0464777622478641,2019,0
0,0.0533387126104699,2019,0
0,0.0533387126104699,2019,0
0,0.0533387126104699,2019,0
0,0.0533387126104699,2019,0
0,0.0533387126104699,2019,0
0,0.0533387126104699,2019,0
0,0.0533387126104699,2019,0
0,0.0626552041448998,2019,0
0,0.0533387126104699,2019,0
0,0.0533387126104699,2019,0
0,0.0537943970469201,2019,0
0,0.0533387126104699,2019,0
0,0.0533387126104699,2019,0
0,0.0533387126104699,2019,0
0,0.0533387126104699,2019,0
0,0.0626552041448998,2019,0
0,0.0533387126104699,2019,0
0,0.0533387126104699,2019,0
0,0.0533387126104699,2019,0
0,0.0533387126104699,2019,0
0,0.052959829753103,2019,0
0,0.0533387126104699,2019,0
0,0.0533387126104699,2019,0
0,0.0533387126104699,2019,0
0,0.0533387126104699,2019,0
0,0.0533387126104699,2019,0
0,0.0553032097807495,2019,0
0,0.0533387126104699,2019,0
0,0.0533387126104699,2019,0
0,0.0688946203358072,2019,0
0,0.044644100534986,2019,0
0,0.024149243810366,2019,0
0,0.024149243810366,2019,0
0,0.024149243810366,2019,0
0,0.024149243810366,2019,0
0,0.024149243810366,2019,0
0,0.024149243810366,2019,0
0,0.024149243810366,2019,0
0,0.024149243810366,2019,0
0,0.024149243810366,2019,0
0,0.024149243810366,2019,0
0,0.0407213199450756,2019,0
0,0.0491538299144848,2019,0
0,0.0334546595427394,2019,0
0,0.0291941766898431,2019,0
0,0.0236738608762648,2019,0
0,0.0236738608762648,2019,0
0,0.0236738608762648,2019,0
0,0.0409132479741032,2019,0
0,0.0409132479741032,2019,0
0,0.0353183272924818,2019,0
0,0.0150237365216074,2019,0
0,0.027614994668174,2019,0
0,0.027614994668174,2019,0
0,0.0150237365216074,2019,0
0,0.027614994668174,2019,0
0,0.0235954244979342,2019,0
0,0.0235954244979342,2019,0
0,0.0235954244979342,2019,0
0,0.0235954244979342,2019,0
0,0.0235954244979342,2019,0
0,0.0235954244979342,2019,0
0,0.0235954244979342,2019,0
0,0.0235954244979342,2019,0
0,0.0235954244979342,2019,0
0,0.0417972509432656,2019,0
0,NA,2019,NA
0,0.0555526077246745,2019,0
0,0.0555526077246745,2019,0
0,0.0256732943546415,2019,0
0,0.0246473658178074,2019,0
0,0.0246473658178074,2019,0
0,0.0246473658178074,2019,0
0,0.0246473658178074,2019,0
0,0.0115136839628034,2019,0
0,0.0117046026436194,2019,0
0,0.0126538044266915,2019,0
0,0.0123897750271949,2019,0
0,0.0125705351887817,2019,0
0,0.0117046026436194,2019,0
0,0.0412136426746632,2019,0
0,0.0478315105658169,2019,0
0,0.0499648161660376,2019,0
0,0.0980698884254829,2019,0
0,0.0266029508380221,2019,0
0,0.0266029508380221,2019,0
0,0.0266029508380221,2019,0
0,0.0266029508380221,2019,0
0,0.0266029508380221,2019,0
0,0.0266029508380221,2019,0
0,0.0266029508380221,2019,0
0,0.0266029508380221,2019,0
0,0.0266029508380221,2019,0
0,0.0266029508380221,2019,0
0,0.0266029508380221,2019,0
0,0.0266029508380221,2019,0
0,0.0266029508380221,2019,0
0,0.0210869178473594,2019,0
0,0.0210869178473594,2019,0
0,0.0586564985413139,2019,0
0,0.054062774591668,2019,0
0,0.0488067690817026,2019,0
0,0.0484470918849818,2019,0
0,0.0953734376663991,2019,0
0,0.0430847976265193,2019,0
0,0.0109525141188245,2019,0
0,0.04461034339181,2019,0
0,0.0274311309187469,2019,0
0,0.0362109288383392,2019,0
0,0.0361830799062452,2019,0
0,0.0356362590709299,2019,0
0,0.037654366921324,2019,0
0,0.0355715019410453,2019,0
0,0.0368109208688224,2019,0
0,0.0668361539408757,2019,0
0,0.0668361539408757,2019,0
0,0.0389196162093572,2019,0
0,0.0281284801014051,2019,0
0,0.0281284801014051,2019,0
0,0.0316539052904029,2019,0
0,0.0502946318933084,2019,0
0,0.0352574740653554,2019,0
0,0.033440753902414,2019,0
0,0.0386453439021643,2019,0
0,0.0406472397640758,2019,0
0,0.0604362626943454,2019,0
0,0.0604362626943454,2019,0
0,0.0604362626943454,2019,0
0,0.0219944047330918,2019,0
0,0.0219944047330918,2019,0
0,0.0221005895531609,2019,0
0,0.0219944047330918,2019,0
0,0.0219944047330918,2019,0
0,0.0221005895531609,2019,0
0,0.0219944047330918,2019,0
0,0.0219944047330918,2019,0
0,0.0150323370070831,2019,0
0,0.0150323370070831,2019,0
0,0.0187542179179961,2019,0
0,0.0150323370070831,2019,0
0,0.0150323370070831,2019,0
0,0.0150323370070831,2019,0
0,0.0150323370070831,2019,0
0,0.0150323370070831,2019,0
0,0.0150323370070831,2019,0
0,0.0190685441899691,2019,0
0,0.0751711918920694,2019,0
0,0.0617754330164839,2019,0
0,0.0636282035325638,2019,0
0,0.0751711918920694,2019,0
0,0.0617754330164839,2019,0
0,0.0633751419831717,2019,0
0,0.0617754330164839,2019,0
0,0.0609861182559056,2019,0
0,0.0617754330164839,2019,0
0,0.0617754330164839,2019,0
0,0.0617754330164839,2019,0
0,0.0617754330164839,2019,0
0,0.0617754330164839,2019,0
0,0.0617754330164839,2019,0
0,0.0617754330164839,2019,0
0,0.0617754330164839,2019,0
0,0.0617754330164839,2019,0
0,0.0751711918920694,2019,0
0,0.0617754330164839,2019,0
0,0.0617754330164839,2019,0
0,0.0617754330164839,2019,0
0,0.0617754330164839,2019,0
0,0.0617754330164839,2019,0
0,0.0617754330164839,2019,0
0,0.0617754330164839,2019,0
0,0.0617754330164839,2019,0
0,0.0617754330164839,2019,0
0,0.0617754330164839,2019,0
0,0.0617754330164839,2019,0
0,0.0558227683587432,2019,0
0,0.0617754330164839,2019,0
0,0.0617754330164839,2019,0
0,0.0617754330164839,2019,0
0,0.0810791093894963,2019,0
0,0.0535681605771084,2019,0
0,0.029046454552555,2019,0
0,0.029046454552555,2019,0
0,0.029046454552555,2019,0
0,0.029046454552555,2019,0
0,0.029046454552555,2019,0
0,0.029046454552555,2019,0
0,0.029046454552555,2019,0
0,0.029046454552555,2019,0
0,0.029046454552555,2019,0
0,0.0516158223012723,2019,0
0,0.0527038433734921,2019,0
0,0.0469771825237489,2019,0
0,0.037504526810685,2019,0
0,0.0306233065846533,2019,0
0,0.0306233065846533,2019,0
0,0.0536527765433053,2019,0
0,0.0471364955972285,2019,0
0,0.0536527765433053,2019,0
0,0.0360018656224182,2019,0
0,0.0360018656224182,2019,0
0,0.0204548387259179,2019,0
0,0.0360018656224182,2019,0
0,0.0204548387259179,2019,0
0,0.0862470778634514,2019,0
0,0.0320305690975992,2019,0
0,0.0320305690975992,2019,0
0,0.0320305690975992,2019,0
0,0.0320305690975992,2019,0
0,0.0320305690975992,2019,0
0,0.0320305690975992,2019,0
0,0.0320305690975992,2019,0
0,0.0320305690975992,2019,0
0,0.0320305690975992,2019,0
0,0.0547194291270873,2019,0
0,0.074560568422606,2019,0
0,0.074560568422606,2019,0
0,0.0331429942166672,2019,0
0,0.0331429942166672,2019,0
0,0.0331429942166672,2019,0
0,0.0331429942166672,2019,0
0,0.0152240847849476,2019,0
0,0.0159315350310309,2019,0
0,0.0162083834504704,2019,0
0,0.0149102431372966,2019,0
0,0.0149102431372966,2019,0
0,0.0145798890787037,2019,0
0,0.016321828865638,2019,0
0,0.0580527373276325,2019,0
0,0.0643749286367748,2019,0
0,0.0764105884671961,2019,0
0,0.0802653242464609,2019,0
0,0.156714419982726,2019,0
0,0.0325621817952037,2019,0
0,0.0325621817952037,2019,0
0,0.0325621817952037,2019,0
0,0.0325621817952037,2019,0
0,0.0325621817952037,2019,0
0,0.0325621817952037,2019,0
0,0.0325621817952037,2019,0
0,0.0325621817952037,2019,0
0,0.0325621817952037,2019,0
0,0.0325621817952037,2019,0
0,0.0325621817952037,2019,0
0,0.0325621817952037,2019,0
0,0.0298909068306891,2019,0
0,0.0298909068306891,2019,0
0,0.0870899707854464,2019,0
0,0.0765075160711102,2019,0
0,0.0796699871425059,2019,0
0,0.0708946337575985,2019,0
0,0.138757506159286,2019,0
0,0.0563421164756405,2019,0
0,0.0144682870195103,2019,0
0,0.0608372602437821,2019,0
0,0.0316013673956119,2019,0
0,0.0455552722508503,2019,0
0,0.043006156742879,2019,0
0,0.0421100883760648,2019,0
0,0.0428586559526665,2019,0
0,0.0422123035712857,2019,0
0,0.043774809174668,2019,0
0,0.0487124792655803,2019,0
0,0.0307121270139543,2019,0
0,0.0307121270139543,2019,0
0,0.0351841975395267,2019,0
0,0.0528532703374076,2019,0
0,0.0428339502774582,2019,0
0,0.0432027796819064,2019,0
0,0.045683876850495,2019,0
0,0.0386026088042337,2019,0
0,0.0812542647239928,2019,0
0,0.0812542647239928,2019,0
0,0.0812542647239928,2019,0
0,0.0259003030966207,2019,0
0,0.0262463909717626,2019,0
0,0.0259003030966207,2019,0
0,0.0262463909717626,2019,0
0,0.0262463909717626,2019,0
0,0.0262463909717626,2019,0
0,0.0262463909717626,2019,0
0,0.0262463909717626,2019,0
0,0.0179546364894834,2019,0
0,0.0179546364894834,2019,0
0,0.0179546364894834,2019,0
0,0.0179546364894834,2019,0
0,0.0218821911804926,2019,0
0,0.0179546364894834,2019,0
0,0.0226349879693523,2019,0
0,0.0179546364894834,2019,0
0,0.0179546364894834,2019,0
0,0.0226349879693523,2019,0
0,0.0210771624248873,2019,0
0,0.0179546364894834,2019,0
0,0.0728378056702549,2019,0
0,0.0728378056702549,2019,0
0,0.0759735869036215,2019,0
0,0.0728378056702549,2019,0
0,0.0742121084270079,2019,0
0,0.0728378056702549,2019,0
0,0.0728378056702549,2019,0
0,0.0728378056702549,2019,0
0,0.0728378056702549,2019,0
0,0.0728378056702549,2019,0
0,0.0728378056702549,2019,0
0,0.071797411919335,2019,0
0,0.0728378056702549,2019,0
0,0.0728378056702549,2019,0
0,0.0677106200570787,2019,0
0,0.0860735043881088,2019,0
0,0.0728378056702549,2019,0
0,0.0728378056702549,2019,0
0,0.0728378056702549,2019,0
0,0.0728378056702549,2019,0
0,0.0860735043881088,2019,0
0,0.0860735043881088,2019,0
0,0.0728378056702549,2019,0
0,0.0728378056702549,2019,0
0,0.0728378056702549,2019,0
0,0.0728378056702549,2019,0
0,0.0728378056702549,2019,0
0,0.0728378056702549,2019,0
0,0.0728378056702549,2019,0
0,0.0728378056702549,2019,0
0,0.0728378056702549,2019,0
0,0.0728378056702549,2019,0
0,0.0955808604734421,2019,0
0,0.0302808661664325,2019,0
0,0.0593387823954578,2019,0
0,0.0318236212678278,2019,0
0,0.0318236212678278,2019,0
0,0.0318236212678278,2019,0
0,0.0318236212678278,2019,0
0,0.0318236212678278,2019,0
0,0.0318236212678278,2019,0
0,0.0318236212678278,2019,0
0,0.0318236212678278,2019,0
0,0.0318236212678278,2019,0
0,0.0318236212678278,2019,0
0,0.0535156774212972,2019,0
0,0.0582419277694083,2019,0
0,0.058027059500062,2019,0
0,0.046002174549932,2019,0
0,0.0335701279147949,2019,0
0,0.0335701279147949,2019,0
0,0.049084621056156,2019,0
0,0.0544834406749749,2019,0
0,0.0544834406749749,2019,0
0,0.0274724620756315,2019,0
0,0.0274724620756315,2019,0
0,0.0341520591475397,2019,0
0,0.0341520591475397,2019,0
0,0.0341520591475397,2019,0
0,0.0341520591475397,2019,0
0,0.0341520591475397,2019,0
0,0.0341520591475397,2019,0
0,0.0341520591475397,2019,0
0,0.0341520591475397,2019,0
0,0.0341520591475397,2019,0
0,0.0542616987055936,2019,0
0,0.0904271609696521,2019,0
0,0.0338532171808451,2019,0
0,0.0338532171808451,2019,0
0,0.0338532171808451,2019,0
0,0.0338532171808451,2019,0
0,0.0338532171808451,2019,0
0,0.0185278665296298,2019,0
0,0.0175783338585094,2019,0
0,0.0166953926069889,2019,0
0,0.017176780616925,2019,0
0,0.017176780616925,2019,0
0,0.0189010287311716,2019,0
0,0.0190363849981014,2019,0
0,0.0766241149227675,2019,0
0,0.071589987489893,2019,0
0,0.176429096163038,2019,0
0,0.0615050836207947,2019,0
0,0.0320105890422511,2019,0
0,0.0320105890422511,2019,0
0,0.0320105890422511,2019,0
0,0.0320105890422511,2019,0
0,0.0320105890422511,2019,0
0,0.0320105890422511,2019,0
0,0.0320105890422511,2019,0
0,0.0320105890422511,2019,0
0,0.0320105890422511,2019,0
0,0.0320105890422511,2019,0
0,0.0320105890422511,2019,0
0,0.0320105890422511,2019,0
0,0.0320105890422511,2019,0
0,0.0355528980967621,2019,0
0,0.0355528980967621,2019,0
0,0.0790623815658293,2019,0
0,0.0899502522170173,2019,0
0,0.0823542338417619,2019,0
0,0.0732751561848798,2019,0
0,0.146194092032553,2019,0
0,0.0166800835937944,2019,0
0,0.0632265291621674,2019,0
0,0.0319739144994334,2019,0
0,0.0444938177390838,2019,0
0,0.0452380401165596,2019,0
0,0.046187264176838,2019,0
0,0.0480486631413272,2019,0
0,0.0454186701044181,2019,0
0,0.044615854660502,2019,0
0,0.0258677215301426,2019,0
0,0.0500665871662659,2019,0
0,0.0323519527540994,2019,0
0,0.0323519527540994,2019,0
0,0.0363857751879843,2019,0
0,0.0441576708408087,2019,0
0,0.0475360058342212,2019,0
0,0.0939453460509291,2019,0
0,0.0283535066486118,2019,0
0,0.0283535066486118,2019,0
0,0.0283535066486118,2019,0
0,0.0283535066486118,2019,0
0,0.0283535066486118,2019,0
0,0.0277864882820176,2019,0
0,0.0283535066486118,2019,0
0,0.0283535066486118,2019,0
0,0.0277864882820176,2019,0
0,0.0213155603920167,2019,0
0,0.0219694391336962,2019,0
0,0.0182888338233551,2019,0
0,0.0214801254222557,2019,0
0,0.0182888338233551,2019,0
0,0.0182888338233551,2019,0
0,0.0208954350132951,2019,0
0,0.0219694391336962,2019,0
0,0.0182888338233551,2019,0
0,0.0182888338233551,2019,0
0,0.0182888338233551,2019,0
0,0.0182888338233551,2019,0
0,0.0182888338233551,2019,0
0,0.0697182910447355,2019,0
0,0.0697182910447355,2019,0
0,0.0697182910447355,2019,0
0,0.0697182910447355,2019,0
0,0.0697182910447355,2019,0
0,0.0697182910447355,2019,0
0,0.0697182910447355,2019,0
0,0.0697182910447355,2019,0
0,0.0697182910447355,2019,0
0,0.0697182910447355,2019,0
0,0.0697182910447355,2019,0
0,0.0639572321533887,2019,0
0,0.0697182910447355,2019,0
0,0.0697182910447355,2019,0
0,0.0697182910447355,2019,0
0,0.0697182910447355,2019,0
0,0.0697182910447355,2019,0
0,0.0697182910447355,2019,0
0,0.0713467036918908,2019,0
0,0.0697182910447355,2019,0
0,0.0697182910447355,2019,0
0,0.0795425107404992,2019,0
0,0.0697182910447355,2019,0
0,0.0697182910447355,2019,0
0,0.0795425107404992,2019,0
0,0.0697182910447355,2019,0
0,0.0697182910447355,2019,0
0,0.0689506228450201,2019,0
0,0.072032976612914,2019,0
0,0.0697182910447355,2019,0
0,0.0795425107404992,2019,0
0,0.0697182910447355,2019,0
0,0.100613342065269,2019,0
0,0.0288130345550696,2019,0
0,0.0602205666470606,2019,0
0,0.033264177841963,2019,0
0,0.033264177841963,2019,0
0,0.033264177841963,2019,0
0,0.033264177841963,2019,0
0,0.033264177841963,2019,0
0,0.033264177841963,2019,0
0,0.033264177841963,2019,0
0,0.033264177841963,2019,0
0,0.0606265848591568,2019,0
0,0.0567893091972038,2019,0
0,0.0467351926417881,2019,0
0,0.031550257031788,2019,0
0,0.031550257031788,2019,0
0,0.0482160902848721,2019,0
0,0.0438983088695961,2019,0
0,0.0482160902848721,2019,0
0,0.0248569255491593,2019,0
0,0.0248569255491593,2019,0
0,0.030154792612,2019,0
0,0.030154792612,2019,0
0,0.030154792612,2019,0
0,0.030154792612,2019,0
0,0.030154792612,2019,0
0,0.030154792612,2019,0
0,0.030154792612,2019,0
0,0.030154792612,2019,0
0,0.030154792612,2019,0
0,0.0470733649520804,2019,0
0,0.0369610221929102,2019,0
0,0.0369610221929102,2019,0
0,0.0369610221929102,2019,0
0,0.0369610221929102,2019,0
0,NA,2019,NA
0,0.0835236400059973,2019,0
0,0.0835236400059973,2019,0
0,0.0835236400059973,2019,0
0,0.0292848762308139,2019,0
0,0.0292848762308139,2019,0
0,0.0292848762308139,2019,0
0,0.0292848762308139,2019,0
0,0.0147906841763716,2019,0
0,0.0156325358348512,2019,0
0,0.0152554260320657,2019,0
0,0.0170416138409739,2019,0
0,0.0152554260320657,2019,0
0,0.016558967491223,2019,0
0,0.0169186245905806,2019,0
0,0.0674869991058235,2019,0
0,0.0594690963051927,2019,0
0,0.145149980689524,2019,0
0,0.0562159861264917,2019,0
0,0.0290776881886276,2019,0
0,0.0290776881886276,2019,0
0,0.0290776881886276,2019,0
0,0.0290776881886276,2019,0
0,0.0290776881886276,2019,0
0,0.0290776881886276,2019,0
0,0.0290776881886276,2019,0
0,0.0290776881886276,2019,0
0,0.0290776881886276,2019,0
0,0.0290776881886276,2019,0
0,0.0290776881886276,2019,0
0,0.0290776881886276,2019,0
0,0.0296895477800141,2019,0
0,0.0296895477800141,2019,0
0,0.0599068213326342,2019,0
0,0.0645148219177823,2019,0
0,0.0671257768059676,2019,0
0,0.0731844850857978,2019,0
0,0.119848171598775,2019,0
0,0.053431489345556,2019,0
0,0.0554394145862402,2019,0
0,0.0287348002700242,2019,0
0,0.0405781974926724,2019,0
0,0.0424142530112632,2019,0
0,0.0408969883326924,2019,0
0,0.0394623461059649,2019,0
0,0.0395462302219793,2019,0
0,0.0402321159291541,2019,0
0,0.0401110047020432,2019,0
0,0.0668822462468329,2019,0
0,0.0234631298354195,2019,0
0,0.0464163541912427,2019,0
0,0.027951679102057,2019,0
0,0.027951679102057,2019,0
0,0.0318502852702591,2019,0
0,0.0367425700784162,2019,0
0,0.0426608620715637,2019,0
0,0.0219776619936667,2019,0
0,0.0219776619936667,2019,0
0,0.0219776619936667,2019,0
0,0.0219776619936667,2019,0
0,0.0219048873438942,2019,0
0,0.0219776619936667,2019,0
0,0.0219776619936667,2019,0
0,0.0219776619936667,2019,0
0,0.0219048873438942,2019,0
0,0.0161104329313979,2019,0
0,0.0161104329313979,2019,0
0,0.0202243374575162,2019,0
0,0.0161104329313979,2019,0
0,0.0161104329313979,2019,0
0,0.0161104329313979,2019,0
0,0.0161104329313979,2019,0
0,0.0161104329313979,2019,0
0,0.0202243374575162,2019,0
0,0.0197926022714232,2019,0
0,0.0196479376637397,2019,0
0,0.0196479376637397,2019,0
0,0.0187742892044357,2019,0
0,0.0161104329313979,2019,0
0,0.069912144683548,2019,0
0,0.069912144683548,2019,0
0,0.0826646378980067,2019,0
0,0.069912144683548,2019,0
0,0.069912144683548,2019,0
0,0.069912144683548,2019,0
0,0.0689444028144304,2019,0
0,0.0648782583097153,2019,0
0,0.069912144683548,2019,0
0,0.069912144683548,2019,0
0,0.069912144683548,2019,0
0,0.069912144683548,2019,0
0,0.069912144683548,2019,0
0,0.069912144683548,2019,0
0,0.069912144683548,2019,0
0,0.0826646378980067,2019,0
0,0.069912144683548,2019,0
0,0.069912144683548,2019,0
0,0.0727538863412452,2019,0
0,0.069912144683548,2019,0
0,0.069912144683548,2019,0
0,0.069912144683548,2019,0
0,0.069912144683548,2019,0
0,0.0826646378980067,2019,0
0,0.069912144683548,2019,0
0,0.069912144683548,2019,0
0,0.069912144683548,2019,0
0,0.069912144683548,2019,0
0,0.069912144683548,2019,0
0,0.069912144683548,2019,0
0,0.0774379023994096,2019,0
0,0.0237382589576809,2019,0
0,0.0424022621557064,2019,0
0,0.0260708524914161,2019,0
0,0.0260708524914161,2019,0
0,0.0260708524914161,2019,0
0,0.0260708524914161,2019,0
0,0.0260708524914161,2019,0
0,0.0260708524914161,2019,0
0,0.0260708524914161,2019,0
0,0.0527922682224811,2019,0
0,0.0498955459452502,2019,0
0,0.0397394573054464,2019,0
0,0.0243896604585394,2019,0
0,0.0243896604585394,2019,0
0,0.0464750494121692,2019,0
0,0.0464750494121692,2019,0
0,0.0406013101280389,2019,0
0,0.0204796597277756,2019,0
0,0.0204796597277756,2019,0
0,0.0243304091802947,2019,0
0,0.0243304091802947,2019,0
0,0.0243304091802947,2019,0
0,0.0243304091802947,2019,0
0,0.0243304091802947,2019,0
0,0.0243304091802947,2019,0
0,0.0243304091802947,2019,0
0,0.0243304091802947,2019,0
0,0.046917437339886,2019,0
0,NA,2019,NA
0,0.0595489849256911,2019,0
0,0.0595489849256911,2019,0
0,0.0595489849256911,2019,0
0,0.0595489849256911,2019,0
0,0.0585548641743245,2019,0
0,0.0247604393002486,2019,0
0,0.0247604393002486,2019,0
0,0.0247604393002486,2019,0
0,0.0247604393002486,2019,0
0,0.0308901687746496,2019,0
0,0.0135033301050538,2019,0
0,0.0130926762126582,2019,0
0,0.0119727994424041,2019,0
0,0.0128414465631388,2019,0
0,0.0122913156169145,2019,0
0,0.0133980784467744,2019,0
0,0.0115995913179019,2019,0
0,0.0119727994424041,2019,0
0,0.0486886941517635,2019,0
0,0.0413390299235976,2019,0
0,0.044255076297491,2019,0
0,0.105093487534077,2019,0
0,0.0392600330237782,2019,0
0,0.0258064999451934,2019,0
0,0.0258064999451934,2019,0
0,0.0258064999451934,2019,0
0,0.0258064999451934,2019,0
0,0.0258064999451934,2019,0
0,0.0258064999451934,2019,0
0,0.0258064999451934,2019,0
0,0.0258064999451934,2019,0
0,0.0258064999451934,2019,0
0,0.0258064999451934,2019,0
0,0.0258064999451934,2019,0
0,0.0254502368887089,2019,0
0,0.0254502368887089,2019,0
0,0.044217391782108,2019,0
0,0.0538107190984483,2019,0
0,0.049356935141139,2019,0
0,0.0475360815422468,2019,0
0,0.0921043437723424,2019,0
0,0.0390944959008747,2019,0
0,0.045025959146303,2019,0
0,0.0255515565888699,2019,0
0,0.0394817852513392,2019,0
0,0.0389257771624142,2019,0
0,0.039751899653949,2019,0
0,0.0401561023253256,2019,0
0,0.0430204241332517,2019,0
0,0.0386550995748046,2019,0
0,0.0552786732020945,2019,0
0,0.020424726656749,2019,0
0,0.0471500146429149,2019,0
0,0.0257793953072492,2019,0
0,0.0257793953072492,2019,0
0,0.032840184205595,2019,0
0,0.0387282387426181,2019,0
0,0.043599205588991,2019,0
0,0.0465458840952719,2019,0
0,0.0189594397989622,2019,0
0,0.0189594397989622,2019,0
0,0.0192126690893511,2019,0
0,0.0189594397989622,2019,0
0,0.0189594397989622,2019,0
0,0.0189594397989622,2019,0
0,0.0189594397989622,2019,0
0,0.0192126690893511,2019,0
0,0.0189594397989622,2019,0
0,0.0191199745095023,2019,0
0,0.0138182043050936,2019,0
0,0.0138182043050936,2019,0
0,0.0187335814166731,2019,0
0,0.0138182043050936,2019,0
0,0.0138182043050936,2019,0
0,0.0138182043050936,2019,0
0,0.0186061111526484,2019,0
0,0.0186061111526484,2019,0
0,0.0138182043050936,2019,0
0,0.0138182043050936,2019,0
0,0.0138182043050936,2019,0
0,0.0191199745095023,2019,0
0,0.0168966882916968,2019,0
0,0.0664218548614509,2019,0
0,0.0664218548614509,2019,0
0,0.0853707737162099,2019,0
0,0.0664218548614509,2019,0
0,0.0698651256730252,2019,0
0,0.0664218548614509,2019,0
0,0.0664218548614509,2019,0
0,0.0853707737162099,2019,0
0,0.0664218548614509,2019,0
0,0.0664218548614509,2019,0
0,0.0664218548614509,2019,0
0,0.0664218548614509,2019,0
0,0.0664218548614509,2019,0
0,0.0664218548614509,2019,0
0,0.0664218548614509,2019,0
0,0.0664218548614509,2019,0
0,0.0664218548614509,2019,0
0,0.0664218548614509,2019,0
0,0.0664218548614509,2019,0
0,0.0664218548614509,2019,0
0,0.0853707737162099,2019,0
0,0.0664218548614509,2019,0
0,0.0664218548614509,2019,0
0,0.0664218548614509,2019,0
0,0.0664218548614509,2019,0
0,0.0664218548614509,2019,0
0,0.0664218548614509,2019,0
0,0.0664218548614509,2019,0
0,0.0651471308687862,2019,0
0,0.0695837683292612,2019,0
0,0.0292495517656993,2019,0
0,0.0332438850147294,2019,0
0,0.024874044091006,2019,0
0,0.024874044091006,2019,0
0,0.024874044091006,2019,0
0,0.024874044091006,2019,0
0,0.024874044091006,2019,0
0,0.024874044091006,2019,0
0,0.024874044091006,2019,0
0,0.055025857051456,2019,0
0,0.0571406835597872,2019,0
0,0.0439933161826285,2019,0
0,0.0242863918814629,2019,0
0,0.0576330227774097,2019,0
0,0.0576330227774097,2019,0
0,0.0484275959680791,2019,0
0,0.0492453793838313,2019,0
0,0.0492453793838313,2019,0
0,0.0492453793838313,2019,0
0,0.0224706884349247,2019,0
0,0.0224706884349247,2019,0
0,0.0492453793838313,2019,0
0,0.0690952935375797,2019,0
0,0.0242838902255006,2019,0
0,0.0242838902255006,2019,0
0,0.0242838902255006,2019,0
0,0.0242838902255006,2019,0
0,0.0242838902255006,2019,0
0,0.0242838902255006,2019,0
0,0.0242838902255006,2019,0
0,0.0242838902255006,2019,0
0,0.0592643174705251,2019,0
0,NA,2019,NA
0,0.0533841054811807,2019,0
0,0.0533841054811807,2019,0
0,0.0533841054811807,2019,0
0,0.0533841054811807,2019,0
0,0.0250046645490386,2019,0
0,0.0250046645490386,2019,0
0,0.0250046645490386,2019,0
0,0.0250046645490386,2019,0
0,0.0408424848960239,2019,0
0,0.0175473725634771,2019,0
0,0.0168534937685372,2019,0
0,0.0149660208888929,2019,0
0,0.0149660208888929,2019,0
0,0.015485236420658,2019,0
0,0.0173817183221051,2019,0
0,0.0143079556042251,2019,0
0,0.0164623682384575,2019,0
0,0.0528090272536435,2019,0
0,0.0588433223290429,2019,0
0,0.0488625028951088,2019,0
0,0.0436907954133036,2019,0
0,0.124811971332978,2019,0
0,0.0274985985189715,2019,0
0,0.0274985985189715,2019,0
0,0.0274985985189715,2019,0
0,0.0274985985189715,2019,0
0,0.0274985985189715,2019,0
0,0.0274985985189715,2019,0
0,0.0274985985189715,2019,0
0,0.0274985985189715,2019,0
0,0.0274985985189715,2019,0
0,0.0263977359961447,2019,0
0,0.0263977359961447,2019,0
0,0.0756593317687338,2019,0
0,0.0640455327145583,2019,0
0,0.0698303581784475,2019,0
0,0.0808682462266032,2019,0
0,0.124411145633371,2019,0
0,0.0549438427228979,2019,0
0,0.0646487910192771,2019,0
0,0.0295680872986748,2019,0
0,0.0468947883613903,2019,0
0,0.0473686162806288,2019,0
0,0.0457335648936576,2019,0
0,0.0463631036593656,2019,0
0,0.102408926006917,2019,0
0,0.0324186342016134,2019,0
0,0.0678479263489923,2019,0
0,0.034160011116979,2019,0
0,0.0472091387904894,2019,0
0,0.0501858568076958,2019,0
0,0.0472091387904894,2019,0
0,0.0420152511035749,2019,0
0,0.0997576992365569,2019,0
0,0.0997576992365569,2019,0
0,0.0295535425922297,2019,0
0,0.0289664454473337,2019,0
0,0.0295535425922297,2019,0
0,0.0295535425922297,2019,0
0,0.0295535425922297,2019,0
0,0.0295535425922297,2019,0
0,0.0295535425922297,2019,0
0,0.0289664454473337,2019,0
0,0.01741772688435,2019,0
0,0.01741772688435,2019,0
0,0.01741772688435,2019,0
0,0.01741772688435,2019,0
0,0.01741772688435,2019,0
0,0.01741772688435,2019,0
0,0.01741772688435,2019,0
0,0.0206881510980017,2019,0
0,0.0224758436972729,2019,0
0,0.0217369073721957,2019,0
0,0.021922416555579,2019,0
0,0.0224758436972729,2019,0
0,0.01741772688435,2019,0
0,0.130582930736816,2019,0
0,0.0611126359419129,2019,0
0,0.0664638067429562,2019,0
0,0.0345094002086671,2019,0
0,0.0345094002086671,2019,0
0,0.0345094002086671,2019,0
0,0.0744890030996641,2019,0
0,0.0573851689148644,2019,0
0,0.0363345391686521,2019,0
0,0.0604003274268208,2019,0
0,0.0604003274268208,2019,0
0,0.0537295517328015,2019,0
0,0.0456802433915459,2019,0
0,0.0456802433915459,2019,0
0,0.0277381790818687,2019,0
0,0.0456802433915459,2019,0
0,0.0378536202675384,2019,0
0,0.0378536202675384,2019,0
0,0.0378536202675384,2019,0
0,0.0378536202675384,2019,0
0,0.0378536202675384,2019,0
0,0.0378536202675384,2019,0
0,0.0378536202675384,2019,0
0,0.0378536202675384,2019,0
0,0.0612334674587374,2019,0
0,NA,2019,NA
0,0.120667697732388,2019,0
0,0.120667697732388,2019,0
0,0.120667697732388,2019,0
0,0.120667697732388,2019,0
0,0.0381378323907192,2019,0
0,0.0381378323907192,2019,0
0,0.0381378323907192,2019,0
0,0.0381378323907192,2019,0
0,0.0573773132577677,2019,0
0,0.0223039074806103,2019,0
0,0.0213901733356482,2019,0
0,0.0229805224300348,2019,0
0,0.0255851891559485,2019,0
0,0.0242502593416349,2019,0
0,0.0223039074806103,2019,0
0,0.0253742282362698,2019,0
0,0.0820765297487697,2019,0
0,0.0733968504068812,2019,0
0,0.098679614006799,2019,0
0,0.210613098624053,2019,0
0,0.0742375118115018,2019,0
0,0.034996228051915,2019,0
0,0.034996228051915,2019,0
0,0.034996228051915,2019,0
0,0.034996228051915,2019,0
0,0.034996228051915,2019,0
0,0.034996228051915,2019,0
0,0.034996228051915,2019,0
0,0.034996228051915,2019,0
0,0.0355039518570386,2019,0
0,0.0355039518570386,2019,0
0,0.0791954132201321,2019,0
0,0.0855909459354551,2019,0
0,0.0892461630641753,2019,0
0,0.0976290958100582,2019,0
0,0.0919911300995009,2019,0
0,0.167534912068567,2019,0
0,0.0673494825174279,2019,0
0,0.0693363524398618,2019,0
0,0.0327769074494383,2019,0
0,0.0385953152895988,2019,0
0,0.0415931586422233,2019,0
0,0.107850827839255,2019,0
0,0.0279842859905629,2019,0
0,0.0562820220131688,2019,0
0,0.0320192395072587,2019,0
0,0.0374770539012199,2019,0
0,0.0265635275025216,2019,0
0,0.0268926507140986,2019,0
0,0.0268926507140986,2019,0
0,0.0268926507140986,2019,0
0,0.0268926507140986,2019,0
0,0.0265635275025216,2019,0
0,0.0268926507140986,2019,0
0,0.0268926507140986,2019,0
0,0.0161352848499784,2019,0
0,0.0161352848499784,2019,0
0,0.0193193805604897,2019,0
0,0.0161352848499784,2019,0
0,0.0161352848499784,2019,0
0,0.0191098407399585,2019,0
0,0.018237611855895,2019,0
0,0.0161352848499784,2019,0
0,0.0161352848499784,2019,0
0,0.0161352848499784,2019,0
0,0.0193193805604897,2019,0
0,0.0161352848499784,2019,0
0,0.0190443444025186,2019,0
0,0.119158433772956,2019,0
0,0.0613019371102481,2019,0
0,0.0318684621386656,2019,0
0,0.0318684621386656,2019,0
0,0.0318684621386656,2019,0
0,0.0318684621386656,2019,0
0,0.049772852290667,2019,0
0,0.0617165552714243,2019,0
0,0.050238632752216,2019,0
0,0.0307964095771219,2019,0
0,0.0475931659966809,2019,0
0,0.0475931659966809,2019,0
0,0.0432298527117002,2019,0
0,0.0353937440148088,2019,0
0,0.0353937440148088,2019,0
0,0.0353937440148088,2019,0
0,0.0231740516741733,2019,0
0,0.0307063615659056,2019,0
0,0.0307063615659056,2019,0
0,0.0307063615659056,2019,0
0,0.0307063615659056,2019,0
0,0.0307063615659056,2019,0
0,0.0445641367305319,2019,0
0,0.0462273198775014,2019,0
0,NA,2019,NA
0,0.106312489964531,2019,0
0,0.106312489964531,2019,0
0,0.106312489964531,2019,0
0,0.106312489964531,2019,0
0,0.0299633777111729,2019,0
0,0.0299633777111729,2019,0
0,0.0299633777111729,2019,0
0,0.0299633777111729,2019,0
0,0.0448342769644476,2019,0
0,0.0176808653523914,2019,0
0,0.0196860616138208,2019,0
0,0.0189258257245085,2019,0
0,0.0176808653523914,2019,0
0,0.0171138524415461,2019,0
0,0.0198360554932077,2019,0
0,0.0181375010190358,2019,0
0,0.20160590917769,2019,0
0,0.029179375099668,2019,0
0,0.029179375099668,2019,0
0,0.029179375099668,2019,0
0,0.029179375099668,2019,0
0,0.029179375099668,2019,0
0,0.098272702055098,2019,0
0,0.123035433562364,2019,0
0,0.106857925571247,2019,0
0,0.115604234005476,2019,0
0,0.17842841964901,2019,0
0,0.0820719497999666,2019,0
0,0.066505872595884,2019,0
0,0.0283663516692744,2019,0
0,0.0349883013735113,2019,0
0,0.0305455973570213,2019,0
0,0.117911190100158,2019,0
0,0.0327844887643598,2019,0
0,0.0556604849718321,2019,0
0,0.0277923056081855,2019,0
0,0.0277923056081855,2019,0
0,0.0193363370124638,2019,0
0,0.019087731688937,2019,0
0,0.0193363370124638,2019,0
0,0.019087731688937,2019,0
0,0.019087731688937,2019,0
0,0.019087731688937,2019,0
0,0.019087731688937,2019,0
0,0.019087731688937,2019,0
0,0.0141312190353388,2019,0
0,0.0141312190353388,2019,0
0,0.0172305941846403,2019,0
0,0.0172655567923153,2019,0
0,0.0141312190353388,2019,0
0,0.0173878002574213,2019,0
0,0.0141312190353388,2019,0
0,0.0172305941846403,2019,0
0,0.0161185969309797,2019,0
0,0.0141312190353388,2019,0
0,0.0141312190353388,2019,0
0,0.0141312190353388,2019,0
0,0.0141312190353388,2019,0
0,0.0173878002574213,2019,0
0,0.101540176408157,2019,0
0,0.0628667006443146,2019,0
0,0.026713501808932,2019,0
0,0.026713501808932,2019,0
0,0.026713501808932,2019,0
0,0.0446489307197431,2019,0
0,0.0614787102413872,2019,0
0,0.054033356902108,2019,0
0,0.0258581818995879,2019,0
0,0.0258581818995879,2019,0
0,0.0420197476978423,2019,0
0,0.0384490136132219,2019,0
0,0.0420197476978423,2019,0
0,0.0251268097172127,2019,0
0,0.0251268097172127,2019,0
0,0.0251268097172127,2019,0
0,0.0251268097172127,2019,0
0,0.0378371509932981,2019,0
0,0.0402876034626356,2019,0
0,NA,2019,NA
0,0.110598464954182,2019,0
0,0.110598464954182,2019,0
0,0.110598464954182,2019,0
0,0.110598464954182,2019,0
0,0.0233446859384395,2019,0
0,0.0233446859384395,2019,0
0,0.0512194760346409,2019,0
0,0.0171257507708363,2019,0
0,0.0157179960818509,2019,0
0,0.0157179960818509,2019,0
0,0.0160375211054899,2019,0
0,0.0170059132306018,2019,0
0,0.0154004764084924,2019,0
0,0.0164754875302945,2019,0
0,0.190459961497553,2019,0
0,0.0222656174156235,2019,0
0,0.0222656174156235,2019,0
0,0.0222656174156235,2019,0
0,0.100560416438717,2019,0
0,0.10873051077442,2019,0
0,0.124135819752911,2019,0
0,0.116719019345397,2019,0
0,0.161478625982202,2019,0
0,0.084002949828567,2019,0
0,0.0434619695821656,2019,0
0,0.021760945289789,2019,0
0,0.0267676367530766,2019,0
0,0.0257784472184926,2019,0
0,0.0291645593357959,2019,0
0,0.046340528770835,2019,0
0,0.0209915157779093,2019,0
0,0.024283966331836,2019,0
0,0.0432115210205892,2019,0
0,0.0432115210205892,2019,0
0,0.0134208817526581,2019,0
0,0.0127767640081954,2019,0
0,0.0134208817526581,2019,0
0,0.0127767640081954,2019,0
0,0.0127767640081954,2019,0
0,0.0127767640081954,2019,0
0,0.0127767640081954,2019,0
0,0.0127767640081954,2019,0
0,0.0101015505459199,2019,0
0,0.0101015505459199,2019,0
0,0.0101015505459199,2019,0
0,0.0130721435944655,2019,0
0,0.0101015505459199,2019,0
0,0.0101015505459199,2019,0
0,0.0101015505459199,2019,0
0,0.0101015505459199,2019,0
0,0.0132664763923063,2019,0
0,0.0130721435944655,2019,0
0,0.01163151081215,2019,0
0,0.0101015505459199,2019,0
0,0.0132664763923063,2019,0
0,0.0132086441081956,2019,0
0,0.0792785191112236,2019,0
0,0.0568788262862812,2019,0
0,0.0204984811538298,2019,0
0,0.0204984811538298,2019,0
0,0.0204984811538298,2019,0
0,0.0372558822718627,2019,0
0,0.0418627704412553,2019,0
0,0.0194536185072822,2019,0
0,0.0319058415937826,2019,0
0,0.035975689821466,2019,0
0,0.0191096838518884,2019,0
0,0.0191096838518884,2019,0
0,0.0326457618621844,2019,0
0,0.036368874066858,2019,0
0,NA,2019,NA
0,0.0192134603699192,2019,0
0,0.0192134603699192,2019,0
0,0.0502443436906066,2019,0
0,0.0140173813048215,2019,0
0,0.0148392910844498,2019,0
0,0.0135648219734541,2019,0
0,0.0137628148327119,2019,0
0,0.0147345421439606,2019,0
0,0.0143019396972769,2019,0
0,0.0137628148327119,2019,0
0,0.0145319465527145,2019,0
0,0.110786549798319,2019,0
0,0.174147590173132,2019,0
0,0.0196556807899168,2019,0
0,0.0196556807899168,2019,0
0,0.105112810970864,2019,0
0,0.122496793303351,2019,0
0,0.113928666199092,2019,0
0,0.130611814524556,2019,0
0,0.0927147506131354,2019,0
0,0.0344421685881865,2019,0
0,0.019919199201571,2019,0
0,0.0262259613014676,2019,0
0,0.0261562712960536,2019,0
0,0.027553112102854,2019,0
0,0.0291315420585832,2019,0
0,0.0313893635659902,2019,0
0,0.0463468638501537,2019,0
0,0.0202720902151838,2019,0
0,0.0148877712053081,2019,0
0,0.0142856365166482,2019,0
0,0.0142856365166482,2019,0
0,0.0142856365166482,2019,0
0,0.0148877712053081,2019,0
0,0.0142856365166482,2019,0
0,0.0142856365166482,2019,0
0,0.0142856365166482,2019,0
0,0.0148164569438117,2019,0
0,0.0108859324670465,2019,0
0,0.0108859324670465,2019,0
0,0.0147768063832051,2019,0
0,0.0108859324670465,2019,0
0,0.0108859324670465,2019,0
0,0.0147768063832051,2019,0
0,0.0147990123782827,2019,0
0,0.0148164569438117,2019,0
0,0.012948545413207,2019,0
0,0.0108859324670465,2019,0
0,0.0108859324670465,2019,0
0,0.0108859324670465,2019,0
0,0.0108859324670465,2019,0
0,0.0952170559850256,2019,0
0,0.0762669642961258,2019,0
0,0.0213531601401778,2019,0
0,0.0213531601401778,2019,0
0,0.0213531601401778,2019,0
0,0.0213531601401778,2019,0
0,0.0539429101461759,2019,0
0,0.0225274070274516,2019,0
0,0.0352713519251126,2019,0
0,0.0396889560809869,2019,0
0,0.0235242279335768,2019,0
0,0.0364446099253032,2019,0
0,0.0263788146752608,2019,0
0,0.0510840966037596,2019,0
0,0.0230306100399732,2019,0
0,0.0206459304220092,2019,0
0,0.0232310386828904,2019,0
0,0.0206459304220092,2019,0
0,0.020015732114269,2019,0
0,0.0225141435821026,2019,0
0,0.0212086406978023,2019,0
0,0.0220867755584788,2019,0
0,0.163362754497406,2019,0
0,0.268442779340149,2019,0
0,0.0288720443525166,2019,0
0,0.0288720443525166,2019,0
0,0.0211940096881109,2019,0
0,0.147859349681327,2019,0
0,0.161180144901185,2019,0
0,0.174301606276457,2019,0
0,0.131681328877998,2019,0
0,0.0536825959659393,2019,0
0,0.0288829564219096,2019,0
0,0.0393547215247888,2019,0
0,0.0363077317517498,2019,0
0,0.0297788449810298,2019,0
0,0.0439287703506102,2019,0
0,0.0514527748416544,2019,0
0,0.0304541518867607,2019,0
0,0.0306253109729319,2019,0
0,0.0280740559243956,2019,0
0,0.0280740559243956,2019,0
0,0.028035792875482,2019,0
0,0.0280740559243956,2019,0
0,0.0280740559243956,2019,0
0,0.028035792875482,2019,0
0,0.0280740559243956,2019,0
0,0.0280740559243956,2019,0
0,0.0280740559243956,2019,0
0,0.019306968893942,2019,0
0,0.019306968893942,2019,0
0,0.0252070949020575,2019,0
0,0.0252070949020575,2019,0
0,0.0244656997021078,2019,0
0,0.019306968893942,2019,0
0,0.0231300715620265,2019,0
0,0.0244656997021078,2019,0
0,0.019306968893942,2019,0
0,0.019306968893942,2019,0
0,0.019306968893942,2019,0
0,0.019306968893942,2019,0
0,0.019306968893942,2019,0
0,0.146913344796192,2019,0
0,0.115992630758266,2019,0
0,0.032212133116025,2019,0
0,0.032212133116025,2019,0
0,0.032212133116025,2019,0
0,0.032212133116025,2019,0
0,0.032212133116025,2019,0
0,0.0971972845000749,2019,0
0,0.0346466552061067,2019,0
0,0.0552021383881267,2019,0
0,0.060604795450301,2019,0
0,0.0598782679987098,2019,0
0,0.0367508435315081,2019,0
0,0.0367508435315081,2019,0
0,0.0352145587931396,2019,0
0,0.032482468188379,2019,0
0,0.0359526942699494,2019,0
0,0.0372982605835424,2019,0
0,0.0369328813514517,2019,0
0,0.0335213340487939,2019,0
0,0.032482468188379,2019,0
0,0.0312437063689011,2019,0
0,0.269829211408954,2019,0
0,0.40925435254347,2019,0
0,0.036895461419643,2019,0
0,0.0312118893675298,2019,0
0,0.276091955905795,2019,0
0,0.236736007173657,2019,0
0,0.256937411384181,2019,0
0,0.214880627185838,2019,0
0,0.080517697138052,2019,0
0,0.0370190165646751,2019,0
0,0.0510314585494321,2019,0
0,0.0501788679197052,2019,0
0,0.0463485190445441,2019,0
0,0.040067219051065,2019,0
0,0.0769466912267987,2019,0
0,0.0378965585997794,2019,0
0,0.0376006828689515,2019,0
0,0.0376006828689515,2019,0
0,0.0376006828689515,2019,0
0,0.0373318955467073,2019,0
0,0.0376006828689515,2019,0
0,0.0376006828689515,2019,0
0,0.0376006828689515,2019,0
0,0.0373318955467073,2019,0
0,0.0376006828689515,2019,0
0,0.0302116097336906,2019,0
0,0.0243722664935561,2019,0
0,0.0302116097336906,2019,0
0,0.0243722664935561,2019,0
0,0.0243722664935561,2019,0
0,0.0243722664935561,2019,0
0,0.0291344607860741,2019,0
0,0.0243722664935561,2019,0
0,0.0243722664935561,2019,0
0,0.0243722664935561,2019,0
0,0.0243722664935561,2019,0
0,0.0312200132062566,2019,0
0,0.0312200132062566,2019,0
0,0.164805200075288,2019,0
0,0.126454644116489,2019,0
0,0.0373745885421194,2019,0
0,0.0373745885421194,2019,0
0,0.0373745885421194,2019,0
0,0.0373745885421194,2019,0
0,0.0373745885421194,2019,0
0,0.0253087165664197,2019,0
0,0.0247402386820674,2019,0
0,0.0268198924031906,2019,0
0,0.0243168035592443,2019,0
0,0.0258783903595801,2019,0
0,0.0247402386820674,2019,0
0,0.0263789571778586,2019,0
0,0.0270672326330768,2019,0
0,0.0249909479901741,2019,0
0,0.189956691526763,2019,0
0,0.176708611863699,2019,0
0,0.15278441193336,2019,0
0,0.0651490039778397,2019,0
0,0.0498031808101198,2019,0
0,0.0365555317317513,2019,0
0,0.0307693538476209,2019,0
0,0.0503471316638078,2019,0
0,0.0463982207785162,2019,0
0,0.0394481573883102,2019,0
0,0.0389325395825355,2019,0
0,0.0394481573883102,2019,0
0,0.0394481573883102,2019,0
0,0.0394481573883102,2019,0
0,0.0389325395825355,2019,0
0,0.0394481573883102,2019,0
0,0.0394481573883102,2019,0
0,0.0394481573883102,2019,0
0,0.0238966182389466,2019,0
0,0.0301362682081066,2019,0
0,0.0238966182389466,2019,0
0,0.0238966182389466,2019,0
0,0.0292248275490788,2019,0
0,0.0238966182389466,2019,0
0,0.0301362682081066,2019,0
0,0.0282849503787761,2019,0
0,0.0292248275490788,2019,0
0,0.0238966182389466,2019,0
0,0.0238966182389466,2019,0
0,0.0238966182389466,2019,0
0,0.0238966182389466,2019,0
0,0.12520430410497,2019,0
0,0.0944189781599577,2019,0
1,0.171238397424942,2019,0
1,0.0660613036579823,2019,0
1,0.0222735313960527,2019,0
1,0.0475360058342212,2019,0
1,0.121210526408221,2019,0
1,0.187025338243218,2019,0
1,0.0400917857546397,2019,0
1,0.0400917857546397,2019,0
1,0.0258064999451934,2019,0
1,0.0307063615659056,2019,0
1,0.0233446859384395,2019,0
1,0.0196556807899168,2019,0
1,0.0274985985189715,2019,0
1,0.0307063615659056,2019,0
1,0.0251268097172127,2019,0
1,0.0233446859384395,2019,0
1,0.034996228051915,2019,0
1,0.033264177841963,2019,0
1,0.036411950571052,2019,0
1,0.029179375099668,2019,0
1,0.0242863918814629,2019,0
1,0.0228073696173331,2019,0
1,0.033280530374021,2019,0
1,0.0444948164606714,2019,0
1,0.0939453460509291,2019,0
1,0.0720976253995712,2019,0
1,0.0939453460509291,2019,0
1,0.0504231774793015,2019,0
1,0.377952031420843,2019,0
1,0.518879810931463,2019,1
1,0.238866179084155,2019,0
1,0.0764133743382996,2019,0
1,0.0274985985189715,2019,0
1,0.0290776881886276,2019,0
1,0.027614994668174,2019,0
1,0.029528750186146,2019,0
1,0.029528750186146,2019,0
1,0.035975689821466,2019,0
1,0.0685711167198584,2019,0
1,0.330705440634008,2019,0
1,0.110716363687313,2019,0
1,0.314601653311769,2019,0
1,0.0645217771783259,2019,0
1,0.18927950042826,2019,0
1,0.029179375099668,2019,0
1,0.0292848762308139,2019,0
1,0.0222656174156235,2019,0
1,0.0235242279335768,2019,0
1,0.0243304091802947,2019,0
1,0.0260708524914161,2019,0
1,0.0263788146752608,2019,0
1,0.0191096838518884,2019,0
1,0.0191096838518884,2019,0
1,0.185343050376772,2019,0
1,0.236765225318432,2019,0
1,0.0625577937833582,2019,0
1,0.0462194416244311,2019,0
1,0.0664218548614509,2019,0
1,0.166013274354125,2019,0
1,0.0697182910447355,2019,0
1,0.107962052697443,2019,0
1,0.0533387126104699,2019,0
1,0.0535338653666827,2019,0
1,0.123432246981545,2019,0
1,0.0533387126104699,2019,0
1,0.0533387126104699,2019,0
1,0.356429625600334,2019,0
1,0.0676276381500434,2019,0
1,0.0676276381500434,2019,0
1,0.040549191218837,2019,0
1,0.0689622554168261,2019,0
1,0.0217369073721957,2019,0
1,0.0277381790818687,2019,0
1,0.0195176090031585,2019,0
1,0.0749422078940976,2019,0
1,0.0939456002516754,2019,0
1,0.100683941700188,2019,0
1,0.164878395901688,2019,0
1,0.301673106197432,2019,0
1,0.0343381796499103,2019,0
1,0.0712587787194785,2019,0
1,0.126884980113007,2019,0
1,0.126884980113007,2019,0
1,0.230195317639366,2019,0
1,0.0635456565455831,2019,0
1,0.0420081689732406,2019,0
1,0.0197536961005622,2019,0
1,0.0173441566050575,2019,0
1,0.200244232786004,2019,0
1,0.0265929601133774,2019,0
1,0.0616840797166576,2019,0
1,0.0618021672226284,2019,0
1,0.0681067397990482,2019,0
1,0.283828338233876,2019,0
1,0.0521269338456038,2019,0
1,0.0451911915150892,2019,0
1,0.047513805240139,2019,0
1,0.215901261497123,2019,0
1,0.787112787568474,2019,1
1,0.15358313439061,2019,0
1,0.0403622735035173,2019,0
1,0.0391651209280397,2019,0
1,0.033264177841963,2019,0
1,0.0222656174156235,2019,0
1,0.036895461419643,2019,0
1,0.029179375099668,2019,0
1,0.046695393760322,2019,0
1,0.384693615957168,2019,0
1,0.0405232931504902,2019,0
1,0.0243606337297591,2019,0
1,0.0243606337297591,2019,0
1,0.0185222883286234,2019,0
1,0.0246491796846162,2019,0
1,0.0179025476313276,2019,0
1,0.0498005046462906,2019,0
1,0.0452262998838882,2019,0
1,0.0376480668604692,2019,0
1,0.0479933079571804,2019,0
1,0.0407213199450756,2019,0
1,0.0172985673965295,2019,0
1,0.0904271609696521,2019,0
1,0.0438839922328648,2019,0
1,0.0330008381863314,2019,0
1,0.31606274244291,2019,0
1,0.0853443097863142,2019,0
1,0.100683941700188,2019,0
1,0.103264999584201,2019,0
1,0.0361733876945021,2019,0
1,0.0704589668844217,2019,0
1,NA,2019,NA
1,0.0840576087499691,2019,0
1,0.0419250095832823,2019,0
1,0.0489179808466644,2019,0
1,0.0262732568993777,2019,0
1,0.0401361010711768,2019,0
1,0.0407061439906191,2019,0
0,0.0154872373642292,2020,0
0,0.0178027404839841,2020,0
0,0.0164076420530447,2020,0
0,0.0174007274808897,2020,0
0,0.0170386349740283,2020,0
0,0.0179803094338556,2020,0
0,0.0159488662305848,2020,0
0,0.0943796866712679,2020,0
0,0.102389267980406,2020,0
0,0.0896161368184433,2020,0
0,0.0651130616531649,2020,0
0,0.0312471793591837,2020,0
0,0.0352758002739774,2020,0
0,0.048465804931486,2020,0
0,0.0264942525113951,2020,0
0,0.0258353689963338,2020,0
0,0.0264942525113951,2020,0
0,0.0264942525113951,2020,0
0,0.0264942525113951,2020,0
0,0.0264942525113951,2020,0
0,0.0258353689963338,2020,0
0,0.0230748079618715,2020,0
0,0.0230748079618715,2020,0
0,0.0282610818382686,2020,0
0,0.0230748079618715,2020,0
0,0.0275230201064928,2020,0
0,0.0230748079618715,2020,0
0,0.0230748079618715,2020,0
0,0.0230748079618715,2020,0
0,0.0230748079618715,2020,0
0,0.0230748079618715,2020,0
0,0.0335067008101081,2020,0
0,0.0646420503946304,2020,0
0,0.0244868736173918,2020,0
0,0.0231016074597335,2020,0
0,0.0222698810203133,2020,0
0,0.0261757767091023,2020,0
0,0.0250771699549588,2020,0
0,0.0212678256813609,2020,0
0,0.0860426930467055,2020,0
0,0.109765082607417,2020,0
0,0.0977294920632209,2020,0
0,0.219094600548621,2020,0
0,0.143706889893181,2020,0
0,0.137156694445414,2020,0
0,0.100664039741642,2020,0
0,0.0494826081805746,2020,0
0,0.0634364441695053,2020,0
0,0.0649961434068905,2020,0
0,0.0393085057830858,2020,0
0,0.0416176074869598,2020,0
0,0.0416176074869598,2020,0
0,0.0393085057830858,2020,0
0,0.0416176074869598,2020,0
0,0.0416176074869598,2020,0
0,0.0333806673870451,2020,0
0,0.0333806673870451,2020,0
0,0.0389412735680595,2020,0
0,0.0333806673870451,2020,0
0,0.0408877352971563,2020,0
0,0.0333806673870451,2020,0
0,0.0333806673870451,2020,0
0,0.0333806673870451,2020,0
0,0.0556951327253236,2020,0
0,0.0471166361705106,2020,0
0,0.0484891034235413,2020,0
0,0.0428795670880118,2020,0
0,0.0407323478097041,2020,0
0,0.0515140303289496,2020,0
0,0.0377679319828829,2020,0
0,0.150508387264625,2020,0
0,0.16520932447244,2020,0
0,0.234537568153771,2020,0
0,0.0698295103686679,2020,0
0,0.0921014720499812,2020,0
0,0.0839531118567808,2020,0
0,0.0581939902662541,2020,0
0,0.0581939902662541,2020,0
0,0.0538054188941457,2020,0
0,0.0581939902662541,2020,0
0,0.0581939902662541,2020,0
0,0.0498905882456627,2020,0
0,0.0430889591956591,2020,0
0,0.053235624208112,2020,0
0,0.0430889591956591,2020,0
0,0.0430889591956591,2020,0
0,0.0430889591956591,2020,0
0,0.0430889591956591,2020,0
0,0.146764165693163,2020,0
0,0.034902862238528,2020,0
0,0.0447320038985856,2020,0
0,0.0413940484295419,2020,0
0,0.0534521844237573,2020,0
0,0.0471514529761955,2020,0
0,0.0519141083519075,2020,0
0,0.0568687772420014,2020,0
0,0.11323601646656,2020,0
0,0.269585731580144,2020,0
0,0.103971178573244,2020,0
0,0.110223288343708,2020,0
0,0.113269400944899,2020,0
0,0.0935956730974817,2020,0
0,0.0344771284082227,2020,0
0,0.0684968917613249,2020,0
0,0.0721660551644608,2020,0
0,0.0487631206187509,2020,0
0,0.0487631206187509,2020,0
0,0.0487631206187509,2020,0
0,0.0460412124890169,2020,0
0,0.0487631206187509,2020,0
0,0.0379115995859254,2020,0
0,0.0379115995859254,2020,0
0,0.0437868519537306,2020,0
0,0.0379115995859254,2020,0
0,0.0462259184689267,2020,0
0,0.0379115995859254,2020,0
0,0.0379115995859254,2020,0
0,0.100999214640358,2020,0
0,0.0327958872802628,2020,0
0,0.131625539677144,2020,0
0,0.0310376604768395,2020,0
0,0.0773813597719783,2020,0
0,0.190106186223462,2020,0
0,0.119602935080257,2020,0
0,0.109546597533973,2020,0
0,0.118586102884289,2020,0
0,0.116301764154594,2020,0
0,0.0763884719503584,2020,0
0,0.0700383963387591,2020,0
0,0.0644382430688044,2020,0
0,0.0700383963387591,2020,0
0,0.0700383963387591,2020,0
0,0.0700383963387591,2020,0
0,0.0492092005438243,2020,0
0,0.0492092005438243,2020,0
0,0.0541090941460562,2020,0
0,0.0492092005438243,2020,0
0,0.0541090941460562,2020,0
0,0.0492092005438243,2020,0
0,0.0492092005438243,2020,0
0,0.187103303278651,2020,0
0,0.0867013858553484,2020,0
0,0.11036372428684,2020,0
0,0.0679408956259358,2020,0
0,0.0679408956259358,2020,0
0,0.0679408956259358,2020,0
0,0.147723390721792,2020,0
0,0.127812918246436,2020,0
0,0.119993481095629,2020,0
0,0.132517730097545,2020,0
0,0.131319500026651,2020,0
0,0.131852006518934,2020,0
0,0.0664103494523983,2020,0
0,0.067817430706932,2020,0
0,0.0705644134975668,2020,0
0,0.0705644134975668,2020,0
0,0.0705644134975668,2020,0
0,0.0705644134975668,2020,0
0,0.0500423235250678,2020,0
0,0.0500423235250678,2020,0
0,0.0500423235250678,2020,0
0,0.0552215243705121,2020,0
0,0.0552215243705121,2020,0
0,0.0500423235250678,2020,0
0,0.132964500961017,2020,0
0,0.250515207703022,2020,0
0,0.0604599022894101,2020,0
0,0.0596825529635243,2020,0
0,0.0596825529635243,2020,0
0,0.0596825529635243,2020,0
0,0.0596825529635243,2020,0
0,0.0596825529635243,2020,0
0,0.0596825529635243,2020,0
0,0.0596825529635243,2020,0
0,0.0596825529635243,2020,0
0,0.0596825529635243,2020,0
0,0.0596825529635243,2020,0
0,0.0596825529635243,2020,0
0,0.096980537271305,2020,0
0,0.0977306207501112,2020,0
0,0.0949876402761504,2020,0
0,0.0969382530969464,2020,0
0,0.0916539351739194,2020,0
0,0.0963060891319597,2020,0
0,0.0687150349735598,2020,0
0,0.0635821554572689,2020,0
0,0.0440649542340946,2020,0
0,0.0440649542340946,2020,0
0,0.0440649542340946,2020,0
0,0.0440649542340946,2020,0
0,0.0440649542340946,2020,0
0,0.0347363365816702,2020,0
0,0.0386511831213725,2020,0
0,0.0347363365816702,2020,0
0,0.0386511831213725,2020,0
0,0.0347363365816702,2020,0
0,0.122650362812946,2020,0
0,0.130294184269463,2020,0
0,0.0623675134307617,2020,0
0,0.0645710646787753,2020,0
0,0.0645710646787753,2020,0
0,0.0645710646787753,2020,0
0,0.0645710646787753,2020,0
0,0.0645710646787753,2020,0
0,0.0645710646787753,2020,0
0,0.0645710646787753,2020,0
0,0.0645710646787753,2020,0
0,0.0645710646787753,2020,0
0,0.0645710646787753,2020,0
0,0.0645710646787753,2020,0
0,0.0645710646787753,2020,0
0,0.222345486236547,2020,0
0,0.306935782933955,2020,0
0,0.0959589404757128,2020,0
0,0.101459790794877,2020,0
0,0.100820558627562,2020,0
0,0.101521228644421,2020,0
0,0.100109100037182,2020,0
0,0.102296542891148,2020,0
0,0.0973865310062679,2020,0
0,0.0994120478290091,2020,0
0,0.0590554167574472,2020,0
0,0.273271864033438,2020,0
0,0.06271296654607,2020,0
0,0.0472495559835157,2020,0
0,0.0472495559835157,2020,0
0,0.0472495559835157,2020,0
0,0.0472495559835157,2020,0
0,0.0349914745130411,2020,0
0,0.0383450805621088,2020,0
0,0.0349914745130411,2020,0
0,0.0409233638819589,2020,0
0,0.0349914745130411,2020,0
0,0.0383450805621088,2020,0
0,0.0349914745130411,2020,0
0,0.132103197183906,2020,0
0,0.054817100826304,2020,0
0,0.05574095237032,2020,0
0,0.05574095237032,2020,0
0,0.05574095237032,2020,0
0,0.05574095237032,2020,0
0,0.05574095237032,2020,0
0,0.05574095237032,2020,0
0,0.05574095237032,2020,0
0,0.05574095237032,2020,0
0,0.05574095237032,2020,0
0,0.155162868904342,2020,0
0,0.206755722798645,2020,0
0,0.0741216963160744,2020,0
0,0.090872911061857,2020,0
0,0.0905016779172283,2020,0
0,0.0940581517115594,2020,0
0,0.0908475121140778,2020,0
0,0.0897555221184289,2020,0
0,0.0914790771176266,2020,0
0,0.087220581183325,2020,0
0,0.0919211342653969,2020,0
0,0.0888762213192613,2020,0
0,0.0417210418503252,2020,0
0,0.0534677388042282,2020,0
0,0.0624699700831534,2020,0
0,0.0453096866659889,2020,0
0,0.0453096866659889,2020,0
0,0.0453096866659889,2020,0
0,0.0453096866659889,2020,0
0,0.0453096866659889,2020,0
0,0.0336047655019664,2020,0
0,0.0336047655019664,2020,0
0,0.0336047655019664,2020,0
0,0.0389731115660104,2020,0
0,0.036470837100172,2020,0
0,0.0336047655019664,2020,0
0,0.036470837100172,2020,0
0,0.132528470158572,2020,0
0,0.0778001972777392,2020,0
0,0.0456307672764359,2020,0
0,0.0442422661669378,2020,0
0,0.0442422661669378,2020,0
0,0.0442422661669378,2020,0
0,0.0442422661669378,2020,0
0,0.0442422661669378,2020,0
0,0.0442422661669378,2020,0
0,0.0442422661669378,2020,0
0,0.0442422661669378,2020,0
0,0.0442422661669378,2020,0
0,0.0442422661669378,2020,0
0,0.072734080545989,2020,0
0,0.0874488042438294,2020,0
0,0.0605884241871667,2020,0
0,0.0705336802952956,2020,0
0,0.0692205666944929,2020,0
0,0.074181049783135,2020,0
0,0.0704864916524981,2020,0
0,0.0686468515507496,2020,0
0,0.0678128195797555,2020,0
0,0.0695727829352595,2020,0
0,0.0709906548285575,2020,0
0,0.0690390576043752,2020,0
0,0.0672220351730735,2020,0
0,0.0651841763989172,2020,0
0,0.0260670460387878,2020,0
0,0.0309900801434151,2020,0
0,0.0442669650538425,2020,0
0,0.0228546439448344,2020,0
0,0.0228546439448344,2020,0
0,0.0228546439448344,2020,0
0,0.0228546439448344,2020,0
0,0.0228546439448344,2020,0
0,0.0203004142421311,2020,0
0,0.0220163548044175,2020,0
0,0.0203004142421311,2020,0
0,0.0221411503642248,2020,0
0,0.0203004142421311,2020,0
0,0.0220280450787627,2020,0
0,0.0221411503642248,2020,0
0,0.0786974838888287,2020,0
0,0.0351228808915585,2020,0
0,0.0351228808915585,2020,0
0,0.0340519404187047,2020,0
0,0.0340519404187047,2020,0
0,0.0340519404187047,2020,0
0,0.0340519404187047,2020,0
0,0.0340519404187047,2020,0
0,0.0340519404187047,2020,0
0,0.0340519404187047,2020,0
0,0.0340519404187047,2020,0
0,0.0340519404187047,2020,0
0,0.0340519404187047,2020,0
0,0.0340519404187047,2020,0
0,0.0340519404187047,2020,0
0,0.0683585997434638,2020,0
0,0.0797342949862757,2020,0
0,0.0391396967944072,2020,0
0,0.0575239432061965,2020,0
0,0.0530459003261195,2020,0
0,0.061483004570695,2020,0
0,0.0573248807820086,2020,0
0,0.0546333617839675,2020,0
0,0.0548706819216112,2020,0
0,0.0555211652153827,2020,0
0,0.0515162002726299,2020,0
0,0.0577004931277929,2020,0
0,0.0578453841742567,2020,0
0,0.0564229747068331,2020,0
0,0.025520336849896,2020,0
0,0.0272547421834205,2020,0
0,0.0196312222426841,2020,0
0,0.0192172880654337,2020,0
0,0.0196312222426841,2020,0
0,0.0192748964580526,2020,0
0,0.0775339757244428,2020,0
0,0.0783843048198468,2020,0
0,0.0355964309804244,2020,0
0,0.0355964309804244,2020,0
0,0.035175329260121,2020,0
0,0.035175329260121,2020,0
0,0.035175329260121,2020,0
0,0.035175329260121,2020,0
0,0.035175329260121,2020,0
0,0.035175329260121,2020,0
0,0.035175329260121,2020,0
0,0.035175329260121,2020,0
0,0.035175329260121,2020,0
0,0.035175329260121,2020,0
0,0.035175329260121,2020,0
0,0.035175329260121,2020,0
0,0.035175329260121,2020,0
0,0.035175329260121,2020,0
0,0.0387550560996681,2020,0
0,0.0387550560996681,2020,0
0,0.0635806046718725,2020,0
0,0.073231039046046,2020,0
0,0.0595366308271257,2020,0
0,0.0658497160268904,2020,0
0,0.0598240320624701,2020,0
0,0.0187889376309863,2020,0
0,0.0187328340198774,2020,0
0,0.0190940255441351,2020,0
0,0.0190940255441351,2020,0
0,0.0184299106311931,2020,0
0,0.0691783007075429,2020,0
0,0.0682984985864403,2020,0
0,0.0307187656288105,2020,0
0,0.0307187656288105,2020,0
0,0.0296352795067313,2020,0
0,0.0296352795067313,2020,0
0,0.0296352795067313,2020,0
0,0.0296352795067313,2020,0
0,0.0296352795067313,2020,0
0,0.0296352795067313,2020,0
0,0.0296352795067313,2020,0
0,0.0296352795067313,2020,0
0,0.0296352795067313,2020,0
0,0.0296352795067313,2020,0
0,0.0296352795067313,2020,0
0,0.0296352795067313,2020,0
0,0.0296352795067313,2020,0
0,0.0296352795067313,2020,0
0,0.0506776319105443,2020,0
0,0.0506776319105443,2020,0
0,0.0557288498711027,2020,0
0,0.013608849247561,2020,0
0,0.0265910056133575,2020,0
0,0.0271568614837529,2020,0
0,0.0247037087392212,2020,0
0,0.0265910056133575,2020,0
0,0.0266773795466904,2020,0
0,0.0269757856370111,2020,0
0,0.091599406614028,2020,0
0,0.0921785356168122,2020,0
0,0.0272979472036056,2020,0
0,0.0272979472036056,2020,0
0,0.0272979472036056,2020,0
0,0.0277411864670905,2020,0
0,0.0277411864670905,2020,0
0,0.0277411864670905,2020,0
0,0.0277411864670905,2020,0
0,0.0277411864670905,2020,0
0,0.0277411864670905,2020,0
0,0.0277411864670905,2020,0
0,0.0277411864670905,2020,0
0,0.0277411864670905,2020,0
0,0.0277411864670905,2020,0
0,0.0277411864670905,2020,0
0,0.0277411864670905,2020,0
0,0.0277411864670905,2020,0
0,0.0277411864670905,2020,0
0,0.0277411864670905,2020,0
0,0.0418695525699304,2020,0
0,0.0418695525699304,2020,0
0,0.0504232533459104,2020,0
0,0.0124802093579156,2020,0
0,0.0255222660574455,2020,0
0,0.0184574180818047,2020,0
0,0.0201516467649799,2020,0
0,0.0199798797355854,2020,0
0,0.0184574180818047,2020,0
0,0.0184574180818047,2020,0
0,0.0202301933032906,2020,0
0,0.0196532557296536,2020,0
0,0.0202301933032906,2020,0
0,0.0684998340182078,2020,0
0,0.0680565196168487,2020,0
0,0.0680565196168487,2020,0
0,0.0680565196168487,2020,0
0,0.068915281972847,2020,0
0,0.0281531786999907,2020,0
0,0.0281531786999907,2020,0
0,0.0281531786999907,2020,0
0,0.0290014832759025,2020,0
0,0.0290014832759025,2020,0
0,0.0290014832759025,2020,0
0,0.0290014832759025,2020,0
0,0.0290014832759025,2020,0
0,0.0290014832759025,2020,0
0,0.0290014832759025,2020,0
0,0.0290014832759025,2020,0
0,0.0290014832759025,2020,0
0,0.0290014832759025,2020,0
0,0.0290014832759025,2020,0
0,0.0290014832759025,2020,0
0,0.0290014832759025,2020,0
0,0.0290014832759025,2020,0
0,0.0290014832759025,2020,0
0,0.0333436077459857,2020,0
0,0.0333436077459857,2020,0
0,0.0260697368086095,2020,0
0,0.0150565165928683,2020,0
0,0.0144319269907411,2020,0
0,0.0148792717195727,2020,0
0,0.0139050821041827,2020,0
0,0.0150565165928683,2020,0
0,0.0135413088224301,2020,0
0,0.0135413088224301,2020,0
0,0.0135413088224301,2020,0
0,0.0556922461550746,2020,0
0,0.0547561553725557,2020,0
0,0.0547561553725557,2020,0
0,0.0547561553725557,2020,0
0,0.0547561553725557,2020,0
0,0.0547561553725557,2020,0
0,0.0610676942470064,2020,0
0,0.0547561553725557,2020,0
0,0.0524391427357106,2020,0
0,0.0547561553725557,2020,0
0,0.0547561553725557,2020,0
0,0.0547561553725557,2020,0
0,0.0547561553725557,2020,0
0,0.0563371451281956,2020,0
0,0.0563371451281956,2020,0
0,0.0547561553725557,2020,0
0,0.0547561553725557,2020,0
0,0.0547561553725557,2020,0
0,0.0547561553725557,2020,0
0,0.0547561553725557,2020,0
0,0.0547561553725557,2020,0
0,0.0188939666974729,2020,0
0,0.0215297087614656,2020,0
0,0.029291023050982,2020,0
0,0.029291023050982,2020,0
0,0.029291023050982,2020,0
0,0.0283156988346088,2020,0
0,0.0283156988346088,2020,0
0,0.0283156988346088,2020,0
0,0.0283156988346088,2020,0
0,0.0283156988346088,2020,0
0,0.0283156988346088,2020,0
0,0.0283156988346088,2020,0
0,0.0283156988346088,2020,0
0,0.0283156988346088,2020,0
0,0.0283156988346088,2020,0
0,0.0283156988346088,2020,0
0,0.0283156988346088,2020,0
0,0.0283156988346088,2020,0
0,0.0283156988346088,2020,0
0,0.0283156988346088,2020,0
0,0.0317370487992682,2020,0
0,0.0317370487992682,2020,0
0,0.0248260478370661,2020,0
0,0.0303596028951573,2020,0
0,0.0304936462730238,2020,0
0,0.0303596028951573,2020,0
0,0.0278031645194558,2020,0
0,0.0207576518927559,2020,0
0,0.0207576518927559,2020,0
0,0.0117578304509469,2020,0
0,0.0118250920063404,2020,0
0,0.0129613349651269,2020,0
0,0.0117578304509469,2020,0
0,0.0124543744767292,2020,0
0,0.048311286364555,2020,0
0,0.0474019263836248,2020,0
0,0.0474019263836248,2020,0
0,0.0474019263836248,2020,0
0,0.0474019263836248,2020,0
0,0.0474019263836248,2020,0
0,0.0474019263836248,2020,0
0,0.0474019263836248,2020,0
0,0.0495783710751005,2020,0
0,0.0474019263836248,2020,0
0,0.0474019263836248,2020,0
0,0.0474019263836248,2020,0
0,0.0474019263836248,2020,0
0,0.0474019263836248,2020,0
0,0.0449187377071327,2020,0
0,0.0521992233906105,2020,0
0,0.0474019263836248,2020,0
0,0.0474019263836248,2020,0
0,0.0495783710751005,2020,0
0,0.0474019263836248,2020,0
0,0.0474019263836248,2020,0
0,0.0474019263836248,2020,0
0,0.0474019263836248,2020,0
0,0.0521992233906105,2020,0
0,0.0474019263836248,2020,0
0,0.0176127396527336,2020,0
0,0.0206192951205306,2020,0
0,0.0206192951205306,2020,0
0,0.0206192951205306,2020,0
0,0.0254000733775602,2020,0
0,0.0254000733775602,2020,0
0,0.0254000733775602,2020,0
0,0.0243695700953289,2020,0
0,0.0243695700953289,2020,0
0,0.0243695700953289,2020,0
0,0.0243695700953289,2020,0
0,0.0243695700953289,2020,0
0,0.0243695700953289,2020,0
0,0.0243695700953289,2020,0
0,0.0243695700953289,2020,0
0,0.0243695700953289,2020,0
0,0.0243695700953289,2020,0
0,0.0243695700953289,2020,0
0,0.0243695700953289,2020,0
0,0.0243695700953289,2020,0
0,0.0243695700953289,2020,0
0,0.0243695700953289,2020,0
0,0.0238198851993902,2020,0
0,0.0238198851993902,2020,0
0,0.00931044980193723,2020,0
0,0.0194473049437392,2020,0
0,0.0405240616126629,2020,0
0,0.023979478824639,2020,0
0,0.0237315287954035,2020,0
0,0.023979478824639,2020,0
0,0.0210136870338587,2020,0
0,0.0200932387512303,2020,0
0,0.0200932387512303,2020,0
0,0.00857869331064516,2020,0
0,0.00904957945019238,2020,0
0,0.00857869331064516,2020,0
0,0.00830512592326147,2020,0
0,0.00960882536182607,2020,0
0,0.0302434319613917,2020,0
0,0.0310898954760065,2020,0
0,0.0321994626828259,2020,0
0,0.0302434319613917,2020,0
0,0.0302434319613917,2020,0
0,0.0321994626828259,2020,0
0,0.0302434319613917,2020,0
0,0.0302434319613917,2020,0
0,0.0302434319613917,2020,0
0,0.0302434319613917,2020,0
0,0.0302434319613917,2020,0
0,0.0302434319613917,2020,0
0,0.0330588353023438,2020,0
0,0.0302434319613917,2020,0
0,0.0302434319613917,2020,0
0,0.0302434319613917,2020,0
0,0.0302434319613917,2020,0
0,0.0302434319613917,2020,0
0,0.0302434319613917,2020,0
0,0.0302434319613917,2020,0
0,0.0302434319613917,2020,0
0,0.0302434319613917,2020,0
0,0.0275663808276525,2020,0
0,0.0302434319613917,2020,0
0,0.0302434319613917,2020,0
0,0.0142854646030426,2020,0
0,0.0167885760176694,2020,0
0,0.0142854646030426,2020,0
0,0.0167885760176694,2020,0
0,0.0167885760176694,2020,0
0,0.0167885760176694,2020,0
0,0.0199388332830603,2020,0
0,0.0199388332830603,2020,0
0,0.0199388332830603,2020,0
0,0.0200713096944807,2020,0
0,0.0200713096944807,2020,0
0,0.0200713096944807,2020,0
0,0.0200713096944807,2020,0
0,0.0200713096944807,2020,0
0,0.0200713096944807,2020,0
0,0.0200713096944807,2020,0
0,0.0200713096944807,2020,0
0,0.0200713096944807,2020,0
0,0.0200713096944807,2020,0
0,0.0200713096944807,2020,0
0,0.0200713096944807,2020,0
0,0.0200713096944807,2020,0
0,0.0200713096944807,2020,0
0,0.0201689825303982,2020,0
0,0.0201689825303982,2020,0
0,0.00811384236091359,2020,0
0,0.0138977723254866,2020,0
0,0.0366061878782152,2020,0
0,0.0339645309590438,2020,0
0,0.0224105362835971,2020,0
0,0.0224105362835971,2020,0
0,0.0221126355290667,2020,0
0,0.0190952625340769,2020,0
0,0.0185803147385668,2020,0
0,0.0185803147385668,2020,0
0,0.0185803147385668,2020,0
0,0.00867522872138077,2020,0
0,0.00921420202065753,2020,0
0,0.00776677615428897,2020,0
0,0.008037909653177,2020,0
0,0.008037909653177,2020,0
0,0.00921420202065753,2020,0
0,0.0294336223657297,2020,0
0,0.0294336223657297,2020,0
0,0.0294336223657297,2020,0
0,0.0269559725762852,2020,0
0,0.0294336223657297,2020,0
0,0.0294336223657297,2020,0
0,0.0294336223657297,2020,0
0,0.0294336223657297,2020,0
0,0.0294336223657297,2020,0
0,0.0294336223657297,2020,0
0,0.0294336223657297,2020,0
0,0.0294336223657297,2020,0
0,0.0313262148538188,2020,0
0,0.0294336223657297,2020,0
0,0.0294336223657297,2020,0
0,0.0294336223657297,2020,0
0,0.0294336223657297,2020,0
0,0.0294336223657297,2020,0
0,0.0294336223657297,2020,0
0,0.0294336223657297,2020,0
0,0.0294336223657297,2020,0
0,0.0329234420199911,2020,0
0,0.0313262148538188,2020,0
0,0.0294336223657297,2020,0
0,0.0294336223657297,2020,0
0,0.0169091385883251,2020,0
0,0.0136656289767444,2020,0
0,0.0169091385883251,2020,0
0,0.0136656289767444,2020,0
0,0.0169091385883251,2020,0
0,0.0169091385883251,2020,0
0,0.0195740583859546,2020,0
0,0.0195740583859546,2020,0
0,0.0195740583859546,2020,0
0,0.0201464985616514,2020,0
0,0.0201464985616514,2020,0
0,0.0201464985616514,2020,0
0,0.0201464985616514,2020,0
0,0.0201464985616514,2020,0
0,0.0201464985616514,2020,0
0,0.0201464985616514,2020,0
0,0.0201464985616514,2020,0
0,0.0201464985616514,2020,0
0,0.0201464985616514,2020,0
0,0.0201464985616514,2020,0
0,0.0201464985616514,2020,0
0,0.0201464985616514,2020,0
0,0.0201464985616514,2020,0
0,0.0201464985616514,2020,0
0,0.0197794982820917,2020,0
0,0.0197794982820917,2020,0
0,0.00722225364357689,2020,0
0,0.0401094997911546,2020,0
0,0.0378520280414227,2020,0
0,0.0260018787371429,2020,0
0,0.0216185560821897,2020,0
0,0.0260018787371429,2020,0
0,0.0260464354427044,2020,0
0,0.0190250983038816,2020,0
0,0.0190250983038816,2020,0
0,0.0190250983038816,2020,0
0,0.0103478931071291,2020,0
0,0.00846739410830558,2020,0
0,0.0103478931071291,2020,0
0,0.00988996556988237,2020,0
0,0.00856925526282827,2020,0
0,0.0313908532636261,2020,0
0,0.0313908532636261,2020,0
0,0.0313908532636261,2020,0
0,0.0313908532636261,2020,0
0,0.0294005687728433,2020,0
0,0.0313908532636261,2020,0
0,0.0313908532636261,2020,0
0,0.0366291264071506,2020,0
0,0.0313908532636261,2020,0
0,0.0313908532636261,2020,0
0,0.0313908532636261,2020,0
0,0.0313908532636261,2020,0
0,0.0313908532636261,2020,0
0,0.0313908532636261,2020,0
0,0.0307773527390544,2020,0
0,0.0313908532636261,2020,0
0,0.0313908532636261,2020,0
0,0.0313908532636261,2020,0
0,0.0313908532636261,2020,0
0,0.0313908532636261,2020,0
0,0.0337203827807445,2020,0
0,0.0313908532636261,2020,0
0,0.0313908532636261,2020,0
0,0.0337203827807445,2020,0
0,0.0366291264071506,2020,0
0,0.0313908532636261,2020,0
0,0.0313908532636261,2020,0
0,0.0313908532636261,2020,0
0,0.0313908532636261,2020,0
0,0.0217647901962492,2020,0
0,0.0217647901962492,2020,0
0,0.0141923987069813,2020,0
0,0.0217647901962492,2020,0
0,0.0141923987069813,2020,0
0,0.0217647901962492,2020,0
0,0.0161022489240578,2020,0
0,0.020115259410098,2020,0
0,0.020115259410098,2020,0
0,0.020115259410098,2020,0
0,0.0195162877733093,2020,0
0,0.0195162877733093,2020,0
0,0.0195162877733093,2020,0
0,0.0195162877733093,2020,0
0,0.0195162877733093,2020,0
0,0.0195162877733093,2020,0
0,0.0195162877733093,2020,0
0,0.0195162877733093,2020,0
0,0.0195162877733093,2020,0
0,0.0195162877733093,2020,0
0,0.0195162877733093,2020,0
0,0.0195162877733093,2020,0
0,0.0195162877733093,2020,0
0,0.0195162877733093,2020,0
0,0.0195162877733093,2020,0
0,0.0195162877733093,2020,0
0,0.0195162877733093,2020,0
0,0.0172969533973712,2020,0
0,0.0172969533973712,2020,0
0,0.00733761921685979,2020,0
0,0.0161302919972384,2020,0
0,0.0373837427258673,2020,0
0,0.0353810771318659,2020,0
0,0.0251403316571268,2020,0
0,0.0250664824338137,2020,0
0,0.0250664824338137,2020,0
0,0.0201108882108724,2020,0
0,0.0183786918967941,2020,0
0,0.0183786918967941,2020,0
0,0.0183786918967941,2020,0
0,0.010363868272675,2020,0
0,0.010363868272675,2020,0
0,0.00829899827826346,2020,0
0,0.0283828803965641,2020,0
0,0.0283828803965641,2020,0
0,0.0283828803965641,2020,0
0,0.0283828803965641,2020,0
0,0.0283828803965641,2020,0
0,0.0283828803965641,2020,0
0,0.0283828803965641,2020,0
0,0.0283828803965641,2020,0
0,0.0283828803965641,2020,0
0,0.0265771138835325,2020,0
0,0.0343165059775945,2020,0
0,0.0278150938739702,2020,0
0,0.030353025490433,2020,0
0,0.0283828803965641,2020,0
0,0.0283828803965641,2020,0
0,0.0283828803965641,2020,0
0,0.0283828803965641,2020,0
0,0.0353927968808991,2020,0
0,0.0283828803965641,2020,0
0,0.0343165059775945,2020,0
0,0.0283828803965641,2020,0
0,0.0288741899059107,2020,0
0,0.0283828803965641,2020,0
0,0.0343165059775945,2020,0
0,0.0283828803965641,2020,0
0,0.0283828803965641,2020,0
0,0.0283828803965641,2020,0
0,0.0283828803965641,2020,0
0,0.0283828803965641,2020,0
0,0.0283828803965641,2020,0
0,0.0283828803965641,2020,0
0,0.0283828803965641,2020,0
0,0.0283828803965641,2020,0
0,0.0283828803965641,2020,0
0,0.0283828803965641,2020,0
0,0.0106992577028233,2020,0
0,0.0168614430967252,2020,0
0,0.0168614430967252,2020,0
0,0.0168614430967252,2020,0
0,0.0106992577028233,2020,0
0,0.0168614430967252,2020,0
0,0.015888834072083,2020,0
0,0.015888834072083,2020,0
0,0.015888834072083,2020,0
0,0.0155456625732497,2020,0
0,0.0155456625732497,2020,0
0,0.0155456625732497,2020,0
0,0.0155456625732497,2020,0
0,0.0155456625732497,2020,0
0,0.0155456625732497,2020,0
0,0.0155456625732497,2020,0
0,0.0155456625732497,2020,0
0,0.0155456625732497,2020,0
0,0.0155456625732497,2020,0
0,0.0155456625732497,2020,0
0,0.0155456625732497,2020,0
0,0.0155456625732497,2020,0
0,0.0155456625732497,2020,0
0,0.0155456625732497,2020,0
0,0.0155456625732497,2020,0
0,0.014198629200127,2020,0
0,0.014198629200127,2020,0
0,0.0171969958053539,2020,0
0,0.00651356344827272,2020,0
0,0.0141122146504986,2020,0
0,0.0304434131485482,2020,0
0,0.0286976922445005,2020,0
0,0.0199275181673047,2020,0
0,0.0157794148128738,2020,0
0,0.0196069632606419,2020,0
0,0.0199275181673047,2020,0
0,0.0168980226531647,2020,0
0,0.0168980226531647,2020,0
0,0.0168980226531647,2020,0
0,0.00917306818552874,2020,0
0,0.00750706455732324,2020,0
0,0.0295724564945743,2020,0
0,0.0278210215842051,2020,0
0,0.0278210215842051,2020,0
0,0.0332013273448266,2020,0
0,0.0278210215842051,2020,0
0,0.0278210215842051,2020,0
0,0.0278210215842051,2020,0
0,0.0342302367402137,2020,0
0,0.0278210215842051,2020,0
0,0.0278210215842051,2020,0
0,0.0278210215842051,2020,0
0,0.0278210215842051,2020,0
0,0.0278210215842051,2020,0
0,0.0278210215842051,2020,0
0,0.0278210215842051,2020,0
0,0.0278210215842051,2020,0
0,0.025906062853588,2020,0
0,0.0332013273448266,2020,0
0,0.0278210215842051,2020,0
0,0.0278210215842051,2020,0
0,0.0273117399405677,2020,0
0,0.0278210215842051,2020,0
0,0.0278210215842051,2020,0
0,0.0283510704569889,2020,0
0,0.0332013273448266,2020,0
0,0.0278210215842051,2020,0
0,0.0278210215842051,2020,0
0,0.0278210215842051,2020,0
0,0.0278210215842051,2020,0
0,0.0278210215842051,2020,0
0,0.0278210215842051,2020,0
0,0.0278210215842051,2020,0
0,0.0278210215842051,2020,0
0,0.0278210215842051,2020,0
0,0.0278210215842051,2020,0
0,0.0143609285146103,2020,0
0,0.0143609285146103,2020,0
0,0.0143609285146103,2020,0
0,0.00991092506378995,2020,0
0,0.00991092506378995,2020,0
0,0.0143609285146103,2020,0
0,0.0153860412939176,2020,0
0,0.0153860412939176,2020,0
0,0.0153860412939176,2020,0
0,0.0155876915837067,2020,0
0,0.0155876915837067,2020,0
0,0.0155876915837067,2020,0
0,0.0155876915837067,2020,0
0,0.0155876915837067,2020,0
0,0.0155876915837067,2020,0
0,0.0155876915837067,2020,0
0,0.0155876915837067,2020,0
0,0.0155876915837067,2020,0
0,0.0155876915837067,2020,0
0,0.0155876915837067,2020,0
0,0.0155876915837067,2020,0
0,0.0155876915837067,2020,0
0,0.0155876915837067,2020,0
0,0.0155876915837067,2020,0
0,0.0155876915837067,2020,0
0,0.0158735651794132,2020,0
0,0.0158735651794132,2020,0
0,0.0165080694799611,2020,0
0,0.00819286367972806,2020,0
0,0.0155679155489306,2020,0
0,0.0338584766200679,2020,0
0,0.0319500860354932,2020,0
0,0.022686787952113,2020,0
0,0.0182798085416975,2020,0
0,0.0224774874564516,2020,0
0,0.022686787952113,2020,0
0,0.0224189259154772,2020,0
0,0.0224189259154772,2020,0
0,0.0224189259154772,2020,0
0,0.00851431753430091,2020,0
0,0.00851431753430091,2020,0
0,0.00999158231212787,2020,0
0,0.0103244274279702,2020,0
0,0.00832871593985161,2020,0
0,0.00851431753430091,2020,0
0,0.00988531484971066,2020,0
0,0.0334577264451223,2020,0
0,0.0404296994145085,2020,0
0,0.0334577264451223,2020,0
0,0.0334577264451223,2020,0
0,0.0334577264451223,2020,0
0,0.0334577264451223,2020,0
0,0.0334577264451223,2020,0
0,0.0393326652032758,2020,0
0,0.0393326652032758,2020,0
0,0.0334577264451223,2020,0
0,0.0334577264451223,2020,0
0,0.0334577264451223,2020,0
0,0.0334577264451223,2020,0
0,0.0334577264451223,2020,0
0,0.0357803579354789,2020,0
0,0.0334577264451223,2020,0
0,0.0334577264451223,2020,0
0,0.0334577264451223,2020,0
0,0.0334577264451223,2020,0
0,0.0334577264451223,2020,0
0,0.0334577264451223,2020,0
0,0.0334577264451223,2020,0
0,0.0393326652032758,2020,0
0,0.0334577264451223,2020,0
0,0.0334577264451223,2020,0
0,0.0318036684445345,2020,0
0,0.0334577264451223,2020,0
0,0.0334577264451223,2020,0
0,0.0334577264451223,2020,0
0,0.0339134731558915,2020,0
0,0.0334577264451223,2020,0
0,0.0334577264451223,2020,0
0,0.0334577264451223,2020,0
0,0.0122822607669215,2020,0
0,0.0122822607669215,2020,0
0,0.0192106483626184,2020,0
0,0.0192106483626184,2020,0
0,0.0192106483626184,2020,0
0,0.0192106483626184,2020,0
0,0.0390017256378789,2020,0
0,0.0180304077178391,2020,0
0,0.0180304077178391,2020,0
0,0.0180304077178391,2020,0
0,0.018618898976069,2020,0
0,0.018618898976069,2020,0
0,0.018618898976069,2020,0
0,0.018618898976069,2020,0
0,0.018618898976069,2020,0
0,0.018618898976069,2020,0
0,0.018618898976069,2020,0
0,0.018618898976069,2020,0
0,0.018618898976069,2020,0
0,0.018618898976069,2020,0
0,0.018618898976069,2020,0
0,0.018618898976069,2020,0
0,0.018618898976069,2020,0
0,0.018618898976069,2020,0
0,0.018618898976069,2020,0
0,0.018618898976069,2020,0
0,0.018618898976069,2020,0
0,0.018618898976069,2020,0
0,0.0219984011436264,2020,0
0,0.0185561719113199,2020,0
0,0.0185561719113199,2020,0
0,0.0115145736106946,2020,0
0,0.0191626043112042,2020,0
0,0.0392895052588803,2020,0
0,0.0375549829474691,2020,0
0,0.0284523820155886,2020,0
0,0.0286537994013648,2020,0
0,0.0284523820155886,2020,0
0,0.0233199479738175,2020,0
0,0.0306044054664502,2020,0
0,0.0306044054664502,2020,0
0,0.0306044054664502,2020,0
0,0.0103461528180732,2020,0
0,0.0121321996744227,2020,0
0,0.0103511212686243,2020,0
0,0.0124951694593592,2020,0
0,0.0121321996744227,2020,0
0,0.0103511212686243,2020,0
0,0.0121722469271062,2020,0
0,0.0103511212686243,2020,0
0,0.0361084146228925,2020,0
0,0.0361084146228925,2020,0
0,0.0430965434597264,2020,0
0,0.0420287289716854,2020,0
0,0.0361084146228925,2020,0
0,0.0361084146228925,2020,0
0,0.0361084146228925,2020,0
0,0.0361084146228925,2020,0
0,0.0361084146228925,2020,0
0,0.0361084146228925,2020,0
0,0.0361084146228925,2020,0
0,0.0361084146228925,2020,0
0,0.0361084146228925,2020,0
0,0.0361084146228925,2020,0
0,0.0361084146228925,2020,0
0,0.0361084146228925,2020,0
0,0.0361084146228925,2020,0
0,0.0385366021362043,2020,0
0,0.0361084146228925,2020,0
0,0.0361084146228925,2020,0
0,0.0346336164556995,2020,0
0,0.0361084146228925,2020,0
0,0.0361084146228925,2020,0
0,0.0361084146228925,2020,0
0,0.0361084146228925,2020,0
0,0.0361084146228925,2020,0
0,0.0361084146228925,2020,0
0,0.0361084146228925,2020,0
0,0.0420287289716854,2020,0
0,0.0361084146228925,2020,0
0,0.0365104516006564,2020,0
0,0.0361084146228925,2020,0
0,0.0231974468345067,2020,0
0,0.029689723537382,2020,0
0,0.0274007819635126,2020,0
0,0.0265663325773915,2020,0
0,0.0253987992813141,2020,0
0,0.020818693276745,2020,0
0,0.0124875074369504,2020,0
0,0.020818693276745,2020,0
0,0.0124875074369504,2020,0
0,0.020818693276745,2020,0
0,0.020818693276745,2020,0
0,0.0434094795107779,2020,0
0,0.0185575119882506,2020,0
0,0.0185575119882506,2020,0
0,0.0185575119882506,2020,0
0,0.0289616830843635,2020,0
0,0.0185725821642907,2020,0
0,0.0185725821642907,2020,0
0,0.0185725821642907,2020,0
0,0.0185725821642907,2020,0
0,0.0185725821642907,2020,0
0,0.0185725821642907,2020,0
0,0.0185725821642907,2020,0
0,0.0185725821642907,2020,0
0,0.0185725821642907,2020,0
0,0.0185725821642907,2020,0
0,0.0185725821642907,2020,0
0,0.0185725821642907,2020,0
0,0.0185725821642907,2020,0
0,0.0185725821642907,2020,0
0,0.0185725821642907,2020,0
0,0.0185725821642907,2020,0
0,0.0185725821642907,2020,0
0,0.0185725821642907,2020,0
0,0.0217555224359683,2020,0
0,0.0172281096087859,2020,0
0,0.0172281096087859,2020,0
0,0.0115360629547604,2020,0
0,0.0200491343995863,2020,0
0,0.0389445093815283,2020,0
0,0.0372851278255259,2020,0
0,0.0262824271606059,2020,0
0,0.0218445298919327,2020,0
0,0.026212781453749,2020,0
0,0.0262824271606059,2020,0
0,0.0294032817219407,2020,0
0,0.0294032817219407,2020,0
0,0.0294032817219407,2020,0
0,0.0117130325171408,2020,0
0,0.0118246862099721,2020,0
0,0.0103138831550735,2020,0
0,0.0103138831550735,2020,0
0,0.0117130325171408,2020,0
0,0.0121294982717914,2020,0
0,0.0102354311936656,2020,0
0,0.0103138831550735,2020,0
0,0.0342039800054583,2020,0
0,0.0342039800054583,2020,0
0,0.0390476413802494,2020,0
0,0.0342039800054583,2020,0
0,0.0342039800054583,2020,0
0,0.0342039800054583,2020,0
0,0.0390476413802494,2020,0
0,0.0336439330208613,2020,0
0,0.0342039800054583,2020,0
0,0.0342039800054583,2020,0
0,0.0342039800054583,2020,0
0,0.0342039800054583,2020,0
0,0.0342039800054583,2020,0
0,0.0342039800054583,2020,0
0,0.0342039800054583,2020,0
0,0.0400901745060789,2020,0
0,0.0323679452600695,2020,0
0,0.0342039800054583,2020,0
0,0.0342039800054583,2020,0
0,0.0342039800054583,2020,0
0,0.0342039800054583,2020,0
0,0.0342039800054583,2020,0
0,0.0342039800054583,2020,0
0,0.0342039800054583,2020,0
0,0.0342039800054583,2020,0
0,0.0342039800054583,2020,0
0,0.0342039800054583,2020,0
0,0.0342039800054583,2020,0
0,0.0342039800054583,2020,0
0,0.0342039800054583,2020,0
0,0.0342039800054583,2020,0
0,0.0342039800054583,2020,0
0,0.0342039800054583,2020,0
0,0.0347306184086223,2020,0
0,0.0291845629081315,2020,0
0,0.0269231506005289,2020,0
0,0.0261023086217768,2020,0
0,0.0249262156918899,2020,0
0,0.0202409071243038,2020,0
0,0.0202409071243038,2020,0
0,0.0202409071243038,2020,0
0,0.0202409071243038,2020,0
0,0.0125191383880567,2020,0
0,0.0125191383880567,2020,0
0,0.0435284275322331,2020,0
0,0.00968730096228146,2020,0
0,0.0191144143378497,2020,0
0,0.0191144143378497,2020,0
0,0.0191144143378497,2020,0
0,0.0306671501929277,2020,0
0,0.018493610457835,2020,0
0,0.018493610457835,2020,0
0,0.018493610457835,2020,0
0,0.018493610457835,2020,0
0,0.018493610457835,2020,0
0,0.018493610457835,2020,0
0,0.018493610457835,2020,0
0,0.018493610457835,2020,0
0,0.018493610457835,2020,0
0,0.018493610457835,2020,0
0,0.018493610457835,2020,0
0,0.018493610457835,2020,0
0,0.018493610457835,2020,0
0,0.018493610457835,2020,0
0,0.018493610457835,2020,0
0,0.018493610457835,2020,0
0,0.018493610457835,2020,0
0,0.018493610457835,2020,0
0,0.0240707044408797,2020,0
0,0.0164475064744639,2020,0
0,0.0164475064744639,2020,0
0,0.0119062775789833,2020,0
0,0.020119344099685,2020,0
0,0.0388044184867495,2020,0
0,0.0374731245526327,2020,0
0,0.0260981685722797,2020,0
0,0.0213705423188121,2020,0
0,0.0261148050074983,2020,0
0,0.0261148050074983,2020,0
0,0.0263326035293168,2020,0
0,0.0263326035293168,2020,0
0,0.0263326035293168,2020,0
0,0.0118715207493958,2020,0
0,0.0122499375240703,2020,0
0,0.0118715207493958,2020,0
0,0.0101223173002858,2020,0
0,0.0101223173002858,2020,0
0,0.0122499375240703,2020,0
0,0.0101223173002858,2020,0
0,0.0101482118816065,2020,0
0,0.0119320711473036,2020,0
0,0.0365853427296773,2020,0
0,0.0425316700934424,2020,0
0,0.0365853427296773,2020,0
0,0.0358488299482219,2020,0
0,0.0365853427296773,2020,0
0,0.0365853427296773,2020,0
0,0.0365853427296773,2020,0
0,0.0365853427296773,2020,0
0,0.0365853427296773,2020,0
0,0.0365853427296773,2020,0
0,0.0365853427296773,2020,0
0,0.0365853427296773,2020,0
0,0.0365853427296773,2020,0
0,0.0365853427296773,2020,0
0,0.0425316700934424,2020,0
0,0.0365853427296773,2020,0
0,0.0365853427296773,2020,0
0,0.0365853427296773,2020,0
0,0.0365853427296773,2020,0
0,0.0394239977028517,2020,0
0,0.0365853427296773,2020,0
0,0.0365853427296773,2020,0
0,0.0365853427296773,2020,0
0,0.0365853427296773,2020,0
0,0.0365853427296773,2020,0
0,0.0365853427296773,2020,0
0,0.0370381221755926,2020,0
0,0.0365853427296773,2020,0
0,0.0365853427296773,2020,0
0,0.0365853427296773,2020,0
0,0.0425316700934424,2020,0
0,0.0365853427296773,2020,0
0,0.0365853427296773,2020,0
0,0.0365853427296773,2020,0
0,0.0350017600312753,2020,0
0,0.043731488411547,2020,0
0,0.0365853427296773,2020,0
0,0.0365853427296773,2020,0
0,0.0438517969140271,2020,0
0,0.0103437542433716,2020,0
0,0.0188338661677494,2020,0
0,0.0188338661677494,2020,0
0,0.0188338661677494,2020,0
0,0.018831078780789,2020,0
0,0.018831078780789,2020,0
0,0.018831078780789,2020,0
0,0.018831078780789,2020,0
0,0.018831078780789,2020,0
0,0.018831078780789,2020,0
0,0.018831078780789,2020,0
0,0.018831078780789,2020,0
0,0.018831078780789,2020,0
0,0.018831078780789,2020,0
0,0.018831078780789,2020,0
0,0.018831078780789,2020,0
0,0.018831078780789,2020,0
0,0.018831078780789,2020,0
0,0.018831078780789,2020,0
0,0.018831078780789,2020,0
0,0.018831078780789,2020,0
0,0.018831078780789,2020,0
0,0.0255218881632175,2020,0
0,0.0177451011309817,2020,0
0,0.0177451011309817,2020,0
0,0.0221815714291875,2020,0
0,0.0130085985883786,2020,0
0,0.0209051916843168,2020,0
0,0.0415685905478456,2020,0
0,0.0408851934627102,2020,0
0,0.0292136594907382,2020,0
0,0.0289878319144723,2020,0
0,0.0289878319144723,2020,0
0,0.0237618097517614,2020,0
0,0.0306854907049528,2020,0
0,0.0306854907049528,2020,0
0,0.0306854907049528,2020,0
0,0.0108782382618333,2020,0
0,0.0130230452100366,2020,0
0,0.0133309406483151,2020,0
0,0.0133309406483151,2020,0
0,0.0108782382618333,2020,0
0,0.0110306300713809,2020,0
0,0.0108782382618333,2020,0
0,0.0130230452100366,2020,0
0,0.0130100655339996,2020,0
0,0.0396941491911026,2020,0
0,0.0396941491911026,2020,0
0,0.0396941491911026,2020,0
0,0.0396941491911026,2020,0
0,0.0396941491911026,2020,0
0,0.0396941491911026,2020,0
0,0.0396941491911026,2020,0
0,0.0396941491911026,2020,0
0,0.0396941491911026,2020,0
0,0.0396941491911026,2020,0
0,0.0396941491911026,2020,0
0,0.0396941491911026,2020,0
0,0.046391278976376,2020,0
0,0.0396941491911026,2020,0
0,0.0396941491911026,2020,0
0,0.0431111336735679,2020,0
0,0.0396941491911026,2020,0
0,0.0396941491911026,2020,0
0,0.0396941491911026,2020,0
0,0.046391278976376,2020,0
0,0.0396941491911026,2020,0
0,0.0388240193771623,2020,0
0,0.046391278976376,2020,0
0,0.0396941491911026,2020,0
0,0.0396941491911026,2020,0
0,0.0396941491911026,2020,0
0,0.0396941491911026,2020,0
0,0.0431111336735679,2020,0
0,0.0396941491911026,2020,0
0,0.0396941491911026,2020,0
0,0.0396941491911026,2020,0
0,0.0396941491911026,2020,0
0,0.0396941491911026,2020,0
0,0.0400596000837461,2020,0
0,0.0396941491911026,2020,0
0,0.047675550760467,2020,0
0,0.0384133938023032,2020,0
0,0.0396941491911026,2020,0
0,0.0396941491911026,2020,0
0,0.0481396611844233,2020,0
0,0.0119612929175381,2020,0
0,0.0208286443929363,2020,0
0,0.0208286443929363,2020,0
0,0.0208286443929363,2020,0
0,0.0192929272520095,2020,0
0,0.0199625678205488,2020,0
0,0.02125305316939,2020,0
0,0.02125305316939,2020,0
0,0.02125305316939,2020,0
0,0.02125305316939,2020,0
0,0.02125305316939,2020,0
0,0.02125305316939,2020,0
0,0.02125305316939,2020,0
0,0.02125305316939,2020,0
0,0.02125305316939,2020,0
0,0.02125305316939,2020,0
0,0.02125305316939,2020,0
0,0.02125305316939,2020,0
0,0.02125305316939,2020,0
0,0.02125305316939,2020,0
0,0.02125305316939,2020,0
0,0.02125305316939,2020,0
0,0.02125305316939,2020,0
0,0.02125305316939,2020,0
0,0.0276268264265971,2020,0
0,0.021523920843702,2020,0
0,0.021523920843702,2020,0
0,0.0457098415949418,2020,0
0,0.0334146162996078,2020,0
0,0.0234506369400523,2020,0
0,0.0501394011795,2020,0
0,0.0128875524452955,2020,0
0,0.0229612090625648,2020,0
0,0.0483123900574152,2020,0
0,0.0464496378579427,2020,0
0,0.0318511790108748,2020,0
0,0.032153753375929,2020,0
0,0.0269967190274866,2020,0
0,0.0318511790108748,2020,0
0,0.036783209714528,2020,0
0,0.036783209714528,2020,0
0,0.036783209714528,2020,0
0,0.0133133428065553,2020,0
0,0.0114649956352541,2020,0
0,0.0114649956352541,2020,0
0,0.0114649956352541,2020,0
0,0.0133377928099556,2020,0
0,0.013768798768832,2020,0
0,0.0133133428065553,2020,0
0,0.013768798768832,2020,0
0,0.0115380533455437,2020,0
0,0.0136418062899103,2020,0
0,0.0136418062899103,2020,0
0,0.0409216227636182,2020,0
0,0.0409216227636182,2020,0
0,0.0409216227636182,2020,0
0,0.0409216227636182,2020,0
0,0.0409216227636182,2020,0
0,0.0409216227636182,2020,0
0,0.0409216227636182,2020,0
0,0.0409216227636182,2020,0
0,0.0466365594161034,2020,0
0,0.0409216227636182,2020,0
0,0.0409216227636182,2020,0
0,0.0394738116911241,2020,0
0,0.0409216227636182,2020,0
0,0.0409216227636182,2020,0
0,0.0409216227636182,2020,0
0,0.0409216227636182,2020,0
0,0.0409216227636182,2020,0
0,0.0409216227636182,2020,0
0,0.0442659518180539,2020,0
0,0.0409216227636182,2020,0
0,0.0409216227636182,2020,0
0,0.0409216227636182,2020,0
0,0.0409216227636182,2020,0
0,0.0409216227636182,2020,0
0,0.0442659518180539,2020,0
0,0.041358291320494,2020,0
0,0.0409216227636182,2020,0
0,0.0409216227636182,2020,0
0,0.0409216227636182,2020,0
0,0.0400959504816456,2020,0
0,0.0409216227636182,2020,0
0,0.0409216227636182,2020,0
0,0.0466365594161034,2020,0
0,0.0466365594161034,2020,0
0,0.0409216227636182,2020,0
0,0.0479040682607717,2020,0
0,0.0409216227636182,2020,0
0,0.0409216227636182,2020,0
0,0.0409216227636182,2020,0
0,0.0340096642370925,2020,0
0,0.0311064063258688,2020,0
0,0.0287403323075211,2020,0
0,0.00663508748155718,2020,0
0,0.0300915313520195,2020,0
0,0.0264965292289804,2020,0
0,0.0264965292289804,2020,0
0,0.0167329606562957,2020,0
0,0.0264965292289804,2020,0
0,0.0264965292289804,2020,0
0,0.0167329606562957,2020,0
0,0.0524595700796318,2020,0
0,0.0224074105977491,2020,0
0,0.0224074105977491,2020,0
0,0.0224074105977491,2020,0
0,0.0223892771080796,2020,0
0,0.0223892771080796,2020,0
0,0.0223892771080796,2020,0
0,0.0223892771080796,2020,0
0,0.0223892771080796,2020,0
0,0.0223892771080796,2020,0
0,0.0223892771080796,2020,0
0,0.0223892771080796,2020,0
0,0.0223892771080796,2020,0
0,0.0223892771080796,2020,0
0,0.0223892771080796,2020,0
0,0.0223892771080796,2020,0
0,0.0223892771080796,2020,0
0,0.0223892771080796,2020,0
0,0.0223892771080796,2020,0
0,0.0223892771080796,2020,0
0,0.0223892771080796,2020,0
0,0.0223892771080796,2020,0
0,0.029034450958027,2020,0
0,0.0223370904841035,2020,0
0,0.0223370904841035,2020,0
0,0.0476337006323113,2020,0
0,0.0331354520356658,2020,0
0,0.0240980557383278,2020,0
0,0.0234102722724135,2020,0
0,0.0269474001310439,2020,0
0,0.0487573763999863,2020,0
0,0.0124634406574826,2020,0
0,0.023580572260266,2020,0
0,0.0468046150476556,2020,0
0,0.0451012425841339,2020,0
0,0.0262189602684694,2020,0
0,0.031522806966906,2020,0
0,0.031522806966906,2020,0
0,0.0319323710501753,2020,0
0,0.0352504579511977,2020,0
0,0.0352504579511977,2020,0
0,0.0352504579511977,2020,0
0,0.013944990384551,2020,0
0,0.0136528460598022,2020,0
0,0.01151051182502,2020,0
0,0.0136528460598022,2020,0
0,0.0140591203763376,2020,0
0,0.01151051182502,2020,0
0,0.01151051182502,2020,0
0,0.0136374024289692,2020,0
0,0.013944990384551,2020,0
0,0.0116996790168615,2020,0
0,0.0140591203763376,2020,0
0,0.0426751098294629,2020,0
0,0.0426751098294629,2020,0
0,0.0490180824100553,2020,0
0,0.0426751098294629,2020,0
0,0.0426751098294629,2020,0
0,0.0426751098294629,2020,0
0,0.041728616170331,2020,0
0,0.0426751098294629,2020,0
0,0.0426751098294629,2020,0
0,0.0426751098294629,2020,0
0,0.0426751098294629,2020,0
0,0.0426751098294629,2020,0
0,0.0426751098294629,2020,0
0,0.043064132734034,2020,0
0,0.0426751098294629,2020,0
0,0.0426751098294629,2020,0
0,0.0426751098294629,2020,0
0,0.0426751098294629,2020,0
0,0.0490180824100553,2020,0
0,0.0426751098294629,2020,0
0,0.0426751098294629,2020,0
0,0.0465617940269546,2020,0
0,0.0426751098294629,2020,0
0,0.0426751098294629,2020,0
0,0.0426751098294629,2020,0
0,0.0426751098294629,2020,0
0,0.0426751098294629,2020,0
0,0.0503924093491817,2020,0
0,0.0426751098294629,2020,0
0,0.0426751098294629,2020,0
0,0.0414082735334929,2020,0
0,0.0426751098294629,2020,0
0,0.0426751098294629,2020,0
0,0.0426751098294629,2020,0
0,0.0426751098294629,2020,0
0,0.0465617940269546,2020,0
0,0.0426751098294629,2020,0
0,0.0426751098294629,2020,0
0,0.0490180824100553,2020,0
0,0.0507212611683678,2020,0
0,0.0326197904737767,2020,0
0,0.0357197106955405,2020,0
0,0.0301772754361074,2020,0
0,0.00808763320124808,2020,0
0,0.0315536579638895,2020,0
0,0.0271871716687797,2020,0
0,0.0271871716687797,2020,0
0,0.016407659538232,2020,0
0,0.016407659538232,2020,0
0,0.0271871716687797,2020,0
0,0.0271871716687797,2020,0
0,0.0513374868501686,2020,0
0,0.0234686169921541,2020,0
0,0.0234686169921541,2020,0
0,0.0234686169921541,2020,0
0,0.0234773606799699,2020,0
0,0.0234773606799699,2020,0
0,0.0234773606799699,2020,0
0,0.0234773606799699,2020,0
0,0.0234773606799699,2020,0
0,0.0234773606799699,2020,0
0,0.0234773606799699,2020,0
0,0.0234773606799699,2020,0
0,0.0234773606799699,2020,0
0,0.0234773606799699,2020,0
0,0.0234773606799699,2020,0
0,0.0234773606799699,2020,0
0,0.0234773606799699,2020,0
0,0.0234773606799699,2020,0
0,0.0234773606799699,2020,0
0,0.0234773606799699,2020,0
0,0.0234773606799699,2020,0
0,0.0234773606799699,2020,0
0,0.0300468698869445,2020,0
0,0.0221319497654798,2020,0
0,0.0221319497654798,2020,0
0,0.0454367667961952,2020,0
0,0.0336136870711041,2020,0
0,0.0263016627696615,2020,0
0,0.0270609202419412,2020,0
0,0.0132380059886461,2020,0
0,0.0248252281680369,2020,0
0,0.0462533258538044,2020,0
0,0.0450502528207962,2020,0
0,0.0283371528218688,2020,0
0,0.0337905412734247,2020,0
0,0.0344052828562438,2020,0
0,0.0337905412734247,2020,0
0,0.0406161161649645,2020,0
0,0.0406161161649645,2020,0
0,0.0406161161649645,2020,0
0,0.0126547281245223,2020,0
0,0.0154869298172733,2020,0
0,0.0154056239042522,2020,0
0,0.0126547281245223,2020,0
0,0.0126547281245223,2020,0
0,0.0154869298172733,2020,0
0,0.0130389432153365,2020,0
0,0.0126547281245223,2020,0
0,0.0152037324838517,2020,0
0,0.0152037324838517,2020,0
0,0.0154056239042522,2020,0
0,0.0151133990535587,2020,0
0,0.0484637058432145,2020,0
0,0.0484637058432145,2020,0
0,0.0484637058432145,2020,0
0,0.0568860037373698,2020,0
0,0.047310313996325,2020,0
0,0.0484637058432145,2020,0
0,0.0484637058432145,2020,0
0,0.0484637058432145,2020,0
0,0.0553840646705768,2020,0
0,0.0484637058432145,2020,0
0,0.0484637058432145,2020,0
0,0.0484637058432145,2020,0
0,0.0484637058432145,2020,0
0,0.0484637058432145,2020,0
0,0.0484637058432145,2020,0
0,0.0476889104121015,2020,0
0,0.0484637058432145,2020,0
0,0.0484637058432145,2020,0
0,0.0484637058432145,2020,0
0,0.0484637058432145,2020,0
0,0.0484637058432145,2020,0
0,0.0553840646705768,2020,0
0,0.0484637058432145,2020,0
0,0.0484637058432145,2020,0
0,0.0484637058432145,2020,0
0,0.0484637058432145,2020,0
0,0.0484637058432145,2020,0
0,0.0533503266194306,2020,0
0,0.0487320612747097,2020,0
0,0.0484637058432145,2020,0
0,0.0484637058432145,2020,0
0,0.0484637058432145,2020,0
0,0.0533503266194306,2020,0
0,0.0484637058432145,2020,0
0,0.0484637058432145,2020,0
0,0.0484637058432145,2020,0
0,0.0484637058432145,2020,0
0,0.0484637058432145,2020,0
0,0.0489473910077586,2020,0
0,0.0307563286152473,2020,0
0,0.0334648854781062,2020,0
0,0.00871887379121322,2020,0
0,0.0299250697028309,2020,0
0,0.0287149988913136,2020,0
0,0.0270128663736519,2020,0
0,0.0270128663736519,2020,0
0,0.0270128663736519,2020,0
0,0.016454018674004,2020,0
0,0.0270128663736519,2020,0
0,0.016454018674004,2020,0
0,0.0503172946696603,2020,0
0,0.0245532918453946,2020,0
0,0.0245532918453946,2020,0
0,0.0245532918453946,2020,0
0,0.0245876999070603,2020,0
0,0.0245876999070603,2020,0
0,0.0245876999070603,2020,0
0,0.0245876999070603,2020,0
0,0.0245876999070603,2020,0
0,0.0245876999070603,2020,0
0,0.0245876999070603,2020,0
0,0.0245876999070603,2020,0
0,0.0245876999070603,2020,0
0,0.0245876999070603,2020,0
0,0.0245876999070603,2020,0
0,0.0245876999070603,2020,0
0,0.0245876999070603,2020,0
0,0.0245876999070603,2020,0
0,0.0245876999070603,2020,0
0,0.0245876999070603,2020,0
0,0.0245876999070603,2020,0
0,0.0245876999070603,2020,0
0,0.0312878348872843,2020,0
0,0.0260256017053631,2020,0
0,0.0260256017053631,2020,0
0,0.0511855323250514,2020,0
0,0.0380643782098728,2020,0
0,0.0294705378230114,2020,0
0,0.028664882145581,2020,0
0,0.0134253432727763,2020,0
0,0.023700966837594,2020,0
0,0.0507573283814854,2020,0
0,0.0487051962724457,2020,0
0,0.0375944696169081,2020,0
0,0.0375944696169081,2020,0
0,0.0319967075757148,2020,0
0,0.0385201231157745,2020,0
0,0.0463969709028193,2020,0
0,0.0463969709028193,2020,0
0,0.0463969709028193,2020,0
0,0.0153494818914572,2020,0
0,0.0128301871935728,2020,0
0,0.0156227682720418,2020,0
0,0.0155445425554538,2020,0
0,0.0152517201455384,2020,0
0,0.0155445425554538,2020,0
0,0.0156227682720418,2020,0
0,0.0128301871935728,2020,0
0,0.0128301871935728,2020,0
0,0.0128301871935728,2020,0
0,0.0153494818914572,2020,0
0,0.0131805305417313,2020,0
0,0.0480163637108073,2020,0
0,0.0480163637108073,2020,0
0,0.0480163637108073,2020,0
0,0.0480163637108073,2020,0
0,0.0480163637108073,2020,0
0,0.0482712730539788,2020,0
0,0.0480163637108073,2020,0
0,0.0472540524246928,2020,0
0,0.0525819009659797,2020,0
0,0.0480163637108073,2020,0
0,0.0480163637108073,2020,0
0,0.0480163637108073,2020,0
0,0.0480163637108073,2020,0
0,0.0480163637108073,2020,0
0,0.0480163637108073,2020,0
0,0.0480163637108073,2020,0
0,0.0547742661523918,2020,0
0,0.0525819009659797,2020,0
0,0.0480163637108073,2020,0
0,0.0480163637108073,2020,0
0,0.0480163637108073,2020,0
0,0.0480163637108073,2020,0
0,0.0480163637108073,2020,0
0,0.0480163637108073,2020,0
0,0.0480163637108073,2020,0
0,0.0480163637108073,2020,0
0,0.0561897769127418,2020,0
0,0.0480163637108073,2020,0
0,0.0480163637108073,2020,0
0,0.0480163637108073,2020,0
0,0.0480163637108073,2020,0
0,0.0480163637108073,2020,0
0,0.0480163637108073,2020,0
0,0.0469257277600764,2020,0
0,0.0547742661523918,2020,0
0,0.0480163637108073,2020,0
0,0.0479259116245888,2020,0
0,0.030017201301273,2020,0
0,0.0276131038875856,2020,0
0,0.0252259385704502,2020,0
0,0.0263945099903852,2020,0
0,0.0274867447543782,2020,0
0,0.0157973847872976,2020,0
0,0.0274867447543782,2020,0
0,0.0274867447543782,2020,0
0,0.0274867447543782,2020,0
0,0.0157973847872976,2020,0
0,0.0495586775611207,2020,0
0,0.0105717241662864,2020,0
0,0.0192229625224626,2020,0
0,0.0192229625224626,2020,0
0,0.0192229625224626,2020,0
0,0.0239316211584651,2020,0
0,0.0253379703438716,2020,0
0,0.0216233808858582,2020,0
0,0.0237119583757599,2020,0
0,0.024319444524507,2020,0
0,0.0258193547691756,2020,0
0,0.0246422503160925,2020,0
0,0.0220748262402411,2020,0
0,0.0220748262402411,2020,0
0,0.0225275274176776,2020,0
0,0.0203689267021765,2020,0
0,0.0385817998509265,2020,0
0,0.0437040900290144,2020,0
0,0.0457350525092255,2020,0
0,0.0228377244999839,2020,0
0,0.0210304068631443,2020,0
0,0.0229050192462414,2020,0
0,0.0229050192462414,2020,0
0,0.0228054677285774,2020,0
0,0.0228642950325766,2020,0
0,0.0235667535966006,2020,0
0,0.0216063472057661,2020,0
0,0.0235667535966006,2020,0
0,0.0232566309777562,2020,0
0,0.0163619469086355,2020,0
0,0.0184291054937524,2020,0
0,0.0184291054937524,2020,0
0,0.0184291054937524,2020,0
0,0.0184291054937524,2020,0
0,0.0184291054937524,2020,0
0,0.0184291054937524,2020,0
0,0.0184291054937524,2020,0
0,0.0184291054937524,2020,0
0,0.0184291054937524,2020,0
0,0.0184291054937524,2020,0
0,0.0184291054937524,2020,0
0,0.0184291054937524,2020,0
0,0.0184291054937524,2020,0
0,0.0184291054937524,2020,0
0,0.0184291054937524,2020,0
0,0.0184291054937524,2020,0
0,0.0184291054937524,2020,0
0,0.0184291054937524,2020,0
0,0.0252438878379623,2020,0
0,0.0207864507243015,2020,0
0,0.0447433912136241,2020,0
0,0.0220814360331986,2020,0
0,0.0227174259140038,2020,0
0,0.0127856304325535,2020,0
0,0.0187379498691467,2020,0
0,0.0420031629550934,2020,0
0,0.0416266320282893,2020,0
0,0.0405559629933399,2020,0
0,0.0322810168789299,2020,0
0,0.0322810168789299,2020,0
0,0.033091344727648,2020,0
0,0.0255856073522329,2020,0
0,0.0354277508432731,2020,0
0,0.0354277508432731,2020,0
0,0.0354277508432731,2020,0
0,0.0108760370810714,2020,0
0,0.0141784088522011,2020,0
0,0.0137505945074093,2020,0
0,0.0108760370810714,2020,0
0,0.0141054862482503,2020,0
0,0.0139252879660621,2020,0
0,0.0141054862482503,2020,0
0,0.0141076338441347,2020,0
0,0.0108760370810714,2020,0
0,0.0141784088522011,2020,0
0,0.0139252879660621,2020,0
0,0.0112486581487359,2020,0
0,0.0108760370810714,2020,0
0,0.0387801272318733,2020,0
0,0.0387801272318733,2020,0
0,0.0387801272318733,2020,0
0,0.0387801272318733,2020,0
0,0.0387801272318733,2020,0
0,0.0387801272318733,2020,0
0,0.0387801272318733,2020,0
0,0.0387801272318733,2020,0
0,0.0387801272318733,2020,0
0,0.0387801272318733,2020,0
0,0.0387801272318733,2020,0
0,0.0387801272318733,2020,0
0,0.0380141234265337,2020,0
0,0.0485454892854393,2020,0
0,0.0387801272318733,2020,0
0,0.0387801272318733,2020,0
0,0.0473367056064533,2020,0
0,0.0387801272318733,2020,0
0,0.0387801272318733,2020,0
0,0.0387801272318733,2020,0
0,0.0387801272318733,2020,0
0,0.0421464985613439,2020,0
0,0.0387801272318733,2020,0
0,0.0387801272318733,2020,0
0,0.0473367056064533,2020,0
0,0.0387801272318733,2020,0
0,0.0378591208153821,2020,0
0,0.0387801272318733,2020,0
0,0.0387801272318733,2020,0
0,0.0480253825253023,2020,0
0,0.0266480413001534,2020,0
0,0.0292015808750173,2020,0
0,0.0237526417096293,2020,0
0,0.0225216590401855,2020,0
0,0.0275294779720484,2020,0
0,0.0135925564526557,2020,0
0,0.0275294779720484,2020,0
0,0.0275294779720484,2020,0
0,0.0275294779720484,2020,0
0,0.0135925564526557,2020,0
0,0.0517897791589827,2020,0
0,0.0104869248366064,2020,0
0,0.0187644803656461,2020,0
0,0.0187644803656461,2020,0
0,0.0187644803656461,2020,0
0,0.0247625514348291,2020,0
0,0.0228640572095079,2020,0
0,0.0193571882317417,2020,0
0,0.0226389799281459,2020,0
0,0.0210232946402189,2020,0
0,0.0210232946402189,2020,0
0,0.0218293747510972,2020,0
0,0.0236271790526961,2020,0
0,0.0214756294374104,2020,0
0,0.0235579393981447,2020,0
0,0.0232579175936848,2020,0
0,0.0242740951196472,2020,0
0,0.0205884639001748,2020,0
0,0.0418673343427258,2020,0
0,0.0368740389444008,2020,0
0,0.0438392008569628,2020,0
0,0.0216800346391929,2020,0
0,0.0223494365654127,2020,0
0,0.0215808302585943,2020,0
0,0.0203873454151074,2020,0
0,0.0223494365654127,2020,0
0,0.0216113351542977,2020,0
0,0.0216800346391929,2020,0
0,0.0198120467032873,2020,0
0,0.0220351576859857,2020,0
0,0.0216419307321416,2020,0
0,0.019360844997738,2020,0
0,0.019360844997738,2020,0
0,0.019360844997738,2020,0
0,0.019360844997738,2020,0
0,0.019360844997738,2020,0
0,0.019360844997738,2020,0
0,0.019360844997738,2020,0
0,0.019360844997738,2020,0
0,0.019360844997738,2020,0
0,0.019360844997738,2020,0
0,0.019360844997738,2020,0
0,0.019360844997738,2020,0
0,0.019360844997738,2020,0
0,0.019360844997738,2020,0
0,0.019360844997738,2020,0
0,0.019360844997738,2020,0
0,0.019360844997738,2020,0
0,0.019360844997738,2020,0
0,0.0255666518159958,2020,0
0,0.0184240501004914,2020,0
0,0.040898210122018,2020,0
0,0.023413962923036,2020,0
0,0.0241543176963299,2020,0
0,0.014165248726979,2020,0
0,0.0236168261914591,2020,0
0,0.0426442768577601,2020,0
0,0.0426535267913001,2020,0
0,0.041518672066807,2020,0
0,0.0256174207312068,2020,0
0,0.0317285320489314,2020,0
0,0.0323880836983303,2020,0
0,0.0317285320489314,2020,0
0,0.0416541497177123,2020,0
0,0.0416541497177123,2020,0
0,0.0416541497177123,2020,0
0,0.0146416943309221,2020,0
0,0.0115306456416557,2020,0
0,0.0115306456416557,2020,0
0,0.0115306456416557,2020,0
0,0.0144597886702989,2020,0
0,0.0146416943309221,2020,0
0,0.0115306456416557,2020,0
0,0.014715594446774,2020,0
0,0.014650682820902,2020,0
0,0.014715594446774,2020,0
0,0.011932770815127,2020,0
0,0.0392846004063036,2020,0
0,0.0392846004063036,2020,0
0,0.0392846004063036,2020,0
0,0.0392846004063036,2020,0
0,0.0392846004063036,2020,0
0,0.0482859297041643,2020,0
0,0.0392846004063036,2020,0
0,0.0471257641012729,2020,0
0,0.0392846004063036,2020,0
0,0.0384163216444452,2020,0
0,0.0392846004063036,2020,0
0,0.0392846004063036,2020,0
0,0.0392846004063036,2020,0
0,0.042466986929268,2020,0
0,0.0392846004063036,2020,0
0,0.0392846004063036,2020,0
0,0.0392846004063036,2020,0
0,0.0471257641012729,2020,0
0,0.0392846004063036,2020,0
0,0.0392846004063036,2020,0
0,0.0392846004063036,2020,0
0,0.0392846004063036,2020,0
0,0.0384185554160848,2020,0
0,0.0555315808784247,2020,0
0,0.0361121927873257,2020,0
0,0.0282679020494978,2020,0
0,0.0327126758458311,2020,0
0,0.0360034578615357,2020,0
0,0.00894041536516263,2020,0
0,0.0290734344396421,2020,0
0,0.0277292515269044,2020,0
0,0.0160419077335155,2020,0
0,0.0279763716455458,2020,0
0,0.0279763716455458,2020,0
0,0.0279763716455458,2020,0
0,0.0160419077335155,2020,0
0,0.0279763716455458,2020,0
0,0.0248013125402919,2020,0
0,0.0255174944635857,2020,0
0,0.0273562096526701,2020,0
0,0.0273562096526701,2020,0
0,0.0273562096526701,2020,0
0,0.0285460614822577,2020,0
0,0.0264185771310711,2020,0
0,0.0298029452530127,2020,0
0,0.0273567241243962,2020,0
0,0.0269921372071367,2020,0
0,0.025811362781056,2020,0
0,0.0241852078654513,2020,0
0,0.0306095675150049,2020,0
0,0.0264185771310711,2020,0
0,0.029762060328231,2020,0
0,0.028814182279242,2020,0
0,0.0286953842544454,2020,0
0,0.031214062490483,2020,0
0,0.0292964515122638,2020,0
0,0.0538159583025554,2020,0
0,0.0513379365117217,2020,0
0,0.0451423073095814,2020,0
0,0.0291131663902565,2020,0
0,0.02949386164285,2020,0
0,0.0297907580590049,2020,0
0,0.0261062759432664,2020,0
0,0.0289181912050451,2020,0
0,0.0290791947426187,2020,0
0,0.0291131663902565,2020,0
0,0.0289410258402105,2020,0
0,0.0297907580590049,2020,0
0,0.0269069058239205,2020,0
0,0.0295119213457438,2020,0
0,0.0295119213457438,2020,0
0,0.0295119213457438,2020,0
0,0.0295119213457438,2020,0
0,0.0295119213457438,2020,0
0,0.0295119213457438,2020,0
0,0.0295119213457438,2020,0
0,0.0295119213457438,2020,0
0,0.0295119213457438,2020,0
0,0.0295119213457438,2020,0
0,0.0295119213457438,2020,0
0,0.0295119213457438,2020,0
0,0.0295119213457438,2020,0
0,0.0295119213457438,2020,0
0,0.0295119213457438,2020,0
0,0.0295119213457438,2020,0
0,0.0295119213457438,2020,0
0,0.0295119213457438,2020,0
0,0.0598846953882292,2020,0
0,0.0345871775645056,2020,0
0,0.0274709537195818,2020,0
0,0.0274709537195818,2020,0
0,0.0506461965257355,2020,0
0,0.0326557818834103,2020,0
0,0.031628737310206,2020,0
0,0.0145881177756717,2020,0
0,0.0323630029786015,2020,0
0,0.0541785268360894,2020,0
0,0.0543591078605794,2020,0
0,0.0524927778782819,2020,0
0,0.0352319292317111,2020,0
0,0.0310013760043737,2020,0
0,0.0357712277761307,2020,0
0,0.0352319292317111,2020,0
0,0.0659098893023563,2020,0
0,0.0659098893023563,2020,0
0,0.0659098893023563,2020,0
0,0.0166082330660764,2020,0
0,0.0166082330660764,2020,0
0,0.0142988333294077,2020,0
0,0.0142988333294077,2020,0
0,0.01651367422709,2020,0
0,0.0142988333294077,2020,0
0,0.01651367422709,2020,0
0,0.0147363438123724,2020,0
0,0.0165049647634184,2020,0
0,0.0142988333294077,2020,0
0,0.0162789678803739,2020,0
0,0.046194658503305,2020,0
0,0.0470816914916983,2020,0
0,0.0470816914916983,2020,0
0,0.0515564396248107,2020,0
0,0.0528785240088877,2020,0
0,0.0515564396248107,2020,0
0,0.0470816914916983,2020,0
0,0.0470816914916983,2020,0
0,0.0470816914916983,2020,0
0,0.0509626105884037,2020,0
0,0.0470816914916983,2020,0
0,0.0470816914916983,2020,0
0,0.0470816914916983,2020,0
0,0.0470816914916983,2020,0
0,0.0470816914916983,2020,0
0,0.0470816914916983,2020,0
0,0.0470816914916983,2020,0
0,0.0470816914916983,2020,0
0,0.0470816914916983,2020,0
0,0.0470816914916983,2020,0
0,0.0470816914916983,2020,0
0,0.0470816914916983,2020,0
0,0.0456983698650378,2020,0
0,0.0470816914916983,2020,0
0,0.0603388793458441,2020,0
0,0.0367082327573059,2020,0
0,0.0328162252975135,2020,0
0,0.0115374531996262,2020,0
0,0.0275771818487703,2020,0
0,0.0275771818487703,2020,0
0,0.0198570167215934,2020,0
0,0.0275771818487703,2020,0
0,0.0198570167215934,2020,0
0,0.0363124405990524,2020,0
0,0.0240012652267653,2020,0
0,0.0385657113537986,2020,0
0,0.0161117260264884,2020,0
0,0.0354211010010857,2020,0
0,0.0354211010010857,2020,0
0,0.0354211010010857,2020,0
0,0.0602263846894725,2020,0
0,0.0364534056152315,2020,0
0,0.0436407479594932,2020,0
0,0.0361599838178356,2020,0
0,0.0400332044297806,2020,0
0,0.0469734044838491,2020,0
0,0.0413507085012026,2020,0
0,0.047919022007024,2020,0
0,0.038924630501356,2020,0
0,0.0436541928600429,2020,0
0,0.0440471480669467,2020,0
0,0.0457431904375653,2020,0
0,0.0409582698065541,2020,0
0,0.0447872839013087,2020,0
0,0.0400332044297806,2020,0
0,0.0635822149351472,2020,0
0,0.072584488292737,2020,0
0,0.0762461113430354,2020,0
0,0.0464094637680556,2020,0
0,0.0459860960282604,2020,0
0,0.0466375199666263,2020,0
0,0.0459860960282604,2020,0
0,0.0453679989491944,2020,0
0,0.0400502941775464,2020,0
0,0.0460525027182772,2020,0
0,0.045622980401519,2020,0
0,0.0466375199666263,2020,0
0,0.0370762811111408,2020,0
0,0.0370762811111408,2020,0
0,0.0370762811111408,2020,0
0,0.0370762811111408,2020,0
0,0.0370762811111408,2020,0
0,0.0370762811111408,2020,0
0,0.0370762811111408,2020,0
0,0.0370762811111408,2020,0
0,0.0370762811111408,2020,0
0,0.0370762811111408,2020,0
0,0.0370762811111408,2020,0
0,0.0370762811111408,2020,0
0,0.0370762811111408,2020,0
0,0.0370762811111408,2020,0
0,0.0370762811111408,2020,0
0,0.0370762811111408,2020,0
0,0.0370762811111408,2020,0
0,0.0370762811111408,2020,0
0,0.0586714626469376,2020,0
0,0.0427119090896266,2020,0
0,0.0358175056205607,2020,0
0,0.0358175056205607,2020,0
0,0.0581424010424321,2020,0
0,0.0483148928903252,2020,0
0,0.0466542781803843,2020,0
0,0.0340274206115304,2020,0
0,0.0151787050613215,2020,0
0,0.0342875459817086,2020,0
0,0.0614327955631692,2020,0
0,0.0617318370589385,2020,0
0,0.059222034993298,2020,0
0,0.0377786856176733,2020,0
0,0.0377786856176733,2020,0
0,0.0383872709741239,2020,0
0,0.0346111549560433,2020,0
0,0.0782532650715221,2020,0
0,0.0782532650715221,2020,0
0,0.0782532650715221,2020,0
0,0.0182646125713205,2020,0
0,0.0182646125713205,2020,0
0,0.0181725353218923,2020,0
0,0.0182338003627918,2020,0
0,0.0163194641090788,2020,0
0,0.0179513717091022,2020,0
0,0.0170071195596175,2020,0
0,0.0181725353218923,2020,0
0,0.0163194641090788,2020,0
0,0.0163194641090788,2020,0
0,0.0520533193417185,2020,0
0,0.0510672779674255,2020,0
0,0.0520533193417185,2020,0
0,0.0520533193417185,2020,0
0,0.0520533193417185,2020,0
0,0.0520533193417185,2020,0
0,0.0520533193417185,2020,0
0,0.0547873327905028,2020,0
0,0.0520533193417185,2020,0
0,0.0520533193417185,2020,0
0,0.0520533193417185,2020,0
0,0.0520533193417185,2020,0
0,0.0563160963137284,2020,0
0,0.0547873327905028,2020,0
0,0.0520533193417185,2020,0
0,0.0520533193417185,2020,0
0,0.0568087423937475,2020,0
0,0.0520533193417185,2020,0
0,0.0520533193417185,2020,0
0,0.0520533193417185,2020,0
0,0.0520533193417185,2020,0
0,0.0520533193417185,2020,0
0,0.0520533193417185,2020,0
0,0.0503631872158244,2020,0
0,0.0196350724816196,2020,0
0,0.0586586713008803,2020,0
0,0.0369470637634748,2020,0
0,0.0113368420765753,2020,0
0,0.033596689575292,2020,0
0,0.0290529638647388,2020,0
0,0.0216356478035587,2020,0
0,0.0290529638647388,2020,0
0,0.0290529638647388,2020,0
0,0.0216356478035587,2020,0
0,0.0290529638647388,2020,0
0,0.0455173874528876,2020,0
0,0.0255144470562061,2020,0
0,0.0618550067922496,2020,0
0,0.0461783179758401,2020,0
0,0.0371526494566276,2020,0
0,0.0371526494566276,2020,0
0,0.0371526494566276,2020,0
0,0.05762651830071,2020,0
0,0.04008055598337,2020,0
0,0.0631209274171414,2020,0
0,0.0631209274171414,2020,0
0,0.0631209274171414,2020,0
0,0.0463443228074284,2020,0
0,0.0463443228074284,2020,0
0,0.0513327664993111,2020,0
0,0.0370864089651865,2020,0
0,0.0370864089651865,2020,0
0,0.0370864089651865,2020,0
0,0.0370864089651865,2020,0
0,0.0370864089651865,2020,0
0,0.0370864089651865,2020,0
0,0.0370864089651865,2020,0
0,0.0370864089651865,2020,0
0,0.0370864089651865,2020,0
0,0.0370864089651865,2020,0
0,0.0370864089651865,2020,0
0,0.0370864089651865,2020,0
0,0.0370864089651865,2020,0
0,0.0370864089651865,2020,0
0,0.0370864089651865,2020,0
0,0.0370864089651865,2020,0
0,0.0370864089651865,2020,0
0,0.0370864089651865,2020,0
0,0.0559278318527033,2020,0
0,0.0454807328253049,2020,0
0,0.0350002855011362,2020,0
0,0.0350002855011362,2020,0
0,0.063794837476713,2020,0
0,0.0533742244459928,2020,0
0,0.0514673663413089,2020,0
0,0.0289030058379244,2020,0
0,0.0561503737857776,2020,0
0,0.0147758582475523,2020,0
0,0.032889689022343,2020,0
0,0.0611750568058407,2020,0
0,0.0627660894819046,2020,0
0,0.0589129252845238,2020,0
0,0.0347544116574048,2020,0
0,0.0399866207352436,2020,0
0,0.0390297682017756,2020,0
0,0.0584628926309631,2020,0
0,0.0584628926309631,2020,0
0,0.0584628926309631,2020,0
0,0.0156687182799912,2020,0
0,0.0156687182799912,2020,0
0,0.0165787788875468,2020,0
0,0.0156687182799912,2020,0
0,0.0183494762926149,2020,0
0,0.0184566758870174,2020,0
0,0.0182902376885323,2020,0
0,0.0182902376885323,2020,0
0,0.0181614475447103,2020,0
0,0.0544516383688477,2020,0
0,0.0544516383688477,2020,0
0,0.0592916329147054,2020,0
0,0.0544516383688477,2020,0
0,0.0534061343738832,2020,0
0,0.0592916329147054,2020,0
0,0.0544516383688477,2020,0
0,0.0544516383688477,2020,0
0,0.0544516383688477,2020,0
0,0.0544516383688477,2020,0
0,0.0544516383688477,2020,0
0,0.0544516383688477,2020,0
0,0.0610025325908727,2020,0
0,0.0544516383688477,2020,0
0,0.0603183021834458,2020,0
0,0.0592916329147054,2020,0
0,0.0544516383688477,2020,0
0,0.0544516383688477,2020,0
0,0.0544516383688477,2020,0
0,0.0544516383688477,2020,0
0,0.0544516383688477,2020,0
0,0.0544516383688477,2020,0
0,0.0544516383688477,2020,0
0,0.0544516383688477,2020,0
0,0.0544516383688477,2020,0
0,0.0544516383688477,2020,0
0,0.0544516383688477,2020,0
0,0.0531885741291604,2020,0
0,0.0614690729290441,2020,0
0,0.0601499749246285,2020,0
0,0.0171111766535769,2020,0
0,0.0382118398283351,2020,0
0,0.0336084266090182,2020,0
0,0.0349011492138199,2020,0
0,0.0115513821453361,2020,0
0,0.0167757215769998,2020,0
0,0.0310774287850001,2020,0
0,0.0310774287850001,2020,0
0,0.0310774287850001,2020,0
0,0.0310774287850001,2020,0
0,0.0200767278820567,2020,0
0,0.0200767278820567,2020,0
0,0.0501712998001096,2020,0
0,0.01743547473251,2020,0
0,0.0427585597672525,2020,0
0,0.0329006235776871,2020,0
0,0.0329006235776871,2020,0
0,0.0611237151126905,2020,0
0,0.0611237151126905,2020,0
0,0.0326772439730249,2020,0
0,0.0445892252828927,2020,0
0,0.0445892252828927,2020,0
0,0.0445892252828927,2020,0
0,0.0306207951518668,2020,0
0,0.0306207951518668,2020,0
0,0.0306207951518668,2020,0
0,0.0306207951518668,2020,0
0,0.0306207951518668,2020,0
0,0.0306207951518668,2020,0
0,0.0306207951518668,2020,0
0,0.0306207951518668,2020,0
0,0.0306207951518668,2020,0
0,0.0306207951518668,2020,0
0,0.0306207951518668,2020,0
0,0.0306207951518668,2020,0
0,0.0306207951518668,2020,0
0,0.0306207951518668,2020,0
0,0.0306207951518668,2020,0
0,0.0306207951518668,2020,0
0,0.0306207951518668,2020,0
0,0.0306207951518668,2020,0
0,0.0585078901177874,2020,0
0,0.0266336971584333,2020,0
0,0.0266336971584333,2020,0
0,0.0549523023741724,2020,0
0,0.0298509649056465,2020,0
0,0.0307918110302209,2020,0
0,0.023949250922425,2020,0
0,0.0674010644775837,2020,0
0,0.0262631212535207,2020,0
0,0.0263766091192588,2020,0
0,0.0135118125376692,2020,0
0,0.0285755301323511,2020,0
0,0.0278199877092287,2020,0
0,0.0526886416596004,2020,0
0,0.0511188466853367,2020,0
0,0.0485612802617683,2020,0
0,0.029972249151245,2020,0
0,0.0373701237762509,2020,0
0,0.0362897850940131,2020,0
0,0.0431403578874417,2020,0
0,0.0431403578874417,2020,0
0,0.0431403578874417,2020,0
0,0.0125044190670579,2020,0
0,0.015957673662833,2020,0
0,0.0158504494624563,2020,0
0,0.0157287108259098,2020,0
0,0.0159042467104844,2020,0
0,0.0125044190670579,2020,0
0,0.0131527610512615,2020,0
0,0.0125044190670579,2020,0
0,0.0158504494624563,2020,0
0,0.0441651238263275,2020,0
0,0.0441651238263275,2020,0
0,0.0441651238263275,2020,0
0,0.0441651238263275,2020,0
0,0.0441651238263275,2020,0
0,0.0434820860135967,2020,0
0,0.0441651238263275,2020,0
0,0.0441651238263275,2020,0
0,0.0441651238263275,2020,0
0,0.0441651238263275,2020,0
0,0.0441651238263275,2020,0
0,0.0441651238263275,2020,0
0,0.0441651238263275,2020,0
0,0.0441651238263275,2020,0
0,0.0485375246595396,2020,0
0,0.0441651238263275,2020,0
0,0.0523727935440207,2020,0
0,0.0537847575249322,2020,0
0,0.0441651238263275,2020,0
0,0.0441651238263275,2020,0
0,0.0523727935440207,2020,0
0,0.0441651238263275,2020,0
0,0.0441651238263275,2020,0
0,0.0441651238263275,2020,0
0,0.0430671978215197,2020,0
0,0.0441651238263275,2020,0
0,0.0523727935440207,2020,0
0,0.0441651238263275,2020,0
0,0.0441651238263275,2020,0
0,0.0613974849277323,2020,0
0,0.123207864207359,2020,0
0,0.0375206677819864,2020,0
0,0.0348700951169557,2020,0
0,0.0305176954429214,2020,0
0,0.00998207435625606,2020,0
0,0.0291340283436836,2020,0
0,0.0393432323904716,2020,0
0,0.0147581819743964,2020,0
0,0.0177659916761685,2020,0
0,0.0330301968566911,2020,0
0,0.0330301968566911,2020,0
0,0.0330301968566911,2020,0
0,0.0177659916761685,2020,0
0,0.0249119586188881,2020,0
0,0.0334175797047847,2020,0
0,0.0127908832620841,2020,0
0,0.0308023425393177,2020,0
0,0.0313268861123138,2020,0
0,0.0265577335361572,2020,0
0,0.0265577335361572,2020,0
0,0.0638387326198026,2020,0
0,0.0638387326198026,2020,0
0,0.0456186108240118,2020,0
0,0.0375995927868697,2020,0
0,0.0272438446712864,2020,0
0,0.0351241748284035,2020,0
0,0.0351241748284035,2020,0
0,0.0351241748284035,2020,0
0,0.0258133108859378,2020,0
0,0.0258133108859378,2020,0
0,0.0258133108859378,2020,0
0,0.0258133108859378,2020,0
0,0.0258133108859378,2020,0
0,0.0258133108859378,2020,0
0,0.0258133108859378,2020,0
0,0.0258133108859378,2020,0
0,0.0258133108859378,2020,0
0,0.0258133108859378,2020,0
0,0.0258133108859378,2020,0
0,0.0258133108859378,2020,0
0,0.0258133108859378,2020,0
0,0.0258133108859378,2020,0
0,0.0258133108859378,2020,0
0,0.0258133108859378,2020,0
0,0.0258133108859378,2020,0
0,0.0258133108859378,2020,0
0,0.0612483292737778,2020,0
0,0.0233357562130446,2020,0
0,0.0233357562130446,2020,0
0,0.048633287692162,2020,0
0,0.0181947569812589,2020,0
0,0.0181482398727876,2020,0
0,0.0241266617712811,2020,0
0,0.0233772879520895,2020,0
0,0.0224798897708484,2020,0
0,0.0206818055124038,2020,0
0,0.0728123160311665,2020,0
0,0.0244402690014688,2020,0
0,0.0147484066591591,2020,0
0,0.0254545981730186,2020,0
0,0.0141470362743995,2020,0
0,0.0139494300251949,2020,0
0,0.094386926359411,2020,0
0,0.0244191248723152,2020,0
0,0.0253507729012322,2020,0
0,0.0469031095465527,2020,0
0,0.0476672095151134,2020,0
0,0.0452572380520036,2020,0
0,0.0346287977893739,2020,0
0,0.0355554001274423,2020,0
0,0.0440677795426724,2020,0
0,0.0440677795426724,2020,0
0,0.0440677795426724,2020,0
0,0.0153535800465616,2020,0
0,0.0149657377074951,2020,0
0,0.0124147675251894,2020,0
0,0.0119212586478825,2020,0
0,0.0153681622892768,2020,0
0,0.0119212586478825,2020,0
0,0.0151847918270974,2020,0
0,0.0153030524593373,2020,0
0,0.0153030524593373,2020,0
0,0.0119212586478825,2020,0
0,0.0402304075690267,2020,0
0,0.0402304075690267,2020,0
0,0.0392835433103262,2020,0
0,0.0402304075690267,2020,0
0,0.0395305103127066,2020,0
0,0.0487056905351128,2020,0
0,0.0402304075690267,2020,0
0,0.0402304075690267,2020,0
0,0.0402304075690267,2020,0
0,0.0487056905351128,2020,0
0,0.0487056905351128,2020,0
0,0.0402304075690267,2020,0
0,0.0402304075690267,2020,0
0,0.0402304075690267,2020,0
0,0.0402304075690267,2020,0
0,0.0402304075690267,2020,0
0,0.0402304075690267,2020,0
0,0.0437407153615315,2020,0
0,0.0402304075690267,2020,0
0,0.0402304075690267,2020,0
0,0.0402304075690267,2020,0
0,0.0402304075690267,2020,0
0,0.0402304075690267,2020,0
0,0.0402304075690267,2020,0
0,0.0402304075690267,2020,0
0,0.0402304075690267,2020,0
0,0.068516472230556,2020,0
0,0.0577218589814452,2020,0
0,0.0330785862537975,2020,0
0,0.0338238862917573,2020,0
0,0.0374468590182799,2020,0
0,0.00929310940315732,2020,0
0,0.0276766099176811,2020,0
0,0.0358585219125603,2020,0
0,0.0164577426551924,2020,0
0,0.0613845112498844,2020,0
0,0.030467186138355,2020,0
0,0.0126405618342366,2020,0
0,0.0135710173274249,2020,0
0,0.0128740315349189,2020,0
0,0.0304788291609918,2020,0
0,0.0233554136165696,2020,0
0,0.0233554136165696,2020,0
0,0.0233554136165696,2020,0
0,0.0596988407944551,2020,0
0,0.0373691539557286,2020,0
0,0.0264691689925606,2020,0
0,0.0388495877702762,2020,0
0,0.0388495877702762,2020,0
0,0.0388495877702762,2020,0
0,0.0239932615872423,2020,0
0,0.0239932615872423,2020,0
0,0.0239932615872423,2020,0
0,0.0239932615872423,2020,0
0,0.0239932615872423,2020,0
0,0.0239932615872423,2020,0
0,0.0239932615872423,2020,0
0,0.0239932615872423,2020,0
0,0.0239932615872423,2020,0
0,0.0239932615872423,2020,0
0,0.0239932615872423,2020,0
0,0.0239932615872423,2020,0
0,0.0239932615872423,2020,0
0,0.0239932615872423,2020,0
0,0.0239932615872423,2020,0
0,0.0239932615872423,2020,0
0,0.0239932615872423,2020,0
0,0.0239932615872423,2020,0
0,0.0461673544658847,2020,0
0,0.0566885942729991,2020,0
0,0.0683662422829436,2020,0
0,0.0235491204329192,2020,0
0,0.0235491204329192,2020,0
0,0.048936307759284,2020,0
0,0.0189161952321463,2020,0
0,0.0189232852017012,2020,0
0,0.0183819569203443,2020,0
0,0.049690515624175,2020,0
0,0.0219295812633199,2020,0
0,0.0207684136835689,2020,0
0,0.0211576435957328,2020,0
0,0.0189843064549605,2020,0
0,0.0633416259241233,2020,0
0,0.0806691051151218,2020,0
0,0.0248571243978487,2020,0
0,0.0156428805625471,2020,0
0,0.02187612645479,2020,0
0,0.0331956170379398,2020,0
0,0.0257659275844905,2020,0
0,0.0138192266150332,2020,0
0,0.0138492241718558,2020,0
0,0.0138292669302001,2020,0
0,0.0884684330599062,2020,0
0,0.0240143218363631,2020,0
0,0.0254880250747231,2020,0
0,0.0247709398023541,2020,0
0,0.0487707413852822,2020,0
0,0.0479050803748058,2020,0
0,0.0373631757906499,2020,0
0,0.0363865721696721,2020,0
0,0.0534296245468889,2020,0
0,0.0534296245468889,2020,0
0,0.0166918209872013,2020,0
0,0.0167233444664562,2020,0
0,0.0133341560937351,2020,0
0,0.0167233444664562,2020,0
0,0.013944602405813,2020,0
0,0.0163921524020199,2020,0
0,0.0166267283686443,2020,0
0,0.0168128893005403,2020,0
0,0.0133341560937351,2020,0
0,0.0133341560937351,2020,0
0,0.0166918209872013,2020,0
0,0.0428691088718518,2020,0
0,0.0505937284774931,2020,0
0,0.0428691088718518,2020,0
0,0.0428691088718518,2020,0
0,0.0428691088718518,2020,0
0,0.0428691088718518,2020,0
0,0.041915074429752,2020,0
0,0.0505937284774931,2020,0
0,0.0428691088718518,2020,0
0,0.0428691088718518,2020,0
0,0.0428691088718518,2020,0
0,0.0505937284774931,2020,0
0,0.0428691088718518,2020,0
0,0.0428691088718518,2020,0
0,0.0428691088718518,2020,0
0,0.0428691088718518,2020,0
0,0.0421575544057612,2020,0
0,0.0428691088718518,2020,0
0,0.0428691088718518,2020,0
0,0.0428691088718518,2020,0
0,0.0428691088718518,2020,0
0,0.0428691088718518,2020,0
0,0.0428691088718518,2020,0
0,0.0816854644525539,2020,0
0,0.0506793642857645,2020,0
0,0.0536562428123474,2020,0
0,0.0347047121997441,2020,0
0,0.0361173132351871,2020,0
0,0.0329304726320389,2020,0
0,0.0276489633934946,2020,0
0,0.00989732777825563,2020,0
0,0.0389127091978614,2020,0
0,0.0225207599611305,2020,0
0,0.0336970725701483,2020,0
0,0.0173457940574293,2020,0
0,0.0616294797150337,2020,0
0,0.0449306428140947,2020,0
0,0.017713738455568,2020,0
0,0.0169556767781818,2020,0
0,0.0168670264293086,2020,0
0,0.0406035041794856,2020,0
0,0.0267464484652097,2020,0
0,0.0267464484652097,2020,0
0,0.0267464484652097,2020,0
0,0.0347438587988601,2020,0
0,0.0300953407194085,2020,0
0,0.0370155827909871,2020,0
0,0.051964363843249,2020,0
0,0.0388863078075515,2020,0
0,0.0278262161934776,2020,0
0,0.0278262161934776,2020,0
0,0.0278262161934776,2020,0
0,0.0278262161934776,2020,0
0,0.0278262161934776,2020,0
0,0.0278262161934776,2020,0
0,0.0278262161934776,2020,0
0,0.0278262161934776,2020,0
0,0.0278262161934776,2020,0
0,0.0278262161934776,2020,0
0,0.0278262161934776,2020,0
0,0.0278262161934776,2020,0
0,0.0278262161934776,2020,0
0,0.0278262161934776,2020,0
0,0.0278262161934776,2020,0
0,0.0580825455689888,2020,0
0,0.093726496973152,2020,0
0,0.063261146056061,2020,0
0,0.0684715378474446,2020,0
0,0.066435315891762,2020,0
0,0.0330185651071918,2020,0
0,0.0324772061306095,2020,0
0,0.0327075457416289,2020,0
0,0.0329719685319784,2020,0
0,0.0331056090364631,2020,0
0,0.0329676720728023,2020,0
0,0.0324772061306095,2020,0
0,0.0328760736896287,2020,0
0,0.032635803725019,2020,0
0,0.0283066846393322,2020,0
0,0.0270369054547211,2020,0
0,0.0270369054547211,2020,0
0,0.0431232893810243,2020,0
0,0.0270142637700699,2020,0
0,0.0273755081513596,2020,0
0,0.0262633882638044,2020,0
0,0.074489360618004,2020,0
0,0.0330714022134954,2020,0
0,0.0335489099088642,2020,0
0,0.0393131483952756,2020,0
0,0.0401487349535665,2020,0
0,0.0281122435371816,2020,0
0,0.025750034420317,2020,0
0,0.0412572523302686,2020,0
0,0.0704113288307328,2020,0
0,0.101224777527764,2020,0
0,0.0749967006553584,2020,0
0,0.0313236398356792,2020,0
0,0.0189759017528324,2020,0
0,0.0379631160330034,2020,0
0,0.0464110750731367,2020,0
0,0.0343024535010752,2020,0
0,0.0180116252142407,2020,0
0,0.0180569310342289,2020,0
0,0.0180155384912829,2020,0
0,0.0927649626231316,2020,0
0,0.101036056539319,2020,0
0,0.0300762899783692,2020,0
0,0.0347481072529018,2020,0
0,0.0331562878324172,2020,0
0,0.05720675306786,2020,0
0,0.054406169671219,2020,0
0,0.041921470553427,2020,0
0,0.0184630089606996,2020,0
0,0.0155154517035191,2020,0
0,0.0182458201822917,2020,0
0,0.0184630089606996,2020,0
0,0.0155154517035191,2020,0
0,0.0184859427508407,2020,0
0,0.0155154517035191,2020,0
0,0.0162591255210839,2020,0
0,0.0184859427508407,2020,0
0,0.0460734878904289,2020,0
0,0.047022210886558,2020,0
0,0.047022210886558,2020,0
0,0.047022210886558,2020,0
0,0.047022210886558,2020,0
0,0.047022210886558,2020,0
0,0.047022210886558,2020,0
0,0.047022210886558,2020,0
0,0.047022210886558,2020,0
0,0.047022210886558,2020,0
0,0.0529021143643593,2020,0
0,0.047022210886558,2020,0
0,0.0529021143643593,2020,0
0,0.0529021143643593,2020,0
0,0.047022210886558,2020,0
0,0.047022210886558,2020,0
0,0.047022210886558,2020,0
0,0.047022210886558,2020,0
0,0.047022210886558,2020,0
0,0.047022210886558,2020,0
0,0.047022210886558,2020,0
0,0.0460818485649344,2020,0
0,0.151686348718065,2020,0
0,0.0248424299802058,2020,0
0,0.066929681388443,2020,0
0,0.10478892774436,2020,0
0,0.0188739223050833,2020,0
0,0.0183723206466329,2020,0
0,0.0183723206466329,2020,0
0,0.0183723206466329,2020,0
0,0.018811090426202,2020,0
0,0.0890623335963213,2020,0
0,0.043766133006397,2020,0
0,0.0113350093666806,2020,0
0,0.047762239044658,2020,0
0,0.0530578148991328,2020,0
0,0.0412193998212241,2020,0
0,0.0157579712956289,2020,0
0,0.062903601492723,2020,0
0,0.0331790100049075,2020,0
0,0.0269171034359115,2020,0
0,0.0747623990980898,2020,0
0,0.0363626968484771,2020,0
0,0.0363626968484771,2020,0
0,0.0363626968484771,2020,0
0,0.0239513650328197,2020,0
0,0.0239513650328197,2020,0
0,0.0363626968484771,2020,0
0,0.0749504165564294,2020,0
0,0.0450773552193752,2020,0
0,0.0112958963991819,2020,0
0,0.0407446367478612,2020,0
0,0.0246493784832861,2020,0
0,0.0581782335827604,2020,0
0,0.0738404952033589,2020,0
0,0.0706327782918243,2020,0
0,0.0288657271576109,2020,0
0,0.0281127435242497,2020,0
0,0.0275166055512805,2020,0
0,0.0617940315215019,2020,0
0,0.0624665624746412,2020,0
0,0.024469745893761,2020,0
0,0.0399802463264343,2020,0
0,0.0368247157773914,2020,0
0,0.0368247157773914,2020,0
0,0.0368247157773914,2020,0
0,0.0662922697150673,2020,0
0,0.0667347973450317,2020,0
0,0.0351397976736982,2020,0
0,NA,2020,NA
0,0.0538760171115498,2020,0
0,0.0662651859688694,2020,0
0,0.0634256637413996,2020,0
0,0.0751263804036093,2020,0
0,0.0266255684304031,2020,0
0,0.0475705117303994,2020,0
0,0.0495371206384383,2020,0
0,0.0365026356473268,2020,0
0,0.0365026356473268,2020,0
0,0.0365026356473268,2020,0
0,0.0365026356473268,2020,0
0,0.0365026356473268,2020,0
0,0.0365026356473268,2020,0
0,0.0365026356473268,2020,0
0,0.0365026356473268,2020,0
0,0.0365026356473268,2020,0
0,0.0365026356473268,2020,0
0,0.0365026356473268,2020,0
0,0.0365026356473268,2020,0
0,0.0365026356473268,2020,0
0,0.0365026356473268,2020,0
0,0.0365026356473268,2020,0
0,0.0651341055169511,2020,0
0,0.0434137791781096,2020,0
0,0.113984020141369,2020,0
0,0.0912945406897213,2020,0
0,0.0848574023973533,2020,0
0,0.0818190003311689,2020,0
0,0.0434417435129897,2020,0
0,0.0433786170209222,2020,0
0,0.0431654151830183,2020,0
0,0.0434938141913759,2020,0
0,0.0434516496877954,2020,0
0,0.0431451280589485,2020,0
0,0.0432396825360719,2020,0
0,0.0433883250324617,2020,0
0,0.0431451280589485,2020,0
0,0.0432269596951583,2020,0
0,0.0382020521494545,2020,0
0,0.0400285332492703,2020,0
0,0.0400285332492703,2020,0
0,0.035225532990093,2020,0
0,0.0344039820273137,2020,0
0,0.0458321063781701,2020,0
0,0.0536997112169366,2020,0
0,0.0515964616498125,2020,0
0,0.0576327709820291,2020,0
0,0.0426583292387714,2020,0
0,0.0629646780293163,2020,0
0,0.0330490367758652,2020,0
0,0.0405643713887953,2020,0
0,0.0730709179763828,2020,0
0,0.0187741592735489,2020,0
0,0.112659025918445,2020,0
0,0.0934693580482469,2020,0
0,0.0744869925976623,2020,0
0,0.0378377557239962,2020,0
0,0.0576386573187639,2020,0
0,0.0576386573187639,2020,0
0,0.0212316060970796,2020,0
0,0.0144222258318773,2020,0
0,0.0470718832446434,2020,0
0,0.0534636400236405,2020,0
0,0.0356727012826159,2020,0
0,0.0184016843264416,2020,0
0,0.0184349568433887,2020,0
0,0.0183985417094735,2020,0
0,0.0848332990571619,2020,0
0,0.107571172408104,2020,0
0,0.0332510916234243,2020,0
0,0.0384716470855337,2020,0
0,0.0364196475783999,2020,0
0,0.0563885118846745,2020,0
0,0.0606475391712352,2020,0
0,0.0442371548177739,2020,0
0,0.0175548820483029,2020,0
0,0.0175548820483029,2020,0
0,0.020355600339882,2020,0
0,0.0203553813659355,2020,0
0,0.020355600339882,2020,0
0,0.0202268299709655,2020,0
0,0.0186134707467181,2020,0
0,0.0203553813659355,2020,0
0,0.0175548820483029,2020,0
0,0.0551011416253851,2020,0
0,0.0563470084160782,2020,0
0,0.0610802471094958,2020,0
0,0.0610802471094958,2020,0
0,0.0563470084160782,2020,0
0,0.0563470084160782,2020,0
0,0.0563470084160782,2020,0
0,0.0563470084160782,2020,0
0,0.0610802471094958,2020,0
0,0.0563470084160782,2020,0
0,0.0563470084160782,2020,0
0,0.0563470084160782,2020,0
0,0.0563470084160782,2020,0
0,0.0555775379049333,2020,0
0,0.0563470084160782,2020,0
0,0.0563470084160782,2020,0
0,0.0563470084160782,2020,0
0,0.0563470084160782,2020,0
0,0.0517435995839238,2020,0
0,0.0248354319304636,2020,0
0,0.0667379498910201,2020,0
0,0.0953600882262502,2020,0
0,0.0176381745679465,2020,0
0,0.0164589240046488,2020,0
0,0.0164589240046488,2020,0
0,0.0167636186865352,2020,0
0,0.0163699184775239,2020,0
0,0.016496318150018,2020,0
0,0.0169522862518423,2020,0
0,0.0164589240046488,2020,0
0,0.0164589240046488,2020,0
0,0.016216444084878,2020,0
0,0.0164589240046488,2020,0
0,0.0169522862518423,2020,0
0,0.0166953679182995,2020,0
0,0.0164589240046488,2020,0
0,0.0164589240046488,2020,0
0,0.0164589240046488,2020,0
0,0.0164589240046488,2020,0
0,0.0162828546820606,2020,0
0,0.0164589240046488,2020,0
0,0.016200301454085,2020,0
0,0.0164589240046488,2020,0
0,0.0167636186865352,2020,0
0,0.0167802698758538,2020,0
0,0.0815202656213386,2020,0
0,0.0453254903629375,2020,0
0,0.0484116131501192,2020,0
0,0.0540649165288909,2020,0
0,0.014564252416651,2020,0
0,0.0413684081776287,2020,0
0,0.0260419607190892,2020,0
0,0.0363175439690616,2020,0
0,0.0224152076245271,2020,0
0,0.0363175439690616,2020,0
0,0.0363175439690616,2020,0
0,0.0224152076245271,2020,0
0,0.0363175439690616,2020,0
0,0.0438849783026499,2020,0
0,0.0375084310899051,2020,0
0,0.065708305756518,2020,0
0,0.0540943152077979,2020,0
0,0.0554116250549635,2020,0
0,0.0541793859009643,2020,0
0,0.0563541529955615,2020,0
0,0.0237866314661916,2020,0
0,0.0250364249390452,2020,0
0,0.0242754267371967,2020,0
0,0.0527925409956021,2020,0
0,0.0521485568208087,2020,0
0,0.0211403021605989,2020,0
0,0.0389628410649682,2020,0
0,0.0322075196454922,2020,0
0,0.0322075196454922,2020,0
0,0.0322075196454922,2020,0
0,0.0633758866967483,2020,0
0,0.0641203505198921,2020,0
0,0.0349255477723632,2020,0
0,0.0575761398024816,2020,0
0,0.0707537388664975,2020,0
0,0.0435196723042473,2020,0
0,0.051827911519071,2020,0
0,0.0628904596309589,2020,0
0,0.0628904596309589,2020,0
0,0.0216897711190886,2020,0
0,0.0532076963651058,2020,0
0,0.0423900295804251,2020,0
0,0.0448941767821976,2020,0
0,0.0314121465051701,2020,0
0,0.0314121465051701,2020,0
0,0.0314121465051701,2020,0
0,0.0314121465051701,2020,0
0,0.0314121465051701,2020,0
0,0.0314121465051701,2020,0
0,0.0314121465051701,2020,0
0,0.0314121465051701,2020,0
0,0.0314121465051701,2020,0
0,0.0314121465051701,2020,0
0,0.0314121465051701,2020,0
0,0.0314121465051701,2020,0
0,0.0314121465051701,2020,0
0,0.0314121465051701,2020,0
0,0.0314121465051701,2020,0
0,0.0611731331089725,2020,0
0,0.0616513201137098,2020,0
0,0.0952216612351326,2020,0
0,0.0672790234389428,2020,0
0,0.0745911775405065,2020,0
0,0.0385900414633745,2020,0
0,0.0387192882213504,2020,0
0,0.0386928882638804,2020,0
0,0.0387934304707372,2020,0
0,0.0384411158793599,2020,0
0,0.0387575769474028,2020,0
0,0.038730438342974,2020,0
0,0.0385408460359352,2020,0
0,0.0384411158793599,2020,0
0,0.0385195290797942,2020,0
0,0.0321044075962925,2020,0
0,0.0335270502205198,2020,0
0,0.0335270502205198,2020,0
0,0.0443664469840634,2020,0
0,0.0422542441479747,2020,0
0,0.0925386643993928,2020,0
0,0.0281266025320523,2020,0
0,0.028569972566347,2020,0
0,0.0657675961449277,2020,0
0,0.0356567515984966,2020,0
0,0.0436566468735166,2020,0
0,0.0263061751350319,2020,0
0,0.0417830688871004,2020,0
0,0.0272961072208605,2020,0
0,0.0661672663876124,2020,0
0,0.055656049846298,2020,0
0,0.0578656660752046,2020,0
0,0.026157002516136,2020,0
0,0.026157002516136,2020,0
0,0.0159396590792997,2020,0
0,0.0918606288976087,2020,0
0,0.0661598455031393,2020,0
0,0.0601343220343706,2020,0
0,0.0316326023665985,2020,0
0,0.0415311219744718,2020,0
0,0.0670198155343284,2020,0
0,0.0521369447814493,2020,0
0,0.0513351251389004,2020,0
0,0.0543186988980019,2020,0
0,0.0543186988980019,2020,0
0,0.018907901222285,2020,0
0,0.0121619880781395,2020,0
0,0.033207579219163,2020,0
0,0.0408350312689903,2020,0
0,0.0408350312689903,2020,0
0,0.0456221256680747,2020,0
0,0.028050815768889,2020,0
0,0.0146158426798263,2020,0
0,0.0559412114742672,2020,0
0,0.0981231930628311,2020,0
0,0.0303289855195715,2020,0
0,0.0316470865174524,2020,0
0,0.0558574984569324,2020,0
0,0.0410413431974452,2020,0
0,0.0188499747466077,2020,0
0,0.0160277711263904,2020,0
0,0.0190551981003968,2020,0
0,0.0160277711263904,2020,0
0,0.0169273643281154,2020,0
0,0.0190551981003968,2020,0
0,0.0160277711263904,2020,0
0,0.0190408695062104,2020,0
0,0.0518468359828219,2020,0
0,0.0506710297073486,2020,0
0,0.0518468359828219,2020,0
0,0.0576383600422791,2020,0
0,0.0518468359828219,2020,0
0,0.0518468359828219,2020,0
0,0.0518468359828219,2020,0
0,0.0576383600422791,2020,0
0,0.0518468359828219,2020,0
0,0.0357900327809945,2020,0
0,0.0192261422684355,2020,0
0,0.0580384689337154,2020,0
0,0.0718872395948509,2020,0
0,0.0142645145532165,2020,0
0,0.0135223049612069,2020,0
0,0.0135223049612069,2020,0
0,0.0135673261159499,2020,0
0,0.0136325316525172,2020,0
0,0.0137593637110188,2020,0
0,0.0134447777310418,2020,0
0,0.0133793950439866,2020,0
0,0.0135223049612069,2020,0
0,0.0135223049612069,2020,0
0,0.0135223049612069,2020,0
0,0.0135223049612069,2020,0
0,0.0135223049612069,2020,0
0,0.0135223049612069,2020,0
0,0.0135223049612069,2020,0
0,0.0134217965787064,2020,0
0,0.0134373554849079,2020,0
0,0.013638238586463,2020,0
0,0.0136706116859522,2020,0
0,0.0137593637110188,2020,0
0,0.0135223049612069,2020,0
0,0.0135223049612069,2020,0
0,0.0136706116859522,2020,0
0,0.0537206047800733,2020,0
0,0.0405486047382769,2020,0
0,0.0363764202651975,2020,0
0,0.0375521468565595,2020,0
0,0.0341647834820571,2020,0
0,0.0293839736024479,2020,0
0,0.0281132143930222,2020,0
0,0.022610233604167,2020,0
0,0.0186639815566732,2020,0
0,0.0315115729132974,2020,0
0,0.0315115729132974,2020,0
0,0.0186639815566732,2020,0
0,0.0315115729132974,2020,0
0,0.0315115729132974,2020,0
0,0.0397822224215232,2020,0
0,0.0260925740758598,2020,0
0,0.058843516325274,2020,0
0,0.0430316666140542,2020,0
0,0.0446186485758364,2020,0
0,0.0431221238895566,2020,0
0,0.0178504984505195,2020,0
0,0.0186081821211139,2020,0
0,0.0409799819250351,2020,0
0,0.0404085514786156,2020,0
0,0.0237067239397507,2020,0
0,0.0361898782657169,2020,0
0,0.0289578207099278,2020,0
0,0.0289578207099278,2020,0
0,0.0289578207099278,2020,0
0,0.0631527314464483,2020,0
0,0.0338864085192596,2020,0
0,0.0864237006915028,2020,0
0,0.0673054475440305,2020,0
0,0.0385909833670429,2020,0
0,0.0442208835667565,2020,0
0,0.0490040521937607,2020,0
0,0.0492591406366793,2020,0
0,0.0492591406366793,2020,0
0,0.0492591406366793,2020,0
0,0.0654879917243928,2020,0
0,0.0184478879464314,2020,0
0,0.0259437498059349,2020,0
0,0.0234511810158336,2020,0
0,0.0234511810158336,2020,0
0,0.0234511810158336,2020,0
0,0.0223559561133719,2020,0
0,0.0234511810158336,2020,0
0,0.0234511810158336,2020,0
0,0.0259437498059349,2020,0
0,0.0259437498059349,2020,0
0,0.0259437498059349,2020,0
0,0.0234359972327993,2020,0
0,0.0294004582631865,2020,0
0,0.0439779255684943,2020,0
0,0.0430316518194762,2020,0
0,0.0462041571432641,2020,0
0,0.0311059335806421,2020,0
0,0.0311059335806421,2020,0
0,0.0311059335806421,2020,0
0,0.0311059335806421,2020,0
0,0.0311059335806421,2020,0
0,0.0311059335806421,2020,0
0,0.0311059335806421,2020,0
0,0.0311059335806421,2020,0
0,0.0311059335806421,2020,0
0,0.0311059335806421,2020,0
0,0.0311059335806421,2020,0
0,0.0311059335806421,2020,0
0,0.0311059335806421,2020,0
0,0.0311059335806421,2020,0
0,0.0648962213243831,2020,0
0,0.066248155856668,2020,0
0,0.0704982577622401,2020,0
0,0.0357036293529239,2020,0
0,0.0353178363835135,2020,0
0,0.035863876486317,2020,0
0,0.0355162534158497,2020,0
0,0.0357864154626523,2020,0
0,0.0353178363835135,2020,0
0,0.0355158988540656,2020,0
0,0.0356788403776504,2020,0
0,0.0357037344046802,2020,0
0,0.0357586792196081,2020,0
0,0.0332998987614485,2020,0
0,0.0319989389326812,2020,0
0,0.0319989389326812,2020,0
0,0.0883692237055725,2020,0
0,0.0576256898780936,2020,0
0,0.0363934790083304,2020,0
0,0.0445961508797,2020,0
0,0.0297688825337855,2020,0
0,0.0286039657399349,2020,0
0,0.0586293465647012,2020,0
0,0.0613587787674866,2020,0
0,0.0260391848041828,2020,0
0,0.104054416793608,2020,0
0,0.0621357481545772,2020,0
0,0.0357883053773189,2020,0
0,0.0459092294653539,2020,0
0,0.0443457026091383,2020,0
0,0.0583751061035772,2020,0
0,0.050860192653621,2020,0
0,0.0583751061035772,2020,0
0,0.0187354339456227,2020,0
0,0.0120946058045999,2020,0
0,0.043464096781657,2020,0
0,0.0501905814559815,2020,0
0,0.0486744283209871,2020,0
0,0.0501905814559815,2020,0
0,0.0501905814559815,2020,0
0,0.0501905814559815,2020,0
0,0.0501905814559815,2020,0
0,0.0534699418783719,2020,0
0,0.0363521140815334,2020,0
0,0.0429886858841859,2020,0
0,0.0188338495934137,2020,0
0,0.0882452230123639,2020,0
0,0.115458934578054,2020,0
0,0.0414442868166082,2020,0
0,0.0389902741181697,2020,0
0,0.0450267903181515,2020,0
0,0.0187010264413841,2020,0
0,0.0159112770732677,2020,0
0,0.0159112770732677,2020,0
0,0.0166476080270142,2020,0
0,0.0159112770732677,2020,0
0,0.0187010264413841,2020,0
0,0.0184745793250336,2020,0
0,0.0186730004208822,2020,0
0,0.0506198396034472,2020,0
0,0.0506198396034472,2020,0
0,0.0506198396034472,2020,0
0,0.0506198396034472,2020,0
0,0.0287410970429262,2020,0
0,0.145740137428465,2020,0
0,0.031284436459382,2020,0
0,0.0772761002313481,2020,0
0,0.115061332022356,2020,0
0,0.0193876184116262,2020,0
0,0.0210399318031613,2020,0
0,0.0205723019970946,2020,0
0,0.0217581878718502,2020,0
0,0.0222260324943358,2020,0
0,0.0210399318031613,2020,0
0,0.0210399318031613,2020,0
0,0.020951436712471,2020,0
0,0.0210399318031613,2020,0
0,0.0210399318031613,2020,0
0,0.0210399318031613,2020,0
0,0.0210399318031613,2020,0
0,0.0215956788106766,2020,0
0,0.0206382406250616,2020,0
0,0.0210576672821772,2020,0
0,0.0203715630704787,2020,0
0,0.0210399318031613,2020,0
0,0.0210399318031613,2020,0
0,0.0217581878718502,2020,0
0,0.0210399318031613,2020,0
0,0.0210399318031613,2020,0
0,0.0222260324943358,2020,0
0,0.0219121239730575,2020,0
0,0.0210399318031613,2020,0
0,0.0987775756562593,2020,0
0,0.0545213067733169,2020,0
0,0.0544151275354298,2020,0
0,0.0615187468779322,2020,0
0,0.0649306110284352,2020,0
0,0.0576112005587039,2020,0
0,0.048938568713974,2020,0
0,0.0468463904405258,2020,0
0,0.0289461777754442,2020,0
0,0.0387872102715494,2020,0
0,0.0554545449873717,2020,0
0,0.0360912358026351,2020,0
0,0.0515623253375259,2020,0
0,0.0516568667122364,2020,0
0,0.0533583385662366,2020,0
0,0.0275850218613802,2020,0
0,0.0282321167876022,2020,0
0,0.0621875776713772,2020,0
0,0.0628317824890562,2020,0
0,0.0355158050939237,2020,0
0,0.0479282827622721,2020,0
0,0.0479282827622721,2020,0
0,0.0479282827622721,2020,0
0,0.142127072611931,2020,0
0,NA,2020,NA
0,0.100995353296984,2020,0
0,0.0510506507536995,2020,0
0,0.0529224288574963,2020,0
0,0.0583690746807374,2020,0
0,0.0668766997392929,2020,0
0,0.0993652768703094,2020,0
0,0.0597059026215924,2020,0
0,0.0413788769332346,2020,0
0,0.0413788769332346,2020,0
0,0.0390820463114566,2020,0
0,0.0413788769332346,2020,0
0,0.041324571890912,2020,0
0,0.0467730391805797,2020,0
0,0.0467730391805797,2020,0
0,0.0370860120375496,2020,0
0,0.0467730391805797,2020,0
0,0.0413788769332346,2020,0
0,0.0467730391805797,2020,0
0,0.0554523781793692,2020,0
0,0.0658057002690308,2020,0
0,0.0718898863008261,2020,0
0,0.0776869539581875,2020,0
0,0.0510907634045088,2020,0
0,0.0510907634045088,2020,0
0,0.0510907634045088,2020,0
0,0.0510907634045088,2020,0
0,0.0510907634045088,2020,0
0,0.0510907634045088,2020,0
0,0.0510907634045088,2020,0
0,0.0510907634045088,2020,0
0,0.0510907634045088,2020,0
0,0.0510907634045088,2020,0
0,0.0510907634045088,2020,0
0,0.0510907634045088,2020,0
0,0.0510907634045088,2020,0
0,0.0510907634045088,2020,0
0,0.113944577460595,2020,0
0,0.0720320636438065,2020,0
0,0.0996172868556992,2020,0
0,0.0532840698478482,2020,0
0,0.0545822942941079,2020,0
0,0.053849423838339,2020,0
0,0.0541380479192519,2020,0
0,0.0535217153266232,2020,0
0,0.0540459105934318,2020,0
0,0.0531713017456758,2020,0
0,0.0540752265284981,2020,0
0,0.0539529695340152,2020,0
0,0.0540752265284981,2020,0
0,0.0496373483191281,2020,0
0,0.0496373483191281,2020,0
0,0.0919922501671149,2020,0
0,0.0671530458439515,2020,0
0,0.0560837120181133,2020,0
0,0.0544567033951495,2020,0
0,0.0668548140890465,2020,0
0,0.0471354323180247,2020,0
0,0.0490554009518642,2020,0
0,0.0895102366187028,2020,0
0,0.0969428715140061,2020,0
0,0.153416421601466,2020,0
0,0.0484370833951464,2020,0
0,0.0588100532599312,2020,0
0,0.070897273760095,2020,0
0,0.0183934163968477,2020,0
0,0.0134803968635629,2020,0
0,0.0466311765272768,2020,0
0,0.0557579997978444,2020,0
0,0.0557579997978444,2020,0
0,0.0557579997978444,2020,0
0,0.0651901505536343,2020,0
0,0.0376885977554627,2020,0
0,0.0210706594785752,2020,0
0,0.0822632060140198,2020,0
0,0.107918904644383,2020,0
0,0.0358911411102145,2020,0
0,0.0368917747845427,2020,0
0,0.0553422892004618,2020,0
0,0.0412379650725575,2020,0
0,0.0150443688155511,2020,0
0,0.0150443688155511,2020,0
0,0.017982003272615,2020,0
0,0.017982003272615,2020,0
0,0.0150443688155511,2020,0
0,0.0157978160483007,2020,0
0,0.0179414626515949,2020,0
0,0.159573990594125,2020,0
0,0.0660664139096853,2020,0
0,0.0410379558447896,2020,0
0,0.0780134434780358,2020,0
0,0.0580272694914895,2020,0
0,0.0650557752420225,2020,0
0,0.0437189187587733,2020,0
0,0.0277588257600052,2020,0
0,0.0476381047271698,2020,0
0,0.0490599047958886,2020,0
0,0.0836437954764097,2020,0
0,0.0689057562137803,2020,0
0,0.0368902463019558,2020,0
0,0.0363045116807568,2020,0
0,0.0760736462093292,2020,0
0,0.0767432969856305,2020,0
0,0.0437232026813032,2020,0
0,0.0437232026813032,2020,0
0,0.0437232026813032,2020,0
0,NA,2020,NA
0,0.0837208210164898,2020,0
0,0.0685906470177884,2020,0
0,0.138152169219642,2020,0
0,0.043662735577619,2020,0
0,0.0492366884416616,2020,0
0,0.0492366884416616,2020,0
0,0.0492366884416616,2020,0
0,0.043662735577619,2020,0
0,0.151664616150323,2020,0
0,0.0763753092745491,2020,0
0,0.0847303498663563,2020,0
0,0.0581449232543427,2020,0
0,0.0402880110328798,2020,0
0,0.0402880110328798,2020,0
0,0.0402880110328798,2020,0
0,0.0402880110328798,2020,0
0,0.0402880110328798,2020,0
0,0.0402880110328798,2020,0
0,0.0402880110328798,2020,0
0,0.0402880110328798,2020,0
0,0.0402880110328798,2020,0
0,0.0402880110328798,2020,0
0,0.0402880110328798,2020,0
0,0.0803579336512348,2020,0
0,0.0904048251050589,2020,0
0,0.0771927709646885,2020,0
0,0.0394159864694291,2020,0
0,0.0740429235962859,2020,0
0,0.0635178773392005,2020,0
0,0.0626406023095555,2020,0
0,0.0665688368529881,2020,0
0,0.0384837133070673,2020,0
0,0.0416537772096578,2020,0
0,0.0174188453669133,2020,0
0,0.103080940891221,2020,0
0,0.0309935864388832,2020,0
0,0.0406443435812146,2020,0
0,0.0417665695777773,2020,0
0,0.0574086801081,2020,0
0,0.0595862994249507,2020,0
0,0.0167715616752821,2020,0
0,0.0631442330422947,2020,0
0,0.0605694350699025,2020,0
0,0.0605694350699025,2020,0
0,0.0605694350699025,2020,0
0,0.0605694350699025,2020,0
0,0.0605694350699025,2020,0
0,0.0669848246897231,2020,0
0,0.0309381073452348,2020,0
0,0.0164318525375011,2020,0
0,0.0748639720591816,2020,0
0,0.0983865474602566,2020,0
0,0.0298192699193999,2020,0
0,0.0319205826902386,2020,0
0,0.0183172141181906,2020,0
0,0.015729417153199,2020,0
0,0.0183112253109224,2020,0
0,0.0147779925542807,2020,0
0,0.0147779925542807,2020,0
0,0.0183172141181906,2020,0
0,0.212939411442416,2020,0
0,0.0412717825464307,2020,0
0,0.0727940635970296,2020,0
0,0.0716898232001597,2020,0
0,0.0634047310211231,2020,0
0,0.0481402264847524,2020,0
0,0.0216586438766681,2020,0
0,0.0372449900344626,2020,0
0,0.0673820838114199,2020,0
0,0.0574956417910295,2020,0
0,0.030639834013731,2020,0
0,0.0314209753338303,2020,0
0,0.062858007266817,2020,0
0,0.0635625840413235,2020,0
0,0.032253374397039,2020,0
0,0.0537648802812875,2020,0
0,0.0642460107199515,2020,0
0,0.146699752950458,2020,0
0,0.0471019814903771,2020,0
0,0.0471019814903771,2020,0
0,0.0471019814903771,2020,0
0,0.0418023373580457,2020,0
0,0.0418023373580457,2020,0
0,0.0860392113147143,2020,0
0,0.0478216570002831,2020,0
0,0.0333910045379658,2020,0
0,0.0333910045379658,2020,0
0,0.0333910045379658,2020,0
0,0.0333910045379658,2020,0
0,0.0333910045379658,2020,0
0,0.0333910045379658,2020,0
0,0.0333910045379658,2020,0
0,0.0333910045379658,2020,0
0,0.0333910045379658,2020,0
0,0.0333910045379658,2020,0
0,0.0333910045379658,2020,0
0,0.0333910045379658,2020,0
0,0.071952529578345,2020,0
0,0.030587790386758,2020,0
0,0.0441928493718678,2020,0
0,0.107720372019026,2020,0
0,0.0666822516000964,2020,0
0,0.0643921367804755,2020,0
0,0.0622650201510348,2020,0
0,0.0614929983781504,2020,0
0,0.0654037093785502,2020,0
0,0.0621395269520449,2020,0
0,0.103918910817609,2020,0
0,0.0290567381581123,2020,0
0,0.0395074239918736,2020,0
0,0.038439475128207,2020,0
0,0.0544866012321441,2020,0
0,0.0746842473268205,2020,0
0,0.0707967302343346,2020,0
0,0.0707967302343346,2020,0
0,0.0707967302343346,2020,0
0,0.0707967302343346,2020,0
0,0.0759888902422525,2020,0
0,0.017839574914224,2020,0
0,0.083681637822383,2020,0
0,0.0175141077227712,2020,0
0,0.0138276315823196,2020,0
0,0.0175258437446745,2020,0
0,0.0680670630626537,2020,0
0,0.0891569622691609,2020,0
0,0.117818534403795,2020,0
0,0.101523366925273,2020,0
0,0.0252974608916071,2020,0
0,0.0442117192388479,2020,0
0,0.0607837041364845,2020,0
0,0.0632329533322323,2020,0
0,0.035435323170229,2020,0
0,0.0348340714485934,2020,0
0,0.0733233643191008,2020,0
0,0.0726087530645746,2020,0
0,0.0393909451050577,2020,0
0,0.065750185746771,2020,0
0,0.061535351756778,2020,0
0,0.071322961596274,2020,0
0,0.181702308994156,2020,0
0,0.0519156021945238,2020,0
0,0.0593436050317378,2020,0
0,0.0519156021945238,2020,0
0,0.0568795838961537,2020,0
0,0.0821140907655105,2020,0
0,0.0409724424927064,2020,0
0,0.0409724424927064,2020,0
0,0.0409724424927064,2020,0
0,0.0409724424927064,2020,0
0,0.0409724424927064,2020,0
0,0.0409724424927064,2020,0
0,0.0409724424927064,2020,0
0,0.0409724424927064,2020,0
0,0.0409724424927064,2020,0
0,0.0409724424927064,2020,0
0,0.0409724424927064,2020,0
0,0.0839718713318951,2020,0
0,0.0505645102986098,2020,0
0,0.0741047225024079,2020,0
0,0.07456255933719,2020,0
0,0.0556496716819145,2020,0
0,0.0397150182564993,2020,0
0,0.0539732077943231,2020,0
0,0.0740228616710368,2020,0
0,0.0325550514043728,2020,0
0,0.0825277445104116,2020,0
0,0.0871194248719294,2020,0
0,0.0202519735041282,2020,0
0,0.093420996145375,2020,0
0,0.0186943883375894,2020,0
0,0.0187000530838221,2020,0
0,0.0150330971345044,2020,0
0,0.0684124589263328,2020,0
0,0.09781660466354,2020,0
0,0.126691224130541,2020,0
0,0.108891596069175,2020,0
0,0.0288989669153268,2020,0
0,0.0615203874645855,2020,0
0,0.0741868091717992,2020,0
0,0.0794061689243554,2020,0
0,0.0877283118237039,2020,0
0,0.0921769275018659,2020,0
0,0.0557584789580498,2020,0
0,0.0561492498523552,2020,0
0,0.110266081759929,2020,0
0,0.109606441794397,2020,0
0,0.052422492184918,2020,0
0,0.0897367504896559,2020,0
0,0.0793294551913231,2020,0
0,0.0896613435238109,2020,0
0,0.157004339766568,2020,0
0,0.279607053463429,2020,0
0,0.068475490827078,2020,0
0,0.0795851096464368,2020,0
0,0.109941482131486,2020,0
0,0.051893799566869,2020,0
0,0.051893799566869,2020,0
0,0.051893799566869,2020,0
0,0.051893799566869,2020,0
0,0.051893799566869,2020,0
0,0.051893799566869,2020,0
0,0.051893799566869,2020,0
0,0.051893799566869,2020,0
0,0.051893799566869,2020,0
0,0.051893799566869,2020,0
0,0.101328316800495,2020,0
0,0.0632303732822727,2020,0
0,0.0859346182519676,2020,0
0,0.0428016445520492,2020,0
0,0.0825063410970276,2020,0
0,0.04049665779704,2020,0
0,0.0937786535878864,2020,0
0,0.0941030458009694,2020,0
0,0.0188810839822899,2020,0
0,0.0848554884732226,2020,0
0,0.126400353041621,2020,0
0,0.0204639211123019,2020,0
0,0.0162951306495838,2020,0
0,0.0205236259421248,2020,0
0,0.0497109112544016,2020,0
0,0.118433530537512,2020,0
0,0.0780624672821286,2020,0
0,0.0707705528886988,2020,0
0,0.0620607207408052,2020,0
0,0.0248248649164231,2020,0
0,0.0517442285581317,2020,0
0,0.0724306193311232,2020,0
0,0.0731131998939195,2020,0
0,0.0661476976344976,2020,0
0,0.0370917993144743,2020,0
0,0.0363729000984207,2020,0
0,0.0772378765656578,2020,0
0,0.078045070477393,2020,0
0,0.0368842235237438,2020,0
0,0.0738023537698167,2020,0
0,0.154916793592607,2020,0
0,0.0407862628152819,2020,0
0,0.0462739089588895,2020,0
0,0.0708450720334043,2020,0
0,0.0380157799032585,2020,0
0,0.0380157799032585,2020,0
0,0.0380157799032585,2020,0
0,0.0380157799032585,2020,0
0,0.0380157799032585,2020,0
0,0.0380157799032585,2020,0
0,0.0380157799032585,2020,0
0,0.0380157799032585,2020,0
0,0.0380157799032585,2020,0
0,0.0841033595940723,2020,0
0,0.0176361964889272,2020,0
0,0.0195903584566451,2020,0
0,0.0362990387742978,2020,0
0,0.0701016768723479,2020,0
0,0.0299467031059647,2020,0
0,0.0707573430359217,2020,0
0,0.0184382669087047,2020,0
0,0.0184858923519106,2020,0
0,0.0976729676345747,2020,0
0,0.111011907972252,2020,0
0,0.0415250251335616,2020,0
0,0.0507766239750645,2020,0
0,0.0174478369105508,2020,0
0,0.0218122781880549,2020,0
0,0.064362807673906,2020,0
0,0.150678196618367,2020,0
0,0.109273572716235,2020,0
0,0.0624637292794095,2020,0
0,0.0704695051465801,2020,0
0,0.083866843360879,2020,0
0,0.0658147070824005,2020,0
0,0.0420626792785848,2020,0
0,0.0425094623705826,2020,0
0,0.0819144465308129,2020,0
0,0.081120283367959,2020,0
0,0.0459016337336006,2020,0
0,0.0789804660693438,2020,0
0,0.122199630439378,2020,0
0,0.0543756582335175,2020,0
0,0.0587674939070339,2020,0
0,0.106679340502524,2020,0
0,0.0828887347079924,2020,0
0,0.0447875798702553,2020,0
0,0.0447875798702553,2020,0
0,0.0447875798702553,2020,0
0,0.0447875798702553,2020,0
0,0.0447875798702553,2020,0
0,0.0447875798702553,2020,0
0,0.0447875798702553,2020,0
0,0.0447875798702553,2020,0
0,0.0447875798702553,2020,0
0,0.114173311165538,2020,0
0,0.0824737967533681,2020,0
0,0.104115897365007,2020,0
0,0.0224944082535829,2020,0
0,0.0436318639969836,2020,0
0,NA,2020,NA
0,0.034353792502825,2020,0
0,0.0240789463151398,2020,0
0,0.128771292145645,2020,0
0,0.0498677050315278,2020,0
0,0.0579752204418937,2020,0
0,0.028983448594964,2020,0
0,0.0233525346539901,2020,0
0,0.0789259889092048,2020,0
0,0.194952491244072,2020,0
0,0.140185186091812,2020,0
0,0.119515649071482,2020,0
0,0.0916577982684155,2020,0
0,0.103124562898928,2020,0
0,0.0690376338198346,2020,0
0,0.0681386586158909,2020,0
0,0.109962190737326,2020,0
0,0.109126812129227,2020,0
0,0.0919318809629319,2020,0
0,0.10864307500785,2020,0
0,0.167012269091788,2020,0
0,0.210622454825214,2020,0
0,0.0843527244960083,2020,0
0,0.0985202698613708,2020,0
0,0.0746488868728965,2020,0
0,0.103691233528374,2020,0
0,0.0583409503012726,2020,0
0,0.0583409503012726,2020,0
0,0.0583409503012726,2020,0
0,0.0583409503012726,2020,0
0,0.0583409503012726,2020,0
0,0.0583409503012726,2020,0
0,0.0583409503012726,2020,0
0,0.0753905125358263,2020,0
0,0.0713459126583826,2020,0
0,0.14653813620592,2020,0
0,0.137956642657009,2020,0
0,0.027350156869086,2020,0
0,0.088213149456633,2020,0
0,NA,2020,NA
0,0.0593516757224713,2020,0
0,0.116952857365529,2020,0
0,0.160783625228081,2020,0
0,0.0579302937255771,2020,0
0,0.0689243832843765,2020,0
0,0.0329831615865482,2020,0
0,0.0257105157392102,2020,0
0,0.128736982431276,2020,0
0,0.128736982431276,2020,0
0,0.0810508028302844,2020,0
0,0.220159325107987,2020,0
0,0.135906810801699,2020,0
0,0.0886837378714471,2020,0
1,0.0403290778347778,2020,0
1,0.0390297682017756,2020,0
1,0.0346287977893739,2020,0
1,0.0723898005830452,2020,0
1,0.0592187838972395,2020,0
1,0.032253374397039,2020,0
1,0.0604599022894101,2020,0
1,0.032253374397039,2020,0
1,0.05574095237032,2020,0
1,0.05574095237032,2020,0
1,0.0402880110328798,2020,0
1,0.0311059335806421,2020,0
1,0.0329553120475964,2020,0
1,0.0538303451690684,2020,0
1,0.0638312966873361,2020,0
1,0.028081626496754,2020,0
1,0.0534296245468889,2020,0
1,0.0862884185359791,2020,0
1,0.0862884185359791,2020,0
1,0.0431991960876206,2020,0
1,0.110205494987936,2020,0
1,0.0387872102715494,2020,0
1,0.0387872102715494,2020,0
1,0.0387872102715494,2020,0
1,0.0946696232791497,2020,0
1,0.0340743084733109,2020,0
1,0.0420287289716854,2020,0
1,0.0330588353023438,2020,0
1,0.0473367056064533,2020,0
1,0.0707130029197155,2020,0
1,0.0402880110328798,2020,0
1,0.0380157799032585,2020,0
1,0.0576383600422791,2020,0
1,0.132802202869062,2020,0
1,0.0518468359828219,2020,0
1,0.0510194114461337,2020,0
1,0.0428691088718518,2020,0
1,0.047022210886558,2020,0
1,0.0294336223657297,2020,0
1,0.0302434319613917,2020,0
1,0.0470816914916983,2020,0
1,0.0294336223657297,2020,0
1,0.0392846004063036,2020,0
1,0.0392846004063036,2020,0
1,0.0334577264451223,2020,0
1,0.0392846004063036,2020,0
1,0.0387801272318733,2020,0
1,0.0518468359828219,2020,0
1,0.0387801272318733,2020,0
1,0.0361084146228925,2020,0
1,0.0518468359828219,2020,0
1,0.0518468359828219,2020,0
1,0.0387801272318733,2020,0
1,0.0392846004063036,2020,0
1,0.0518468359828219,2020,0
1,0.0392846004063036,2020,0
1,0.0392846004063036,2020,0
1,0.0518468359828219,2020,0
1,0.0518468359828219,2020,0
1,0.0283828803965641,2020,0
1,0.0428691088718518,2020,0
1,0.0428691088718518,2020,0
1,0.047022210886558,2020,0
1,0.0387801272318733,2020,0
1,0.0547561553725557,2020,0
1,0.0333806673870451,2020,0
1,0.0257203800734866,2020,0
1,0.0257203800734866,2020,0
1,0.0416176074869598,2020,0
1,0.0430889591956591,2020,0
1,0.0538054188941457,2020,0
1,0.06498936478785,2020,0
1,0.0333806673870451,2020,0
1,0.0472495559835157,2020,0
1,0.0903240457897751,2020,0
1,0.0500423235250678,2020,0
1,0.0116463916870208,2020,0
1,0.0242633852725131,2020,0
1,0.0499255631588258,2020,0
1,0.0738917776272824,2020,0
1,0.0603183021834458,2020,0
1,0.0362919599466787,2020,0
1,0.0509684508847324,2020,0
1,0.0596825529635243,2020,0
1,0.0409724424927064,2020,0
1,0.0583409503012726,2020,0
1,0.0347363365816702,2020,0
1,0.0593294279846811,2020,0
1,0.0144597886702989,2020,0
1,0.0656935379491627,2020,0
1,0.0573840711436236,2020,0
1,0.0159488662305848,2020,0
1,0.0258804062430419,2020,0
1,0.226931652509311,2020,0
1,0.109765082607417,2020,0
1,0.0530320928878076,2020,0
1,0.0583409503012726,2020,0
1,0.116224346316917,2020,0
1,0.105880859281241,2020,0
1,0.100592722754835,2020,0
1,0.0183494762926149,2020,0
1,0.0493164234987553,2020,0
1,0.0203004142421311,2020,0
1,0.0440216307124281,2020,0
1,0.0613408206066539,2020,0
1,0.0143091416715414,2020,0
1,0.0492508099587107,2020,0
1,0.0206683538873534,2020,0
1,0.055594024503832,2020,0
1,0.0492591406366793,2020,0
1,0.0445892252828927,2020,0
1,0.0631209274171414,2020,0
1,0.0388495877702762,2020,0
1,0.051964363843249,2020,0
1,0.0646263693759334,2020,0
1,0.105320907830312,2020,0
1,0.0327146437281128,2020,0
1,0.0651698299063716,2020,0
1,0.0167570860880017,2020,0
1,0.0955176068232333,2020,0
1,0.0413105949334076,2020,0
1,0.0146210131212612,2020,0
1,0.0166907190530887,2020,0
1,0.0712178342962162,2020,0
1,0.0459864537448287,2020,0
1,0.0945674980076833,2020,0
1,0.0471617442293188,2020,0
1,0.0999352321047905,2020,0
1,0.0407198298604252,2020,0
1,0.0786903669515681,2020,0
1,0.114886177260975,2020,0
1,0.127115763605839,2020,0
1,0.0712379467123223,2020,0
1,0.0242546930466284,2020,0
1,0.036063488665347,2020,0
1,0.0605365340784184,2020,0
1,0.0176998325956822,2020,0
1,0.0625085026704676,2020,0
1,0.0358493112608643,2020,0
1,0.072397983690634,2020,0
1,0.0785627873173601,2020,0
1,0.0142431172546918,2020,0
1,0.0464110750731367,2020,0
1,0.129541377486894,2020,0
1,0.111027322604309,2020,0
1,0.0969701009773005,2020,0
1,0.047613496193662,2020,0
1,NA,2020,NA
1,0.0809521392251632,2020,0
1,0.111335361095963,2020,0
1,0.0260391848041828,2020,0
1,0.0663928418847179,2020,0
1,0.0146571450076917,2020,0
1,0.0758706902391661,2020,0
1,0.0373788119186699,2020,0
1,0.061462900044424,2020,0
1,0.0656054124491409,2020,0
1,0.0929687450794273,2020,0
1,0.0459612594507771,2020,0
1,0.0477959532635384,2020,0
1,0.0707967302343346,2020,0
1,0.0573171823202983,2020,0
1,0.156015056549126,2020,0
1,0.0679803209530072,2020,0
1,0.0417469396701263,2020,0
1,0.0912891615616088,2020,0
1,0.0444141215086512,2020,0
1,0.0488418568182406,2020,0
1,0.0593436050317378,2020,0
1,0.0593436050317378,2020,0
1,0.043662735577619,2020,0
1,0.0833923773753568,2020,0
1,0.0644509621466238,2020,0
0,0.063593698352008,2021,0
0,0.117963039286013,2021,0
0,0.167770208181125,2021,0
0,0.160988758678671,2021,0
0,0.0625104321228166,2021,0
0,0.0660694648549241,2021,0
0,0.0660694648549241,2021,0
0,0.0660694648549241,2021,0
0,0.0660694648549241,2021,0
0,0.0660694648549241,2021,0
0,0.0918289523943043,2021,0
0,0.0604110478004316,2021,0
0,0.163977727399691,2021,0
0,0.127234427246411,2021,0
0,0.0433093785841994,2021,0
0,NA,2021,NA
0,0.071027654096957,2021,0
0,0.0801359019115034,2021,0
0,0.0848179230604209,2021,0
0,0.0715201946263234,2021,0
0,0.127611187122114,2021,0
0,0.127611187122114,2021,0
0,0.104348558621191,2021,0
0,0.0989625670198225,2021,0
0,0.0506182732152999,2021,0
0,0.219090660681429,2021,0
0,0.112065773118392,2021,0
0,0.0679062122802694,2021,0
0,0.100613357055443,2021,0
0,0.0454746757759001,2021,0
0,0.055283612765671,2021,0
0,0.055283612765671,2021,0
0,0.055283612765671,2021,0
0,0.055283612765671,2021,0
0,0.055283612765671,2021,0
0,0.055283612765671,2021,0
0,0.103885181845998,2021,0
0,0.0403862375926966,2021,0
0,0.0433904329070767,2021,0
0,0.108038933945219,2021,0
0,0.172532042490892,2021,0
0,0.103076760255055,2021,0
0,0.0727209337714011,2021,0
0,0.0662833347033099,2021,0
0,0.0290342052757946,2021,0
0,NA,2021,NA
0,0.0463348348120687,2021,0
0,0.102963060090495,2021,0
0,0.0577337004793163,2021,0
0,0.0283092188687711,2021,0
0,0.0270216693715049,2021,0
0,0.030567131499395,2021,0
0,0.0272956924267319,2021,0
0,0.0936527229205983,2021,0
0,0.0936527229205983,2021,0
0,0.0936527229205983,2021,0
0,0.0569596137065397,2021,0
0,0.0484505078428027,2021,0
0,0.0378735324631824,2021,0
0,0.0378735324631824,2021,0
0,0.0423658218243286,2021,0
0,0.0380246709889887,2021,0
0,0.0378735324631824,2021,0
0,0.0380246709889887,2021,0
0,0.0340923772638864,2021,0
0,0.0340923772638864,2021,0
0,0.0378735324631824,2021,0
0,0.0378735324631824,2021,0
0,0.0380246709889887,2021,0
0,0.0454318975978074,2021,0
0,0.00371071597730346,2021,0
0,0.0416959970705628,2021,0
0,0.0380860601698109,2021,0
0,0.0348262369874715,2021,0
0,0.034585160488245,2021,0
0,0.034585160488245,2021,0
0,0.034585160488245,2021,0
0,0.034585160488245,2021,0
0,0.0647482021509831,2021,0
0,NA,2021,NA
0,0.0368576084111534,2021,0
0,0.0375516035542749,2021,0
0,0.0258618405854175,2021,0
0,0.0235781290501136,2021,0
0,0.043385913691663,2021,0
0,0.037373302062156,2021,0
0,0.0679389528821228,2021,0
0,0.0252028415252059,2021,0
0,0.0320026690662432,2021,0
0,0.0320026690662432,2021,0
0,0.0320026690662432,2021,0
0,0.0320026690662432,2021,0
0,0.0320026690662432,2021,0
0,0.0320026690662432,2021,0
0,0.0220316497865794,2021,0
0,0.0242601340077997,2021,0
0,0.147599601779318,2021,0
0,0.0365894327283892,2021,0
0,0.0328268871270599,2021,0
0,0.0163823119210154,2021,0
0,0.0462584055645297,2021,0
0,0.0296970180383958,2021,0
0,0.0825861995637566,2021,0
0,0.0247544719827026,2021,0
0,0.0212809675046575,2021,0
0,0.0207117040934465,2021,0
0,0.0634189409110389,2021,0
0,0.0735887667793615,2021,0
0,0.0634189409110389,2021,0
0,0.0634189409110389,2021,0
0,0.0634189409110389,2021,0
0,0.0634189409110389,2021,0
0,0.0634189409110389,2021,0
0,0.0634189409110389,2021,0
0,0.0634189409110389,2021,0
0,0.0339147828488895,2021,0
0,0.044024250143217,2021,0
0,0.104217576699902,2021,0
0,0.0248053976065286,2021,0
0,0.0308979377094603,2021,0
0,0.0248053976065286,2021,0
0,0.0217841431549079,2021,0
0,0.0248637535594269,2021,0
0,0.0248053976065286,2021,0
0,0.0283544780887639,2021,0
0,0.0248637535594269,2021,0
0,0.0248053976065286,2021,0
0,0.0248637535594269,2021,0
0,0.0217841431549079,2021,0
0,0.0107466675550624,2021,0
0,0.03809177699029,2021,0
0,0.040188462044663,2021,0
0,0.037327461436185,2021,0
0,0.0429353102364186,2021,0
0,0.0429353102364186,2021,0
0,0.0429353102364186,2021,0
0,NA,2021,NA
0,0.0501519921118454,2021,0
0,0.0464975864958065,2021,0
0,0.0515125558546076,2021,0
0,0.064826430090003,2021,0
0,0.0968735879719817,2021,0
0,0.0441546943702893,2021,0
0,0.0441546943702893,2021,0
0,0.0441546943702893,2021,0
0,0.0441546943702893,2021,0
0,0.0441546943702893,2021,0
0,0.0441546943702893,2021,0
0,0.0221415730452399,2021,0
0,0.0499145455364703,2021,0
0,0.0531716841591978,2021,0
0,0.0478503354206124,2021,0
0,0.0369649728620114,2021,0
0,0.0996760544227795,2021,0
0,0.0824165062489921,2021,0
0,0.0361099168789409,2021,0
0,0.0325606927596936,2021,0
0,0.0309414426801761,2021,0
0,0.089235810800325,2021,0
0,0.089235810800325,2021,0
0,0.089235810800325,2021,0
0,0.089235810800325,2021,0
0,0.089235810800325,2021,0
0,0.101090060970899,2021,0
0,0.089235810800325,2021,0
0,0.089235810800325,2021,0
0,0.089235810800325,2021,0
0,0.089235810800325,2021,0
0,0.089235810800325,2021,0
0,0.0652850023372237,2021,0
0,0.0892719878868484,2021,0
0,0.0354967562867919,2021,0
0,0.0406559435013901,2021,0
0,0.0406027817006374,2021,0
0,0.046290250355125,2021,0
0,0.050449443944692,2021,0
0,0.0406027817006374,2021,0
0,0.0354967562867919,2021,0
0,0.0406559435013901,2021,0
0,0.0406559435013901,2021,0
0,0.0406559435013901,2021,0
0,0.0406027817006374,2021,0
0,0.0636912058041395,2021,0
0,0.0920394590063811,2021,0
0,0.0842757483585505,2021,0
0,0.0985566439528265,2021,0
0,0.0985566439528265,2021,0
0,0.0985566439528265,2021,0
0,0.0985566439528265,2021,0
0,0.0985566439528265,2021,0
0,0.0985566439528265,2021,0
0,0.0985566439528265,2021,0
0,0.0985566439528265,2021,0
0,0.0985566439528265,2021,0
0,0.0985566439528265,2021,0
0,NA,2021,NA
0,0.193123875543402,2021,0
0,0.177899949666112,2021,0
0,0.185291008672161,2021,0
0,0.209889913841498,2021,0
0,0.110902947606955,2021,0
0,0.110902947606955,2021,0
0,0.110902947606955,2021,0
0,0.110902947606955,2021,0
0,0.110902947606955,2021,0
0,0.110902947606955,2021,0
0,0.110902947606955,2021,0
0,0.110902947606955,2021,0
0,0.0563917825175491,2021,0
0,0.138600372251853,2021,0
0,0.150404270825728,2021,0
0,NA,2021,NA
0,0.0612279138638102,2021,0
0,0.152437364725281,2021,0
0,0.140282762746385,2021,0
0,0.111411841897171,2021,0
0,0.0611285562335645,2021,0
0,0.06323454363723,2021,0
0,0.0693948406881466,2021,0
0,0.0693948406881466,2021,0
0,0.208956895103342,2021,0
0,0.208956895103342,2021,0
0,0.226729416788617,2021,0
0,0.226729416788617,2021,0
0,0.208956895103342,2021,0
0,0.208956895103342,2021,0
0,0.208956895103342,2021,0
0,0.208956895103342,2021,0
0,0.208956895103342,2021,0
0,0.208956895103342,2021,0
0,0.208956895103342,2021,0
0,0.208956895103342,2021,0
0,0.208956895103342,2021,0
0,0.149470813901731,2021,0
0,0.181422640532075,2021,0
0,0.0889124224575534,2021,0
0,0.0889124224575534,2021,0
0,0.0889124224575534,2021,0
0,0.089185600078963,2021,0
0,0.0889124224575534,2021,0
0,0.089185600078963,2021,0
0,0.089185600078963,2021,0
0,0.0889124224575534,2021,0
0,0.183767250687664,2021,0
0,0.123009628496607,2021,0
0,0.120829260385492,2021,0
0,0.0976043870568674,2021,0
0,0.0986829225876436,2021,0
0,0.0986829225876436,2021,0
0,0.0986829225876436,2021,0
0,0.0986829225876436,2021,0
0,0.0986829225876436,2021,0
0,0.0986829225876436,2021,0
0,0.0986829225876436,2021,0
0,0.0986829225876436,2021,0
0,0.0986829225876436,2021,0
0,0.0986829225876436,2021,0
0,0.0986829225876436,2021,0
0,0.0986829225876436,2021,0
0,0.0986829225876436,2021,0
0,0.0986829225876436,2021,0
0,0.0986829225876436,2021,0
0,0.0986829225876436,2021,0
0,NA,2021,NA
0,0.206556145331597,2021,0
0,0.102333886666432,2021,0
0,0.102333886666432,2021,0
0,0.102333886666432,2021,0
0,0.102333886666432,2021,0
0,0.102333886666432,2021,0
0,0.102333886666432,2021,0
0,0.102333886666432,2021,0
0,0.102333886666432,2021,0
0,0.0769170059091905,2021,0
0,0.210681801389305,2021,0
0,0.075880826411393,2021,0
0,NA,2021,NA
0,0.0709683385692613,2021,0
0,0.196822304616959,2021,0
0,0.127658222915852,2021,0
0,0.127658222915852,2021,0
0,0.111643470251696,2021,0
0,0.0726969515505248,2021,0
0,0.077949754961308,2021,0
0,0.251158009069399,2021,0
0,0.251158009069399,2021,0
0,0.251158009069399,2021,0
0,0.251158009069399,2021,0
0,0.269777490787849,2021,0
0,0.251158009069399,2021,0
0,0.269777490787849,2021,0
0,0.251158009069399,2021,0
0,0.251158009069399,2021,0
0,0.251158009069399,2021,0
0,0.251158009069399,2021,0
0,0.251158009069399,2021,0
0,0.251158009069399,2021,0
0,0.251158009069399,2021,0
0,0.251158009069399,2021,0
0,0.251158009069399,2021,0
0,0.206639496798652,2021,0
0,0.190378449930159,2021,0
0,0.203560683500957,2021,0
0,0.110504525991883,2021,0
0,0.100900193528804,2021,0
0,0.109885090848523,2021,0
0,0.120380354339963,2021,0
0,0.110504525991883,2021,0
0,0.109885090848523,2021,0
0,0.110504525991883,2021,0
0,0.110504525991883,2021,0
0,0.124017472830973,2021,0
0,0.110504525991883,2021,0
0,0.110504525991883,2021,0
0,0.110504525991883,2021,0
0,0.105214660718747,2021,0
0,0.110504525991883,2021,0
0,0.110504525991883,2021,0
0,0.110504525991883,2021,0
0,0.110504525991883,2021,0
0,0.110504525991883,2021,0
0,0.11065637801072,2021,0
0,0.118164224782982,2021,0
0,0.110504525991883,2021,0
0,0.105312954620214,2021,0
0,0.110504525991883,2021,0
0,0.11065637801072,2021,0
0,0.231666296336003,2021,0
0,0.112986744688754,2021,0
0,0.171617462757503,2021,0
0,0.120561370085423,2021,0
0,0.192137451006843,2021,0
0,0.097289553739824,2021,0
0,0.097289553739824,2021,0
0,0.097289553739824,2021,0
0,0.097289553739824,2021,0
0,0.097289553739824,2021,0
0,0.097289553739824,2021,0
0,0.097289553739824,2021,0
0,0.097289553739824,2021,0
0,0.097289553739824,2021,0
0,0.097289553739824,2021,0
0,0.097289553739824,2021,0
0,0.097289553739824,2021,0
0,0.097289553739824,2021,0
0,0.097289553739824,2021,0
0,0.097289553739824,2021,0
0,0.097289553739824,2021,0
0,0.097289553739824,2021,0
0,0.2027140618167,2021,0
0,NA,2021,NA
0,0.153782360105892,2021,0
0,0.260150587750103,2021,0
0,0.100942464563337,2021,0
0,0.100942464563337,2021,0
0,0.100942464563337,2021,0
0,0.100942464563337,2021,0
0,0.100942464563337,2021,0
0,0.100942464563337,2021,0
0,0.100942464563337,2021,0
0,0.100942464563337,2021,0
0,0.100942464563337,2021,0
0,0.0884978655804272,2021,0
0,0.140903401991461,2021,0
0,0.211437457724205,2021,0
0,0.085910293375391,2021,0
0,0.189445092626062,2021,0
0,NA,2021,NA
0,0.0846146559397648,2021,0
0,0.149107551946291,2021,0
0,0.149107551946291,2021,0
0,0.130000710661319,2021,0
0,0.0959739466808453,2021,0
0,0.101066926379523,2021,0
0,0.320031593766369,2021,0
0,0.320031593766369,2021,0
0,0.320031593766369,2021,0
0,0.320031593766369,2021,0
0,0.320031593766369,2021,0
0,0.320031593766369,2021,0
0,0.339964315702335,2021,0
0,0.320031593766369,2021,0
0,0.320031593766369,2021,0
0,0.339964315702335,2021,0
0,0.320031593766369,2021,0
0,0.320031593766369,2021,0
0,0.320031593766369,2021,0
0,0.320031593766369,2021,0
0,0.320031593766369,2021,0
0,0.281390560875672,2021,0
0,0.248069253025352,2021,0
0,0.248942106527092,2021,0
0,0.140568999798522,2021,0
0,0.140568999798522,2021,0
0,0.14766902749995,2021,0
0,0.140568999798522,2021,0
0,0.140568999798522,2021,0
0,0.140568999798522,2021,0
0,0.140568999798522,2021,0
0,0.140568999798522,2021,0
0,0.13546429642566,2021,0
0,0.139887223373023,2021,0
0,0.140568999798522,2021,0
0,0.14043419295856,2021,0
0,0.14043419295856,2021,0
0,0.140568999798522,2021,0
0,0.131634161022275,2021,0
0,0.152739538183464,2021,0
0,0.140568999798522,2021,0
0,0.140568999798522,2021,0
0,0.140568999798522,2021,0
0,0.140568999798522,2021,0
0,0.140568999798522,2021,0
0,0.140568999798522,2021,0
0,0.149421642008046,2021,0
0,0.13557247041317,2021,0
0,0.140568999798522,2021,0
0,0.139887223373023,2021,0
0,0.140568999798522,2021,0
0,0.319878275529658,2021,0
0,0.209763493384222,2021,0
0,0.157643303843314,2021,0
0,0.235282773880241,2021,0
0,0.139645897905497,2021,0
0,0.139645897905497,2021,0
0,0.139645897905497,2021,0
0,0.139645897905497,2021,0
0,0.139645897905497,2021,0
0,0.139645897905497,2021,0
0,0.139645897905497,2021,0
0,0.139645897905497,2021,0
0,0.139645897905497,2021,0
0,0.139645897905497,2021,0
0,0.139645897905497,2021,0
0,0.139645897905497,2021,0
0,0.139645897905497,2021,0
0,0.139645897905497,2021,0
0,0.139645897905497,2021,0
0,0.139645897905497,2021,0
0,0.139645897905497,2021,0
0,0.139645897905497,2021,0
0,NA,2021,NA
0,0.256397334502874,2021,0
0,0.256397334502874,2021,0
0,0.141538203805656,2021,0
0,0.141538203805656,2021,0
0,0.141538203805656,2021,0
0,0.141538203805656,2021,0
0,0.141538203805656,2021,0
0,0.141538203805656,2021,0
0,0.141538203805656,2021,0
0,0.141538203805656,2021,0
0,0.141538203805656,2021,0
0,0.141538203805656,2021,0
0,0.135285557063157,2021,0
0,0.130452089912126,2021,0
0,0.0887323879012355,2021,0
0,0.201391279258591,2021,0
0,NA,2021,NA
0,0.0713233526861082,2021,0
0,0.121481775772088,2021,0
0,0.0789177150185405,2021,0
0,0.082282872871198,2021,0
0,0.274682462262851,2021,0
0,0.293726396124744,2021,0
0,0.274682462262851,2021,0
0,0.274682462262851,2021,0
0,0.274682462262851,2021,0
0,0.274682462262851,2021,0
0,0.274682462262851,2021,0
0,0.274682462262851,2021,0
0,0.293726396124744,2021,0
0,0.274682462262851,2021,0
0,0.274682462262851,2021,0
0,0.274682462262851,2021,0
0,0.274682462262851,2021,0
0,0.274682462262851,2021,0
0,0.19708533099383,2021,0
0,0.177629088801922,2021,0
0,0.133180147755842,2021,0
0,0.240169171754437,2021,0
0,0.239272966123393,2021,0
0,0.122911083491804,2021,0
0,0.123361463508912,2021,0
0,0.123361463508912,2021,0
0,0.123361463508912,2021,0
0,0.123361463508912,2021,0
0,0.123361463508912,2021,0
0,0.123361463508912,2021,0
0,0.123361463508912,2021,0
0,0.123361463508912,2021,0
0,0.123361463508912,2021,0
0,0.122911083491804,2021,0
0,0.123361463508912,2021,0
0,0.133394415949878,2021,0
0,0.123361463508912,2021,0
0,0.123361463508912,2021,0
0,0.123361463508912,2021,0
0,0.132993580524563,2021,0
0,0.123361463508912,2021,0
0,0.119746746397967,2021,0
0,0.12843324980476,2021,0
0,0.131666285207815,2021,0
0,0.122888856543981,2021,0
0,0.123361463508912,2021,0
0,0.119394008237557,2021,0
0,0.123361463508912,2021,0
0,0.117139172708573,2021,0
0,0.123361463508912,2021,0
0,0.207257854561528,2021,0
0,0.145164394455533,2021,0
0,0.360206290506212,2021,0
0,0.361846015172182,2021,0
0,0.360206290506212,2021,0
0,0.110603198929774,2021,0
0,0.109846190148247,2021,0
0,0.105077105689931,2021,0
0,0.105077105689931,2021,0
0,0.105077105689931,2021,0
0,0.105077105689931,2021,0
0,0.105077105689931,2021,0
0,0.105077105689931,2021,0
0,0.105077105689931,2021,0
0,0.105077105689931,2021,0
0,0.105077105689931,2021,0
0,0.105077105689931,2021,0
0,0.105077105689931,2021,0
0,0.105077105689931,2021,0
0,0.105077105689931,2021,0
0,0.105077105689931,2021,0
0,0.105077105689931,2021,0
0,0.105077105689931,2021,0
0,0.105077105689931,2021,0
0,0.105077105689931,2021,0
0,0.105077105689931,2021,0
0,0.105077105689931,2021,0
0,0.105077105689931,2021,0
0,NA,2021,NA
0,0.10216452661098,2021,0
0,0.10216452661098,2021,0
0,0.135132660042342,2021,0
0,0.0927646813009666,2021,0
0,0.0927646813009666,2021,0
0,0.0927646813009666,2021,0
0,0.0927646813009666,2021,0
0,0.0927646813009666,2021,0
0,0.0927646813009666,2021,0
0,0.0927646813009666,2021,0
0,0.0927646813009666,2021,0
0,0.0927646813009666,2021,0
0,0.0927646813009666,2021,0
0,0.0677441236289226,2021,0
0,0.10991724189307,2021,0
0,NA,2021,NA
0,0.0386290214892698,2021,0
0,0.103835485502243,2021,0
0,0.0672900369785186,2021,0
0,0.0397805068975683,2021,0
0,0.0383237364916963,2021,0
0,0.17095079242785,2021,0
0,0.158424845085715,2021,0
0,0.158424845085715,2021,0
0,0.15396673014745,2021,0
0,0.158424845085715,2021,0
0,0.158424845085715,2021,0
0,0.158424845085715,2021,0
0,0.158424845085715,2021,0
0,0.158424845085715,2021,0
0,0.158424845085715,2021,0
0,0.158424845085715,2021,0
0,0.17095079242785,2021,0
0,0.158424845085715,2021,0
0,0.158424845085715,2021,0
0,0.087632090234294,2021,0
0,0.087632090234294,2021,0
0,0.06986660254895,2021,0
0,0.13421083992719,2021,0
0,0.0527878512784686,2021,0
0,0.0529023045664954,2021,0
0,0.0516365066721738,2021,0
0,0.0525425588111781,2021,0
0,0.0546540078012368,2021,0
0,0.0529023045664954,2021,0
0,0.0529023045664954,2021,0
0,0.0529023045664954,2021,0
0,0.0555756578051216,2021,0
0,0.0529023045664954,2021,0
0,0.0529023045664954,2021,0
0,0.0529023045664954,2021,0
0,0.0529023045664954,2021,0
0,0.0529023045664954,2021,0
0,0.0529023045664954,2021,0
0,0.0529023045664954,2021,0
0,0.0529023045664954,2021,0
0,0.0529023045664954,2021,0
0,0.0529023045664954,2021,0
0,0.0508540978802406,2021,0
0,0.0529023045664954,2021,0
0,0.0513702006023446,2021,0
0,0.0529023045664954,2021,0
0,0.0529023045664954,2021,0
0,0.0527878512784686,2021,0
0,0.0561752902806471,2021,0
0,0.0530070377509265,2021,0
0,0.0561238536995917,2021,0
0,0.0529023045664954,2021,0
0,0.0820956318147187,2021,0
0,0.0532740722751888,2021,0
0,0.152049478600182,2021,0
0,0.152049478600182,2021,0
0,0.152619267655141,2021,0
0,0.0964430465294231,2021,0
0,0.0704401512207559,2021,0
0,0.0704401512207559,2021,0
0,0.0704401512207559,2021,0
0,0.0704401512207559,2021,0
0,0.0704401512207559,2021,0
0,0.0704401512207559,2021,0
0,0.0704401512207559,2021,0
0,0.0704401512207559,2021,0
0,0.0704401512207559,2021,0
0,0.0704401512207559,2021,0
0,0.0704401512207559,2021,0
0,0.0704401512207559,2021,0
0,0.0704401512207559,2021,0
0,0.0704401512207559,2021,0
0,0.0704401512207559,2021,0
0,0.0704401512207559,2021,0
0,0.0704401512207559,2021,0
0,0.0704401512207559,2021,0
0,0.0704401512207559,2021,0
0,0.0704401512207559,2021,0
0,0.0704401512207559,2021,0
0,0.131700094137433,2021,0
0,0.110361455450899,2021,0
0,0.049434393685807,2021,0
0,0.0722187353333085,2021,0
0,0.0722187353333085,2021,0
0,0.0722187353333085,2021,0
0,0.0722187353333085,2021,0
0,0.0722187353333085,2021,0
0,0.0722187353333085,2021,0
0,0.0722187353333085,2021,0
0,0.0722187353333085,2021,0
0,0.0722187353333085,2021,0
0,0.0722187353333085,2021,0
0,0.0722187353333085,2021,0
0,0.0515796858740561,2021,0
0,0.128965450513964,2021,0
0,NA,2021,NA
0,0.0351041705385525,2021,0
0,0.137771112986512,2021,0
0,0.0899746514564644,2021,0
0,0.0587822455293205,2021,0
0,0.0508058576115053,2021,0
0,0.0527769032386041,2021,0
0,0.198411096682579,2021,0
0,0.186507622422634,2021,0
0,0.198411096682579,2021,0
0,0.186507622422634,2021,0
0,0.186507622422634,2021,0
0,0.186507622422634,2021,0
0,0.186507622422634,2021,0
0,0.186507622422634,2021,0
0,0.186507622422634,2021,0
0,0.186507622422634,2021,0
0,0.186507622422634,2021,0
0,0.186507622422634,2021,0
0,0.186507622422634,2021,0
0,0.166762493987501,2021,0
0,0.0637671666885871,2021,0
0,0.132384524534753,2021,0
0,0.0557474043103667,2021,0
0,0.0577364409020652,2021,0
0,0.0560801330906921,2021,0
0,0.0560801330906921,2021,0
0,0.0575697584157133,2021,0
0,0.0557474043103667,2021,0
0,0.0562493386871334,2021,0
0,0.0557474043103667,2021,0
0,0.0557474043103667,2021,0
0,0.0559233645986932,2021,0
0,0.0560801330906921,2021,0
0,0.0560801330906921,2021,0
0,0.0560801330906921,2021,0
0,0.0560801330906921,2021,0
0,0.0577364409020652,2021,0
0,0.0560801330906921,2021,0
0,0.0577364409020652,2021,0
0,0.0560801330906921,2021,0
0,0.0549962470822861,2021,0
0,0.0547490327223514,2021,0
0,0.0560801330906921,2021,0
0,0.0587999014739742,2021,0
0,0.0560801330906921,2021,0
0,0.0557474043103667,2021,0
0,0.0543411845326021,2021,0
0,0.0560801330906921,2021,0
0,0.0560801330906921,2021,0
0,0.0560801330906921,2021,0
0,0.0560801330906921,2021,0
0,0.0560801330906921,2021,0
0,0.0586969678377516,2021,0
0,0.0560801330906921,2021,0
0,0.0560801330906921,2021,0
0,0.0560801330906921,2021,0
0,0.0586969678377516,2021,0
0,0.0586969678377516,2021,0
0,0.0557474043103667,2021,0
0,0.0560801330906921,2021,0
0,0.0559233645986932,2021,0
0,0.0583250991847408,2021,0
0,0.142179419414998,2021,0
0,0.0760218290094408,2021,0
0,0.203557192910786,2021,0
0,0.202733963505863,2021,0
0,0.202733963505863,2021,0
0,0.0739220136626998,2021,0
0,0.0739220136626998,2021,0
0,0.0739220136626998,2021,0
0,0.0739220136626998,2021,0
0,0.0739220136626998,2021,0
0,0.0739220136626998,2021,0
0,0.0739220136626998,2021,0
0,0.0739220136626998,2021,0
0,0.0739220136626998,2021,0
0,0.0739220136626998,2021,0
0,0.0739220136626998,2021,0
0,0.0739220136626998,2021,0
0,0.0739220136626998,2021,0
0,0.0739220136626998,2021,0
0,0.0739220136626998,2021,0
0,0.0739220136626998,2021,0
0,0.0739220136626998,2021,0
0,0.0739220136626998,2021,0
0,0.0739220136626998,2021,0
0,0.0739220136626998,2021,0
0,0.179078105805717,2021,0
0,0.116193766224495,2021,0
0,0.12926249222141,2021,0
0,0.0578867553726538,2021,0
0,0.0774169485742982,2021,0
0,0.0774169485742982,2021,0
0,0.0774169485742982,2021,0
0,0.0774169485742982,2021,0
0,0.0774169485742982,2021,0
0,0.0774169485742982,2021,0
0,0.0774169485742982,2021,0
0,0.0774169485742982,2021,0
0,0.0774169485742982,2021,0
0,0.0774169485742982,2021,0
0,0.0774169485742982,2021,0
0,0.0774169485742982,2021,0
0,0.0774169485742982,2021,0
0,0.0664795075806341,2021,0
0,0.0410204791443783,2021,0
0,0.061107078865174,2021,0
0,0.14576816584289,2021,0
0,0.0220110061659503,2021,0
0,0.059510591992051,2021,0
0,0.112153543979287,2021,0
0,0.0681689555421712,2021,0
0,0.0354118361101598,2021,0
0,0.0353071963931887,2021,0
0,0.0333202081339399,2021,0
0,0.034524811714219,2021,0
0,0.13910659442275,2021,0
0,0.149657774045733,2021,0
0,0.13910659442275,2021,0
0,0.13910659442275,2021,0
0,0.131880229136938,2021,0
0,0.13910659442275,2021,0
0,0.13910659442275,2021,0
0,0.13910659442275,2021,0
0,0.13910659442275,2021,0
0,0.13910659442275,2021,0
0,0.13910659442275,2021,0
0,0.13910659442275,2021,0
0,0.13910659442275,2021,0
0,0.13910659442275,2021,0
0,0.13910659442275,2021,0
0,0.117822356317556,2021,0
0,0.0475924621770541,2021,0
0,0.0458075172539504,2021,0
0,0.0461779993397519,2021,0
0,0.0461779993397519,2021,0
0,0.0469122690100315,2021,0
0,0.0461779993397519,2021,0
0,0.0461779993397519,2021,0
0,0.0461779993397519,2021,0
0,0.0458075172539504,2021,0
0,0.0461779993397519,2021,0
0,0.0460945915110011,2021,0
0,0.0451928920425871,2021,0
0,0.0461779993397519,2021,0
0,0.0454949405562534,2021,0
0,0.0461779993397519,2021,0
0,0.0461779993397519,2021,0
0,0.0461779993397519,2021,0
0,0.0458075172539504,2021,0
0,0.0461779993397519,2021,0
0,0.047096747096978,2021,0
0,0.0475924621770541,2021,0
0,0.0461779993397519,2021,0
0,0.0458075172539504,2021,0
0,0.0471139103368898,2021,0
0,0.0458075172539504,2021,0
0,0.0461779993397519,2021,0
0,0.0461779993397519,2021,0
0,0.0452195276981359,2021,0
0,0.0454949405562534,2021,0
0,0.0461779993397519,2021,0
0,0.0460945915110011,2021,0
0,0.0461779993397519,2021,0
0,0.0475924621770541,2021,0
0,0.0458075172539504,2021,0
0,0.0461779993397519,2021,0
0,0.0461779993397519,2021,0
0,0.0461779993397519,2021,0
0,0.0471139103368898,2021,0
0,0.0461779993397519,2021,0
0,0.0461779993397519,2021,0
0,0.0471139103368898,2021,0
0,0.0477694862634797,2021,0
0,0.0461779993397519,2021,0
0,0.0464006354031723,2021,0
0,0.0461779993397519,2021,0
0,0.0474030306991994,2021,0
0,0.0451928920425871,2021,0
0,0.0461779993397519,2021,0
0,0.0475924621770541,2021,0
0,0.0461779993397519,2021,0
0,0.0458075172539504,2021,0
0,0.0471139103368898,2021,0
0,0.0458075172539504,2021,0
0,0.0461779993397519,2021,0
0,0.0461779993397519,2021,0
0,0.0464006354031723,2021,0
0,0.0461779993397519,2021,0
0,0.0461779993397519,2021,0
0,0.0461779993397519,2021,0
0,0.0454949405562534,2021,0
0,0.0458075172539504,2021,0
0,0.279828199113322,2021,0
0,0.0334507914404878,2021,0
0,0.032999993536153,2021,0
0,0.0577840994749388,2021,0
0,0.0534682073725953,2021,0
0,0.0533479519090008,2021,0
0,0.0571661887165975,2021,0
0,0.0571661887165975,2021,0
0,0.0571661887165975,2021,0
0,0.0571661887165975,2021,0
0,0.0571661887165975,2021,0
0,0.0571661887165975,2021,0
0,0.0571661887165975,2021,0
0,0.0571661887165975,2021,0
0,0.0571661887165975,2021,0
0,0.0571661887165975,2021,0
0,0.0571661887165975,2021,0
0,0.0571661887165975,2021,0
0,0.0571661887165975,2021,0
0,0.0571661887165975,2021,0
0,0.0571661887165975,2021,0
0,0.0571661887165975,2021,0
0,0.0571661887165975,2021,0
0,0.0571661887165975,2021,0
0,0.0571661887165975,2021,0
0,0.0571661887165975,2021,0
0,0.0571661887165975,2021,0
0,0.0571661887165975,2021,0
0,0.0571661887165975,2021,0
0,0.0571661887165975,2021,0
0,0.0513963266001693,2021,0
0,0.0451746680402872,2021,0
0,0.0658770670200243,2021,0
0,0.0897219086383786,2021,0
0,0.0555768605740931,2021,0
0,0.0555768605740931,2021,0
0,0.0555768605740931,2021,0
0,0.0555768605740931,2021,0
0,0.0555768605740931,2021,0
0,0.0555768605740931,2021,0
0,0.0555768605740931,2021,0
0,0.0555768605740931,2021,0
0,0.0555768605740931,2021,0
0,0.0555768605740931,2021,0
0,0.0555768605740931,2021,0
0,0.0555768605740931,2021,0
0,0.0555768605740931,2021,0
0,0.0555768605740931,2021,0
0,0.0555768605740931,2021,0
0,0.0555768605740931,2021,0
0,0.0555768605740931,2021,0
0,0.0505468135025788,2021,0
0,0.0706052977676433,2021,0
0,0.100098418203558,2021,0
0,0.0176591447446663,2021,0
0,0.0479269290600908,2021,0
0,0.102148515020403,2021,0
0,0.0294680575027749,2021,0
0,0.0275471459698656,2021,0
0,0.0290947037912903,2021,0
0,0.0285661274630454,2021,0
0,0.0292755072289325,2021,0
0,0.0292755072289325,2021,0
0,0.0294680575027749,2021,0
0,0.1089289471302,2021,0
0,0.1089289471302,2021,0
0,0.1089289471302,2021,0
0,0.1089289471302,2021,0
0,0.1089289471302,2021,0
0,0.1089289471302,2021,0
0,0.1089289471302,2021,0
0,0.1089289471302,2021,0
0,0.1089289471302,2021,0
0,0.1089289471302,2021,0
0,0.1089289471302,2021,0
0,0.1089289471302,2021,0
0,0.103444709363263,2021,0
0,0.1089289471302,2021,0
0,0.0970075547723496,2021,0
0,0.0359144196866873,2021,0
0,0.0372384821026732,2021,0
0,0.0361818425713616,2021,0
0,0.0364783494987937,2021,0
0,0.0361818425713616,2021,0
0,0.0364783494987937,2021,0
0,0.03768407846732,2021,0
0,0.0364783494987937,2021,0
0,0.0361818425713616,2021,0
0,0.0364783494987937,2021,0
0,0.0364783494987937,2021,0
0,0.0364783494987937,2021,0
0,0.037079826129597,2021,0
0,0.0364783494987937,2021,0
0,0.0361818425713616,2021,0
0,0.0361818425713616,2021,0
0,0.0364783494987937,2021,0
0,0.0364199212621102,2021,0
0,0.0364783494987937,2021,0
0,0.0372693743536576,2021,0
0,0.0372693743536576,2021,0
0,0.0364783494987937,2021,0
0,0.0361818425713616,2021,0
0,0.0364783494987937,2021,0
0,0.0364199212621102,2021,0
0,0.0356941366509802,2021,0
0,0.0364783494987937,2021,0
0,0.0364783494987937,2021,0
0,0.0375014541295409,2021,0
0,0.0364783494987937,2021,0
0,0.0364783494987937,2021,0
0,0.0364783494987937,2021,0
0,0.0364783494987937,2021,0
0,0.03768407846732,2021,0
0,0.03768407846732,2021,0
0,0.0364783494987937,2021,0
0,0.0359144196866873,2021,0
0,0.03768407846732,2021,0
0,0.0364783494987937,2021,0
0,0.0359144196866873,2021,0
0,0.0361818425713616,2021,0
0,0.0364783494987937,2021,0
0,0.0356586261100336,2021,0
0,0.0364783494987937,2021,0
0,0.0364783494987937,2021,0
0,0.0356586261100336,2021,0
0,0.0372693743536576,2021,0
0,0.0356586261100336,2021,0
0,0.0366440169291748,2021,0
0,0.0364783494987937,2021,0
0,0.0364783494987937,2021,0
0,0.0364783494987937,2021,0
0,0.0364783494987937,2021,0
0,0.0364783494987937,2021,0
0,0.0361818425713616,2021,0
0,0.0372693743536576,2021,0
0,0.0364783494987937,2021,0
0,0.0364783494987937,2021,0
0,0.0366440169291748,2021,0
0,0.0361818425713616,2021,0
0,0.0364783494987937,2021,0
0,0.0372693743536576,2021,0
0,0.0361818425713616,2021,0
0,0.216798653931432,2021,0
0,0.0304491904349797,2021,0
0,0.0304491904349797,2021,0
0,0.0391295236190683,2021,0
0,0.0441036401914466,2021,0
0,0.0414007350912903,2021,0
0,0.0494175382782476,2021,0
0,0.0705296135620314,2021,0
0,0.0446876622108772,2021,0
0,0.0590632537598425,2021,0
0,0.0491400563965889,2021,0
0,0.0778860573781413,2021,0
0,0.0766133749483629,2021,0
0,0.0168910583555475,2021,0
0,0.0373966418110029,2021,0
0,0.0754648386925496,2021,0
0,0.0190280109399965,2021,0
0,0.0194590756248437,2021,0
0,0.0193369301075704,2021,0
0,0.0196570424921814,2021,0
0,0.0193369301075704,2021,0
0,0.0183464282447386,2021,0
0,0.0196570424921814,2021,0
0,0.0709402953844969,2021,0
0,0.0709402953844969,2021,0
0,0.0709402953844969,2021,0
0,0.0680245397661005,2021,0
0,0.0709402953844969,2021,0
0,0.0709402953844969,2021,0
0,0.0709402953844969,2021,0
0,0.0709402953844969,2021,0
0,0.0709402953844969,2021,0
0,0.0709402953844969,2021,0
0,0.0709402953844969,2021,0
0,0.0709402953844969,2021,0
0,0.0709402953844969,2021,0
0,0.0709402953844969,2021,0
0,0.0281973525934957,2021,0
0,0.0281430283052197,2021,0
0,0.028943145223458,2021,0
0,0.0281973525934957,2021,0
0,0.0281973525934957,2021,0
0,0.0282553638989748,2021,0
0,0.0281973525934957,2021,0
0,0.0281973525934957,2021,0
0,0.0280084058918903,2021,0
0,0.0292027902986415,2021,0
0,0.0280084058918903,2021,0
0,0.0298074702017608,2021,0
0,0.0280084058918903,2021,0
0,0.0332380426548634,2021,0
0,0.0336923524076807,2021,0
0,0.0348657872231407,2021,0
0,0.0954825615010673,2021,0
0,0.0954825615010673,2021,0
0,0.0957692994090471,2021,0
0,0.0536080238943555,2021,0
0,0.0373203711339885,2021,0
0,0.0389942287882922,2021,0
0,0.0624908700847984,2021,0
0,0.0477042050841905,2021,0
0,0.0575891497813214,2021,0
0,0.0364844959702215,2021,0
0,0.047657061979161,2021,0
0,0.0241359468957817,2021,0
0,0.0460363045239833,2021,0
0,0.0391512209302544,2021,0
0,0.075225223107204,2021,0
0,0.0722301752148306,2021,0
0,0.0168914213349576,2021,0
0,0.0340685829874853,2021,0
0,0.072848860139665,2021,0
0,0.0196824647814114,2021,0
0,0.0196824647814114,2021,0
0,0.0198638528410146,2021,0
0,0.0198638528410146,2021,0
0,0.0179375314896424,2021,0
0,0.0183871066710062,2021,0
0,0.0194662286236175,2021,0
0,0.0179375314896424,2021,0
0,0.0211208055444635,2021,0
0,0.0190980691011712,2021,0
0,0.0765811916507252,2021,0
0,0.0713649766203027,2021,0
0,0.0713649766203027,2021,0
0,0.0713649766203027,2021,0
0,0.0713649766203027,2021,0
0,0.0713649766203027,2021,0
0,0.0713649766203027,2021,0
0,0.0713649766203027,2021,0
0,0.0713649766203027,2021,0
0,0.0746623812318469,2021,0
0,0.0713649766203027,2021,0
0,0.0713649766203027,2021,0
0,0.0671894368264175,2021,0
0,0.0713649766203027,2021,0
0,0.0713649766203027,2021,0
0,0.0765811916507252,2021,0
0,0.0270506451624659,2021,0
0,0.0289783519065391,2021,0
0,0.028235172178679,2021,0
0,0.0269047940526976,2021,0
0,0.0250475571950173,2021,0
0,0.0330129265316488,2021,0
0,0.0396994115613881,2021,0
0,0.0381821932124469,2021,0
0,0.0396706629907867,2021,0
0,0.0614569049502557,2021,0
0,0.0402605091148169,2021,0
0,0.0483604025026199,2021,0
0,0.0226005780956739,2021,0
0,0.0232748521392267,2021,0
0,0.0443833677480946,2021,0
0,0.0414133261197803,2021,0
0,0.0419177472960283,2021,0
0,0.0744695355628497,2021,0
0,0.0707592051964521,2021,0
0,0.0708262376656906,2021,0
0,0.0178557566115627,2021,0
0,0.033322450423439,2021,0
0,0.0627204203639277,2021,0
0,0.070148415476295,2021,0
0,0.0195708270435871,2021,0
0,0.0175711427505086,2021,0
0,0.0195708270435871,2021,0
0,0.0175667184683792,2021,0
0,0.0180820214242718,2021,0
0,0.0180820214242718,2021,0
0,0.019370431143934,2021,0
0,0.020041256358404,2021,0
0,0.0175711427505086,2021,0
0,0.0186941905679746,2021,0
0,0.0735730429690903,2021,0
0,0.0717787450873086,2021,0
0,0.0717787450873086,2021,0
0,0.0717787450873086,2021,0
0,0.0717787450873086,2021,0
0,0.0717787450873086,2021,0
0,0.0717787450873086,2021,0
0,0.078163100449426,2021,0
0,0.0717787450873086,2021,0
0,0.0717787450873086,2021,0
0,0.0717787450873086,2021,0
0,0.0717787450873086,2021,0
0,0.0717787450873086,2021,0
0,0.0717787450873086,2021,0
0,0.078163100449426,2021,0
0,0.0717787450873086,2021,0
0,0.0746401637588495,2021,0
0,0.0314162124457571,2021,0
0,0.0303288544620299,2021,0
0,0.0286592098579151,2021,0
0,0.0285051435943129,2021,0
0,0.0222778116600944,2021,0
0,0.0307970603457389,2021,0
0,0.0309888325962296,2021,0
0,0.0302383056338858,2021,0
0,0.0434149634198213,2021,0
0,0.0403280049335429,2021,0
0,0.0489797705346279,2021,0
0,0.0339467409146821,2021,0
0,0.0362021515270219,2021,0
0,0.0677106488509443,2021,0
0,0.0430896964868605,2021,0
0,0.0405390088970561,2021,0
0,0.0214262165214506,2021,0
0,0.0204817886389133,2021,0
0,0.0364307115274913,2021,0
0,0.0335554128413793,2021,0
0,0.0392539334922837,2021,0
0,0.0565064423277087,2021,0
0,0.0526235900927761,2021,0
0,0.0583704623959315,2021,0
0,0.0166833435166056,2021,0
0,0.0315642312732657,2021,0
0,0.0439353241177063,2021,0
0,0.0513318330839847,2021,0
0,0.0600321327275716,2021,0
0,0.0621510483823408,2021,0
0,0.016454725035756,2021,0
0,0.0161993292129742,2021,0
0,0.0166745467207239,2021,0
0,0.0145259843174226,2021,0
0,0.0150174478083024,2021,0
0,0.0145259843174226,2021,0
0,0.0143989911938772,2021,0
0,0.0150174478083024,2021,0
0,0.0155509201255536,2021,0
0,0.016454725035756,2021,0
0,0.0660193644356669,2021,0
0,0.0626570384475012,2021,0
0,0.0605745305599474,2021,0
0,0.0605745305599474,2021,0
0,0.0605745305599474,2021,0
0,0.0605745305599474,2021,0
0,0.0605745305599474,2021,0
0,0.0605745305599474,2021,0
0,0.0605745305599474,2021,0
0,0.0605745305599474,2021,0
0,0.0605745305599474,2021,0
0,0.0605745305599474,2021,0
0,0.0624738102707164,2021,0
0,0.0605745305599474,2021,0
0,0.0605745305599474,2021,0
0,0.0605745305599474,2021,0
0,0.0660193644356669,2021,0
0,0.0605745305599474,2021,0
0,0.0293603974902057,2021,0
0,0.0278059988543177,2021,0
0,0.0255198363800694,2021,0
0,0.0255605704137294,2021,0
0,0.025985434855475,2021,0
0,0.017852700624103,2021,0
0,0.110329047391228,2021,0
0,0.037624189800666,2021,0
0,0.0258010780394383,2021,0
0,0.0256496009423385,2021,0
0,0.0365852153017003,2021,0
0,0.0265723896314326,2021,0
0,0.0453805961975096,2021,0
0,0.0284686217472717,2021,0
0,0.0558449941844702,2021,0
0,0.0359660411253409,2021,0
0,0.0339188284465454,2021,0
0,0.0254822959002932,2021,0
0,0.0390112902520646,2021,0
0,0.0456860828786638,2021,0
0,0.049412698629159,2021,0
0,0.055977462196094,2021,0
0,0.0142365152801936,2021,0
0,0.0293876666027492,2021,0
0,0.0494356906989584,2021,0
0,0.0379947902489841,2021,0
0,0.0502579122776293,2021,0
0,0.0626583267493799,2021,0
0,0.0322232410971962,2021,0
0,0.0150733870439324,2021,0
0,0.0150733870439324,2021,0
0,0.0137346468287453,2021,0
0,0.0138010677304817,2021,0
0,0.0133642812320322,2021,0
0,0.0148273452698477,2021,0
0,0.0143142208919888,2021,0
0,0.0133642812320322,2021,0
0,0.0138010677304817,2021,0
0,0.0155142488951906,2021,0
0,0.0558109152424627,2021,0
0,0.0558109152424627,2021,0
0,0.0558109152424627,2021,0
0,0.0558109152424627,2021,0
0,0.0558109152424627,2021,0
0,0.0558109152424627,2021,0
0,0.0579229492628494,2021,0
0,0.0558109152424627,2021,0
0,0.0605046236261822,2021,0
0,0.0558109152424627,2021,0
0,0.0558109152424627,2021,0
0,0.0558109152424627,2021,0
0,0.0558109152424627,2021,0
0,0.0558109152424627,2021,0
0,0.0560478922884346,2021,0
0,0.0558109152424627,2021,0
0,0.0605046236261822,2021,0
0,0.0558109152424627,2021,0
0,0.0558109152424627,2021,0
0,0.0558109152424627,2021,0
0,0.0246253628528765,2021,0
0,0.0222715896367578,2021,0
0,0.0263039925906887,2021,0
0,0.0235399699688565,2021,0
0,0.0235399699688565,2021,0
0,0.0235399699688565,2021,0
0,0.0235399699688565,2021,0
0,0.0162373073848585,2021,0
0,0.0162373073848585,2021,0
0,0.0369828479781859,2021,0
0,0.0234675949006114,2021,0
0,0.0230681208935439,2021,0
0,0.0257522795543327,2021,0
0,0.0570721277091192,2021,0
0,0.0570721277091192,2021,0
0,0.0570721277091192,2021,0
0,0.0533069619246655,2021,0
0,0.0311070485884517,2021,0
0,0.0343797644817153,2021,0
0,0.0323349921221462,2021,0
0,0.0263668063313749,2021,0
0,0.0263668063313749,2021,0
0,0.0285441460073667,2021,0
0,0.039238253785389,2021,0
0,0.0487230320911535,2021,0
0,0.0447565807456125,2021,0
0,0.0137814090746562,2021,0
0,0.0276645929989987,2021,0
0,0.0363320507390267,2021,0
0,0.047385672383101,2021,0
0,0.0603075960819091,2021,0
0,0.0321657716083341,2021,0
0,0.033624990699498,2021,0
0,0.0351399524968367,2021,0
0,0.0462507117737391,2021,0
0,0.0462507117737391,2021,0
0,0.0462507117737391,2021,0
0,0.0145301478506323,2021,0
0,0.0154444364208235,2021,0
0,0.0136136539687708,2021,0
0,0.0144162032960074,2021,0
0,0.0164875029433356,2021,0
0,0.0149417365064698,2021,0
0,0.0162247981920577,2021,0
0,0.0144162032960074,2021,0
0,0.0164875029433356,2021,0
0,0.0144162032960074,2021,0
0,0.0144162032960074,2021,0
0,0.0149417365064698,2021,0
0,0.0162247981920577,2021,0
0,0.0144162032960074,2021,0
0,0.0164875029433356,2021,0
0,0.0144162032960074,2021,0
0,0.016327964374663,2021,0
0,0.0612459199878185,2021,0
0,0.0612459199878185,2021,0
0,0.0631013541583293,2021,0
0,0.0612459199878185,2021,0
0,0.0612459199878185,2021,0
0,0.0612459199878185,2021,0
0,0.0612459199878185,2021,0
0,0.0612459199878185,2021,0
0,0.0612459199878185,2021,0
0,0.0612459199878185,2021,0
0,0.0672626237808722,2021,0
0,0.0672626237808722,2021,0
0,0.0612459199878185,2021,0
0,0.0612459199878185,2021,0
0,0.0612459199878185,2021,0
0,0.0612459199878185,2021,0
0,0.0612459199878185,2021,0
0,0.0612459199878185,2021,0
0,0.0612459199878185,2021,0
0,0.0612459199878185,2021,0
0,0.0659414981149099,2021,0
0,0.0612459199878185,2021,0
0,0.0612459199878185,2021,0
0,0.0612459199878185,2021,0
0,0.0107759546302558,2021,0
0,0.0107012746734676,2021,0
0,0.0304604626903195,2021,0
0,0.0146356237353378,2021,0
0,0.0243466219243161,2021,0
0,0.0146356237353378,2021,0
0,0.0243466219243161,2021,0
0,0.0243466219243161,2021,0
0,0.0243466219243161,2021,0
0,0.0325089685748041,2021,0
0,0.0273827314041523,2021,0
0,0.0199551957310749,2021,0
0,0.0202753399323452,2021,0
0,0.0185313319909817,2021,0
0,0.047380276860458,2021,0
0,0.047380276860458,2021,0
0,0.047380276860458,2021,0
0,0.047380276860458,2021,0
0,0.0361479273298634,2021,0
0,0.0191440650698086,2021,0
0,0.036140691640114,2021,0
0,0.0230286046610071,2021,0
0,0.0186611129715762,2021,0
0,0.0186611129715762,2021,0
0,0.0337993461174978,2021,0
0,0.018908250524918,2021,0
0,0.0281781502013997,2021,0
0,0.015651755919281,2021,0
0,0.0320251388607268,2021,0
0,0.0290138758700755,2021,0
0,0.013521827226708,2021,0
0,0.0311545406989032,2021,0
0,0.0403677526237187,2021,0
0,0.0305547039657384,2021,0
0,0.0242903364549278,2021,0
0,0.0273652687365456,2021,0
0,0.0257518393785976,2021,0
0,0.0257518393785976,2021,0
0,0.0257518393785976,2021,0
0,0.00961339428190767,2021,0
0,0.00961339428190767,2021,0
0,0.0138416790085559,2021,0
0,0.0129770095752165,2021,0
0,0.0129770095752165,2021,0
0,0.0129770095752165,2021,0
0,0.0100441494291904,2021,0
0,0.0129770095752165,2021,0
0,0.0135277693913816,2021,0
0,0.0124273622177049,2021,0
0,0.0129770095752165,2021,0
0,0.0151766980631055,2021,0
0,0.0100441494291904,2021,0
0,0.0129770095752165,2021,0
0,0.0100441494291904,2021,0
0,0.014985201168335,2021,0
0,0.0151766980631055,2021,0
0,0.0129770095752165,2021,0
0,0.014985201168335,2021,0
0,0.0129770095752165,2021,0
0,0.0135277693913816,2021,0
0,0.0137490231942656,2021,0
0,0.0135277693913816,2021,0
0,0.0151766980631055,2021,0
0,0.0129770095752165,2021,0
0,0.0442197943140059,2021,0
0,0.0442197943140059,2021,0
0,0.0442197943140059,2021,0
0,0.0442197943140059,2021,0
0,0.0442197943140059,2021,0
0,0.0566903675234302,2021,0
0,0.0442197943140059,2021,0
0,0.0442197943140059,2021,0
0,0.0442197943140059,2021,0
0,0.0442197943140059,2021,0
0,0.0442197943140059,2021,0
0,0.0442197943140059,2021,0
0,0.0448420042193335,2021,0
0,0.0442197943140059,2021,0
0,0.0442197943140059,2021,0
0,0.0442197943140059,2021,0
0,0.0442197943140059,2021,0
0,0.0442197943140059,2021,0
0,0.04997421077573,2021,0
0,0.0442197943140059,2021,0
0,0.0442197943140059,2021,0
0,0.04997421077573,2021,0
0,0.0442197943140059,2021,0
0,0.0442197943140059,2021,0
0,0.0442197943140059,2021,0
0,0.0447623081327273,2021,0
0,0.0252322786530002,2021,0
0,0.0252322786530002,2021,0
0,0.0252322786530002,2021,0
0,0.0105193705256662,2021,0
0,0.0105193705256662,2021,0
0,0.0252322786530002,2021,0
0,0.0182687326158098,2021,0
0,0.0127043831524497,2021,0
0,0.0118903829371815,2021,0
0,0.0118903829371815,2021,0
0,0.0131465486452025,2021,0
0,0.00989302236629813,2021,0
0,0.0120828427438603,2021,0
0,0.0343173331704586,2021,0
0,0.0343173331704586,2021,0
0,0.0343173331704586,2021,0
0,0.0343173331704586,2021,0
0,0.0343173331704586,2021,0
0,0.0198921024109653,2021,0
0,0.0146310674130314,2021,0
0,0.040110823007711,2021,0
0,0.0170799852340063,2021,0
0,0.0134725838003704,2021,0
0,0.0134725838003704,2021,0
0,0.0272936735521286,2021,0
0,0.0119563003397134,2021,0
0,0.0120186020687394,2021,0
0,0.0232116007853983,2021,0
0,0.0208642126560892,2021,0
0,0.0142211752336723,2021,0
0,0.025049078481234,2021,0
0,0.0331241589495437,2021,0
0,0.0247125250552992,2021,0
0,0.0278126161144983,2021,0
0,0.0208801538604151,2021,0
0,0.0247125250552992,2021,0
0,0.0286979901557455,2021,0
0,0.0286979901557455,2021,0
0,0.0286979901557455,2021,0
0,0.00829991408062642,2021,0
0,0.0129249043061461,2021,0
0,0.011038839974796,2021,0
0,0.0317677024494902,2021,0
0,0.0317677024494902,2021,0
0,0.0317677024494902,2021,0
0,0.0317677024494902,2021,0
0,0.0317677024494902,2021,0
0,0.0317677024494902,2021,0
0,0.0317677024494902,2021,0
0,0.0317677024494902,2021,0
0,0.0360467877969882,2021,0
0,0.0317677024494902,2021,0
0,0.0317677024494902,2021,0
0,0.0317677024494902,2021,0
0,0.0317677024494902,2021,0
0,0.0317677024494902,2021,0
0,0.03203302414561,2021,0
0,0.0317677024494902,2021,0
0,0.0317677024494902,2021,0
0,0.0317677024494902,2021,0
0,0.042246069616398,2021,0
0,0.0317677024494902,2021,0
0,0.0317677024494902,2021,0
0,0.0317677024494902,2021,0
0,0.0317677024494902,2021,0
0,0.0530292836868563,2021,0
0,0.0244820727531639,2021,0
0,0.00790523586428375,2021,0
0,0.0244820727531639,2021,0
0,0.0244820727531639,2021,0
0,0.0244820727531639,2021,0
0,0.00790523586428375,2021,0
0,0.0208436399156115,2021,0
0,0.0130816998394617,2021,0
0,0.0146997150078518,2021,0
0,0.0137289593489519,2021,0
0,0.0130816998394617,2021,0
0,0.0106556927486824,2021,0
0,0.0129651616952292,2021,0
0,0.043944257760866,2021,0
0,0.0457766780496017,2021,0
0,0.0457766780496017,2021,0
0,0.0457766780496017,2021,0
0,0.0457766780496017,2021,0
0,0.0457766780496017,2021,0
0,0.0273312048109166,2021,0
0,0.0215532349146278,2021,0
0,0.0433450842862276,2021,0
0,0.0165154733183645,2021,0
0,0.0134758731256553,2021,0
0,0.0134758731256553,2021,0
0,0.036574301040776,2021,0
0,0.0631528890861716,2021,0
0,0.0200928987584876,2021,0
0,0.0146820580604748,2021,0
0,0.0260566987642966,2021,0
0,0.0234904502727201,2021,0
0,0.0162876067395685,2021,0
0,0.0254198636027737,2021,0
0,0.0300502924306923,2021,0
0,0.0398162315436898,2021,0
0,0.0278792658169964,2021,0
0,0.0278792658169964,2021,0
0,0.0260520934098543,2021,0
0,0.0311145067304714,2021,0
0,0.0713621052898651,2021,0
0,0.0713621052898651,2021,0
0,0.0713621052898651,2021,0
0,0.0116711833102147,2021,0
0,0.0125885607089118,2021,0
0,0.0146718047694094,2021,0
0,0.0374411966342852,2021,0
0,0.0417460749581812,2021,0
0,0.0374411966342852,2021,0
0,0.0374411966342852,2021,0
0,0.0374411966342852,2021,0
0,0.0374411966342852,2021,0
0,0.0374411966342852,2021,0
0,0.0443182859172476,2021,0
0,0.0374411966342852,2021,0
0,0.0374411966342852,2021,0
0,0.0374411966342852,2021,0
0,0.0417460749581812,2021,0
0,0.0374411966342852,2021,0
0,0.0374411966342852,2021,0
0,0.0374411966342852,2021,0
0,0.0374411966342852,2021,0
0,0.0377289770268661,2021,0
0,0.0374411966342852,2021,0
0,0.0374411966342852,2021,0
0,0.0374411966342852,2021,0
0,0.0374411966342852,2021,0
0,0.0374411966342852,2021,0
0,0.0374411966342852,2021,0
0,0.0374411966342852,2021,0
0,0.0374411966342852,2021,0
0,0.0248388803092832,2021,0
0,0.0253059320603078,2021,0
0,0.0253059320603078,2021,0
0,0.00998439689091161,2021,0
0,0.00998439689091161,2021,0
0,0.0253059320603078,2021,0
0,0.0253059320603078,2021,0
0,0.0257465776721086,2021,0
0,0.0189093421846356,2021,0
0,0.0184306414645443,2021,0
0,0.0204728033630241,2021,0
0,0.0184306414645443,2021,0
0,0.0184306414645443,2021,0
0,0.0178719525065653,2021,0
0,0.041051888968091,2021,0
0,0.0541923590091349,2021,0
0,0.0541923590091349,2021,0
0,0.0541923590091349,2021,0
0,0.0541923590091349,2021,0
0,0.0541923590091349,2021,0
0,0.0323407203826199,2021,0
0,0.0263619864239006,2021,0
0,0.0405234561887655,2021,0
0,0.0292795348339178,2021,0
0,0.0196672528642323,2021,0
0,0.0167226543871351,2021,0
0,0.0167226543871351,2021,0
0,0.035786305359233,2021,0
0,0.0142962668237861,2021,0
0,0.0216256877164692,2021,0
0,0.0159187603634652,2021,0
0,0.0299706647975251,2021,0
0,0.0154027562433721,2021,0
0,0.0244191597585842,2021,0
0,0.0381171044139002,2021,0
0,0.0340648524769371,2021,0
0,0.0450107695735036,2021,0
0,0.0354150579991532,2021,0
0,0.031736048949083,2021,0
0,0.0299573142044808,2021,0
0,0.031736048949083,2021,0
0,0.0742576004332412,2021,0
0,0.0742576004332412,2021,0
0,0.0742576004332412,2021,0
0,0.0134072102666668,2021,0
0,0.0141125684797355,2021,0
0,0.0163272250765357,2021,0
0,0.042233842796751,2021,0
0,0.042233842796751,2021,0
0,0.042233842796751,2021,0
0,0.042233842796751,2021,0
0,0.042233842796751,2021,0
0,0.049007916676855,2021,0
0,0.042233842796751,2021,0
0,0.042233842796751,2021,0
0,0.042233842796751,2021,0
0,0.042233842796751,2021,0
0,0.042233842796751,2021,0
0,0.042233842796751,2021,0
0,0.042233842796751,2021,0
0,0.0469663821809431,2021,0
0,0.042233842796751,2021,0
0,0.0426642406012169,2021,0
0,0.042233842796751,2021,0
0,0.042233842796751,2021,0
0,0.0469663821809431,2021,0
0,0.042233842796751,2021,0
0,0.042233842796751,2021,0
0,0.042233842796751,2021,0
0,0.042233842796751,2021,0
0,0.042233842796751,2021,0
0,0.0209127152050951,2021,0
0,0.0209127152050951,2021,0
0,0.0209127152050951,2021,0
0,0.0247600075377513,2021,0
0,0.0369974705968243,2021,0
0,0.0364204626831663,2021,0
0,0.0172588110086066,2021,0
0,0.0437710646104872,2021,0
0,0.0444355519360239,2021,0
0,0.0445804555840836,2021,0
0,0.0173155336717265,2021,0
0,0.0173846231157241,2021,0
0,0.0219562778617943,2021,0
0,0.0173846231157241,2021,0
0,0.0173846231157241,2021,0
0,0.0173846231157241,2021,0
0,0.0160900988944423,2021,0
0,0.0213261208100894,2021,0
0,0.0200083050468446,2021,0
0,0.0173155336717265,2021,0
0,0.0174162761548126,2021,0
0,0.0160900988944423,2021,0
0,0.0174162761548126,2021,0
0,0.0173846231157241,2021,0
0,0.0173846231157241,2021,0
0,0.0174162761548126,2021,0
0,0.0219562778617943,2021,0
0,0.0173846231157241,2021,0
0,0.0174162761548126,2021,0
0,0.0173846231157241,2021,0
0,0.015069593027008,2021,0
0,0.0173846231157241,2021,0
0,0.0173846231157241,2021,0
0,0.0174162761548126,2021,0
0,0.0174162761548126,2021,0
0,0.0173846231157241,2021,0
0,0.0193341103501954,2021,0
0,0.0174162761548126,2021,0
0,0.0173846231157241,2021,0
0,0.015069593027008,2021,0
0,0.0173846231157241,2021,0
0,0.0171133786998886,2021,0
0,0.0173846231157241,2021,0
0,0.0173846231157241,2021,0
0,0.0173846231157241,2021,0
0,0.0174162761548126,2021,0
0,0.0173846231157241,2021,0
0,0.015069593027008,2021,0
0,0.0171133786998886,2021,0
0,0.0219562778617943,2021,0
0,0.0161095041126687,2021,0
0,0.0200083050468446,2021,0
0,0.0173846231157241,2021,0
0,0.0173846231157241,2021,0
0,0.0173846231157241,2021,0
0,0.0173846231157241,2021,0
0,0.020877498002281,2021,0
0,0.0200083050468446,2021,0
0,0.0174162761548126,2021,0
0,0.0200083050468446,2021,0
0,0.0173846231157241,2021,0
0,0.0173846231157241,2021,0
0,0.0219562778617943,2021,0
0,0.0160900988944423,2021,0
0,0.0173846231157241,2021,0
0,0.0173846231157241,2021,0
0,0.0200083050468446,2021,0
0,0.01591655821439,2021,0
0,0.0173846231157241,2021,0
0,0.0174162761548126,2021,0
0,0.0173846231157241,2021,0
0,0.0173846231157241,2021,0
0,0.0173846231157241,2021,0
0,0.0173846231157241,2021,0
0,0.167525471113136,2021,0
0,0.0275384044577928,2021,0
0,0.0275384044577928,2021,0
0,0.0275384044577928,2021,0
0,0.0118069188998478,2021,0
0,0.0275384044577928,2021,0
0,0.0118069188998478,2021,0
0,0.0332018090241811,2021,0
0,0.0241948389985565,2021,0
0,0.0449655894362016,2021,0
0,0.0168829391629053,2021,0
0,0.0168829391629053,2021,0
0,0.0174005951953115,2021,0
0,0.0169556931334972,2021,0
0,0.0501625953665413,2021,0
0,0.0501625953665413,2021,0
0,0.0501625953665413,2021,0
0,0.0501625953665413,2021,0
0,0.0501625953665413,2021,0
0,0.0501625953665413,2021,0
0,0.0501625953665413,2021,0
0,0.0501625953665413,2021,0
0,0.0501625953665413,2021,0
0,0.0501625953665413,2021,0
0,0.0501625953665413,2021,0
0,0.0501625953665413,2021,0
0,0.0171746704999926,2021,0
0,0.0175497182579546,2021,0
0,0.0160588190977449,2021,0
0,0.014535331812266,2021,0
0,0.014607348641202,2021,0
0,0.0161837106682237,2021,0
0,0.0131254199151878,2021,0
0,0.0164677402555491,2021,0
0,0.0135469595715857,2021,0
0,0.0179412710484367,2021,0
0,0.0141970737185924,2021,0
0,0.0142092116177286,2021,0
0,0.0157214489784399,2021,0
0,0.0141970737185924,2021,0
0,0.0141970737185924,2021,0
0,0.0362073913702424,2021,0
0,0.039409380829792,2021,0
0,0.0108691207702802,2021,0
0,0.00837280210960673,2021,0
0,0.0108691207702802,2021,0
0,0.0110403114071764,2021,0
0,0.0105358725034956,2021,0
0,0.0103154301517157,2021,0
0,0.0107650831829632,2021,0
0,0.0105358725034956,2021,0
0,0.00791487392026214,2021,0
0,0.0106539559565621,2021,0
0,0.0607912410516777,2021,0
0,0.0271242978852554,2021,0
0,0.0234471103859004,2021,0
0,0.0429087619237869,2021,0
0,0.0351174271823871,2021,0
0,0.0244767352363526,2021,0
0,0.0206443577393503,2021,0
0,0.0206443577393503,2021,0
0,0.0137006778549082,2021,0
0,0.019657647006598,2021,0
0,0.0177417460185286,2021,0
0,0.0318036251882519,2021,0
0,0.037259873711046,2021,0
0,0.0162499719812737,2021,0
0,0.0213559185519092,2021,0
0,0.0341983006436456,2021,0
0,0.023634462063676,2021,0
0,0.0415862849288228,2021,0
0,0.0415862849288228,2021,0
0,0.0415862849288228,2021,0
0,0.0415862849288228,2021,0
0,0.0379745482483215,2021,0
0,0.0500099024810318,2021,0
0,0.0331539219389465,2021,0
0,0.0318716220091197,2021,0
0,0.0331539219389465,2021,0
0,0.0369431748343986,2021,0
0,0.0755562512922667,2021,0
0,0.0755562512922667,2021,0
0,0.0151001457468937,2021,0
0,0.0151001457468937,2021,0
0,0.0150276502824644,2021,0
0,0.0172716864054603,2021,0
0,0.0489165878703848,2021,0
0,0.0489165878703848,2021,0
0,0.0489165878703848,2021,0
0,0.0489165878703848,2021,0
0,0.0489165878703848,2021,0
0,0.0489165878703848,2021,0
0,0.0489165878703848,2021,0
0,0.0489165878703848,2021,0
0,0.0489165878703848,2021,0
0,0.0489165878703848,2021,0
0,0.0489165878703848,2021,0
0,0.0489165878703848,2021,0
0,0.0489165878703848,2021,0
0,0.0489165878703848,2021,0
0,0.0489165878703848,2021,0
0,0.0541758256418085,2021,0
0,0.0496564441472349,2021,0
0,0.0489165878703848,2021,0
0,0.0489165878703848,2021,0
0,0.0489165878703848,2021,0
0,0.0541758256418085,2021,0
0,0.0489165878703848,2021,0
0,0.0489165878703848,2021,0
0,0.0552219330850733,2021,0
0,0.0489165878703848,2021,0
0,0.0174891989031208,2021,0
0,0.0174891989031208,2021,0
0,0.0174891989031208,2021,0
0,0.0212093698858639,2021,0
0,0.0212093698858639,2021,0
0,0.0345551561510198,2021,0
0,0.0316859885920458,2021,0
0,0.0102136956973993,2021,0
0,0.0487845466669379,2021,0
0,0.0479660539139971,2021,0
0,0.0424228659643754,2021,0
0,0.0159681335618394,2021,0
0,0.0183413564164099,2021,0
0,0.0159684652045514,2021,0
0,0.0159684652045514,2021,0
0,0.0200949466232614,2021,0
0,0.0183413564164099,2021,0
0,0.013882521420719,2021,0
0,0.015919609472174,2021,0
0,0.0159681335618394,2021,0
0,0.0159681335618394,2021,0
0,0.0159681335618394,2021,0
0,0.0159681335618394,2021,0
0,0.0159684652045514,2021,0
0,0.0159684652045514,2021,0
0,0.0159684652045514,2021,0
0,0.0159681335618394,2021,0
0,0.0159684652045514,2021,0
0,0.0177340042151588,2021,0
0,0.013882521420719,2021,0
0,0.0159681335618394,2021,0
0,0.0159684652045514,2021,0
0,0.0159681335618394,2021,0
0,0.0147925044257036,2021,0
0,0.0159681335618394,2021,0
0,0.0146290607387966,2021,0
0,0.013882521420719,2021,0
0,0.0183413564164099,2021,0
0,0.0159681335618394,2021,0
0,0.0159681335618394,2021,0
0,0.015919609472174,2021,0
0,0.0159681335618394,2021,0
0,0.0159681335618394,2021,0
0,0.0183413564164099,2021,0
0,0.0147925044257036,2021,0
0,0.0159681335618394,2021,0
0,0.0195198029069198,2021,0
0,0.0159681335618394,2021,0
0,0.0159681335618394,2021,0
0,0.0147903979664087,2021,0
0,0.0159681335618394,2021,0
0,0.0159681335618394,2021,0
0,0.0183413564164099,2021,0
0,0.0159681335618394,2021,0
0,0.0159684652045514,2021,0
0,0.0159681335618394,2021,0
0,0.0200949466232614,2021,0
0,0.0159681335618394,2021,0
0,0.0159681335618394,2021,0
0,0.0159681335618394,2021,0
0,0.0159681335618394,2021,0
0,0.0157304574096516,2021,0
0,0.0159681335618394,2021,0
0,0.0159681335618394,2021,0
0,0.0147925044257036,2021,0
0,0.0200949466232614,2021,0
0,0.0159681335618394,2021,0
0,0.0159684652045514,2021,0
0,0.0159684652045514,2021,0
0,0.0157304574096516,2021,0
0,0.0190992626325568,2021,0
0,0.0159681335618394,2021,0
0,0.0159681335618394,2021,0
0,0.0159681335618394,2021,0
0,0.0200949466232614,2021,0
0,0.132278030539617,2021,0
0,0.0302540457695818,2021,0
0,0.0110050609668014,2021,0
0,0.0110050609668014,2021,0
0,0.0302540457695818,2021,0
0,0.0302540457695818,2021,0
0,0.0302540457695818,2021,0
0,0.0334255805912511,2021,0
0,0.0215064319323419,2021,0
0,0.0336496225991584,2021,0
0,0.0387899101347319,2021,0
0,0.0150614395478889,2021,0
0,0.0142821765451788,2021,0
0,0.0285355003581265,2021,0
0,0.0499330399221289,2021,0
0,0.0499330399221289,2021,0
0,0.0499330399221289,2021,0
0,0.0499330399221289,2021,0
0,0.0499330399221289,2021,0
0,0.0499330399221289,2021,0
0,0.0499330399221289,2021,0
0,0.0499330399221289,2021,0
0,0.0499330399221289,2021,0
0,0.0499330399221289,2021,0
0,0.0499330399221289,2021,0
0,0.0499330399221289,2021,0
0,0.0164449515130922,2021,0
0,0.0157850861042738,2021,0
0,0.0158978989384873,2021,0
0,0.0141443501727466,2021,0
0,0.014008972210817,2021,0
0,0.0180932886662477,2021,0
0,0.0145814574184039,2021,0
0,0.014008972210817,2021,0
0,0.014008972210817,2021,0
0,0.0160816796737167,2021,0
0,0.0176086496681399,2021,0
0,0.0129286915762784,2021,0
0,0.0144654542153917,2021,0
0,0.0134166013843336,2021,0
0,0.0412448597468391,2021,0
0,0.0377163791492227,2021,0
0,0.0107958025683167,2021,0
0,0.0106887779878986,2021,0
0,0.0103062145365744,2021,0
0,0.00834915243982344,2021,0
0,0.0109050659696278,2021,0
0,0.0106887779878986,2021,0
0,0.00783138202976886,2021,0
0,0.010573544541809,2021,0
0,0.0107819847009847,2021,0
0,0.0107819847009847,2021,0
0,0.0287885088633917,2021,0
0,0.0249616848350081,2021,0
0,0.0566085592766275,2021,0
0,0.0302241585407688,2021,0
0,0.0221711817403702,2021,0
0,0.0169828046341647,2021,0
0,0.0169828046341647,2021,0
0,0.00958474389275029,2021,0
0,0.0216134395584246,2021,0
0,0.0385850822929607,2021,0
0,0.0168151278486411,2021,0
0,0.0303775772796834,2021,0
0,0.0341289966575234,2021,0
0,0.0216982304027431,2021,0
0,0.0253992361202324,2021,0
0,0.0406438647200254,2021,0
0,0.0259346061937208,2021,0
0,0.0542040224275596,2021,0
0,0.0412933163292431,2021,0
0,0.0412933163292431,2021,0
0,0.0412933163292431,2021,0
0,0.0412933163292431,2021,0
0,0.0382735758848033,2021,0
0,0.0514153054727801,2021,0
0,0.0329845276864997,2021,0
0,0.0329845276864997,2021,0
0,0.0320891697446284,2021,0
0,0.0367473886251977,2021,0
0,0.0993668165230251,2021,0
0,0.0993668165230251,2021,0
0,0.0159703111686176,2021,0
0,0.0159703111686176,2021,0
0,0.0190641760230717,2021,0
0,0.0163829495631467,2021,0
0,0.0552629662035439,2021,0
0,0.0552629662035439,2021,0
0,0.0552629662035439,2021,0
0,0.0552629662035439,2021,0
0,0.0552629662035439,2021,0
0,0.0552629662035439,2021,0
0,0.0552629662035439,2021,0
0,0.0552629662035439,2021,0
0,0.0552629662035439,2021,0
0,0.0552629662035439,2021,0
0,0.0612019567664765,2021,0
0,0.0552629662035439,2021,0
0,0.0552629662035439,2021,0
0,0.0552629662035439,2021,0
0,0.0552629662035439,2021,0
0,0.0552629662035439,2021,0
0,0.0552629662035439,2021,0
0,0.0552629662035439,2021,0
0,0.0552629662035439,2021,0
0,0.0552629662035439,2021,0
0,0.0618423910067967,2021,0
0,0.0552629662035439,2021,0
0,0.0552629662035439,2021,0
0,0.0612019567664765,2021,0
0,0.0552629662035439,2021,0
0,0.055887530620331,2021,0
0,0.0205488861547184,2021,0
0,0.0205488861547184,2021,0
0,0.0205488861547184,2021,0
0,0.0262488700835223,2021,0
0,0.0262488700835223,2021,0
0,0.0262488700835223,2021,0
0,0.0262488700835223,2021,0
0,0.0436668407593234,2021,0
0,0.0159805874399521,2021,0
0,0.0393118333891736,2021,0
0,0.0546144585567748,2021,0
0,0.0555699166167872,2021,0
0,0.0446834287822288,2021,0
0,0.0166691074571045,2021,0
0,0.0166658550922455,2021,0
0,0.0166658550922455,2021,0
0,0.0166658550922455,2021,0
0,0.0166658550922455,2021,0
0,0.0166658550922455,2021,0
0,0.020454191176611,2021,0
0,0.0144478510363422,2021,0
0,0.0166658550922455,2021,0
0,0.0191963980258648,2021,0
0,0.0166658550922455,2021,0
0,0.0166658550922455,2021,0
0,0.0154158941585857,2021,0
0,0.0191963980258648,2021,0
0,0.0166691074571045,2021,0
0,0.0166691074571045,2021,0
0,0.0166658550922455,2021,0
0,0.0166658550922455,2021,0
0,0.0166658550922455,2021,0
0,0.0166658550922455,2021,0
0,0.0166691074571045,2021,0
0,0.0166658550922455,2021,0
0,0.0152440723778356,2021,0
0,0.0166658550922455,2021,0
0,0.0200066432656299,2021,0
0,0.018546818738991,2021,0
0,0.0166691074571045,2021,0
0,0.0166658550922455,2021,0
0,0.0210714425733995,2021,0
0,0.0210714425733995,2021,0
0,0.0166691074571045,2021,0
0,0.0166691074571045,2021,0
0,0.0154158941585857,2021,0
0,0.0166658550922455,2021,0
0,0.0164108160524402,2021,0
0,0.0191963980258648,2021,0
0,0.0191963980258648,2021,0
0,0.0144478510363422,2021,0
0,0.0166658550922455,2021,0
0,0.0166658550922455,2021,0
0,0.0166658550922455,2021,0
0,0.0210714425733995,2021,0
0,0.0166658550922455,2021,0
0,0.0166141110720022,2021,0
0,0.0210714425733995,2021,0
0,0.0166658550922455,2021,0
0,0.0166658550922455,2021,0
0,0.015415668449417,2021,0
0,0.185973459084551,2021,0
0,0.0310118890050458,2021,0
0,0.0310118890050458,2021,0
0,0.0119889380310115,2021,0
0,0.0310118890050458,2021,0
0,0.0310118890050458,2021,0
0,0.0119889380310115,2021,0
0,0.0250265194817025,2021,0
0,0.0352008744546471,2021,0
0,0.0242350989598108,2021,0
0,0.03901933218179,2021,0
0,0.0191117494342212,2021,0
0,0.0169975155842989,2021,0
0,0.0178863704493992,2021,0
0,0.0220166197274711,2021,0
0,0.0584262536258973,2021,0
0,0.0539131967597545,2021,0
0,0.0539131967597545,2021,0
0,0.0539131967597545,2021,0
0,0.0539131967597545,2021,0
0,0.0539131967597545,2021,0
0,0.0539131967597545,2021,0
0,0.0539131967597545,2021,0
0,0.0539131967597545,2021,0
0,0.0539131967597545,2021,0
0,0.0539131967597545,2021,0
0,0.0539131967597545,2021,0
0,0.0539131967597545,2021,0
0,0.0177934454674721,2021,0
0,0.0173808637284762,2021,0
0,0.0176085370064008,2021,0
0,0.0160118061309386,2021,0
0,0.0142336677685135,2021,0
0,0.0154604930848394,2021,0
0,0.0154604930848394,2021,0
0,0.0199923612520476,2021,0
0,0.0159614531461377,2021,0
0,0.0154604930848394,2021,0
0,0.0181753066431447,2021,0
0,0.0147602461586128,2021,0
0,0.0455208697906538,2021,0
0,0.041517332051736,2021,0
0,0.0126036802522876,2021,0
0,0.012600944806645,2021,0
0,0.00977191649037511,2021,0
0,0.012600944806645,2021,0
0,0.0120408406001077,2021,0
0,0.0124657756668598,2021,0
0,0.0127489191280943,2021,0
0,0.0124657756668598,2021,0
0,0.00917718105567999,2021,0
0,0.0123586717236001,2021,0
0,0.0372920685582828,2021,0
0,0.0323989604876596,2021,0
0,0.0252524961018401,2021,0
0,0.0578832198430031,2021,0
0,0.0301002061850653,2021,0
0,0.0243965741464568,2021,0
0,0.018995101095265,2021,0
0,0.018995101095265,2021,0
0,0.0110148646112469,2021,0
0,0.0246306151243375,2021,0
0,0.0164970734219368,2021,0
0,0.0334744603662341,2021,0
0,0.0363083355478905,2021,0
0,0.0212137549943378,2021,0
0,0.0294889972175172,2021,0
0,0.0420581607924411,2021,0
0,0.0294277748968382,2021,0
0,0.0561359817197421,2021,0
0,0.046745122356327,2021,0
0,0.046745122356327,2021,0
0,0.046745122356327,2021,0
0,0.046745122356327,2021,0
0,0.0435975063606471,2021,0
0,0.0587336978105401,2021,0
0,0.0398881988907393,2021,0
0,0.0359958178041241,2021,0
0,0.0359771617557701,2021,0
0,0.0359958178041241,2021,0
0,0.128484056920054,2021,0
0,0.128484056920054,2021,0
0,0.128484056920054,2021,0
0,0.0181543272651117,2021,0
0,0.0206182592095814,2021,0
0,0.0177759485009329,2021,0
0,0.0620011335077895,2021,0
0,0.0620011335077895,2021,0
0,0.0683180211356417,2021,0
0,0.0620011335077895,2021,0
0,0.0620011335077895,2021,0
0,0.0683180211356417,2021,0
0,0.0620011335077895,2021,0
0,0.0620011335077895,2021,0
0,0.0620011335077895,2021,0
0,0.0620011335077895,2021,0
0,0.0620011335077895,2021,0
0,0.0620011335077895,2021,0
0,0.0620011335077895,2021,0
0,0.0671463256421023,2021,0
0,0.0620011335077895,2021,0
0,0.0620011335077895,2021,0
0,0.0620011335077895,2021,0
0,0.0620011335077895,2021,0
0,0.0620011335077895,2021,0
0,0.0620011335077895,2021,0
0,0.0620011335077895,2021,0
0,0.0620011335077895,2021,0
0,0.0620011335077895,2021,0
0,0.0620011335077895,2021,0
0,0.0628838249075082,2021,0
0,0.0620011335077895,2021,0
0,0.0253597914483325,2021,0
0,0.0253597914483325,2021,0
0,0.0253597914483325,2021,0
0,0.0325780528995111,2021,0
0,0.0325780528995111,2021,0
0,0.0325780528995111,2021,0
0,0.0325780528995111,2021,0
0,0.0434842851055067,2021,0
0,0.0404823306684735,2021,0
0,0.0210548073205845,2021,0
0,0.0551307293062405,2021,0
0,0.0542541066549274,2021,0
0,0.0521882457356804,2021,0
0,0.0196233590503437,2021,0
0,0.0246771654564824,2021,0
0,0.0196044160306113,2021,0
0,0.0181702160158342,2021,0
0,0.0196233590503437,2021,0
0,0.0181599205691071,2021,0
0,0.0217754303850802,2021,0
0,0.0196044160306113,2021,0
0,0.0196044160306113,2021,0
0,0.0196233590503437,2021,0
0,0.0196044160306113,2021,0
0,0.0196044160306113,2021,0
0,0.0170302063237853,2021,0
0,0.0246771654564824,2021,0
0,0.0196044160306113,2021,0
0,0.0225206038455901,2021,0
0,0.0196233590503437,2021,0
0,0.0225206038455901,2021,0
0,0.0196044160306113,2021,0
0,0.0196044160306113,2021,0
0,0.0196233590503437,2021,0
0,0.0234739383794939,2021,0
0,0.0196044160306113,2021,0
0,0.0246771654564824,2021,0
0,0.0225206038455901,2021,0
0,0.0196044160306113,2021,0
0,0.0196044160306113,2021,0
0,0.0196233590503437,2021,0
0,0.0239810657817698,2021,0
0,0.0196044160306113,2021,0
0,0.0196044160306113,2021,0
0,0.0196044160306113,2021,0
0,0.0179602395249633,2021,0
0,0.0193095987140064,2021,0
0,0.0196044160306113,2021,0
0,0.0196044160306113,2021,0
0,0.0246771654564824,2021,0
0,0.0195327053537663,2021,0
0,0.0196044160306113,2021,0
0,0.0196044160306113,2021,0
0,0.0225206038455901,2021,0
0,0.0196233590503437,2021,0
0,0.0196044160306113,2021,0
0,0.0181599205691071,2021,0
0,0.0196044160306113,2021,0
0,0.206779895708894,2021,0
0,0.0152585530887099,2021,0
0,0.0327471005468723,2021,0
0,0.0327471005468723,2021,0
0,0.0327471005468723,2021,0
0,0.0152585530887099,2021,0
0,0.0327471005468723,2021,0
0,0.0320804779699514,2021,0
0,0.0458103128700126,2021,0
0,0.039211677885639,2021,0
0,0.025261373948865,2021,0
0,0.0244907633142764,2021,0
0,0.0269769124131813,2021,0
0,0.0244907633142764,2021,0
0,0.0302090985465047,2021,0
0,0.0243729578635091,2021,0
0,0.0743352504722294,2021,0
0,0.0743352504722294,2021,0
0,0.0743352504722294,2021,0
0,0.0743352504722294,2021,0
0,0.0743352504722294,2021,0
0,0.0743352504722294,2021,0
0,0.0743352504722294,2021,0
0,0.0743352504722294,2021,0
0,0.0743352504722294,2021,0
0,0.0743352504722294,2021,0
0,0.0743352504722294,2021,0
0,0.0268185709312142,2021,0
0,0.0213627095572725,2021,0
0,0.0213627095572725,2021,0
0,0.0235103617216549,2021,0
0,0.0241657094965487,2021,0
0,0.0203406334220297,2021,0
0,0.0197454717198014,2021,0
0,0.0219541845764354,2021,0
0,0.0217244202415456,2021,0
0,0.0213627095572725,2021,0
0,0.0243169041855944,2021,0
0,0.024696428942913,2021,0
0,0.0559030200312837,2021,0
0,0.0512469139748647,2021,0
0,0.0166425389471572,2021,0
0,0.0169419280430745,2021,0
0,0.0169419280430745,2021,0
0,0.0178044494400828,2021,0
0,0.0173313972704273,2021,0
0,0.0175252668389662,2021,0
0,0.0175252668389662,2021,0
0,0.0136088158650829,2021,0
0,0.0129055853816245,2021,0
0,0.0171889039898924,2021,0
0,0.0434934488553504,2021,0
0,0.0378139539494402,2021,0
0,0.0529571579888381,2021,0
0,0.0456801498827765,2021,0
0,0.0342761008262257,2021,0
0,0.0282169946797474,2021,0
0,0.0282169946797474,2021,0
0,0.0421491623412688,2021,0
0,0.0278062068973238,2021,0
0,0.0128285570092821,2021,0
0,0.0142711740119857,2021,0
0,0.0306670583325287,2021,0
0,0.022828249663644,2021,0
0,0.0442248802977496,2021,0
0,0.0510160757814434,2021,0
0,0.0189663929493097,2021,0
0,0.0429265571511723,2021,0
0,0.0316408462585241,2021,0
0,0.0522575260239691,2021,0
0,0.0553969708533747,2021,0
0,0.0553969708533747,2021,0
0,0.0553969708533747,2021,0
0,0.0553969708533747,2021,0
0,0.0532549990122236,2021,0
0,0.0685772917561999,2021,0
0,0.042102156674555,2021,0
0,0.0409095896783281,2021,0
0,0.0450403261608682,2021,0
0,0.0409095896783281,2021,0
0,0.116874033912876,2021,0
0,0.116874033912876,2021,0
0,0.116874033912876,2021,0
0,0.0210652922046001,2021,0
0,0.0217314466022474,2021,0
0,0.019131469754016,2021,0
0,0.0674230577905923,2021,0
0,0.0674230577905923,2021,0
0,0.0674230577905923,2021,0
0,0.0674230577905923,2021,0
0,0.0674230577905923,2021,0
0,0.0674230577905923,2021,0
0,0.0674230577905923,2021,0
0,0.0674230577905923,2021,0
0,0.0674230577905923,2021,0
0,0.0739452048610192,2021,0
0,0.0674230577905923,2021,0
0,0.0674230577905923,2021,0
0,0.0674230577905923,2021,0
0,0.0674230577905923,2021,0
0,0.0739452048610192,2021,0
0,0.0713407187048431,2021,0
0,0.0674230577905923,2021,0
0,0.0674230577905923,2021,0
0,0.0674230577905923,2021,0
0,0.0674230577905923,2021,0
0,0.0674230577905923,2021,0
0,0.0674230577905923,2021,0
0,0.0674230577905923,2021,0
0,0.0674230577905923,2021,0
0,0.0674230577905923,2021,0
0,0.0690251363014407,2021,0
0,0.0279618619402454,2021,0
0,0.0279618619402454,2021,0
0,0.0279618619402454,2021,0
0,0.0347727368039752,2021,0
0,0.0347727368039752,2021,0
0,0.0347727368039752,2021,0
0,0.0347727368039752,2021,0
0,0.0347727368039752,2021,0
0,0.0407761439973069,2021,0
0,0.0397816798739031,2021,0
0,0.0223170170690612,2021,0
0,0.0521771469773592,2021,0
0,0.0602428239560563,2021,0
0,0.0239101752254436,2021,0
0,0.0238673649987758,2021,0
0,0.0238673649987758,2021,0
0,0.0238673649987758,2021,0
0,0.02215614659315,2021,0
0,0.0238673649987758,2021,0
0,0.0238673649987758,2021,0
0,0.0238673649987758,2021,0
0,0.0238673649987758,2021,0
0,0.0239101752254436,2021,0
0,0.0298415952676339,2021,0
0,0.0239101752254436,2021,0
0,0.0238673649987758,2021,0
0,0.0298415952676339,2021,0
0,0.0239101752254436,2021,0
0,0.0237651329966981,2021,0
0,0.0221825668448369,2021,0
0,0.0239101752254436,2021,0
0,0.0238673649987758,2021,0
0,0.0238673649987758,2021,0
0,0.0238673649987758,2021,0
0,0.0273066999795551,2021,0
0,0.0284584556368053,2021,0
0,0.0238673649987758,2021,0
0,0.0237651329966981,2021,0
0,0.0219167765403167,2021,0
0,0.0298415952676339,2021,0
0,0.0238673649987758,2021,0
0,0.0239101752254436,2021,0
0,0.0238673649987758,2021,0
0,0.0273066999795551,2021,0
0,0.02215614659315,2021,0
0,0.0290447532550607,2021,0
0,0.0208022662158998,2021,0
0,0.0238673649987758,2021,0
0,0.0238673649987758,2021,0
0,0.0273066999795551,2021,0
0,0.0239101752254436,2021,0
0,0.0235193964937277,2021,0
0,0.0238673649987758,2021,0
0,0.0239101752254436,2021,0
0,0.0238673649987758,2021,0
0,0.0238673649987758,2021,0
0,0.0273066999795551,2021,0
0,0.0238673649987758,2021,0
0,0.0238673649987758,2021,0
0,0.0238673649987758,2021,0
0,0.0298415952676339,2021,0
0,0.0239101752254436,2021,0
0,0.0264338704533044,2021,0
0,0.0238673649987758,2021,0
0,0.19734788857363,2021,0
0,0.0343720066314291,2021,0
0,0.0343720066314291,2021,0
0,0.0343720066314291,2021,0
0,0.0343720066314291,2021,0
0,0.0163970555512496,2021,0
0,0.0163970555512496,2021,0
0,0.0361126762080742,2021,0
0,0.0531266603573984,2021,0
0,0.0381266769532271,2021,0
0,0.0258181211220182,2021,0
0,0.0235482467290306,2021,0
0,0.0243378043638886,2021,0
0,0.0288393696879654,2021,0
0,0.0235482467290306,2021,0
0,0.0421617944551211,2021,0
0,0.0709232157962385,2021,0
0,0.0709232157962385,2021,0
0,0.0709232157962385,2021,0
0,0.0709232157962385,2021,0
0,0.0709232157962385,2021,0
0,0.0709232157962385,2021,0
0,0.0709232157962385,2021,0
0,0.0709232157962385,2021,0
0,0.0709232157962385,2021,0
0,0.0709232157962385,2021,0
0,0.0709232157962385,2021,0
0,0.0232845297327781,2021,0
0,0.0177187884388825,2021,0
0,0.0208666575488196,2021,0
0,0.0190013921507721,2021,0
0,0.018524706042204,2021,0
0,0.018524706042204,2021,0
0,0.0190507303618098,2021,0
0,0.0214082783557226,2021,0
0,0.0204932406457144,2021,0
0,0.0210358169768327,2021,0
0,0.018524706042204,2021,0
0,0.0458060634288035,2021,0
0,0.0420923802578782,2021,0
0,0.0148583166657663,2021,0
0,0.0148583166657663,2021,0
0,0.0145028675053452,2021,0
0,0.0149193628678247,2021,0
0,0.0119211316510593,2021,0
0,0.0151992584831279,2021,0
0,0.0151992584831279,2021,0
0,0.0112836567908072,2021,0
0,0.0151103758967606,2021,0
0,0.0154043044233193,2021,0
0,0.034472952903398,2021,0
0,0.0505571152335294,2021,0
0,0.0458063775204961,2021,0
0,0.0340757243784909,2021,0
0,0.0282697934681587,2021,0
0,0.0282697934681587,2021,0
0,0.0381735315524694,2021,0
0,0.0225263737987695,2021,0
0,0.0102444096683837,2021,0
0,0.0114910263244749,2021,0
0,0.0245794371774847,2021,0
0,0.0503827893904929,2021,0
0,0.0378123799779242,2021,0
0,0.0225560714677175,2021,0
0,0.0386798690375191,2021,0
0,0.0486539664430779,2021,0
0,0.0314538016410886,2021,0
0,0.0189867046685548,2021,0
0,0.0114827370028575,2021,0
0,0.0354823663534145,2021,0
0,0.0263494803641375,2021,0
0,0.054371173635282,2021,0
0,0.0521653228912471,2021,0
0,0.0521653228912471,2021,0
0,0.0521653228912471,2021,0
0,0.0521653228912471,2021,0
0,0.0467015287824288,2021,0
0,0.0605318121726431,2021,0
0,0.0375517288323297,2021,0
0,0.0391180042585319,2021,0
0,0.0433965094377797,2021,0
0,0.0391180042585319,2021,0
0,0.0656316597498205,2021,0
0,0.0656316597498205,2021,0
0,0.0656316597498205,2021,0
0,0.0177840883404112,2021,0
0,0.0177840883404112,2021,0
0,0.0214098881943644,2021,0
0,0.0189468175672845,2021,0
0,0.0622316354296947,2021,0
0,0.0622316354296947,2021,0
0,0.0622316354296947,2021,0
0,0.0622316354296947,2021,0
0,0.0622316354296947,2021,0
0,0.0622316354296947,2021,0
0,0.0622316354296947,2021,0
0,0.0622316354296947,2021,0
0,0.0622316354296947,2021,0
0,0.0622316354296947,2021,0
0,0.0622316354296947,2021,0
0,0.0707976545057673,2021,0
0,0.0622316354296947,2021,0
0,0.0622316354296947,2021,0
0,0.0622316354296947,2021,0
0,0.0622316354296947,2021,0
0,0.0622316354296947,2021,0
0,0.0622316354296947,2021,0
0,0.0622316354296947,2021,0
0,0.0690148101985989,2021,0
0,0.0638210993406255,2021,0
0,0.0690148101985989,2021,0
0,0.0622316354296947,2021,0
0,0.0622316354296947,2021,0
0,0.0622316354296947,2021,0
0,0.0622316354296947,2021,0
0,0.0211755862245483,2021,0
0,0.0211755862245483,2021,0
0,0.0211755862245483,2021,0
0,0.0255600682456658,2021,0
0,0.0255600682456658,2021,0
0,0.0255600682456658,2021,0
0,0.0255600682456658,2021,0
0,0.0370468694544682,2021,0
0,0.013058208558583,2021,0
0,0.0329171824329007,2021,0
0,0.0517510751375187,2021,0
0,0.021091724214065,2021,0
0,0.0195340421655661,2021,0
0,0.0195338969463071,2021,0
0,0.021091724214065,2021,0
0,0.0183253472738921,2021,0
0,0.021091724214065,2021,0
0,0.0242323561609164,2021,0
0,0.021091724214065,2021,0
0,0.021091724214065,2021,0
0,0.021091724214065,2021,0
0,0.0242323561609164,2021,0
0,0.021096388445705,2021,0
0,0.0265510496154179,2021,0
0,0.021091724214065,2021,0
0,0.0265510496154179,2021,0
0,0.021096388445705,2021,0
0,0.0207792167700687,2021,0
0,0.021091724214065,2021,0
0,0.0234316124504485,2021,0
0,0.021091724214065,2021,0
0,0.021091724214065,2021,0
0,0.021096388445705,2021,0
0,0.021091724214065,2021,0
0,0.021096388445705,2021,0
0,0.0183253472738921,2021,0
0,0.0210215757526038,2021,0
0,0.0265510496154179,2021,0
0,0.021091724214065,2021,0
0,0.0183253472738921,2021,0
0,0.021091724214065,2021,0
0,0.0232746801576964,2021,0
0,0.021091724214065,2021,0
0,0.0242323561609164,2021,0
0,0.0210215757526038,2021,0
0,0.021091724214065,2021,0
0,0.0242323561609164,2021,0
0,0.021091724214065,2021,0
0,0.021096388445705,2021,0
0,0.021091724214065,2021,0
0,0.0252448182173962,2021,0
0,0.021091724214065,2021,0
0,0.021096388445705,2021,0
0,0.021091724214065,2021,0
0,0.021091724214065,2021,0
0,0.021091724214065,2021,0
0,0.021091724214065,2021,0
0,0.021096388445705,2021,0
0,0.021091724214065,2021,0
0,0.021091724214065,2021,0
0,0.0257995926821738,2021,0
0,0.021091724214065,2021,0
0,0.0207792167700687,2021,0
0,0.021096388445705,2021,0
0,0.021091724214065,2021,0
0,0.0195338969463071,2021,0
0,0.0193147185419105,2021,0
0,0.021096388445705,2021,0
0,0.021091724214065,2021,0
0,0.0195338969463071,2021,0
0,0.021091724214065,2021,0
0,0.021091724214065,2021,0
0,0.0265510496154179,2021,0
0,0.0242323561609164,2021,0
0,0.021096388445705,2021,0
0,0.021091724214065,2021,0
0,0.117636914795899,2021,0
0,0.0133216527416582,2021,0
0,0.0133216527416582,2021,0
0,0.0355022715246842,2021,0
0,0.0355022715246842,2021,0
0,0.0355022715246842,2021,0
0,0.0355022715246842,2021,0
0,0.0294815380974403,2021,0
0,0.0427798977742882,2021,0
0,0.0216938805906445,2021,0
0,0.0216975840620932,2021,0
0,0.0189033926009545,2021,0
0,0.0145459876231329,2021,0
0,0.0163321319096945,2021,0
0,0.0154553493887257,2021,0
0,0.0126192510115209,2021,0
0,0.0297625705995895,2021,0
0,0.0577300348619556,2021,0
0,0.0577300348619556,2021,0
0,0.0484700683640405,2021,0
0,0.0484700683640405,2021,0
0,0.0484700683640405,2021,0
0,0.0484700683640405,2021,0
0,0.0484700683640405,2021,0
0,0.0484700683640405,2021,0
0,0.0484700683640405,2021,0
0,0.0484700683640405,2021,0
0,0.0484700683640405,2021,0
0,0.0484700683640405,2021,0
0,0.0484700683640405,2021,0
0,0.0484700683640405,2021,0
0,0.0116390213244079,2021,0
0,0.0133631947288426,2021,0
0,0.0132062390511194,2021,0
0,0.0136968956423907,2021,0
0,0.0120327862266141,2021,0
0,0.0131850871079325,2021,0
0,0.0151173367870048,2021,0
0,0.0116390213244079,2021,0
0,0.0116390213244079,2021,0
0,0.0111859419535356,2021,0
0,0.0122213749931902,2021,0
0,0.0325697135217938,2021,0
0,0.0298009574673006,2021,0
0,0.00905932558376306,2021,0
0,0.00949621208861953,2021,0
0,0.0094171715086311,2021,0
0,0.00949399056258529,2021,0
0,0.00738880305362644,2021,0
0,0.00947695898054201,2021,0
0,0.00691237140669349,2021,0
0,0.0094171715086311,2021,0
0,0.00947695898054201,2021,0
0,0.00924480990121974,2021,0
0,0.0290230144054673,2021,0
0,0.0200835312625261,2021,0
0,0.0595714392441359,2021,0
0,0.0321034739584716,2021,0
0,0.0251580749984486,2021,0
0,0.0188622926572391,2021,0
0,0.0188622926572391,2021,0
0,0.0232884697665303,2021,0
0,0.0297114665413156,2021,0
0,0.0175438605634593,2021,0
0,0.0151492673278096,2021,0
0,0.00667296479565615,2021,0
0,0.00763228602959868,2021,0
0,0.0178536453524133,2021,0
0,0.0456032346763368,2021,0
0,0.0344197621066128,2021,0
0,0.0344004988288028,2021,0
0,0.0390492429205805,2021,0
0,0.0214502492194847,2021,0
0,0.100405125996057,2021,0
0,0.0320960992900901,2021,0
0,0.0240798794734775,2021,0
0,0.0619087020742182,2021,0
0,0.047466354174213,2021,0
0,0.047466354174213,2021,0
0,0.047466354174213,2021,0
0,0.0395245010142352,2021,0
0,0.0528949352641978,2021,0
0,0.0344568302138767,2021,0
0,0.0344568302138767,2021,0
0,0.0385045295302169,2021,0
0,0.0313687400790324,2021,0
0,0.0462717488498922,2021,0
0,0.0462717488498922,2021,0
0,0.0462717488498922,2021,0
0,0.0142838748681986,2021,0
0,0.0142838748681986,2021,0
0,0.0172909071144355,2021,0
0,0.0198111849812218,2021,0
0,0.0546270399236587,2021,0
0,0.0546270399236587,2021,0
0,0.0546270399236587,2021,0
0,0.0546270399236587,2021,0
0,0.0546270399236587,2021,0
0,0.0546270399236587,2021,0
0,0.0546270399236587,2021,0
0,0.0546270399236587,2021,0
0,0.0661637274056546,2021,0
0,0.0611998292510293,2021,0
0,0.0546270399236587,2021,0
0,0.0546270399236587,2021,0
0,0.0546270399236587,2021,0
0,0.0546270399236587,2021,0
0,0.0546270399236587,2021,0
0,0.0557477768249198,2021,0
0,0.0546270399236587,2021,0
0,0.0546270399236587,2021,0
0,0.0546270399236587,2021,0
0,0.0546270399236587,2021,0
0,0.0546270399236587,2021,0
0,0.0546270399236587,2021,0
0,0.0611998292510293,2021,0
0,0.0546270399236587,2021,0
0,0.0546270399236587,2021,0
0,0.0546270399236587,2021,0
0,0.0167375184787995,2021,0
0,0.0167375184787995,2021,0
0,0.0167375184787995,2021,0
0,0.0167375184787995,2021,0
0,0.0189845937156821,2021,0
0,0.0194142400288454,2021,0
0,0.0194142400288454,2021,0
0,0.0194142400288454,2021,0
0,0.0194142400288454,2021,0
0,0.0393567762795512,2021,0
0,0.00957558850408198,2021,0
0,0.0312881220003333,2021,0
0,NA,2021,NA
0,0.0450214896706227,2021,0
0,0.0178542198162427,2021,0
0,0.0178542198162427,2021,0
0,0.0178542198162427,2021,0
0,0.0178166092440413,2021,0
0,0.0178166092440413,2021,0
0,0.0178542198162427,2021,0
0,0.0178542198162427,2021,0
0,0.0205523895008697,2021,0
0,0.0178542198162427,2021,0
0,0.0178542198162427,2021,0
0,0.0178166092440413,2021,0
0,0.0178542198162427,2021,0
0,0.0178166092440413,2021,0
0,0.0178542198162427,2021,0
0,0.0205523895008697,2021,0
0,0.0178166092440413,2021,0
0,0.0163227685169923,2021,0
0,0.0178542198162427,2021,0
0,0.0178542198162427,2021,0
0,0.0225413012345915,2021,0
0,0.0178166092440413,2021,0
0,0.0175943434349228,2021,0
0,0.0178542198162427,2021,0
0,0.0198636733566179,2021,0
0,0.0165158120294771,2021,0
0,0.0178542198162427,2021,0
0,0.0178186504499684,2021,0
0,0.0178166092440413,2021,0
0,0.0205523895008697,2021,0
0,0.0178542198162427,2021,0
0,0.0178542198162427,2021,0
0,0.0205523895008697,2021,0
0,0.0205523895008697,2021,0
0,0.0225413012345915,2021,0
0,0.0155044530591069,2021,0
0,0.0178542198162427,2021,0
0,0.0155044530591069,2021,0
0,0.0155044530591069,2021,0
0,0.0178542198162427,2021,0
0,0.0178542198162427,2021,0
0,0.0178166092440413,2021,0
0,0.0213771227125183,2021,0
0,0.0178166092440413,2021,0
0,0.0178542198162427,2021,0
0,0.0178542198162427,2021,0
0,0.0165158120294771,2021,0
0,0.0218764460705077,2021,0
0,0.0178542198162427,2021,0
0,0.0164870396956894,2021,0
0,0.0178542198162427,2021,0
0,0.0178542198162427,2021,0
0,0.0178186504499684,2021,0
0,0.0178542198162427,2021,0
0,0.0225413012345915,2021,0
0,0.0178542198162427,2021,0
0,0.0178542198162427,2021,0
0,0.0178166092440413,2021,0
0,0.0175943434349228,2021,0
0,0.0178542198162427,2021,0
0,0.0178542198162427,2021,0
0,0.0225413012345915,2021,0
0,0.0178542198162427,2021,0
0,0.0196797708709058,2021,0
0,0.0165158120294771,2021,0
0,0.0178542198162427,2021,0
0,0.086705028824053,2021,0
0,0.0380685937654851,2021,0
0,0.0380685937654851,2021,0
0,0.0128734236849938,2021,0
0,0.0380685937654851,2021,0
0,0.0128734236849938,2021,0
0,0.0380685937654851,2021,0
0,0.0251635087149595,2021,0
0,0.0239295956305348,2021,0
0,0.0349329517170959,2021,0
0,0.0161364546948639,2021,0
0,0.0161352612560576,2021,0
0,0.0132111259693623,2021,0
0,0.0115809938785521,2021,0
0,0.0156199595823905,2021,0
0,0.0124830729125809,2021,0
0,0.0125005727301783,2021,0
0,0.06752898293677,2021,0
0,0.06752898293677,2021,0
0,0.0199587233796485,2021,0
0,0.00460270037814872,2021,0
0,0.0397878611894631,2021,0
0,0.0397878611894631,2021,0
0,0.0397878611894631,2021,0
0,0.0397878611894631,2021,0
0,0.0397878611894631,2021,0
0,0.0397878611894631,2021,0
0,0.0397878611894631,2021,0
0,0.0397878611894631,2021,0
0,0.0397878611894631,2021,0
0,0.0397878611894631,2021,0
0,0.0397878611894631,2021,0
0,0.0397878611894631,2021,0
0,0.00938341223346282,2021,0
0,0.00973031337353646,2021,0
0,0.0107943851382905,2021,0
0,0.00864340282248888,2021,0
0,0.0111712396058829,2021,0
0,0.0108598855892749,2021,0
0,0.0106875084658973,2021,0
0,0.00902764929746856,2021,0
0,0.0124359680082765,2021,0
0,0.00938341223346282,2021,0
0,0.00996258073704618,2021,0
0,0.00938341223346282,2021,0
0,0.0282158485785616,2021,0
0,0.0257399082879617,2021,0
0,0.00572316765662902,2021,0
0,0.00747583182507451,2021,0
0,0.00531897036939051,2021,0
0,0.00744456580030583,2021,0
0,0.00733671135820539,2021,0
0,0.0071995191904191,2021,0
0,0.00738149614849139,2021,0
0,0.00707565846301072,2021,0
0,0.00733671135820539,2021,0
0,0.00747583182507451,2021,0
0,0.142488103040023,2021,0
0,0.0274598866511461,2021,0
0,0.0227440744829713,2021,0
0,0.025330488412318,2021,0
0,0.0680715542988143,2021,0
0,0.0286569548501098,2021,0
0,0.0160226474697644,2021,0
0,0.0230369024302884,2021,0
0,0.0150701430319158,2021,0
0,0.0150701430319158,2021,0
0,0.018629830865759,2021,0
0,0.025708288458812,2021,0
0,0.0123658933846488,2021,0
0,0.014384826199154,2021,0
0,0.0063364466322521,2021,0
0,0.00603486970589524,2021,0
0,0.00520529205998164,2021,0
0,0.0143719380240543,2021,0
0,0.0399874149745247,2021,0
0,0.0308537523310741,2021,0
0,0.0308753684684513,2021,0
0,0.0234545283462376,2021,0
0,0.0203016522165872,2021,0
0,0.0339006288212439,2021,0
0,0.0329889386628519,2021,0
0,0.0333076541242236,2021,0
0,0.0237795301635823,2021,0
0,0.110517819493829,2021,0
0,0.03161553201953,2021,0
0,0.0654482763412295,2021,0
0,0.0469429003019758,2021,0
0,0.0469429003019758,2021,0
0,0.0469429003019758,2021,0
0,0.0377883356028974,2021,0
0,0.051214904091725,2021,0
0,0.0330131075246199,2021,0
0,0.0330131075246199,2021,0
0,0.0298001168071468,2021,0
0,0.0369565350686885,2021,0
0,0.037618961006515,2021,0
0,0.037618961006515,2021,0
0,0.037618961006515,2021,0
0,0.0134526033877525,2021,0
0,0.0134526033877525,2021,0
0,0.0191551836089157,2021,0
0,0.0165593595453327,2021,0
0,0.0533901409304694,2021,0
0,0.0533901409304694,2021,0
0,0.0533901409304694,2021,0
0,0.065201284924874,2021,0
0,0.0533901409304694,2021,0
0,0.0533901409304694,2021,0
0,0.0533901409304694,2021,0
0,0.0533901409304694,2021,0
0,0.0533901409304694,2021,0
0,0.0599102953262785,2021,0
0,0.0533901409304694,2021,0
0,0.0533901409304694,2021,0
0,0.0533901409304694,2021,0
0,0.0533901409304694,2021,0
0,0.0533901409304694,2021,0
0,0.0533901409304694,2021,0
0,0.0533901409304694,2021,0
0,0.0533901409304694,2021,0
0,0.0533901409304694,2021,0
0,0.0533901409304694,2021,0
0,0.0533901409304694,2021,0
0,0.0543331656683828,2021,0
0,0.0533901409304694,2021,0
0,0.0533901409304694,2021,0
0,0.0533901409304694,2021,0
0,0.0599102953262785,2021,0
0,0.0162289597083151,2021,0
0,0.0185392617985129,2021,0
0,0.0162289597083151,2021,0
0,0.0162289597083151,2021,0
0,0.0162289597083151,2021,0
0,0.0182556327560398,2021,0
0,0.0182556327560398,2021,0
0,0.0182556327560398,2021,0
0,0.0182556327560398,2021,0
0,0.0182556327560398,2021,0
0,0.0388313741283495,2021,0
0,0.0103830225314632,2021,0
0,0.0307869743588996,2021,0
0,NA,2021,NA
0,0.0431224527728823,2021,0
0,0.0164748282089098,2021,0
0,0.015053994011163,2021,0
0,0.0197187897134608,2021,0
0,0.0151965295335853,2021,0
0,0.0164748282089098,2021,0
0,0.0189734140864741,2021,0
0,0.0208132731353322,2021,0
0,0.0164230370301865,2021,0
0,0.0164748282089098,2021,0
0,0.0164748282089098,2021,0
0,0.0164748282089098,2021,0
0,0.0162377926322944,2021,0
0,0.0164230370301865,2021,0
0,0.0164748282089098,2021,0
0,0.0164517881456962,2021,0
0,0.0164748282089098,2021,0
0,0.0164230370301865,2021,0
0,0.0164748282089098,2021,0
0,0.0162377926322944,2021,0
0,0.0189734140864741,2021,0
0,0.0152349407821798,2021,0
0,0.0189734140864741,2021,0
0,0.0164748282089098,2021,0
0,0.0152349407821798,2021,0
0,0.0164748282089098,2021,0
0,0.0164748282089098,2021,0
0,0.0164748282089098,2021,0
0,0.0143088352390991,2021,0
0,0.0152349407821798,2021,0
0,0.0143088352390991,2021,0
0,0.0164230370301865,2021,0
0,0.0164748282089098,2021,0
0,0.0164748282089098,2021,0
0,0.0164230370301865,2021,0
0,0.0164748282089098,2021,0
0,0.0164748282089098,2021,0
0,0.0201903469903131,2021,0
0,0.0164748282089098,2021,0
0,0.0189734140864741,2021,0
0,0.0208132731353322,2021,0
0,0.0183355620598711,2021,0
0,0.0164748282089098,2021,0
0,0.0164748282089098,2021,0
0,0.0208132731353322,2021,0
0,0.0164748282089098,2021,0
0,0.0189734140864741,2021,0
0,0.0164748282089098,2021,0
0,0.0164748282089098,2021,0
0,0.0164230370301865,2021,0
0,0.0164230370301865,2021,0
0,0.0164748282089098,2021,0
0,0.0164748282089098,2021,0
0,0.0143088352390991,2021,0
0,0.0164748282089098,2021,0
0,0.0164748282089098,2021,0
0,0.0181454259942378,2021,0
0,0.0164748282089098,2021,0
0,0.0164230370301865,2021,0
0,0.0164230370301865,2021,0
0,0.0164748282089098,2021,0
0,0.0164748282089098,2021,0
0,0.0164230370301865,2021,0
0,0.0208132731353322,2021,0
0,0.0164517881456962,2021,0
0,0.0164748282089098,2021,0
0,0.0790441431445611,2021,0
0,0.269010441495301,2021,0
0,0.0389921317441585,2021,0
0,0.0389921317441585,2021,0
0,0.0389921317441585,2021,0
0,0.0121370105192576,2021,0
0,0.0389921317441585,2021,0
0,0.0121370105192576,2021,0
0,0.0217699117070656,2021,0
0,0.0304565537851792,2021,0
0,0.0214351211908281,2021,0
0,0.0188777705724668,2021,0
0,0.0161633840464671,2021,0
0,0.0142365772695296,2021,0
0,0.0142365772695296,2021,0
0,0.0151323115595087,2021,0
0,0.0150673288976799,2021,0
0,0.0398321522465529,2021,0
0,0.0629021337188529,2021,0
0,0.0629021337188529,2021,0
0,0.00639021218745328,2021,0
0,0.0522559225723131,2021,0
0,0.0522559225723131,2021,0
0,0.0522559225723131,2021,0
0,0.0522559225723131,2021,0
0,0.0522559225723131,2021,0
0,0.0522559225723131,2021,0
0,0.0522559225723131,2021,0
0,0.0522559225723131,2021,0
0,0.0522559225723131,2021,0
0,0.0522559225723131,2021,0
0,0.0522559225723131,2021,0
0,0.0522559225723131,2021,0
0,0.0120232609706151,2021,0
0,0.0144475034243412,2021,0
0,0.0131180081706441,2021,0
0,0.0142143335039048,2021,0
0,0.0125478905333872,2021,0
0,0.014267857491052,2021,0
0,0.0125478905333872,2021,0
0,0.0125478905333872,2021,0
0,0.0147947193190563,2021,0
0,0.0129718622905374,2021,0
0,0.0163313785199151,2021,0
0,0.0358063993406196,2021,0
0,0.0326756499953708,2021,0
0,0.00960076494379001,2021,0
0,0.00960102701708957,2021,0
0,0.00969403566744849,2021,0
0,0.00960076494379001,2021,0
0,0.00746192372198358,2021,0
0,0.00698134135872636,2021,0
0,0.00941829310607291,2021,0
0,0.00920520029554852,2021,0
0,0.00965346142078567,2021,0
0,0.00960102701708957,2021,0
0,0.0133542233431881,2021,0
0,0.0167379177307549,2021,0
0,0.0187859127730229,2021,0
0,0.0167379177307549,2021,0
0,0.0167379177307549,2021,0
0,0.0187859127730229,2021,0
0,0.172324696060447,2021,0
0,0.0340069211391874,2021,0
0,0.0274987705822259,2021,0
0,0.0295717692122669,2021,0
0,0.0615634164251554,2021,0
0,0.0170360051909958,2021,0
0,0.0257432135984912,2021,0
0,0.0248881153910774,2021,0
0,0.016380811543762,2021,0
0,0.016380811543762,2021,0
0,0.036362075710493,2021,0
0,0.0360128463319859,2021,0
0,0.0194864378972181,2021,0
0,0.0167843621531305,2021,0
0,0.00796612275745152,2021,0
0,0.00831455323281136,2021,0
0,0.00696512704112802,2021,0
0,0.0184441803225638,2021,0
0,0.0379017303234033,2021,0
0,0.0288201935292962,2021,0
0,0.0169867429768737,2021,0
0,0.0358381290938412,2021,0
0,0.034475068057722,2021,0
0,0.0235597154623912,2021,0
0,0.0927210978870413,2021,0
0,0.0453922064062915,2021,0
0,0.0598703614254731,2021,0
0,0.02764794615533,2021,0
0,0.0497248890333749,2021,0
0,0.0497248890333749,2021,0
0,0.0497248890333749,2021,0
0,0.0429969774920205,2021,0
0,0.0578260966932312,2021,0
0,0.0340984688411559,2021,0
0,0.0363730584252442,2021,0
0,0.0363730584252442,2021,0
0,0.0405937354914007,2021,0
0,0.0612129015351857,2021,0
0,0.0539378877683948,2021,0
0,0.0539378877683948,2021,0
0,0.0539378877683948,2021,0
0,0.0161591968443207,2021,0
0,0.0161591968443207,2021,0
0,0.0183781277763564,2021,0
0,0.0213521526689641,2021,0
0,0.0620151026760829,2021,0
0,0.0620151026760829,2021,0
0,0.0691255401976036,2021,0
0,0.0620151026760829,2021,0
0,0.0620151026760829,2021,0
0,0.0620151026760829,2021,0
0,0.0620151026760829,2021,0
0,0.0620151026760829,2021,0
0,0.0620151026760829,2021,0
0,0.0620151026760829,2021,0
0,0.0630753015181633,2021,0
0,0.0620151026760829,2021,0
0,0.0620151026760829,2021,0
0,0.0722569367208718,2021,0
0,0.0620151026760829,2021,0
0,0.0620151026760829,2021,0
0,0.0620151026760829,2021,0
0,0.0620151026760829,2021,0
0,0.0620151026760829,2021,0
0,0.0620151026760829,2021,0
0,0.0620151026760829,2021,0
0,0.0620151026760829,2021,0
0,0.0620151026760829,2021,0
0,0.0620151026760829,2021,0
0,0.0218006334783441,2021,0
0,0.0218006334783441,2021,0
0,0.0218006334783441,2021,0
0,0.0218006334783441,2021,0
0,0.0246625559904123,2021,0
0,0.0257224538538526,2021,0
0,0.0257224538538526,2021,0
0,0.0257224538538526,2021,0
0,0.0257224538538526,2021,0
0,0.0491287496692022,2021,0
0,0.0441363147197275,2021,0
0,NA,2021,NA
0,0.0601843714819735,2021,0
0,0.0525621588907082,2021,0
0,0.0169842747906311,2021,0
0,0.0224686609878607,2021,0
0,0.0195488542828547,2021,0
0,0.0195427333208761,2021,0
0,0.0195488542828547,2021,0
0,0.0195427333208761,2021,0
0,0.021723632809395,2021,0
0,0.0195488542828547,2021,0
0,0.0195488542828547,2021,0
0,0.0195488542828547,2021,0
0,0.0194902855708087,2021,0
0,0.0180937109646834,2021,0
0,0.0195488542828547,2021,0
0,0.0195488542828547,2021,0
0,0.0195488542828547,2021,0
0,0.0195488542828547,2021,0
0,0.0178963284243713,2021,0
0,0.0195427333208761,2021,0
0,0.0181008425961862,2021,0
0,0.0195488542828547,2021,0
0,0.0194902855708087,2021,0
0,0.0181008425961862,2021,0
0,0.0246238852408297,2021,0
0,0.0195488542828547,2021,0
0,0.0195488542828547,2021,0
0,0.0195427333208761,2021,0
0,0.0195488542828547,2021,0
0,0.0192601041280474,2021,0
0,0.0169842747906311,2021,0
0,0.0195488542828547,2021,0
0,0.0195427333208761,2021,0
0,0.0195488542828547,2021,0
0,0.0195427333208761,2021,0
0,0.0224686609878607,2021,0
0,0.0246238852408297,2021,0
0,0.0195488542828547,2021,0
0,0.0195488542828547,2021,0
0,0.0195427333208761,2021,0
0,0.0246238852408297,2021,0
0,0.0195488542828547,2021,0
0,0.0195488542828547,2021,0
0,0.0195427333208761,2021,0
0,0.0195488542828547,2021,0
0,0.0195488542828547,2021,0
0,0.0246238852408297,2021,0
0,0.0224686609878607,2021,0
0,0.0195488542828547,2021,0
0,0.0215649581935438,2021,0
0,0.0195488542828547,2021,0
0,0.0195488542828547,2021,0
0,0.0195488542828547,2021,0
0,0.0239194063808167,2021,0
0,0.0195488542828547,2021,0
0,0.0224686609878607,2021,0
0,0.0224686609878607,2021,0
0,0.0233980033836906,2021,0
0,0.0195427333208761,2021,0
0,0.0181008425961862,2021,0
0,0.0195488542828547,2021,0
0,0.0195488542828547,2021,0
0,0.0169842747906311,2021,0
0,0.0195488542828547,2021,0
0,0.0195488542828547,2021,0
0,0.0192601041280474,2021,0
0,0.0195427333208761,2021,0
0,0.162628945230619,2021,0
0,0.0364454292904964,2021,0
0,0.0364454292904964,2021,0
0,0.0138888903318531,2021,0
0,0.0364454292904964,2021,0
0,0.0138888903318531,2021,0
0,0.0364454292904964,2021,0
0,0.0268211542610084,2021,0
0,0.0397958204965133,2021,0
0,0.0334867000457636,2021,0
0,0.0195503399893699,2021,0
0,0.020435344742097,2021,0
0,0.0249906076074433,2021,0
0,0.0218693637492196,2021,0
0,0.0206668468594927,2021,0
0,0.0538898592921572,2021,0
0,0.0435388175059454,2021,0
0,0.0599361551860165,2021,0
0,0.0599361551860165,2021,0
0,0.00925960374264336,2021,0
0,0.0726369911252263,2021,0
0,0.0726369911252263,2021,0
0,0.0726369911252263,2021,0
0,0.0726369911252263,2021,0
0,0.0726369911252263,2021,0
0,0.0726369911252263,2021,0
0,0.0726369911252263,2021,0
0,0.0726369911252263,2021,0
0,0.0726369911252263,2021,0
0,0.0726369911252263,2021,0
0,0.0726369911252263,2021,0
0,0.0726369911252263,2021,0
0,0.0184963965222094,2021,0
0,0.0180143761242017,2021,0
0,0.0204018738147922,2021,0
0,0.0180143761242017,2021,0
0,0.0180143761242017,2021,0
0,0.0228759527172427,2021,0
0,0.0185489896332864,2021,0
0,0.0205740922919245,2021,0
0,0.0200174630429776,2021,0
0,0.020954149529359,2021,0
0,0.0171950184033615,2021,0
0,0.0442607505535391,2021,0
0,0.0483240456324411,2021,0
0,0.0137790141571773,2021,0
0,0.0137790141571773,2021,0
0,0.0107180032068959,2021,0
0,0.0134957292627164,2021,0
0,0.0137137611650639,2021,0
0,0.0134957292627164,2021,0
0,0.0139644886626857,2021,0
0,0.0101148315515036,2021,0
0,0.0131365022852085,2021,0
0,0.0135167939299515,2021,0
0,0.0611640782822725,2021,0
0,0.0254489654613507,2021,0
0,0.0254489654613507,2021,0
0,0.0283318131637036,2021,0
0,0.0254489654613507,2021,0
0,0.0254489654613507,2021,0
0,0.0283318131637036,2021,0
0,0.247472432038205,2021,0
0,0.0484125577658741,2021,0
0,0.0384693086305631,2021,0
0,0.0290374868628407,2021,0
0,0.0290498290773826,2021,0
0,0.0300133962673655,2021,0
0,0.0203280281248644,2021,0
0,0.0203280281248644,2021,0
0,0.0238983147626546,2021,0
0,0.0276405669622953,2021,0
0,0.0116447618652271,2021,0
0,0.0112429322014383,2021,0
0,0.0259320293708015,2021,0
0,0.0543114642156126,2021,0
0,0.0418661141574393,2021,0
0,0.10526760944882,2021,0
0,0.0199077132304323,2021,0
0,0.0222184122192287,2021,0
0,0.0408563705461122,2021,0
0,0.0244516989166525,2021,0
0,0.0417753566607806,2021,0
0,0.0232924868369768,2021,0
0,0.0883021581834431,2021,0
0,0.0303398588496666,2021,0
0,0.0366382319013773,2021,0
0,0.055414386044471,2021,0
0,0.0616215941137574,2021,0
0,0.0331613670927739,2021,0
0,0.0376491185469294,2021,0
0,0.0536005265396469,2021,0
0,0.0536005265396469,2021,0
0,0.0638857729645965,2021,0
0,0.0431786205165777,2021,0
0,0.0373981576961841,2021,0
0,0.0388566587446917,2021,0
0,0.0388566587446917,2021,0
0,0.0662510345392576,2021,0
0,0.0617939242377905,2021,0
0,0.0617939242377905,2021,0
0,0.0617939242377905,2021,0
0,0.0184669580820099,2021,0
0,0.0184669580820099,2021,0
0,0.0228143848149661,2021,0
0,0.0211766555073869,2021,0
0,0.0197739231199321,2021,0
0,0.0685787240119007,2021,0
0,0.0685787240119007,2021,0
0,0.0685787240119007,2021,0
0,0.0685787240119007,2021,0
0,0.0685787240119007,2021,0
0,0.0685787240119007,2021,0
0,0.0685787240119007,2021,0
0,0.0685787240119007,2021,0
0,0.0685787240119007,2021,0
0,0.0685787240119007,2021,0
0,0.0685787240119007,2021,0
0,0.0685787240119007,2021,0
0,0.0685787240119007,2021,0
0,0.0685787240119007,2021,0
0,0.0685787240119007,2021,0
0,0.0685787240119007,2021,0
0,0.0685787240119007,2021,0
0,0.0685787240119007,2021,0
0,0.0760686225472276,2021,0
0,0.0685787240119007,2021,0
0,0.0685787240119007,2021,0
0,0.0775229425598637,2021,0
0,0.0380502508069336,2021,0
0,0.0271039491334996,2021,0
0,0.0271039491334996,2021,0
0,0.0303628324249197,2021,0
0,0.0271039491334996,2021,0
0,0.0271039491334996,2021,0
0,0.031847825578503,2021,0
0,0.031847825578503,2021,0
0,0.031847825578503,2021,0
0,0.031847825578503,2021,0
0,0.031847825578503,2021,0
0,0.0557076029736518,2021,0
0,0.0528409113396611,2021,0
0,NA,2021,NA
0,0.062032894212843,2021,0
0,0.0630314190107071,2021,0
0,0.0599150183153741,2021,0
0,0.0220359566334821,2021,0
0,0.0220359566334821,2021,0
0,0.0219555755837626,2021,0
0,0.0220512402890204,2021,0
0,0.0220359566334821,2021,0
0,0.0268545353912066,2021,0
0,0.0220512402890204,2021,0
0,0.0220359566334821,2021,0
0,0.0220359566334821,2021,0
0,0.0252457982787387,2021,0
0,0.0252457982787387,2021,0
0,0.0220359566334821,2021,0
0,0.0220359566334821,2021,0
0,0.0276107322331907,2021,0
0,0.0220512402890204,2021,0
0,0.0204396257863472,2021,0
0,0.0202139242550308,2021,0
0,0.0220359566334821,2021,0
0,0.0204470896706695,2021,0
0,0.0220359566334821,2021,0
0,0.0220359566334821,2021,0
0,0.0252457982787387,2021,0
0,0.0220359566334821,2021,0
0,0.0220359566334821,2021,0
0,0.0276107322331907,2021,0
0,0.0219555755837626,2021,0
0,0.0276107322331907,2021,0
0,0.0204396257863472,2021,0
0,0.0220359566334821,2021,0
0,0.0220359566334821,2021,0
0,0.0191929303324459,2021,0
0,0.0220359566334821,2021,0
0,0.0217160079322169,2021,0
0,0.0220512402890204,2021,0
0,0.0220359566334821,2021,0
0,0.0244302756157263,2021,0
0,0.0220359566334821,2021,0
0,0.0220359566334821,2021,0
0,0.0220512402890204,2021,0
0,0.0252457982787387,2021,0
0,0.0220359566334821,2021,0
0,0.0220359566334821,2021,0
0,0.0220359566334821,2021,0
0,0.0220512402890204,2021,0
0,0.0220512402890204,2021,0
0,0.0220512402890204,2021,0
0,0.0220359566334821,2021,0
0,0.0220359566334821,2021,0
0,0.0217160079322169,2021,0
0,0.0276107322331907,2021,0
0,0.0220359566334821,2021,0
0,0.0252457982787387,2021,0
0,0.0220512402890204,2021,0
0,0.0204396257863472,2021,0
0,0.0220359566334821,2021,0
0,0.0220359566334821,2021,0
0,0.0242847395741458,2021,0
0,0.0220359566334821,2021,0
0,0.0191929303324459,2021,0
0,0.0262938849787008,2021,0
0,0.0220512402890204,2021,0
0,0.0220359566334821,2021,0
0,0.0220359566334821,2021,0
0,0.0220359566334821,2021,0
0,0.0191929303324459,2021,0
0,0.22383728878149,2021,0
0,0.0990390774800471,2021,0
0,0.0353330148955091,2021,0
0,0.0353330148955091,2021,0
0,0.0353330148955091,2021,0
0,0.014500885658956,2021,0
0,0.014500885658956,2021,0
0,0.0353330148955091,2021,0
0,0.0283749221706978,2021,0
0,0.029419719015142,2021,0
0,0.0438783904454364,2021,0
0,0.0716341119044092,2021,0
0,0.0359829978443816,2021,0
0,0.0208384604185857,2021,0
0,0.0231740775978466,2021,0
0,0.0217537918011665,2021,0
0,0.0263399382979522,2021,0
0,0.0227343431265838,2021,0
0,0.0229923636873914,2021,0
0,0.0188236433674414,2021,0
0,0.0421924101536979,2021,0
0,0.0507061752976159,2021,0
0,0.065638264416331,2021,0
0,0.065638264416331,2021,0
0,0.0789892481072274,2021,0
0,0.0789892481072274,2021,0
0,0.0789892481072274,2021,0
0,0.0789892481072274,2021,0
0,0.0789892481072274,2021,0
0,0.0789892481072274,2021,0
0,0.0789892481072274,2021,0
0,0.0789892481072274,2021,0
0,0.0789892481072274,2021,0
0,0.0789892481072274,2021,0
0,0.0789892481072274,2021,0
0,0.0789892481072274,2021,0
0,0.0194788376960224,2021,0
0,0.0181015090921179,2021,0
0,0.0215163925640607,2021,0
0,0.0220990657519026,2021,0
0,0.0210976251553992,2021,0
0,0.0189755713299401,2021,0
0,0.0189755713299401,2021,0
0,0.0241404222901738,2021,0
0,0.0216974148958032,2021,0
0,0.0189755713299401,2021,0
0,0.019542591957676,2021,0
0,0.0478553254834149,2021,0
0,0.0438705463115651,2021,0
0,0.0117841851470068,2021,0
0,0.0151749464695458,2021,0
0,0.0148551713097761,2021,0
0,0.0148551713097761,2021,0
0,0.0148842920241897,2021,0
0,0.0151749464695458,2021,0
0,0.0144612824742549,2021,0
0,0.0111183861593763,2021,0
0,0.0153816246614715,2021,0
0,0.0150997326591986,2021,0
0,0.023154807045392,2021,0
0,0.0247238773322569,2021,0
0,0.0247238773322569,2021,0
0,0.0222858804983571,2021,0
0,0.0222858804983571,2021,0
0,0.0222858804983571,2021,0
0,0.0222858804983571,2021,0
0,0.210455333597132,2021,0
0,0.0432531302605111,2021,0
0,0.0361165209468202,2021,0
0,0.142994541885471,2021,0
0,0.0260176087823574,2021,0
0,0.0270160015106681,2021,0
0,0.0334622312427307,2021,0
0,0.0193790258048255,2021,0
0,0.0193790258048255,2021,0
0,0.0258845743009939,2021,0
0,0.0299915060234546,2021,0
0,0.0121501908677485,2021,0
0,0.0454918163173597,2021,0
0,0.0364884646176347,2021,0
0,0.0373209934000473,2021,0
0,0.0378726841732831,2021,0
0,0.0323494507406712,2021,0
0,NA,2021,NA
0,0.114997420116736,2021,0
0,0.108299111398423,2021,0
0,0.118630772058965,2021,0
0,0.0208552101501013,2021,0
0,0.0184090334251697,2021,0
0,0.0362228069875828,2021,0
0,0.040109620083599,2021,0
0,0.0223722932826616,2021,0
0,0.00910675546370265,2021,0
0,0.0306304308840431,2021,0
0,0.0125967806362613,2021,0
0,0.0419188125579526,2021,0
0,0.0701761350581454,2021,0
0,0.0310414557347942,2021,0
0,0.0510353429335313,2021,0
0,0.0510353429335313,2021,0
0,0.0570353261005883,2021,0
0,0.0331142548966462,2021,0
0,0.0361870049192201,2021,0
0,0.0404210371570113,2021,0
0,0.0361870049192201,2021,0
0,0.0313243256622618,2021,0
0,0.0313243256622618,2021,0
0,0.0313243256622618,2021,0
0,0.0159980945019718,2021,0
0,0.0159980945019718,2021,0
0,0.0159980945019718,2021,0
0,0.0190888549484743,2021,0
0,0.0219056702791329,2021,0
0,0.0202885116876416,2021,0
0,0.0627484415651916,2021,0
0,0.0627484415651916,2021,0
0,0.0627484415651916,2021,0
0,0.0627484415651916,2021,0
0,0.0627484415651916,2021,0
0,0.0627484415651916,2021,0
0,0.0627484415651916,2021,0
0,0.0627484415651916,2021,0
0,0.0627484415651916,2021,0
0,0.0627484415651916,2021,0
0,0.0627484415651916,2021,0
0,0.0627484415651916,2021,0
0,0.0627484415651916,2021,0
0,0.0627484415651916,2021,0
0,0.0703589946483629,2021,0
0,0.0627484415651916,2021,0
0,0.0627484415651916,2021,0
0,0.0627484415651916,2021,0
0,0.0627484415651916,2021,0
0,0.0627484415651916,2021,0
0,0.0762751855541991,2021,0
0,0.0627484415651916,2021,0
0,0.0627484415651916,2021,0
0,0.0241607023643099,2021,0
0,0.0271212618451131,2021,0
0,0.0241607023643099,2021,0
0,0.0241607023643099,2021,0
0,0.0268524557165093,2021,0
0,0.0268524557165093,2021,0
0,0.0268524557165093,2021,0
0,0.0268524557165093,2021,0
0,0.0268524557165093,2021,0
0,0.0268524557165093,2021,0
0,0.0420818312926749,2021,0
0,0.0365470382719918,2021,0
0,NA,2021,NA
0,0.0713606408356619,2021,0
0,0.0698933541543564,2021,0
0,0.0465291844823838,2021,0
0,0.0201257763485806,2021,0
0,0.0173888732824815,2021,0
0,0.0201257763485806,2021,0
0,0.0174334087619158,2021,0
0,0.0173888732824815,2021,0
0,0.0171744198298809,2021,0
0,0.0174334087619158,2021,0
0,0.0174038900312536,2021,0
0,0.0174334087619158,2021,0
0,0.0174334087619158,2021,0
0,0.0174334087619158,2021,0
0,0.0201257763485806,2021,0
0,0.0173888732824815,2021,0
0,0.0174334087619158,2021,0
0,0.0159101058656134,2021,0
0,0.0174334087619158,2021,0
0,0.0174334087619158,2021,0
0,0.0174334087619158,2021,0
0,0.0174334087619158,2021,0
0,0.0173888732824815,2021,0
0,0.0174334087619158,2021,0
0,0.0151005581779377,2021,0
0,0.0174334087619158,2021,0
0,0.0174334087619158,2021,0
0,0.0161013388823556,2021,0
0,0.0221146246581278,2021,0
0,0.0174334087619158,2021,0
0,0.0174334087619158,2021,0
0,0.0174334087619158,2021,0
0,0.0173888732824815,2021,0
0,0.0174038900312536,2021,0
0,0.0173888732824815,2021,0
0,0.0174334087619158,2021,0
0,0.0161013388823556,2021,0
0,0.0173888732824815,2021,0
0,0.0174334087619158,2021,0
0,0.0160678201479516,2021,0
0,0.019436351517379,2021,0
0,0.0221146246581278,2021,0
0,0.0174334087619158,2021,0
0,0.0174334087619158,2021,0
0,0.0174334087619158,2021,0
0,0.0173888732824815,2021,0
0,0.0174334087619158,2021,0
0,0.0201257763485806,2021,0
0,0.0171744198298809,2021,0
0,0.019242635942299,2021,0
0,0.0174334087619158,2021,0
0,0.0151005581779377,2021,0
0,0.0173888732824815,2021,0
0,0.0209396886873915,2021,0
0,0.0173888732824815,2021,0
0,0.0151005581779377,2021,0
0,0.0174334087619158,2021,0
0,0.094621967292296,2021,0
0,0.0260145956032662,2021,0
0,0.030306712990069,2021,0
0,0.0289814311609054,2021,0
0,0.0687332518761085,2021,0
0,0.0687332518761085,2021,0
0,0.0700306564109573,2021,0
0,0.0682909083651675,2021,0
0,0.0119921788487677,2021,0
0,0.0400567102719588,2021,0
0,0.0400567102719588,2021,0
0,0.0400567102719588,2021,0
0,0.0400567102719588,2021,0
0,0.0119921788487677,2021,0
0,0.0231575552163015,2021,0
0,0.0241884055822606,2021,0
0,0.0349968962748348,2021,0
0,0.0321863970112742,2021,0
0,0.0190437352446899,2021,0
0,0.0179814963040038,2021,0
0,0.0169012033727098,2021,0
0,0.0169012033727098,2021,0
0,0.0221275314871705,2021,0
0,0.0185331419119803,2021,0
0,0.0357666275045686,2021,0
0,0.0772831561448233,2021,0
0,0.0772831561448233,2021,0
0,0.0707012204731681,2021,0
0,0.0707012204731681,2021,0
0,0.0707012204731681,2021,0
0,0.0707012204731681,2021,0
0,0.0707012204731681,2021,0
0,0.0707012204731681,2021,0
0,0.0707012204731681,2021,0
0,0.0707012204731681,2021,0
0,0.0707012204731681,2021,0
0,0.0707012204731681,2021,0
0,0.0707012204731681,2021,0
0,0.0707012204731681,2021,0
0,0.0189814919620492,2021,0
0,0.021384167351595,2021,0
0,0.0208110738756921,2021,0
0,0.016479569420184,2021,0
0,0.0170243123501119,2021,0
0,0.0171277009721452,2021,0
0,0.01575022221721,2021,0
0,0.016479569420184,2021,0
0,0.0194081623697801,2021,0
0,0.016479569420184,2021,0
0,0.0187694497106074,2021,0
0,0.0420110436180168,2021,0
0,0.0384286861554528,2021,0
0,0.0130683042706049,2021,0
0,0.0133549435323353,2021,0
0,0.0133288505303897,2021,0
0,0.0134794590497533,2021,0
0,0.013230115771416,2021,0
0,0.012738878508136,2021,0
0,0.013230115771416,2021,0
0,0.0102903055624143,2021,0
0,0.00963935473428608,2021,0
0,0.0133288505303897,2021,0
0,0.00685004273476191,2021,0
0,0.016439319485513,2021,0
0,0.0183203135126072,2021,0
0,0.016439319485513,2021,0
0,0.016439319485513,2021,0
0,0.0183203135126072,2021,0
0,0.016439319485513,2021,0
0,0.157243865783072,2021,0
0,0.0327013318722777,2021,0
0,0.0279571686529248,2021,0
0,0.0888683049769196,2021,0
0,0.0221525829744092,2021,0
0,0.0162399161021973,2021,0
0,0.0309181127128521,2021,0
0,0.0249867237187196,2021,0
0,0.0172915860205272,2021,0
0,0.0172915860205272,2021,0
0,0.028504400985834,2021,0
0,0.0245795170616339,2021,0
0,0.00996777463209856,2021,0
0,0.0345102374255266,2021,0
0,0.0304904967453652,2021,0
0,0.0247687329037704,2021,0
0,0.0293155601821447,2021,0
0,0.0287603766663063,2021,0
0,0.120108040660873,2021,0
0,0.127797447454,2021,0
0,0.132643494184458,2021,0
0,0.0176314363545597,2021,0
0,0.0202210723072304,2021,0
0,0.0330730627519388,2021,0
0,0.0379130954968731,2021,0
0,0.0234542472971171,2021,0
0,0.0300397934236903,2021,0
0,0.00912377094362705,2021,0
0,0.0354671738008933,2021,0
0,0.026631382064168,2021,0
0,0.0721367181255815,2021,0
0,0.0541045091863768,2021,0
0,0.0541045091863768,2021,0
0,0.0451124301535762,2021,0
0,0.0585153985013397,2021,0
0,0.039572830332129,2021,0
0,0.039572830332129,2021,0
0,0.04436635659299,2021,0
0,0.0359401958944787,2021,0
0,0.026115233097476,2021,0
0,0.026115233097476,2021,0
0,0.026115233097476,2021,0
0,0.0163167830589308,2021,0
0,0.0163167830589308,2021,0
0,0.0163167830589308,2021,0
0,0.0197275903270561,2021,0
0,0.0226802184481712,2021,0
0,0.0209655954599589,2021,0
0,0.0651267976230411,2021,0
0,0.0651267976230411,2021,0
0,0.0651267976230411,2021,0
0,0.0651267976230411,2021,0
0,0.0651267976230411,2021,0
0,0.0651267976230411,2021,0
0,0.0651267976230411,2021,0
0,0.0651267976230411,2021,0
0,0.0651267976230411,2021,0
0,0.0798585732778401,2021,0
0,0.0651267976230411,2021,0
0,0.0651267976230411,2021,0
0,0.0731268709784501,2021,0
0,0.0651267976230411,2021,0
0,0.0651267976230411,2021,0
0,0.0651267976230411,2021,0
0,0.0651267976230411,2021,0
0,0.0651267976230411,2021,0
0,0.0651267976230411,2021,0
0,0.0651267976230411,2021,0
0,0.0651267976230411,2021,0
0,0.0731268709784501,2021,0
0,0.0651267976230411,2021,0
0,0.0668492754871906,2021,0
0,0.0651267976230411,2021,0
0,0.0651267976230411,2021,0
0,0.0252745167712427,2021,0
0,0.0252745167712427,2021,0
0,0.0252745167712427,2021,0
0,0.0272003843537102,2021,0
0,0.0272003843537102,2021,0
0,0.0272003843537102,2021,0
0,0.0272003843537102,2021,0
0,0.0396203094500355,2021,0
0,0.0333608642843935,2021,0
0,NA,2021,NA
0,0.0697190257045545,2021,0
0,0.049147568101544,2021,0
0,0.0183721381115126,2021,0
0,0.0183721381115126,2021,0
0,0.0158817775851363,2021,0
0,0.0212478335830921,2021,0
0,0.0183374418136179,2021,0
0,0.0212478335830921,2021,0
0,0.0203106344594197,2021,0
0,0.0180931634593016,2021,0
0,0.0183321627831778,2021,0
0,0.0183321627831778,2021,0
0,0.0183721381115126,2021,0
0,0.0183321627831778,2021,0
0,0.0221245627157134,2021,0
0,0.0183321627831778,2021,0
0,0.0183721381115126,2021,0
0,0.0183721381115126,2021,0
0,0.0183721381115126,2021,0
0,0.0183721381115126,2021,0
0,0.0205099989102745,2021,0
0,0.0183721381115126,2021,0
0,0.0183721381115126,2021,0
0,0.0183721381115126,2021,0
0,0.0183721381115126,2021,0
0,0.0183321627831778,2021,0
0,0.0183321627831778,2021,0
0,0.0183721381115126,2021,0
0,0.0180931634593016,2021,0
0,0.0183321627831778,2021,0
0,0.0183721381115126,2021,0
0,0.0169217846857219,2021,0
0,0.0183374418136179,2021,0
0,0.0183721381115126,2021,0
0,0.0169522900122976,2021,0
0,0.0183721381115126,2021,0
0,0.023376730422035,2021,0
0,0.0183321627831778,2021,0
0,0.0183721381115126,2021,0
0,0.0183321627831778,2021,0
0,0.0183721381115126,2021,0
0,0.0158817775851363,2021,0
0,0.0183721381115126,2021,0
0,0.023376730422035,2021,0
0,0.0183721381115126,2021,0
0,0.0158817775851363,2021,0
0,0.0183721381115126,2021,0
0,0.0183721381115126,2021,0
0,0.0183721381115126,2021,0
0,0.0212478335830921,2021,0
0,0.0167505891180742,2021,0
0,0.0212478335830921,2021,0
0,0.0169522900122976,2021,0
0,0.0183721381115126,2021,0
0,0.0892730708540625,2021,0
0,0.0266380011768389,2021,0
0,0.0309439531351181,2021,0
0,0.0322740879782711,2021,0
0,0.0276017283057132,2021,0
0,0.0720950059867039,2021,0
0,0.0735338430050459,2021,0
0,0.0720950059867039,2021,0
0,0.0715480521316023,2021,0
0,0.0411139386549571,2021,0
0,0.0411139386549571,2021,0
0,0.0411139386549571,2021,0
0,0.0411139386549571,2021,0
0,0.0143905069432868,2021,0
0,0.0143905069432868,2021,0
0,0.0301027640931089,2021,0
0,0.0302766209535433,2021,0
0,0.0437750759471452,2021,0
0,NA,2021,NA
0,0.0384439922119267,2021,0
0,0.0535510282867023,2021,0
0,0.0229656977225025,2021,0
0,0.021950001197326,2021,0
0,0.0280634122705701,2021,0
0,0.021950001197326,2021,0
0,0.0245456905133864,2021,0
0,0.0232189190091132,2021,0
0,0.0456897575685803,2021,0
0,0.0671565408289705,2021,0
0,0.0713115689636688,2021,0
0,0.0691132430467676,2021,0
0,0.0691132430467676,2021,0
0,0.0691132430467676,2021,0
0,0.0691132430467676,2021,0
0,0.0691132430467676,2021,0
0,0.0691132430467676,2021,0
0,0.0691132430467676,2021,0
0,0.0691132430467676,2021,0
0,0.0691132430467676,2021,0
0,0.0691132430467676,2021,0
0,0.0691132430467676,2021,0
0,0.0691132430467676,2021,0
0,0.0161373448681923,2021,0
0,0.016920172982727,2021,0
0,0.0212602019123563,2021,0
0,0.0198546778192486,2021,0
0,0.01945651269213,2021,0
0,0.016920172982727,2021,0
0,0.0218023241675373,2021,0
0,0.0174637465263717,2021,0
0,0.0174575150176626,2021,0
0,0.016920172982727,2021,0
0,0.0192690702026601,2021,0
0,0.0440041362511082,2021,0
0,0.0402800076390033,2021,0
0,0.0131702847276287,2021,0
0,0.00966431476107799,2021,0
0,0.0131847393394521,2021,0
0,0.0134420716935209,2021,0
0,0.0127863019416803,2021,0
0,0.0102900727004791,2021,0
0,0.0131847393394521,2021,0
0,0.0134420716935209,2021,0
0,0.0136277547731143,2021,0
0,0.0133925207329785,2021,0
0,0.0253727170340436,2021,0
0,0.0186040082613123,2021,0
0,0.0186040082613123,2021,0
0,0.0207950481948055,2021,0
0,0.0207950481948055,2021,0
0,0.0186040082613123,2021,0
0,0.0186040082613123,2021,0
0,0.181755968087922,2021,0
0,0.0357830297287499,2021,0
0,0.0308625387317334,2021,0
0,0.0814233167813158,2021,0
0,0.0269682367430145,2021,0
0,0.0374936236739695,2021,0
0,0.0298795858434708,2021,0
0,0.0212793766044855,2021,0
0,0.0212793766044855,2021,0
0,0.0246305201842876,2021,0
0,0.0212802995112026,2021,0
0,0.00872541900750997,2021,0
0,0.0103484039730303,2021,0
0,0.0366279447558692,2021,0
0,0.0305520382212109,2021,0
0,0.030094351125041,2021,0
0,0.0257312668154108,2021,0
0,0.12135154307015,2021,0
0,0.0210222451920748,2021,0
0,0.018531127561192,2021,0
0,0.0363736872494629,2021,0
0,0.0416086861099139,2021,0
0,0.0229744056644702,2021,0
0,0.023767961909388,2021,0
0,0.0111098272385687,2021,0
0,0.0345801968676651,2021,0
0,0.0260932312765125,2021,0
0,0.0693949077185212,2021,0
0,0.0573919669805632,2021,0
0,0.0573919669805632,2021,0
0,0.0457541030642916,2021,0
0,0.0601258835734027,2021,0
0,0.0425573268195746,2021,0
0,0.0425573268195746,2021,0
0,0.0385403857103876,2021,0
0,0.0477087914254037,2021,0
0,0.0271529348687498,2021,0
0,0.0271529348687498,2021,0
0,0.0271529348687498,2021,0
0,0.0174882426778897,2021,0
0,0.0174882426778897,2021,0
0,0.0174882426778897,2021,0
0,0.0242708031564924,2021,0
0,0.0211864338203154,2021,0
0,0.0225306538654696,2021,0
0,0.0732950188943031,2021,0
0,0.0732950188943031,2021,0
0,0.0732950188943031,2021,0
0,0.0732950188943031,2021,0
0,0.0732950188943031,2021,0
0,0.0732950188943031,2021,0
0,0.0732950188943031,2021,0
0,0.0866078238042385,2021,0
0,0.0732950188943031,2021,0
0,0.0732950188943031,2021,0
0,0.0732950188943031,2021,0
0,0.0732950188943031,2021,0
0,0.0732950188943031,2021,0
0,0.0732950188943031,2021,0
0,0.0732950188943031,2021,0
0,0.0732950188943031,2021,0
0,0.0732950188943031,2021,0
0,0.0732950188943031,2021,0
0,0.0732950188943031,2021,0
0,0.0753825558396917,2021,0
0,0.0818251124139115,2021,0
0,0.0732950188943031,2021,0
0,0.0732950188943031,2021,0
0,0.0732950188943031,2021,0
0,0.00641673627101724,2021,0
0,0.0209073965334374,2021,0
0,0.0209073965334374,2021,0
0,0.0209073965334374,2021,0
0,0.02311494856026,2021,0
0,0.02311494856026,2021,0
0,0.02311494856026,2021,0
0,0.02311494856026,2021,0
0,0.02311494856026,2021,0
0,0.0385841239474382,2021,0
0,NA,2021,NA
0,0.0679212446332026,2021,0
0,0.0472471555613721,2021,0
0,0.0176231879414419,2021,0
0,0.0153206561698635,2021,0
0,0.0176231879414419,2021,0
0,0.0162630860533018,2021,0
0,0.0193981872350974,2021,0
0,0.016304927207918,2021,0
0,0.0202754596903027,2021,0
0,0.0176231879414419,2021,0
0,0.0176231879414419,2021,0
0,0.0176231879414419,2021,0
0,0.0175667135972806,2021,0
0,0.0173731224090231,2021,0
0,0.0175979336518147,2021,0
0,0.0176231879414419,2021,0
0,0.0153206561698635,2021,0
0,0.0176231879414419,2021,0
0,0.0176231879414419,2021,0
0,0.0176231879414419,2021,0
0,0.0173731224090231,2021,0
0,0.016304927207918,2021,0
0,0.0215681497007113,2021,0
0,0.0176231879414419,2021,0
0,0.0161108306768728,2021,0
0,0.0175667135972806,2021,0
0,0.0153206561698635,2021,0
0,0.0176231879414419,2021,0
0,0.0202754596903027,2021,0
0,0.0175979336518147,2021,0
0,0.0176231879414419,2021,0
0,0.0176231879414419,2021,0
0,0.0175667135972806,2021,0
0,0.0176231879414419,2021,0
0,0.0176231879414419,2021,0
0,0.0202754596903027,2021,0
0,0.0176231879414419,2021,0
0,0.0176231879414419,2021,0
0,0.0176231879414419,2021,0
0,0.0196000193069836,2021,0
0,0.0175667135972806,2021,0
0,0.0175667135972806,2021,0
0,0.0176231879414419,2021,0
0,0.0202754596903027,2021,0
0,0.0176231879414419,2021,0
0,0.0175667135972806,2021,0
0,0.0176231879414419,2021,0
0,0.0175667135972806,2021,0
0,0.0175667135972806,2021,0
0,0.0210669575532137,2021,0
0,0.0202754596903027,2021,0
0,0.0176231879414419,2021,0
0,0.0176231879414419,2021,0
0,0.0175667135972806,2021,0
0,0.0222256443179144,2021,0
0,0.0176231879414419,2021,0
0,0.0222256443179144,2021,0
0,0.0696349780081675,2021,0
0,0.0446866833643065,2021,0
0,0.0240606934774217,2021,0
0,0.0279484214822867,2021,0
0,0.0292382713455278,2021,0
0,0.0250112840403147,2021,0
0,0.065962035136099,2021,0
0,0.0654500802017973,2021,0
0,0.0673094203174874,2021,0
0,0.065962035136099,2021,0
0,0.0383608378009879,2021,0
0,0.0445894834412975,2021,0
0,0.040552022070564,2021,0
0,0.040552022070564,2021,0
0,0.012814601148115,2021,0
0,0.040552022070564,2021,0
0,0.040552022070564,2021,0
0,0.012814601148115,2021,0
0,0.0268745014826129,2021,0
0,0.0664392997469569,2021,0
0,0.0421833919558171,2021,0
0,0.0177548758679491,2021,0
0,0.023113377930573,2021,0
0,0.0177548758679491,2021,0
0,0.0200097933315279,2021,0
0,0.0187065649234227,2021,0
0,0.0190295151418564,2021,0
0,0.0188522007648621,2021,0
0,0.0315764496945248,2021,0
0,0.0395348143833481,2021,0
0,0.0654836294350181,2021,0
0,0.0268594049887568,2021,0
0,0.0557776589667852,2021,0
0,0.0557776589667852,2021,0
0,0.0557776589667852,2021,0
0,0.0557776589667852,2021,0
0,0.0557776589667852,2021,0
0,0.0557776589667852,2021,0
0,0.0557776589667852,2021,0
0,0.0557776589667852,2021,0
0,0.0557776589667852,2021,0
0,0.0557776589667852,2021,0
0,0.0557776589667852,2021,0
0,0.0557776589667852,2021,0
0,0.0138030907758938,2021,0
0,0.0167468223926749,2021,0
0,0.015612963494442,2021,0
0,0.0152589993254563,2021,0
0,0.0126729689311892,2021,0
0,0.0132462418917146,2021,0
0,0.0132462418917146,2021,0
0,0.013689121379862,2021,0
0,0.0149719452651489,2021,0
0,0.0172200668454947,2021,0
0,0.0132462418917146,2021,0
0,0.0150798602571944,2021,0
0,0.0320786698785566,2021,0
0,0.0350644079215808,2021,0
0,0.010572987841225,2021,0
0,0.0103694708779486,2021,0
0,0.0105395684017194,2021,0
0,0.0106826200965714,2021,0
0,0.010572987841225,2021,0
0,0.00767086607008358,2021,0
0,0.0106150131676191,2021,0
0,0.00819452062382262,2021,0
0,0.0105395684017194,2021,0
0,0.0101235328274492,2021,0
0,0.0115300505576588,2021,0
0,0.0176486512861783,2021,0
0,0.0157208515854758,2021,0
0,0.0157208515854758,2021,0
0,0.0176486512861783,2021,0
0,0.0157208515854758,2021,0
0,0.156372779995488,2021,0
0,0.0304483235513612,2021,0
0,0.0269114176029631,2021,0
0,0.0811542915439834,2021,0
0,0.0669435025711722,2021,0
0,0.0242730038893748,2021,0
0,0.0263084933510122,2021,0
0,0.032861123914215,2021,0
0,0.0186780897976466,2021,0
0,0.0186780897976466,2021,0
0,0.0168559924656194,2021,0
0,0.0195885245660552,2021,0
0,0.00699275298502689,2021,0
0,0.0324683241447938,2021,0
0,0.0457519696028425,2021,0
0,0.0272240834404965,2021,0
0,0.0227202921886391,2021,0
0,0.124511643056559,2021,0
0,0.019403889974778,2021,0
0,0.0169640597310222,2021,0
0,0.0339757073053171,2021,0
0,0.03845467515299,2021,0
0,0.0223897607530736,2021,0
0,0.0192956263026065,2021,0
0,0.00929502313615917,2021,0
0,0.0315969242582382,2021,0
0,0.0252089756913943,2021,0
0,0.0682325821255275,2021,0
0,0.0536583624048257,2021,0
0,0.0536583624048257,2021,0
0,0.0435909040665667,2021,0
0,0.0562603784538468,2021,0
0,0.0393964076291767,2021,0
0,0.0442877983772159,2021,0
0,0.0393964076291767,2021,0
0,0.0350517733462374,2021,0
0,0.0317037503030711,2021,0
0,0.0317037503030711,2021,0
0,0.0317037503030711,2021,0
0,0.0161297766123108,2021,0
0,0.0161297766123108,2021,0
0,0.0161297766123108,2021,0
0,0.0200213756731309,2021,0
0,0.02132082935952,2021,0
0,0.0231043111684202,2021,0
0,0.0683021082103323,2021,0
0,0.0683021082103323,2021,0
0,0.0683021082103323,2021,0
0,0.0683021082103323,2021,0
0,0.0683021082103323,2021,0
0,0.0700254549203009,2021,0
0,0.0683021082103323,2021,0
0,0.0683021082103323,2021,0
0,0.0683021082103323,2021,0
0,0.0683021082103323,2021,0
0,0.0683021082103323,2021,0
0,0.0683021082103323,2021,0
0,0.0683021082103323,2021,0
0,0.0683021082103323,2021,0
0,0.0683021082103323,2021,0
0,0.0683021082103323,2021,0
0,0.0683021082103323,2021,0
0,0.0683021082103323,2021,0
0,0.0683021082103323,2021,0
0,0.0683021082103323,2021,0
0,0.0683021082103323,2021,0
0,0.0161245992072455,2021,0
0,0.0161245992072455,2021,0
0,0.0184390110560414,2021,0
0,0.0161245992072455,2021,0
0,0.0161245992072455,2021,0
0,0.018669848302525,2021,0
0,0.018669848302525,2021,0
0,0.018669848302525,2021,0
0,0.018669848302525,2021,0
0,0.018669848302525,2021,0
0,0.018669848302525,2021,0
0,0.018669848302525,2021,0
0,0.0348561490225745,2021,0
0,NA,2021,NA
0,0.0358665697187996,2021,0
0,0.0453261992066528,2021,0
0,0.0162870937989533,2021,0
0,0.0165210438313255,2021,0
0,0.0165210438313255,2021,0
0,0.016455845371021,2021,0
0,0.0165210438313255,2021,0
0,0.0165210438313255,2021,0
0,0.0181820367265646,2021,0
0,0.0208668129757726,2021,0
0,0.0150926005714037,2021,0
0,0.0143556335258715,2021,0
0,0.016455845371021,2021,0
0,0.0143556335258715,2021,0
0,0.01838707744791,2021,0
0,0.0165210438313255,2021,0
0,0.0165210438313255,2021,0
0,0.0165210438313255,2021,0
0,0.0165210438313255,2021,0
0,0.0165210438313255,2021,0
0,0.0165210438313255,2021,0
0,0.0152290585866407,2021,0
0,0.0165210438313255,2021,0
0,0.0143556335258715,2021,0
0,0.0165210438313255,2021,0
0,0.0190255025918768,2021,0
0,0.0190255025918768,2021,0
0,0.0165210438313255,2021,0
0,0.0202393608886638,2021,0
0,0.0208668129757726,2021,0
0,0.0152767865582391,2021,0
0,0.0152767865582391,2021,0
0,0.0165210438313255,2021,0
0,0.016455845371021,2021,0
0,0.0165210438313255,2021,0
0,0.016455845371021,2021,0
0,0.0165210438313255,2021,0
0,0.0165210438313255,2021,0
0,0.0165210438313255,2021,0
0,0.0165210438313255,2021,0
0,0.0165046665143045,2021,0
0,0.0152767865582391,2021,0
0,0.0165210438313255,2021,0
0,0.0165210438313255,2021,0
0,0.0165210438313255,2021,0
0,0.0165210438313255,2021,0
0,0.0190255025918768,2021,0
0,0.0165210438313255,2021,0
0,0.0190255025918768,2021,0
0,0.016455845371021,2021,0
0,0.0165210438313255,2021,0
0,0.0190255025918768,2021,0
0,0.016455845371021,2021,0
0,0.016455845371021,2021,0
0,0.0197595333374542,2021,0
0,0.0165210438313255,2021,0
0,0.0208668129757726,2021,0
0,0.0165210438313255,2021,0
0,0.0165210438313255,2021,0
0,0.016455845371021,2021,0
0,0.0165046665143045,2021,0
0,0.0162870937989533,2021,0
0,0.016455845371021,2021,0
0,0.016455845371021,2021,0
0,0.0586552391930533,2021,0
0,0.0354410850363832,2021,0
0,0.0119285856080383,2021,0
0,0.0435810095999165,2021,0
0,0.0435810095999165,2021,0
0,0.0435810095999165,2021,0
0,0.0119285856080383,2021,0
0,0.0435810095999165,2021,0
0,0.0242640424017897,2021,0
0,0.0227760533391209,2021,0
0,0.0679421738354623,2021,0
0,0.0120732157501739,2021,0
0,0.0164165277668305,2021,0
0,0.0130260442454273,2021,0
0,0.0120732157501739,2021,0
0,0.0132338674406959,2021,0
0,0.0322339183327848,2021,0
0,0.0254681666090798,2021,0
0,0.0707461434163794,2021,0
0,0.0707461434163794,2021,0
0,0.0478525791960995,2021,0
0,0.0478525791960995,2021,0
0,0.0478525791960995,2021,0
0,0.0478525791960995,2021,0
0,0.0478525791960995,2021,0
0,0.0478525791960995,2021,0
0,0.0478525791960995,2021,0
0,0.0478525791960995,2021,0
0,0.0478525791960995,2021,0
0,0.0478525791960995,2021,0
0,0.0478525791960995,2021,0
0,0.0478525791960995,2021,0
0,0.0111878816224337,2021,0
0,0.0132777001846618,2021,0
0,0.0122839440085181,2021,0
0,0.0120715131634638,2021,0
0,0.0134694457897871,2021,0
0,0.0133179616610141,2021,0
0,0.0116562540399482,2021,0
0,0.0116562540399482,2021,0
0,0.0116562540399482,2021,0
0,0.0153377722867343,2021,0
0,0.0138265718513475,2021,0
0,0.0325581409005158,2021,0
0,0.0297096067199431,2021,0
0,0.00942246446003407,2021,0
0,0.00684754559925326,2021,0
0,0.00936191970227979,2021,0
0,0.00948316492782465,2021,0
0,0.00734669206375986,2021,0
0,0.00936191970227979,2021,0
0,0.00902965361924575,2021,0
0,0.00950845944868433,2021,0
0,0.00950845944868433,2021,0
0,0.00919097154403272,2021,0
0,0.0154727791692082,2021,0
0,0.0173675755067697,2021,0
0,0.0173675755067697,2021,0
0,0.0154727791692082,2021,0
0,0.0154727791692082,2021,0
0,0.156338545999236,2021,0
0,0.0283388489909277,2021,0
0,0.0676627993032249,2021,0
0,0.0310793683030548,2021,0
0,0.025646785354925,2021,0
0,0.140441815698206,2021,0
0,0.0897468059146742,2021,0
0,0.112960538079915,2021,0
0,0.0243575061231081,2021,0
0,0.0270983529144478,2021,0
0,0.0341918709095725,2021,0
0,0.0407231515431261,2021,0
0,0.0214921359892407,2021,0
0,0.0214921359892407,2021,0
0,0.0191468020416659,2021,0
0,0.0164835349265996,2021,0
0,0.00706801693667011,2021,0
0,0.0470191041917427,2021,0
0,0.0280013093605184,2021,0
0,0.128909065475533,2021,0
0,0.0204105191650522,2021,0
0,0.01789334565738,2021,0
0,0.036005204513601,2021,0
0,0.0428567012793402,2021,0
0,0.023509020982241,2021,0
0,0.0214215421514264,2021,0
0,0.0121201567552064,2021,0
0,0.0352637166376626,2021,0
0,0.0262368482379194,2021,0
0,0.028273763805958,2021,0
0,0.0544365612212707,2021,0
0,0.0497247448973431,2021,0
0,0.0617988122186953,2021,0
0,0.0411295936174774,2021,0
0,0.0460429398963781,2021,0
0,0.0411295936174774,2021,0
0,0.0389508582324428,2021,0
0,0.060752226513068,2021,0
0,0.060752226513068,2021,0
0,0.060752226513068,2021,0
0,0.0190015094578784,2021,0
0,0.0190015094578784,2021,0
0,0.0190015094578784,2021,0
0,0.0229619880613226,2021,0
0,0.0198298202867324,2021,0
0,0.0170667012900692,2021,0
0,0.0212336610460765,2021,0
0,0.0698364827573345,2021,0
0,0.0698364827573345,2021,0
0,0.0698364827573345,2021,0
0,0.0698364827573345,2021,0
0,0.0698364827573345,2021,0
0,0.0698364827573345,2021,0
0,0.0698364827573345,2021,0
0,0.0698364827573345,2021,0
0,0.0698364827573345,2021,0
0,0.0698364827573345,2021,0
0,0.0698364827573345,2021,0
0,0.0777456427314635,2021,0
0,0.0698364827573345,2021,0
0,0.071509910440992,2021,0
0,0.0698364827573345,2021,0
0,0.0698364827573345,2021,0
0,0.0698364827573345,2021,0
0,0.0698364827573345,2021,0
0,0.0698364827573345,2021,0
0,0.0698364827573345,2021,0
0,0.0698364827573345,2021,0
0,0.022697709502946,2021,0
0,0.022697709502946,2021,0
0,0.022697709502946,2021,0
0,0.022697709502946,2021,0
0,0.0243074016131164,2021,0
0,0.0400156201539021,2021,0
0,0.0360315243191358,2021,0
0,0.0195848833261395,2021,0
0,0.0195848833261395,2021,0
0,0.0180955322845197,2021,0
0,0.0192866356212211,2021,0
0,0.0195714965828121,2021,0
0,0.0195848833261395,2021,0
0,0.0169536413135051,2021,0
0,0.0195848833261395,2021,0
0,0.0195848833261395,2021,0
0,0.0195848833261395,2021,0
0,0.0195848833261395,2021,0
0,0.0195848833261395,2021,0
0,0.024830539849488,2021,0
0,0.017886923717094,2021,0
0,0.0195848833261395,2021,0
0,0.0195848833261395,2021,0
0,0.0225988969446797,2021,0
0,0.0225988969446797,2021,0
0,0.0195313199022536,2021,0
0,0.0195714965828121,2021,0
0,0.0195714965828121,2021,0
0,0.0195848833261395,2021,0
0,0.0225988969446797,2021,0
0,0.0195714965828121,2021,0
0,0.024830539849488,2021,0
0,0.0240918292854477,2021,0
0,0.0195848833261395,2021,0
0,0.0195848833261395,2021,0
0,0.0195848833261395,2021,0
0,0.0169536413135051,2021,0
0,0.0195848833261395,2021,0
0,0.0418342555737884,2021,0
0,0.0418342555737884,2021,0
0,0.0418342555737884,2021,0
0,0.0147812482982909,2021,0
0,0.0147812482982909,2021,0
0,0.0418342555737884,2021,0
0,0.0316924358018167,2021,0
0,0.0294872182479026,2021,0
0,0.0226488898379077,2021,0
0,0.0585460298863201,2021,0
0,0.0282028483656635,2021,0
0,0.0159008865559304,2021,0
0,0.0208655457308281,2021,0
0,0.0159008865559304,2021,0
0,0.0168544904452015,2021,0
0,0.0171965408178901,2021,0
0,0.0397803574068877,2021,0
0,0.0316477879421605,2021,0
0,0.0596749619824242,2021,0
0,0.0596749619824242,2021,0
0,0.0362059580176275,2021,0
0,0.022143419389324,2021,0
0,0.0596867131557306,2021,0
0,0.0596867131557306,2021,0
0,0.0596867131557306,2021,0
0,0.0596867131557306,2021,0
0,0.0596867131557306,2021,0
0,0.0596867131557306,2021,0
0,0.0596867131557306,2021,0
0,0.0596867131557306,2021,0
0,0.0596867131557306,2021,0
0,0.0596867131557306,2021,0
0,0.0596867131557306,2021,0
0,0.0596867131557306,2021,0
0,0.0173025970812007,2021,0
0,0.0156849373238802,2021,0
0,0.0151927334419489,2021,0
0,0.0170797914328706,2021,0
0,0.014505156569645,2021,0
0,0.0178597560467475,2021,0
0,0.0151927334419489,2021,0
0,0.017484419882193,2021,0
0,0.0151927334419489,2021,0
0,0.0157350679320474,2021,0
0,0.0196450232705806,2021,0
0,0.0419415300380282,2021,0
0,0.0382466533808354,2021,0
0,0.012333884366957,2021,0
0,0.0122187459768281,2021,0
0,0.0117818938105754,2021,0
0,0.00898940692536269,2021,0
0,0.00957659798625721,2021,0
0,0.0123134720740509,2021,0
0,0.0124497776822018,2021,0
0,0.0120794982531448,2021,0
0,0.0122187459768281,2021,0
0,0.0123134720740509,2021,0
0,0.0214082033114964,2021,0
0,0.0214082033114964,2021,0
0,0.0191485019419102,2021,0
0,0.0191485019419102,2021,0
0,0.0191485019419102,2021,0
0,0.1892362641511,2021,0
0,0.0333340066236064,2021,0
0,0.0583490711394658,2021,0
0,0.0364194442611872,2021,0
0,0.0319407150934893,2021,0
0,0.103017462083345,2021,0
0,0.0592463387993159,2021,0
0,0.0265423502425065,2021,0
0,0.0304980966552751,2021,0
0,0.0466426885264504,2021,0
0,0.0266260915297536,2021,0
0,0.0266260915297536,2021,0
0,0.0665199816479857,2021,0
0,0.0244254640080354,2021,0
0,0.0211083502025546,2021,0
0,0.010999510271482,2021,0
0,0.0505326692441018,2021,0
0,0.0330018568112896,2021,0
0,0.0996848000380903,2021,0
0,0.0194504954816357,2021,0
0,0.0217049892944813,2021,0
0,0.0470892442174615,2021,0
0,0.0226236664231362,2021,0
0,0.0283724220731145,2021,0
0,0.0217998380384612,2021,0
0,0.04109159838539,2021,0
0,0.0275843488117305,2021,0
0,0.0497963510705368,2021,0
0,0.0338500633026676,2021,0
0,0.0517546337557516,2021,0
0,0.050140772280463,2021,0
0,0.0642279486280668,2021,0
0,0.0393757463530295,2021,0
0,0.0437437350126186,2021,0
0,0.0398350276809108,2021,0
0,0.0393757463530295,2021,0
0,0.062951795843064,2021,0
0,0.062951795843064,2021,0
0,0.062951795843064,2021,0
0,0.019691269686303,2021,0
0,0.019691269686303,2021,0
0,0.019691269686303,2021,0
0,0.0184582837897916,2021,0
0,0.0212184972037718,2021,0
0,0.0172398323794406,2021,0
0,0.0198121728280739,2021,0
0,0.0715474008188429,2021,0
0,0.0695934282985742,2021,0
0,0.0695934282985742,2021,0
0,0.0695934282985742,2021,0
0,0.0695934282985742,2021,0
0,0.0695934282985742,2021,0
0,0.0695934282985742,2021,0
0,0.0695934282985742,2021,0
0,0.0695934282985742,2021,0
0,0.0695934282985742,2021,0
0,0.0752042283287945,2021,0
0,0.0765527647253911,2021,0
0,0.0695934282985742,2021,0
0,0.0765527647253911,2021,0
0,0.0695934282985742,2021,0
0,0.0695934282985742,2021,0
0,0.0695934282985742,2021,0
0,0.0695934282985742,2021,0
0,0.0695934282985742,2021,0
0,0.0296736417126733,2021,0
0,0.0296736417126733,2021,0
0,0.0296736417126733,2021,0
0,0.0434173327637083,2021,0
0,0.0952081286692108,2021,0
0,0.0720135832663301,2021,0
0,0.0202310934433254,2021,0
0,0.0203175199463486,2021,0
0,0.0233761486709278,2021,0
0,0.0176116887852801,2021,0
0,0.0203175199463486,2021,0
0,0.0203175199463486,2021,0
0,0.0203175199463486,2021,0
0,0.0203612331999572,2021,0
0,0.0186035985691732,2021,0
0,0.0203175199463486,2021,0
0,0.0203612331999572,2021,0
0,0.0249187577244983,2021,0
0,0.0203175199463486,2021,0
0,0.0233761486709278,2021,0
0,0.0203175199463486,2021,0
0,0.0203175199463486,2021,0
0,0.0203175199463486,2021,0
0,0.0203612331999572,2021,0
0,0.0203175199463486,2021,0
0,0.0203175199463486,2021,0
0,0.0203175199463486,2021,0
0,0.0176116887852801,2021,0
0,0.0203175199463486,2021,0
0,0.0256458769917959,2021,0
0,0.020001424396976,2021,0
0,0.0188070025472451,2021,0
0,0.0203612331999572,2021,0
0,0.0256458769917959,2021,0
0,0.0233761486709278,2021,0
0,0.0203175199463486,2021,0
0,0.0203175199463486,2021,0
0,0.0598442004907279,2021,0
0,0.0377916689371273,2021,0
0,0.0324363632744245,2021,0
0,0.0148588643636182,2021,0
0,0.0148588643636182,2021,0
0,0.0324363632744245,2021,0
0,0.0324363632744245,2021,0
0,0.0324363632744245,2021,0
0,0.0337237243713358,2021,0
0,0.0320575846640459,2021,0
0,0.0348485431859051,2021,0
0,0.0239654829837545,2021,0
0,0.0294586977378997,2021,0
0,0.0263037280650093,2021,0
0,0.0248375063833424,2021,0
0,0.0380102933817525,2021,0
0,0.0488132465233261,2021,0
0,0.0488132465233261,2021,0
0,0.079991037878922,2021,0
0,0.079991037878922,2021,0
0,0.079991037878922,2021,0
0,0.079991037878922,2021,0
0,0.079991037878922,2021,0
0,0.079991037878922,2021,0
0,0.079991037878922,2021,0
0,0.079991037878922,2021,0
0,0.079991037878922,2021,0
0,0.02379520531521,2021,0
0,0.0239464708042251,2021,0
0,0.0211281237338104,2021,0
0,0.0263468922987434,2021,0
0,0.0243166919790007,2021,0
0,0.02320362359247,2021,0
0,0.02150403605917,2021,0
0,0.0201616809339503,2021,0
0,0.0211281237338104,2021,0
0,0.0216974519515088,2021,0
0,0.0211281237338104,2021,0
0,0.055012232180422,2021,0
0,0.0506274045453999,2021,0
0,0.0169394086250295,2021,0
0,0.0159289877046036,2021,0
0,0.0167026737942632,2021,0
0,0.0162512795298233,2021,0
0,0.0164007534969835,2021,0
0,0.0162512795298233,2021,0
0,0.0165650003949562,2021,0
0,0.0131621211261805,2021,0
0,0.0167026737942632,2021,0
0,0.0124977153199014,2021,0
0,0.0750610941993455,2021,0
0,0.0213756359720974,2021,0
0,0.0213756359720974,2021,0
0,0.0213756359720974,2021,0
0,0.0237372558937387,2021,0
0,0.0237372558937387,2021,0
0,0.205259451175557,2021,0
0,0.0397263804429111,2021,0
0,0.0487059140301034,2021,0
0,0.0395465615220288,2021,0
0,0.0354830757259479,2021,0
0,0.0989938119026832,2021,0
0,0.0619887957993959,2021,0
0,0.0276169734736999,2021,0
0,0.0309252924437041,2021,0
0,0.0461537763397601,2021,0
0,0.0263171934823322,2021,0
0,0.0263171934823322,2021,0
0,0.0143382606726753,2021,0
0,0.0424343413895108,2021,0
0,0.0522642074908836,2021,0
0,0.030931024118362,2021,0
0,0.076835526698832,2021,0
0,0.02250303134095,2021,0
0,0.0205624208424584,2021,0
0,0.0460170541841549,2021,0
0,0.0179247564110491,2021,0
0,0.0208816659030687,2021,0
0,0.0374936043977194,2021,0
0,0.0268618448851849,2021,0
0,0.0424623693530476,2021,0
0,0.0299964031734929,2021,0
0,0.0500431291350064,2021,0
0,0.0506610943902122,2021,0
0,0.0652708751351918,2021,0
0,0.0404851384327574,2021,0
0,0.0386319397642056,2021,0
0,0.0367601381030973,2021,0
0,0.0367601381030973,2021,0
0,0.0664387176186962,2021,0
0,0.0664387176186962,2021,0
0,0.0664387176186962,2021,0
0,0.019120851958969,2021,0
0,0.019120851958969,2021,0
0,0.019120851958969,2021,0
0,0.0193249000521228,2021,0
0,0.0177524505273113,2021,0
0,0.0180806632837079,2021,0
0,0.0204145196368057,2021,0
0,0.0759532399649989,2021,0
0,0.0734368282969959,2021,0
0,0.0734368282969959,2021,0
0,0.0763322441074465,2021,0
0,0.0734368282969959,2021,0
0,0.0734368282969959,2021,0
0,0.0734368282969959,2021,0
0,0.0734368282969959,2021,0
0,0.080221906852875,2021,0
0,0.0734368282969959,2021,0
0,0.0734368282969959,2021,0
0,0.0734368282969959,2021,0
0,0.0734368282969959,2021,0
0,0.0734368282969959,2021,0
0,0.080221906852875,2021,0
0,0.0734368282969959,2021,0
0,0.0734368282969959,2021,0
0,0.0734368282969959,2021,0
0,0.0353854377941398,2021,0
0,0.0353854377941398,2021,0
0,0.0353854377941398,2021,0
0,0.0425909242760505,2021,0
0,0.0851804199559702,2021,0
0,0.0664786689765953,2021,0
0,0.0230247338140504,2021,0
0,0.0201933049775253,2021,0
0,0.0201058695558959,2021,0
0,0.0201933049775253,2021,0
0,0.0176599385667722,2021,0
0,0.0201933049775253,2021,0
0,0.0201933049775253,2021,0
0,0.0201933049775253,2021,0
0,0.0199058412882454,2021,0
0,0.0251075624526879,2021,0
0,0.0201933049775253,2021,0
0,0.0185839702819376,2021,0
0,0.0201933049775253,2021,0
0,0.0230247338140504,2021,0
0,0.020233218564268,2021,0
0,0.0201933049775253,2021,0
0,0.020233218564268,2021,0
0,0.0187814855163452,2021,0
0,0.0176599385667722,2021,0
0,0.020233218564268,2021,0
0,0.0201933049775253,2021,0
0,0.0230247338140504,2021,0
0,0.0201933049775253,2021,0
0,0.0201933049775253,2021,0
0,0.0201933049775253,2021,0
0,0.020233218564268,2021,0
0,0.0201933049775253,2021,0
0,0.0244562355119151,2021,0
0,0.0201933049775253,2021,0
0,0.0201933049775253,2021,0
0,0.0251075624526879,2021,0
0,0.020233218564268,2021,0
0,0.0600172738564821,2021,0
0,0.0369842290310854,2021,0
0,0.0139420790975742,2021,0
0,0.0139420790975742,2021,0
0,0.0313830558064434,2021,0
0,0.0313830558064434,2021,0
0,0.0313830558064434,2021,0
0,0.0313830558064434,2021,0
0,0.0295876493763131,2021,0
0,0.0281662166128868,2021,0
0,0.0288603989811062,2021,0
0,0.0337207657553368,2021,0
0,0.0301578350339189,2021,0
0,0.0279369970641152,2021,0
0,0.0423475779618425,2021,0
0,0.0510784771812351,2021,0
0,0.0510784771812351,2021,0
0,0.0832826539435623,2021,0
0,0.0832826539435623,2021,0
0,0.0832826539435623,2021,0
0,0.0832826539435623,2021,0
0,0.0832826539435623,2021,0
0,0.0832826539435623,2021,0
0,0.0832826539435623,2021,0
0,0.0251516167486136,2021,0
0,0.0223072945862778,2021,0
0,0.0276181011758439,2021,0
0,0.0227623518687633,2021,0
0,0.021356878464496,2021,0
0,0.0223072945862778,2021,0
0,0.0223072945862778,2021,0
0,0.0270755425998205,2021,0
0,0.024981361702247,2021,0
0,0.0228932154277306,2021,0
0,0.0244661876140368,2021,0
0,0.0255462585617533,2021,0
0,0.0592789243065507,2021,0
0,0.05484031972205,2021,0
0,0.0168811063611008,2021,0
0,0.0176559117883995,2021,0
0,0.0176559117883995,2021,0
0,0.0133472735022826,2021,0
0,0.0140429711399511,2021,0
0,0.0175376537529029,2021,0
0,0.0178881645083273,2021,0
0,0.0173492379704734,2021,0
0,0.0172404387282098,2021,0
0,0.05406079872506,2021,0
0,0.0235310819860913,2021,0
0,0.0235310819860913,2021,0
0,0.0235310819860913,2021,0
0,0.0261294940869012,2021,0
0,0.0261294940869012,2021,0
0,0.221175123735028,2021,0
0,0.0431548725334035,2021,0
0,0.0350452402098004,2021,0
0,0.0514833200227427,2021,0
0,0.0289565134794733,2021,0
0,0.026439998154276,2021,0
0,0.0286844338012887,2021,0
0,0.0431400519011985,2021,0
0,0.0235677941478352,2021,0
0,0.0235677941478352,2021,0
0,0.0143799682061841,2021,0
0,0.0555413435924802,2021,0
0,0.0321151916383771,2021,0
0,0.0933272701851836,2021,0
0,0.0216925757776672,2021,0
0,0.0195250785328138,2021,0
0,0.0352619253602255,2021,0
0,0.0418598487662369,2021,0
0,0.0164448827778669,2021,0
0,0.0419412195179494,2021,0
0,0.0195879444268034,2021,0
0,0.0273898420552624,2021,0
0,0.0524867396600408,2021,0
0,0.0471346504851266,2021,0
0,0.0597490294860255,2021,0
0,0.0383961838082962,2021,0
0,0.0427796088025127,2021,0
0,0.0383961838082962,2021,0
0,0.0363223243742118,2021,0
0,0.0510620399527432,2021,0
0,0.0510620399527432,2021,0
0,0.0510620399527432,2021,0
0,0.0164659397691508,2021,0
0,0.0164659397691508,2021,0
0,0.0164659397691508,2021,0
0,0.0153983736854582,2021,0
0,0.0204961459138423,2021,0
0,0.0190832295528228,2021,0
0,0.0179212805652197,2021,0
0,0.0626434611970903,2021,0
0,0.0626434611970903,2021,0
0,0.0626434611970903,2021,0
0,0.0626434611970903,2021,0
0,0.0626434611970903,2021,0
0,0.0626434611970903,2021,0
0,0.0626434611970903,2021,0
0,0.0626434611970903,2021,0
0,0.069739061807256,2021,0
0,0.0626434611970903,2021,0
0,0.0626434611970903,2021,0
0,0.0626434611970903,2021,0
0,0.0626434611970903,2021,0
0,0.0626434611970903,2021,0
0,0.0642917538212191,2021,0
0,0.0729937278355901,2021,0
0,0.069739061807256,2021,0
0,0.0626434611970903,2021,0
0,0.0626434611970903,2021,0
0,0.0337377650182142,2021,0
0,0.0337377650182142,2021,0
0,0.0337377650182142,2021,0
0,0.0454826232456691,2021,0
0,0.0727528922756122,2021,0
0,0.0199491617928711,2021,0
0,0.0199454150139777,2021,0
0,0.0183179844033019,2021,0
0,0.0249079144742688,2021,0
0,0.0199491617928711,2021,0
0,0.0199491617928711,2021,0
0,0.0199491617928711,2021,0
0,0.0174198061025864,2021,0
0,0.0199454150139777,2021,0
0,0.0242322895702754,2021,0
0,0.0199491617928711,2021,0
0,0.0174198061025864,2021,0
0,0.0198858764031715,2021,0
0,0.0199491617928711,2021,0
0,0.0199454150139777,2021,0
0,0.0199491617928711,2021,0
0,0.0199491617928711,2021,0
0,0.0228080928586448,2021,0
0,0.0199491617928711,2021,0
0,0.0199491617928711,2021,0
0,0.0199491617928711,2021,0
0,0.0199491617928711,2021,0
0,0.0228080928586448,2021,0
0,0.0199491617928711,2021,0
0,0.0228080928586448,2021,0
0,0.0199491617928711,2021,0
0,0.0249079144742688,2021,0
0,0.0199491617928711,2021,0
0,0.0199454150139777,2021,0
0,0.0199454150139777,2021,0
0,0.0185234192709993,2021,0
0,0.0196689852045957,2021,0
0,0.0334913575300046,2021,0
0,0.0547473934043254,2021,0
0,0.0130788263698628,2021,0
0,0.0135736009954951,2021,0
0,0.0374686224773719,2021,0
0,0.0374686224773719,2021,0
0,0.0135736009954951,2021,0
0,0.0374686224773719,2021,0
0,0.0374686224773719,2021,0
0,0.0282766080880969,2021,0
0,0.0268248157858678,2021,0
0,0.0533446531866737,2021,0
0,0.0205841616212354,2021,0
0,0.0280677577600957,2021,0
0,0.0234784042725983,2021,0
0,0.0223657076620947,2021,0
0,0.0570567628868763,2021,0
0,0.0570567628868763,2021,0
0,0.0454882369012282,2021,0
0,0.0634698257061344,2021,0
0,0.0687668306807731,2021,0
0,0.0687668306807731,2021,0
0,0.0687668306807731,2021,0
0,0.0171121707398391,2021,0
0,0.0199027045114623,2021,0
0,0.0190373707145135,2021,0
0,0.0176227159744288,2021,0
0,0.0163510801034579,2021,0
0,0.0176048390501338,2021,0
0,0.0195324795861868,2021,0
0,0.0193608129513822,2021,0
0,0.0171121707398391,2021,0
0,0.0217357549763636,2021,0
0,0.021231940322941,2021,0
0,0.0171121707398391,2021,0
0,0.0453101958392526,2021,0
0,0.041562968208141,2021,0
0,0.0139192405538556,2021,0
0,0.0108667729927243,2021,0
0,0.0102499563402454,2021,0
0,0.0137129362974699,2021,0
0,0.0133293545018417,2021,0
0,0.0139796293033429,2021,0
0,0.0141660462035219,2021,0
0,0.0139796293033429,2021,0
0,0.0137034910324979,2021,0
0,0.029994312979302,2021,0
0,0.0201597487667074,2021,0
0,0.0225602590042972,2021,0
0,0.0225602590042972,2021,0
0,0.0201597487667074,2021,0
0,0.0201597487667074,2021,0
0,0.185629991979466,2021,0
0,0.0383398498549896,2021,0
0,0.0303096417234793,2021,0
0,0.0250204316839247,2021,0
0,0.0218616698713553,2021,0
0,0.0158845875575149,2021,0
0,0.0237228126246466,2021,0
0,0.0352356123789993,2021,0
0,0.0183484214411984,2021,0
0,0.0183484214411984,2021,0
0,0.0105892900676578,2021,0
0,0.0472796350574562,2021,0
0,0.0295264593789482,2021,0
0,0.0249420210983031,2021,0
0,0.11145016313763,2021,0
0,0.0157816274361973,2021,0
0,0.0180046517204573,2021,0
0,0.0272160375028806,2021,0
0,0.0333832430873671,2021,0
0,0.013611771694747,2021,0
0,0.0132620380338262,2021,0
0,0.0342205912064213,2021,0
0,0.0235046735283386,2021,0
0,0.0507128535104412,2021,0
0,0.0507128535104412,2021,0
0,0.0384912782760973,2021,0
0,0.0492380790179692,2021,0
0,0.0313482239143998,2021,0
0,0.0370233581111051,2021,0
0,0.0370233581111051,2021,0
0,0.0418940362106133,2021,0
0,0.0284404452097715,2021,0
0,0.0284404452097715,2021,0
0,0.0284404452097715,2021,0
0,0.0121072420118377,2021,0
0,0.0121072420118377,2021,0
0,0.0121072420118377,2021,0
0,0.016091130782358,2021,0
0,0.016091130782358,2021,0
0,0.016091130782358,2021,0
0,0.0167974869856008,2021,0
0,0.016091130782358,2021,0
0,0.0187122924925929,2021,0
0,0.0167974869856008,2021,0
0,0.016091130782358,2021,0
0,0.016091130782358,2021,0
0,0.011842911484887,2021,0
0,0.0189218617006085,2021,0
0,0.0205831884410478,2021,0
0,0.016091130782358,2021,0
0,0.011842911484887,2021,0
0,0.0167974869856008,2021,0
0,0.016091130782358,2021,0
0,0.0187122924925929,2021,0
0,0.0189218617006085,2021,0
0,0.0167913740015544,2021,0
0,0.011842911484887,2021,0
0,0.0171513095138533,2021,0
0,0.016091130782358,2021,0
0,0.0149119760038312,2021,0
0,0.011842911484887,2021,0
0,0.0471059178723484,2021,0
0,0.0471059178723484,2021,0
0,0.0478033765390048,2021,0
0,0.0454941000510394,2021,0
0,0.0471059178723484,2021,0
0,0.0471059178723484,2021,0
0,0.0471059178723484,2021,0
0,0.0471059178723484,2021,0
0,0.0471059178723484,2021,0
0,0.0536044310557025,2021,0
0,0.0471059178723484,2021,0
0,0.0471059178723484,2021,0
0,0.0471059178723484,2021,0
0,0.0471059178723484,2021,0
0,0.0471059178723484,2021,0
0,0.0471059178723484,2021,0
0,0.0471059178723484,2021,0
0,0.0471059178723484,2021,0
0,0.0536044310557025,2021,0
0,0.0240761348706185,2021,0
0,0.0236036928929499,2021,0
0,0.0236036928929499,2021,0
0,0.0236036928929499,2021,0
0,0.037843810569739,2021,0
0,0.0750562636012377,2021,0
0,0.016599428222451,2021,0
0,0.016599428222451,2021,0
0,0.016571216814483,2021,0
0,0.0199563730776551,2021,0
0,0.016599428222451,2021,0
0,0.016599428222451,2021,0
0,0.016599428222451,2021,0
0,0.016599428222451,2021,0
0,0.016571216814483,2021,0
0,0.016599428222451,2021,0
0,0.0191669214333603,2021,0
0,0.016571216814483,2021,0
0,0.0143698032963915,2021,0
0,0.0143698032963915,2021,0
0,0.016599428222451,2021,0
0,0.016599428222451,2021,0
0,0.016599428222451,2021,0
0,0.016571216814483,2021,0
0,0.0191669214333603,2021,0
0,0.0151525526314083,2021,0
0,0.016599428222451,2021,0
0,0.0165647095142841,2021,0
0,0.0191669214333603,2021,0
0,0.016599428222451,2021,0
0,0.0204280939033754,2021,0
0,0.016599428222451,2021,0
0,0.016599428222451,2021,0
0,0.0163480554188687,2021,0
0,0.0210673135997338,2021,0
0,0.0210673135997338,2021,0
0,0.0153312598944381,2021,0
0,0.016599428222451,2021,0
0,0.0410274740600626,2021,0
0,0.0213777705719068,2021,0
0,0.03889325811067,2021,0
0,0.0112425000495312,2021,0
0,0.03889325811067,2021,0
0,0.0112425000495312,2021,0
0,0.03889325811067,2021,0
0,0.03889325811067,2021,0
0,0.0233210008144721,2021,0
0,0.0226442974006238,2021,0
0,0.027977904215829,2021,0
0,0.0200693465493591,2021,0
0,0.0151396129715729,2021,0
0,0.0151396129715729,2021,0
0,0.0160634712697116,2021,0
0,0.0151396129715729,2021,0
0,0.0197502030024926,2021,0
0,0.0628627212080496,2021,0
0,0.0628627212080496,2021,0
0,0.042451424539825,2021,0
0,0.0516075689720729,2021,0
0,0.0516075689720729,2021,0
0,0.0516075689720729,2021,0
0,0.0516075689720729,2021,0
0,0.0138650087950611,2021,0
0,0.0133529349512088,2021,0
0,0.0153777787893533,2021,0
0,0.0133529349512088,2021,0
0,0.0127581547945186,2021,0
0,0.0150481816446826,2021,0
0,0.0152091153689538,2021,0
0,0.0133529349512088,2021,0
0,0.0137920882461931,2021,0
0,0.01685367985945,2021,0
0,0.0173136235182039,2021,0
0,0.0319312144651672,2021,0
0,0.0350010823434039,2021,0
0,0.0103160354417605,2021,0
0,0.0108122300338056,2021,0
0,0.0105875345081738,2021,0
0,0.0107989722912382,2021,0
0,0.0107028859525003,2021,0
0,0.0109241295741412,2021,0
0,0.00781187341604519,2021,0
0,0.00833475899276499,2021,0
0,0.0107989722912382,2021,0
0,0.0101166068220595,2021,0
0,0.0156825685183823,2021,0
0,0.0156825685183823,2021,0
0,0.0139893647917681,2021,0
0,0.0139893647917681,2021,0
0,0.0139893647917681,2021,0
0,0.134554006237066,2021,0
0,0.0284032460803774,2021,0
0,0.0245738421749928,2021,0
0,0.0291504185068298,2021,0
0,0.0233049524307254,2021,0
0,0.0197857033239674,2021,0
0,0.0229549043717029,2021,0
0,0.0334560098642928,2021,0
0,0.017478498484132,2021,0
0,0.017478498484132,2021,0
0,0.00859904301372235,2021,0
0,0.0291858590370887,2021,0
0,0.0241173293370768,2021,0
0,0.0201637729795544,2021,0
0,0.102529241614762,2021,0
0,0.0168836111729527,2021,0
0,0.0147773231883197,2021,0
0,0.0262349589974979,2021,0
0,0.0313677170879262,2021,0
0,0.0125319016889946,2021,0
0,0.0186331618135803,2021,0
0,0.028681699597666,2021,0
0,0.00964737230159401,2021,0
0,0.0220370452594739,2021,0
0,0.0431248076468505,2021,0
0,0.0431248076468505,2021,0
0,0.033828858639172,2021,0
0,0.0430793336069818,2021,0
0,0.0340064453274504,2021,0
0,0.0285939114664256,2021,0
0,0.0340064453274504,2021,0
0,0.0384969819117237,2021,0
0,0.0310580869781639,2021,0
0,0.0310580869781639,2021,0
0,0.0310580869781639,2021,0
0,0.0112972275529103,2021,0
0,0.0112972275529103,2021,0
0,0.0112972275529103,2021,0
0,0.0151651617129628,2021,0
0,0.0145246808963955,2021,0
0,0.0106715319993803,2021,0
0,0.0151749214525213,2021,0
0,0.0106715319993803,2021,0
0,0.0171319184058515,2021,0
0,0.0169229519361037,2021,0
0,0.0145246808963955,2021,0
0,0.0171319184058515,2021,0
0,0.0169229519361037,2021,0
0,0.0106715319993803,2021,0
0,0.0145246808963955,2021,0
0,0.0134393378646472,2021,0
0,0.0151749214525213,2021,0
0,0.0106715319993803,2021,0
0,0.0154966700160322,2021,0
0,0.0145246808963955,2021,0
0,0.0151749214525213,2021,0
0,0.0145246808963955,2021,0
0,0.0106715319993803,2021,0
0,0.0145246808963955,2021,0
0,0.0145246808963955,2021,0
0,0.0145246808963955,2021,0
0,0.0186627112829981,2021,0
0,0.0145246808963955,2021,0
0,0.0411605071765304,2021,0
0,0.0411605071765304,2021,0
0,0.0411605071765304,2021,0
0,0.0411605071765304,2021,0
0,0.0411605071765304,2021,0
0,0.0468067791473204,2021,0
0,0.0411605071765304,2021,0
0,0.0411605071765304,2021,0
0,0.0397537570614863,2021,0
0,0.0411605071765304,2021,0
0,0.0468067791473204,2021,0
0,0.0416487309516839,2021,0
0,0.0411605071765304,2021,0
0,0.0411605071765304,2021,0
0,0.0411605071765304,2021,0
0,0.0411605071765304,2021,0
0,0.0411605071765304,2021,0
0,0.0185527584949677,2021,0
0,0.0332692256824354,2021,0
0,0.0766693954617322,2021,0
0,0.0134317604126533,2021,0
0,0.0147145672534306,2021,0
0,0.0147145672534306,2021,0
0,0.0147145672534306,2021,0
0,0.0147145672534306,2021,0
0,0.0186613136583289,2021,0
0,0.0127515156163127,2021,0
0,0.0147145672534306,2021,0
0,0.0135921945816449,2021,0
0,0.0147145672534306,2021,0
0,0.0146729606629191,2021,0
0,0.0147145672534306,2021,0
0,0.0147145672534306,2021,0
0,0.0147145672534306,2021,0
0,0.0146729606629191,2021,0
0,0.0147145672534306,2021,0
0,0.0169843362227227,2021,0
0,0.0180899038147321,2021,0
0,0.0147145672534306,2021,0
0,0.0127515156163127,2021,0
0,0.0186613136583289,2021,0
0,0.0176640952756016,2021,0
0,0.0146934025764205,2021,0
0,0.0147145672534306,2021,0
0,0.0144959440876994,2021,0
0,0.0146729606629191,2021,0
0,0.0147145672534306,2021,0
0,0.0147145672534306,2021,0
0,0.0169843362227227,2021,0
0,0.0146729606629191,2021,0
0,0.0169843362227227,2021,0
0,0.0147145672534306,2021,0
0,0.0357329243669064,2021,0
0,0.0312205435909419,2021,0
0,0.019175333658352,2021,0
0,0.0816055565362426,2021,0
0,0.0380965191728335,2021,0
0,0.0380965191728335,2021,0
0,0.0380965191728335,2021,0
0,0.0380965191728335,2021,0
0,0.0110452056447406,2021,0
0,0.0110452056447406,2021,0
0,0.0225104833965098,2021,0
0,0.0217842862680683,2021,0
0,0.0256572773967808,2021,0
0,0.0203964416883118,2021,0
0,0.0130680920360767,2021,0
0,0.0173487917143248,2021,0
0,0.0130680920360767,2021,0
0,0.0130680920360767,2021,0
0,0.013979247260864,2021,0
0,0.0647616808086751,2021,0
0,0.0647616808086751,2021,0
0,0.0399348753219582,2021,0
0,0.0446171366479535,2021,0
0,0.0446171366479535,2021,0
0,0.0446171366479535,2021,0
0,0.0446171366479535,2021,0
0,0.0123903612042889,2021,0
0,0.0118663851486689,2021,0
0,0.0149934804024078,2021,0
0,0.0122644368988268,2021,0
0,0.011366423085601,2021,0
0,0.0118663851486689,2021,0
0,0.0136578746013064,2021,0
0,0.014463222172957,2021,0
0,0.0134263625886608,2021,0
0,0.0134917416263862,2021,0
0,0.0118663851486689,2021,0
0,0.0323993105646563,2021,0
0,0.0295913701558814,2021,0
0,0.0093104588056948,2021,0
0,0.00937561581789384,2021,0
0,0.0093419078129494,2021,0
0,0.00681615433552591,2021,0
0,0.0091378502859235,2021,0
0,0.00728299731326624,2021,0
0,0.00515885237894214,2021,0
0,0.0133342137602841,2021,0
0,0.0133342137602841,2021,0
0,0.0119075480511078,2021,0
0,0.0119075480511078,2021,0
0,0.119135667129156,2021,0
0,0.0236389148637844,2021,0
0,0.0219065666349042,2021,0
0,0.0652543099129134,2021,0
0,0.0319823103267839,2021,0
0,0.0275781754981011,2021,0
0,0.0230702685196617,2021,0
0,0.0190968953255518,2021,0
0,0.0231539314709643,2021,0
0,0.0337923965658892,2021,0
0,0.0165801991239765,2021,0
0,0.0165801991239765,2021,0
0,0.00816720684524217,2021,0
0,0.0240953094145478,2021,0
0,0.108954630227834,2021,0
0,0.0184976613396656,2021,0
0,0.0161984273046721,2021,0
0,0.0279019912977734,2021,0
0,0.0347712147912878,2021,0
0,0.0135267423884274,2021,0
0,0.0266208475525626,2021,0
0,0.0201174665098019,2021,0
0,0.0295430197674453,2021,0
0,0.0100275414959038,2021,0
0,0.0313281431058864,2021,0
0,0.0245649071829456,2021,0
0,0.0274965049575908,2021,0
0,0.0451133773841743,2021,0
0,0.0387675102334983,2021,0
0,0.0501925736185664,2021,0
0,0.0399243914939773,2021,0
0,0.0346852017141115,2021,0
0,0.0399243914939773,2021,0
0,0.0449857352138459,2021,0
0,0.0621518885514436,2021,0
0,0.0621518885514436,2021,0
0,0.0140313593456919,2021,0
0,0.0140313593456919,2021,0
0,0.0140313593456919,2021,0
0,0.0133057954763266,2021,0
0,0.0133057954763266,2021,0
0,0.0168604669949337,2021,0
0,0.0195545804044258,2021,0
0,0.0133057954763266,2021,0
0,0.0168604669949337,2021,0
0,0.0168604669949337,2021,0
0,0.0180695635090654,2021,0
0,0.0168604669949337,2021,0
0,0.0133057954763266,2021,0
0,0.0176092105637921,2021,0
0,0.0195545804044258,2021,0
0,0.0168604669949337,2021,0
0,0.0164678764715458,2021,0
0,0.0198532905203671,2021,0
0,0.0176092105637921,2021,0
0,0.0168604669949337,2021,0
0,0.0168604669949337,2021,0
0,0.0198532905203671,2021,0
0,0.0181214900064003,2021,0
0,0.0133057954763266,2021,0
0,0.0198532905203671,2021,0
0,0.0168604669949337,2021,0
0,0.0176092105637921,2021,0
0,0.047782813606026,2021,0
0,0.047782813606026,2021,0
0,0.047782813606026,2021,0
0,0.047782813606026,2021,0
0,0.047782813606026,2021,0
0,0.046379811285277,2021,0
0,0.047782813606026,2021,0
0,0.047782813606026,2021,0
0,0.0480949806617293,2021,0
0,0.047782813606026,2021,0
0,0.047782813606026,2021,0
0,0.0537191497441689,2021,0
0,0.047782813606026,2021,0
0,0.022683228477761,2021,0
0,0.0217197366281221,2021,0
0,0.0377506791031443,2021,0
0,0.0820720009517067,2021,0
0,NA,2021,NA
0,0.0182068121503458,2021,0
0,0.0182068121503458,2021,0
0,0.0181755324065339,2021,0
0,0.0181667867872643,2021,0
0,0.0158028427827049,2021,0
0,0.0223208055495237,2021,0
0,0.0209641980253447,2021,0
0,0.0158028427827049,2021,0
0,0.0229985769671682,2021,0
0,0.0181755324065339,2021,0
0,0.0182068121503458,2021,0
0,0.0182068121503458,2021,0
0,0.0182068121503458,2021,0
0,0.0182068121503458,2021,0
0,0.0168399873181613,2021,0
0,0.0181755324065339,2021,0
0,0.0182068121503458,2021,0
0,0.0182068121503458,2021,0
0,0.0209641980253447,2021,0
0,0.0182068121503458,2021,0
0,0.0179393659482764,2021,0
0,0.0209641980253447,2021,0
0,0.0182068121503458,2021,0
0,0.0182068121503458,2021,0
0,0.0181755324065339,2021,0
0,0.0182068121503458,2021,0
0,0.0182068121503458,2021,0
0,0.0166441947779247,2021,0
0,0.0182068121503458,2021,0
0,0.0229985769671682,2021,0
0,0.0181755324065339,2021,0
0,0.0182068121503458,2021,0
0,0.0182068121503458,2021,0
0,0.0218142846053296,2021,0
0,0.0182068121503458,2021,0
0,0.0152410826218174,2021,0
0,0.0418674530558852,2021,0
0,0.0393140796687387,2021,0
0,0.0243960157667915,2021,0
0,0.0756463063446557,2021,0
0,0.038858753556713,2021,0
0,0.038858753556713,2021,0
0,0.0129383339027533,2021,0
0,0.0129383339027533,2021,0
0,0.038858753556713,2021,0
0,0.038858753556713,2021,0
0,0.0264817875598336,2021,0
0,0.0338808074733008,2021,0
0,0.0259105543045933,2021,0
0,0.0202263761583482,2021,0
0,0.0210746995172753,2021,0
0,0.0202263761583482,2021,0
0,0.0213863765471387,2021,0
0,0.0304481501983339,2021,0
0,0.0587996543706965,2021,0
0,0.0587996543706965,2021,0
0,0.0449817481029804,2021,0
0,0.0357068046362267,2021,0
0,0.0643671533277609,2021,0
0,0.0643671533277609,2021,0
0,0.015903458855701,2021,0
0,0.0180863203387991,2021,0
0,0.015903458855701,2021,0
0,0.0186131919074364,2021,0
0,0.0151668926601855,2021,0
0,0.0163792887410831,2021,0
0,0.0182530658665318,2021,0
0,0.0199097656624595,2021,0
0,0.015903458855701,2021,0
0,0.0163978012974034,2021,0
0,0.0177702044536262,2021,0
0,0.0416091321684038,2021,0
0,0.00939653129257505,2021,0
0,0.0119078941817011,2021,0
0,0.0119078941817011,2021,0
0,0.0118623389919465,2021,0
0,0.0120932909688548,2021,0
0,0.0219964666564435,2021,0
0,0.0172388091919591,2021,0
0,0.0193339410404373,2021,0
0,0.0193339410404373,2021,0
0,0.0172388091919591,2021,0
0,0.157873992270552,2021,0
0,0.0375257614889225,2021,0
0,0.0301798818480249,2021,0
0,0.0590214556158644,2021,0
0,0.0335759014281909,2021,0
0,0.0399025872935976,2021,0
0,0.0312447736957361,2021,0
0,0.0255542942130767,2021,0
0,0.181259410069599,2021,0
0,0.02192448333159,2021,0
0,0.0255631747008902,2021,0
0,0.0183178707763285,2021,0
0,0.0183178707763285,2021,0
0,0.0639536036676931,2021,0
0,0.0293943103907189,2021,0
0,0.11125227663529,2021,0
0,0.0214206685180126,2021,0
0,0.0321584732128135,2021,0
0,0.0389690261127277,2021,0
0,0.0367512382869257,2021,0
0,0.0179608295034873,2021,0
0,0.0416146231521763,2021,0
0,0.0526907343564319,2021,0
0,0.0526907343564319,2021,0
0,0.0399961554402337,2021,0
0,0.0525265993069453,2021,0
0,0.0426145664172522,2021,0
0,0.0481516812127891,2021,0
0,0.0357727190407128,2021,0
0,0.0426145664172522,2021,0
0,0.0566415291306693,2021,0
0,0.0566415291306693,2021,0
0,0.0136520966924076,2021,0
0,0.0136520966924076,2021,0
0,0.0136520966924076,2021,0
0,0.0196933959246108,2021,0
0,0.0229403965478225,2021,0
0,0.0232320238290647,2021,0
0,0.0147735475034317,2021,0
0,0.0232320238290647,2021,0
0,0.0205764275652817,2021,0
0,0.021055420100049,2021,0
0,0.0196933959246108,2021,0
0,0.0196933959246108,2021,0
0,0.0205764275652817,2021,0
0,0.0147735475034317,2021,0
0,0.0232320238290647,2021,0
0,0.0185735989494627,2021,0
0,0.0196933959246108,2021,0
0,0.0205764275652817,2021,0
0,0.0196933959246108,2021,0
0,0.0147735475034317,2021,0
0,0.0147735475034317,2021,0
0,0.0196933959246108,2021,0
0,0.0207849489033864,2021,0
0,0.0196933959246108,2021,0
0,0.0196933959246108,2021,0
0,0.0229403965478225,2021,0
0,0.0147735475034317,2021,0
0,0.0322717967462639,2021,0
0,0.0444015568213738,2021,0
0,0.0798490932963404,2021,0
0,NA,2021,NA
0,0.0198979845653647,2021,0
0,0.0173028426112222,2021,0
0,0.0198586110388018,2021,0
0,0.0198979845653647,2021,0
0,0.0198586110388018,2021,0
0,0.025054344101426,2021,0
0,0.0228686804157495,2021,0
0,0.0198979845653647,2021,0
0,0.0198586110388018,2021,0
0,0.0198979845653647,2021,0
0,0.0228686804157495,2021,0
0,0.0198979845653647,2021,0
0,0.0198979845653647,2021,0
0,0.0198586110388018,2021,0
0,0.0198979845653647,2021,0
0,0.0198979845653647,2021,0
0,0.0198979845653647,2021,0
0,0.0228686804157495,2021,0
0,0.0196133607243351,2021,0
0,0.0173028426112222,2021,0
0,0.0198979845653647,2021,0
0,0.0182059061588314,2021,0
0,0.0184210950852569,2021,0
0,0.0198979845653647,2021,0
0,0.0198979845653647,2021,0
0,0.0198979845653647,2021,0
0,0.0198979845653647,2021,0
0,0.0198979845653647,2021,0
0,0.025054344101426,2021,0
0,0.0198549885100053,2021,0
0,0.0243301754018567,2021,0
0,0.0237818170832309,2021,0
0,0.0198586110388018,2021,0
0,0.0198586110388018,2021,0
0,0.0198979845653647,2021,0
0,0.0410649917230969,2021,0
0,0.0467802200112958,2021,0
0,0.0808382141730633,2021,0
0,0.042002798992712,2021,0
0,0.042002798992712,2021,0
0,0.0119835611739566,2021,0
0,0.042002798992712,2021,0
0,0.0119835611739566,2021,0
0,0.042002798992712,2021,0
0,0.0236639043883201,2021,0
0,0.0145329057238715,2021,0
0,0.0331915679322488,2021,0
0,0.021999578306705,2021,0
0,0.0231120911457561,2021,0
0,0.0285741079472757,2021,0
0,0.0650895107910308,2021,0
0,0.0650895107910308,2021,0
0,0.0435810921264126,2021,0
0,0.0208795336041503,2021,0
0,0.0206580336280654,2021,0
0,0.0172892181513709,2021,0
0,0.0181148973852009,2021,0
0,0.0203984353552776,2021,0
0,0.023494841657082,2021,0
0,0.0187095723947201,2021,0
0,0.0228790402890702,2021,0
0,0.021335138735279,2021,0
0,0.0181148973852009,2021,0
0,0.0181148973852009,2021,0
0,0.0187774192840795,2021,0
0,0.0458632172415101,2021,0
0,0.0111716812428689,2021,0
0,0.0143331489372494,2021,0
0,0.0146379486690702,2021,0
0,0.0141863820305736,2021,0
0,0.0144691825665139,2021,0
0,0.0143331489372494,2021,0
0,0.0144691825665139,2021,0
0,0.00865074985546177,2021,0
0,0.0220853889233144,2021,0
0,0.0196570216220235,2021,0
0,0.0220853889233144,2021,0
0,0.0196570216220235,2021,0
0,0.0196570216220235,2021,0
0,0.159893968929616,2021,0
0,0.0456410063953656,2021,0
0,0.032941068305214,2021,0
0,0.0356698844401686,2021,0
0,0.0338121387727549,2021,0
0,0.0433029691971382,2021,0
0,0.0219954602413398,2021,0
0,0.0234230528861405,2021,0
0,0.0159666034653276,2021,0
0,0.0159666034653276,2021,0
0,0.0170052820802607,2021,0
0,0.0367466756601471,2021,0
0,0.0307398937956558,2021,0
0,0.121775100820325,2021,0
0,0.0219535673415456,2021,0
0,0.033942894720683,2021,0
0,0.00592802984052756,2021,0
0,0.0241611599644695,2021,0
0,0.0843059577131085,2021,0
0,0.0460333699434035,2021,0
0,0.0460333699434035,2021,0
0,0.0319071941240639,2021,0
0,0.0399857507415843,2021,0
0,0.0362434408080799,2021,0
0,0.0412765834667016,2021,0
0,0.0278515053502008,2021,0
0,0.0362434408080799,2021,0
0,0.0233560050985143,2021,0
0,0.0233560050985143,2021,0
0,0.0233560050985143,2021,0
0,0.00978338395728972,2021,0
0,0.00978338395728972,2021,0
0,0.00978338395728972,2021,0
0,0.0165568939627468,2021,0
0,0.0165568939627468,2021,0
0,0.0174826358649537,2021,0
0,0.0194733451990721,2021,0
0,0.0172803745328627,2021,0
0,0.0194733451990721,2021,0
0,0.0138491746903025,2021,0
0,0.0194733451990721,2021,0
0,0.0165568939627468,2021,0
0,0.0165568939627468,2021,0
0,0.0106015723091492,2021,0
0,0.0165568939627468,2021,0
0,0.0106015723091492,2021,0
0,0.0165568939627468,2021,0
0,0.0172803745328627,2021,0
0,0.0194014555853774,2021,0
0,0.0194014555853774,2021,0
0,0.0163348553935452,2021,0
0,0.0106015723091492,2021,0
0,0.0172803745328627,2021,0
0,0.0165568939627468,2021,0
0,0.0106015723091492,2021,0
0,0.0106015723091492,2021,0
0,0.0106015723091492,2021,0
0,0.0214497366575774,2021,0
0,0.0214497366575774,2021,0
0,0.0243366785031023,2021,0
0,0.0223685123503722,2021,0
0,0.0223685123503722,2021,0
0,0.0223685123503722,2021,0
0,0.0223685123503722,2021,0
0,0.0392654624246508,2021,0
0,0.110261241026679,2021,0
0,0.0225725762483929,2021,0
0,0.0205095087363018,2021,0
0,0.0177148255752605,2021,0
0,0.0177148255752605,2021,0
0,0.0176359877295452,2021,0
0,0.0177148255752605,2021,0
0,0.0163327337815828,2021,0
0,0.0177148255752605,2021,0
0,0.0176359877295452,2021,0
0,0.0153160037637435,2021,0
0,0.0176359877295452,2021,0
0,0.0213204257196324,2021,0
0,0.0177148255752605,2021,0
0,0.0177148255752605,2021,0
0,0.0177148255752605,2021,0
0,0.0177148255752605,2021,0
0,0.0162754177112047,2021,0
0,0.0177148255752605,2021,0
0,0.0197937509013372,2021,0
0,0.0195548302747633,2021,0
0,0.0177027550096289,2021,0
0,0.0177027550096289,2021,0
0,0.0176359877295452,2021,0
0,0.0177148255752605,2021,0
0,0.0176359877295452,2021,0
0,0.0176359877295452,2021,0
0,0.0177148255752605,2021,0
0,0.0177148255752605,2021,0
0,0.0176359877295452,2021,0
0,0.0163327337815828,2021,0
0,0.0177148255752605,2021,0
0,0.0177148255752605,2021,0
0,0.032642470460718,2021,0
0,0.113258424438575,2021,0
0,0.0460267910105794,2021,0
0,0.0117697094244938,2021,0
0,0.0460267910105794,2021,0
0,0.0460267910105794,2021,0
0,0.0117697094244938,2021,0
0,0.0460267910105794,2021,0
0,0.023481185326432,2021,0
0,0.0214880365160461,2021,0
0,0.0142118796206072,2021,0
0,0.0221555392637514,2021,0
0,0.0220257757444211,2021,0
0,0.0166023377095733,2021,0
0,0.0178969682884097,2021,0
0,0.0166023377095733,2021,0
0,0.0166023377095733,2021,0
0,0.0109172730320842,2021,0
0,0.0834699445171503,2021,0
0,0.0834699445171503,2021,0
0,0.142893053875909,2021,0
0,0.0392282234276183,2021,0
0,0.0379690407260693,2021,0
0,0.0572639324342252,2021,0
0,0.0149301987263694,2021,0
0,0.017549334088583,2021,0
0,0.0144287292527275,2021,0
0,0.0144287292527275,2021,0
0,0.0188600794283687,2021,0
0,0.0144287292527275,2021,0
0,0.0163850766856664,2021,0
0,0.0151856898043728,2021,0
0,0.0138619952872049,2021,0
0,0.0170451692013442,2021,0
0,0.018295928281896,2021,0
0,0.0164323939442624,2021,0
0,0.0368847750376047,2021,0
0,0.0338729570019992,2021,0
0,0.00882899421882962,2021,0
0,0.0113731573156797,2021,0
0,0.0113623692626897,2021,0
0,0.0113153836017036,2021,0
0,0.00824330106513505,2021,0
0,0.0110320942603351,2021,0
0,0.0113731573156797,2021,0
0,0.0112362676070813,2021,0
0,0.0112362676070813,2021,0
0,0.0108295211182284,2021,0
0,0.00157335733839273,2021,0
0,0.0158736504876401,2021,0
0,0.0141689953563682,2021,0
0,0.0141689953563682,2021,0
0,0.0141689953563682,2021,0
0,0.124961538802609,2021,0
0,0.0301174342403069,2021,0
0,0.0275148712705961,2021,0
0,0.01941296416108,2021,0
0,0.0283615683714129,2021,0
0,0.0231854834277854,2021,0
0,0.0344220390280734,2021,0
0,0.0162658131595716,2021,0
0,0.0162658131595716,2021,0
0,0.0684020911547628,2021,0
0,0.018468347990465,2021,0
0,0.0157994770973673,2021,0
0,0.0344000272155816,2021,0
0,0.00679222055998869,2021,0
0,0.0245014145998492,2021,0
0,0.0505757693321121,2021,0
0,0.0505757693321121,2021,0
0,0.037412509358118,2021,0
0,0.0466195682055354,2021,0
0,0.0326834691220187,2021,0
0,0.0408330920191338,2021,0
0,0.0442733494038836,2021,0
0,0.0442733494038836,2021,0
0,0.0130324359509913,2021,0
0,0.0130324359509913,2021,0
0,0.0130324359509913,2021,0
0,0.016645543407271,2021,0
0,0.0114293490224082,2021,0
0,0.0173543818962959,2021,0
0,0.0194927035008674,2021,0
0,0.0194927035008674,2021,0
0,0.0114293490224082,2021,0
0,0.016645543407271,2021,0
0,0.0173543818962959,2021,0
0,0.0168456569108355,2021,0
0,0.0173543818962959,2021,0
0,0.0114293490224082,2021,0
0,0.016645543407271,2021,0
0,0.0176280899393905,2021,0
0,0.0114293490224082,2021,0
0,0.0114293490224082,2021,0
0,0.0194927035008674,2021,0
0,0.016645543407271,2021,0
0,0.016645543407271,2021,0
0,0.0193752264347195,2021,0
0,0.0146411131076856,2021,0
0,0.016645543407271,2021,0
0,0.0223850559375412,2021,0
0,0.0223850559375412,2021,0
0,0.0223850559375412,2021,0
0,0.0251107405464954,2021,0
0,0.0251107405464954,2021,0
0,0.0251107405464954,2021,0
0,0.0251107405464954,2021,0
0,0.0447541476198591,2021,0
0,0.0879458121036152,2021,0
0,0.0848441824790315,2021,0
0,0.0848166718782004,2021,0
0,0.116374268177385,2021,0
0,0.0204690235595096,2021,0
0,0.020392780859606,2021,0
0,0.0188706056804521,2021,0
0,0.017685408573589,2021,0
0,0.020392780859606,2021,0
0,0.018814653799884,2021,0
0,0.0204690235595096,2021,0
0,0.0260896105532547,2021,0
0,0.0204690235595096,2021,0
0,0.0204690235595096,2021,0
0,0.0426448630164897,2021,0
0,0.0826828212096566,2021,0
0,0.0826828212096566,2021,0
0,0.080594358847685,2021,0
0,0.0713705910816187,2021,0
0,0.091073482250358,2021,0
0,0.091073482250358,2021,0
0,0.0748059712002833,2021,0
0,0.108085553132813,2021,0
0,0.0395581269315089,2021,0
0,0.0536431832219163,2021,0
0,0.0536431832219163,2021,0
0,0.0154011619711217,2021,0
0,0.0154011619711217,2021,0
0,0.0536431832219163,2021,0
0,0.0536431832219163,2021,0
0,0.031880752829449,2021,0
0,0.0294699304779377,2021,0
0,0.0211672953426112,2021,0
0,0.0186444513059369,2021,0
0,0.0158574025263756,2021,0
0,0.0872936810587067,2021,0
0,0.0172301339997531,2021,0
0,0.023612217589591,2021,0
0,0.0188159832470453,2021,0
0,0.0201493684923352,2021,0
0,0.0188159832470453,2021,0
0,0.0188159832470453,2021,0
0,0.024838440550395,2021,0
0,0.0949173853279888,2021,0
0,0.0818635128151727,2021,0
0,0.0818635128151727,2021,0
0,0.0818635128151727,2021,0
0,0.0695465142193442,2021,0
0,0.0897813524339263,2021,0
0,0.0808170459847,2021,0
0,0.104980964473107,2021,0
0,0.0614759271436895,2021,0
0,0.110832330369101,2021,0
0,0.141634081359214,2021,0
0,0.0496077655914762,2021,0
0,NA,2021,NA
0,0.0651429151420209,2021,0
0,0.0651429151420209,2021,0
0,0.0215741733855803,2021,0
0,0.0183324803505012,2021,0
0,0.0175921829248674,2021,0
0,0.0237954678912171,2021,0
0,0.0207638164135066,2021,0
0,0.0183324803505012,2021,0
0,0.0183324803505012,2021,0
0,0.0189482428519012,2021,0
0,0.0231213248658205,2021,0
0,0.0191944404097921,2021,0
0,0.0207958209894194,2021,0
0,0.0462311619895541,2021,0
0,0.0423595144597213,2021,0
0,0.0113879833740596,2021,0
0,0.0147438411209343,2021,0
0,0.0146488569226836,2021,0
0,0.0146109909630492,2021,0
0,0.0146488569226836,2021,0
0,0.0106507038498239,2021,0
0,0.014025806959908,2021,0
0,0.0143362793916012,2021,0
0,0.0147086887517435,2021,0
0,0.0146109909630492,2021,0
0,0.00550388356937029,2021,0
0,0.02148443034185,2021,0
0,0.0241503560129547,2021,0
0,0.02148443034185,2021,0
0,0.179557259327832,2021,0
0,0.0485613042016919,2021,0
0,0.0363077600154671,2021,0
0,0.0846417420325767,2021,0
0,0.0215637677093348,2021,0
0,0.0269926488410906,2021,0
0,0.0405870102653265,2021,0
0,0.0207137118746672,2021,0
0,0.0247762481770301,2021,0
0,0.0523801015111262,2021,0
0,0.0858281205896619,2021,0
0,0.0391094541148907,2021,0
0,0.0185138410197435,2021,0
0,0.0214117746752392,2021,0
0,0.0424185485872294,2021,0
0,0.0169294959727346,2021,0
0,0.0115467761870802,2021,0
0,0.0257528994717338,2021,0
0,0.135567824277229,2021,0
0,0.0608518718968051,2021,0
0,0.0568557966758648,2021,0
0,0.0379521197243982,2021,0
0,0.048318481164065,2021,0
0,0.0375136807854336,2021,0
0,0.0375136807854336,2021,0
0,0.0150453390550098,2021,0
0,0.0150453390550098,2021,0
0,0.0150453390550098,2021,0
0,0.0188305960017447,2021,0
0,0.0145141277680888,2021,0
0,0.0227460268296759,2021,0
0,0.0256347834668385,2021,0
0,0.0217911764521507,2021,0
0,0.0279197746256021,2021,0
0,0.0145141277680888,2021,0
0,0.0217911764521507,2021,0
0,0.0227460268296759,2021,0
0,0.0217911764521507,2021,0
0,0.0145141277680888,2021,0
0,0.0230865184544076,2021,0
0,0.0217911764521507,2021,0
0,0.0145141277680888,2021,0
0,0.0217911764521507,2021,0
0,0.0255025032141381,2021,0
0,0.0217911764521507,2021,0
0,0.0217911764521507,2021,0
0,0.0218935472360448,2021,0
0,0.0145141277680888,2021,0
0,0.0256347834668385,2021,0
0,0.0286112828339319,2021,0
0,0.0286112828339319,2021,0
0,0.0286112828339319,2021,0
0,0.0286112828339319,2021,0
0,0.0516108783979318,2021,0
0,0.0760233916771052,2021,0
0,0.0764959437587787,2021,0
0,0.0784704033907555,2021,0
0,0.106221973560577,2021,0
0,0.0438256580070205,2021,0
0,0.0541089486685923,2021,0
0,0.057877825480467,2021,0
0,0.07316083314653,2021,0
0,0.0803971912169278,2021,0
0,0.0803971912169278,2021,0
0,0.0695514818387876,2021,0
0,0.0881093375921505,2021,0
0,0.0668678843505472,2021,0
0,0.103111534974772,2021,0
0,0.0784850164943624,2021,0
0,0.0406826436208724,2021,0
0,0.0564769635553823,2021,0
0,0.0564769635553823,2021,0
0,0.0564769635553823,2021,0
0,0.0302848630841339,2021,0
0,0.0289522149872129,2021,0
0,0.0284343549718204,2021,0
0,0.0896719253697937,2021,0
0,0.0190945485312782,2021,0
0,0.0327858857616096,2021,0
0,0.0260896907127729,2021,0
0,0.027523761947932,2021,0
0,0.0260896907127729,2021,0
0,0.0335625818821538,2021,0
0,0.0260896907127729,2021,0
0,0.0836569111039878,2021,0
0,0.0836569111039878,2021,0
0,0.137189294405561,2021,0
0,0.054676637516743,2021,0
0,0.0867360618310637,2021,0
0,0.0867360618310637,2021,0
0,0.0341333082604365,2021,0
0,0.0383604521595324,2021,0
0,0.0164458121610787,2021,0
0,0.022537987893927,2021,0
0,0.0184090677024163,2021,0
0,0.0265436243037053,2021,0
0,0.0297783929166428,2021,0
0,0.0265436243037053,2021,0
0,0.0577071207126969,2021,0
0,0.0442865564677692,2021,0
0,0.0520677778284767,2021,0
0,0.026953135165203,2021,0
0,0.0317814926083459,2021,0
0,0.0468109068470651,2021,0
0,0.0215680312136142,2021,0
0,0.0745582982004648,2021,0
0,0.060421050809186,2021,0
0,0.09030407626894,2021,0
0,0.0275950814801669,2021,0
0,0.0243718587507122,2021,0
0,0.0227565612007868,2021,0
0,0.0469544456604131,2021,0
0,0.0201218698946498,2021,0
0,0.035050164698175,2021,0
0,0.0463357818451055,2021,0
0,0.0164725831445262,2021,0
0,0.0333677946664896,2021,0
0,0.028889954497775,2021,0
0,0.028889954497775,2021,0
0,0.0133620893096448,2021,0
0,0.0133620893096448,2021,0
0,0.0133620893096448,2021,0
0,0.0221391520697562,2021,0
0,0.0261336537195442,2021,0
0,0.0259972773044407,2021,0
0,0.0144768637319913,2021,0
0,0.0144768637319913,2021,0
0,0.0259972773044407,2021,0
0,0.0261336537195442,2021,0
0,0.0234606617501063,2021,0
0,0.0144768637319913,2021,0
0,0.022131270360677,2021,0
0,0.0285144320868056,2021,0
0,0.0231302117762107,2021,0
0,0.0144768637319913,2021,0
0,0.0221391520697562,2021,0
0,0.0221391520697562,2021,0
0,0.0221391520697562,2021,0
0,0.0221391520697562,2021,0
0,0.0144768637319913,2021,0
0,0.0221391520697562,2021,0
0,0.0221391520697562,2021,0
0,0.0188975827625112,2021,0
0,0.0231302117762107,2021,0
0,0.0221391520697562,2021,0
0,0.0221391520697562,2021,0
0,0.0369841195525843,2021,0
0,0.0369841195525843,2021,0
0,0.0369841195525843,2021,0
0,0.0369841195525843,2021,0
0,0.0369841195525843,2021,0
0,0.0514330937477947,2021,0
0,0.0416966909183887,2021,0
0,0.0617884913102121,2021,0
0,0.0381375104102245,2021,0
0,0.0873028936610371,2021,0
0,0.0502455915628508,2021,0
0,0.0502455915628508,2021,0
0,0.0502455915628508,2021,0
0,0.0305604692991273,2021,0
0,0.0297114052692153,2021,0
0,0.0208725878280804,2021,0
0,0.0208725878280804,2021,0
0,0.0454832449299304,2021,0
0,0.030922945765262,2021,0
0,0.030922945765262,2021,0
0,0.0782871975657885,2021,0
0,0.080032435573238,2021,0
0,0.0782871975657885,2021,0
0,0.0493485417760388,2021,0
0,0.112155421395703,2021,0
0,0.0397313062333181,2021,0
0,0.0305327586375116,2021,0
0,0.0305327586375116,2021,0
0,0.0340654428679831,2021,0
0,0.0305327586375116,2021,0
0,0.0634930779569626,2021,0
0,0.0547365550743968,2021,0
0,0.0785795766548076,2021,0
0,0.061174725797754,2021,0
0,0.0326392664607277,2021,0
0,0.0394367942708558,2021,0
0,0.0584510988301444,2021,0
0,0.0259020013481463,2021,0
0,0.0259020013481463,2021,0
0,0.0306689176946671,2021,0
0,0.0264366559577507,2021,0
0,0.0676925657085593,2021,0
0,0.0318349207187615,2021,0
0,0.0637673534108085,2021,0
0,0.0243331398245078,2021,0
0,0.115962397782506,2021,0
0,0.0320158929874185,2021,0
0,0.0649055126958735,2021,0
0,0.0442683587628018,2021,0
0,0.0208146490302738,2021,0
0,0.0185863978410704,2021,0
0,0.0208146490302738,2021,0
0,0.0208146490302738,2021,0
0,0.0335133681491636,2021,0
0,0.0210752863070015,2021,0
0,0.026335381966832,2021,0
0,0.026335381966832,2021,0
0,0.0210752863070015,2021,0
0,0.026335381966832,2021,0
0,0.026335381966832,2021,0
0,0.0274723760683147,2021,0
0,0.0210752863070015,2021,0
0,0.0274723760683147,2021,0
0,0.026335381966832,2021,0
0,0.0274723760683147,2021,0
0,0.0308746228814394,2021,0
0,0.0210752863070015,2021,0
0,0.0282223428444159,2021,0
0,0.026335381966832,2021,0
0,0.026335381966832,2021,0
0,0.0284717289485026,2021,0
0,0.0304632897236446,2021,0
0,0.0308746228814394,2021,0
0,0.0304632897236446,2021,0
0,0.026335381966832,2021,0
0,0.0210752863070015,2021,0
0,0.026335381966832,2021,0
0,0.0730055104906565,2021,0
0,0.0730055104906565,2021,0
0,0.0730055104906565,2021,0
0,0.0730055104906565,2021,0
0,0.0730055104906565,2021,0
0,0.0740274538325041,2021,0
0,0.0597759910636032,2021,0
0,0.0642845685798423,2021,0
0,0.0455969431853898,2021,0
0,0.0455969431853898,2021,0
0,0.0455969431853898,2021,0
0,0.0532970316158815,2021,0
0,0.0516155780129838,2021,0
0,0.0274309992271538,2021,0
0,0.0274309992271538,2021,0
0,0.0548771149360852,2021,0
0,0.0502006991009249,2021,0
0,0.071499856555931,2021,0
0,0.0752482488257264,2021,0
0,0.0574800165765065,2021,0
0,0.145346106147033,2021,0
0,0.145346106147033,2021,0
0,0.0863732889776693,2021,0
0,0.0585131040307806,2021,0
0,0.0644955907378356,2021,0
0,0.0585131040307806,2021,0
0,0.0585131040307806,2021,0
0,0.0644955907378356,2021,0
0,0.362892378871139,2021,0
0,0.114672632734171,2021,0
0,0.0960477059908036,2021,0
0,0.0735916707134702,2021,0
0,0.0738514561551237,2021,0
0,0.0790824083075103,2021,0
0,0.0786406927448994,2021,0
0,0.0553244151841736,2021,0
0,0.0816337201076292,2021,0
0,0.0397366225706957,2021,0
0,0.0397366225706957,2021,0
0,0.041425908584867,2021,0
0,0.0252588414445442,2021,0
0,0.0358785716068469,2021,0
0,0.0253215323078981,2021,0
0,0.0447859729576012,2021,0
0,0.125405855825793,2021,0
0,0.0416715140332828,2021,0
0,0.0897920881944619,2021,0
0,0.0307398464121,2021,0
0,0.0319500873866603,2021,0
0,0.153516849404479,2021,0
0,0.0584609331192448,2021,0
0,0.115906042271437,2021,0
0,0.051781380883592,2021,0
0,0.0612330212599192,2021,0
0,0.0281555124538914,2021,0
0,0.031318765032168,2021,0
0,0.031318765032168,2021,0
0,0.031318765032168,2021,0
0,0.0394052517494441,2021,0
0,0.0303478605468714,2021,0
0,0.0343874385317606,2021,0
0,0.0343874385317606,2021,0
0,0.0389788688854539,2021,0
0,0.0343874385317606,2021,0
0,0.0303478605468714,2021,0
0,0.0381593531417104,2021,0
0,0.0394052517494441,2021,0
0,0.0303478605468714,2021,0
0,0.0343874385317606,2021,0
0,0.0303478605468714,2021,0
0,0.035654751070131,2021,0
0,0.035654751070131,2021,0
0,0.0303478605468714,2021,0
0,0.0343874385317606,2021,0
0,0.0389788688854539,2021,0
0,0.0343874385317606,2021,0
0,0.0422762899999417,2021,0
0,0.0343874385317606,2021,0
0,0.0343874385317606,2021,0
0,0.035654751070131,2021,0
0,0.113614264563968,2021,0
0,0.113614264563968,2021,0
0,0.113614264563968,2021,0
0,0.113614264563968,2021,0
0,0.127363510370429,2021,0
0,0.125265063873526,2021,0
0,0.0786830642074084,2021,0
0,0.0491240925353859,2021,0
0,0.0491240925353859,2021,0
0,0.0491240925353859,2021,0
0,0.0686281693310333,2021,0
0,0.0353647672040593,2021,0
0,0.0353647672040593,2021,0
0,0.0872118588677019,2021,0
0,0.112468780776803,2021,0
0,0.0958777335103092,2021,0
0,0.101062804008685,2021,0
0,0.104545969124082,2021,0
0,0.0877379270777866,2021,0
0,0.135874051021938,2021,0
0,0.145974074564916,2021,0
0,0.135233556911419,2021,0
0,0.145974074564916,2021,0
0,0.135233556911419,2021,0
0,0.567270588587743,2021,1
0,0.224630458082057,2021,0
0,0.178475668272028,2021,0
0,0.111285666562687,2021,0
0,0.0686305515100987,2021,0
0,0.0686305515100987,2021,0
0,NA,2021,NA
0,0.084941190386186,2021,0
0,0.0507411285616834,2021,0
0,0.0505241954074525,2021,0
0,0.0899341893653288,2021,0
0,0.0586882481012746,2021,0
0,0.12636045795453,2021,0
0,0.231872615512909,2021,0
0,0.14586423830768,2021,0
0,0.27476465182731,2021,0
0,0.0880892171496285,2021,0
0,0.0991600933564599,2021,0
0,0.0991600933564599,2021,0
0,0.0664878972691608,2021,0
0,0.0664878972691608,2021,0
0,0.0610309991537736,2021,0
0,0.0529235706508261,2021,0
0,0.0529235706508261,2021,0
0,0.0513751029616512,2021,0
0,0.0543516057803054,2021,0
0,0.0529235706508261,2021,0
0,0.0513751029616512,2021,0
0,0.0585292365992727,2021,0
0,0.0529235706508261,2021,0
0,0.0543516057803054,2021,0
0,0.0529235706508261,2021,0
0,0.0529235706508261,2021,0
0,0.0543516057803054,2021,0
0,0.059740224354446,2021,0
0,0.0513751029616512,2021,0
0,0.0513751029616512,2021,0
0,0.0513751029616512,2021,0
0,0.0582943544374039,2021,0
0,0.0616957776674981,2021,0
0,0.0582943544374039,2021,0
0,0.0585292365992727,2021,0
0,0.0529235706508261,2021,0
0,0.182840039887894,2021,0
0,0.182840039887894,2021,0
0,0.182840039887894,2021,0
0,0.182840039887894,2021,0
0,0.275655266401639,2021,0
0,0.1407810056159,2021,0
0,0.0703106793699752,2021,0
0,0.0703106793699752,2021,0
0,0.11809710709017,2021,0
0,0.0731413876255247,2021,0
0,0.163404321873886,2021,0
0,0.173349043508268,2021,0
0,0.187522128584488,2021,0
0,0.163404321873886,2021,0
0,0.163404321873886,2021,0
0,0.128413609888211,2021,0
0,0.404375258443975,2021,0
0,0.183789156026902,2021,0
0,0.151508286330404,2021,0
1,0.260254190820734,2021,0
1,0.0453612020222663,2021,0
1,0.0408330920191338,2021,0
1,0.0544365612212707,2021,0
1,0.0739220136626998,2021,0
1,0.0660694648549241,2021,0
1,0.0544365612212707,2021,0
1,0.0445169584686457,2021,0
1,0.0355644793942245,2021,0
1,0.0442733494038836,2021,0
1,0.0621518885514436,2021,0
1,0.079211967019009,2021,0
1,0.0463412752531643,2021,0
1,0.032999993536153,2021,0
1,0.0703106793699752,2021,0
1,0.0564769635553823,2021,0
1,0.0320534455228178,2021,0
1,0.0660694648549241,2021,0
1,0.0429353102364186,2021,0
1,0.0320026690662432,2021,0
1,0.055283612765671,2021,0
1,0.0320026690662432,2021,0
1,0.0734368282969959,2021,0
1,0.0558884998814885,2021,0
1,0.0558884998814885,2021,0
1,0.0734368282969959,2021,0
1,0.0683021082103323,2021,0
1,0.0558884998814885,2021,0
1,0.0558884998814885,2021,0
1,0.0471059178723484,2021,0
1,0.0685787240119007,2021,0
1,0.0695934282985742,2021,0
1,0.047782813606026,2021,0
1,0.0411605071765304,2021,0
1,0.0411605071765304,2021,0
1,0.0558884998814885,2021,0
1,0.0734368282969959,2021,0
1,0.0695934282985742,2021,0
1,0.0558884998814885,2021,0
1,0.0698364827573345,2021,0
1,0.047782813606026,2021,0
1,0.0695934282985742,2021,0
1,0.0695934282985742,2021,0
1,0.320031593766369,2021,0
1,0.0695934282985742,2021,0
1,0.0144768637319913,2021,0
1,0.0343874385317606,2021,0
1,0.0154274083515692,2021,0
1,0.0154274083515692,2021,0
1,0.0699874454497727,2021,0
1,0.0540743280084595,2021,0
1,0.0664878972691608,2021,0
1,0.0215761982753048,2021,0
1,0.08259594597203,2021,0
1,0.076549955415414,2021,0
1,0.0633378482596277,2021,0
1,0.0292323138370831,2021,0
1,0.0292323138370831,2021,0
1,0.0292323138370831,2021,0
1,0.024434411357682,2021,0
1,0.0253439477659356,2021,0
1,0.0346329352952825,2021,0
1,0.0212184972037718,2021,0
1,0.134813101022915,2021,0
1,0.0594568549885332,2021,0
1,0.137891093604175,2021,0
1,0.0536899432434098,2021,0
1,0.0331068945558028,2021,0
1,0.0643497220737479,2021,0
1,0.0663023988671835,2021,0
1,0.0373930003816104,2021,0
1,0.0213143493477989,2021,0
1,0.0327130288119655,2021,0
1,0.0222517605147884,2021,0
1,0.0301412690993274,2021,0
1,0.0215453879083614,2021,0
1,0.0228510828395915,2021,0
1,0.0225712935005015,2021,0
1,0.0225712935005015,2021,0
1,0.0222517605147884,2021,0
1,0.0279672901594424,2021,0
1,0.0723512218153168,2021,0
1,0.0344953046373931,2021,0
1,0.0302450080114424,2021,0
1,0.0986829225876436,2021,0
1,0.0985566439528265,2021,0
1,0.0806196341253813,2021,0
1,0.0175667184683792,2021,0
1,0.0556480268256293,2021,0
1,0.0529235706508261,2021,0
1,0.0367574666793806,2021,0
1,0.0687668306807731,2021,0
1,0.0412564592326772,2021,0
1,0.0194759714383475,2021,0
1,0.0286107723228681,2021,0
1,0.0174914215358685,2021,0
1,0.0250149071258065,2021,0
1,0.0496013463375983,2021,0
1,0.0734482563237145,2021,0
1,0.079991037878922,2021,0
1,0.0832826539435623,2021,0
1,0.0687668306807731,2021,0
1,0.079991037878922,2021,0
1,0.0836243694059931,2021,0
1,0.0152340923560104,2021,0
1,0.131076202650469,2021,0
1,0.0876402382730907,2021,0
1,0.0860308688922589,2021,0
1,0.137705633274262,2021,0
1,0.0661721619882594,2021,0
1,0.220444436513887,2021,0
1,0.022316473913119,2021,0
1,0.107021775692521,2021,0
1,0.0252725958740659,2021,0
1,0.0872535188581347,2021,0
1,0.0347004712656103,2021,0
1,0.0328969322294385,2021,0
1,0.0917574916177514,2021,0
1,0.0526259670358842,2021,0
1,0.0388582629697342,2021,0
1,0.0422897216866371,2021,0
1,0.0185814752678614,2021,0
1,0.0192296737335663,2021,0
1,0.0353854377941398,2021,0
1,0.127611187122114,2021,0
1,0.11065637801072,2021,0
1,0.0248053976065286,2021,0
1,0.189710632681815,2021,0
1,0.0177148255752605,2021,0
1,0.0400465354034399,2021,0
1,0.113614264563968,2021,0
1,0.0196044160306113,2021,0
1,0.129489569415526,2021,0
1,0.0994679377972449,2021,0
1,0.0164108160524402,2021,0
1,0.0188706056804521,2021,0
1,0.089185600078963,2021,0
1,0.0380246709889887,2021,0
1,0.0204690235595096,2021,0
1,0.0196044160306113,2021,0
1,0.11065637801072,2021,0
1,0.0176359877295452,2021,0
1,0.0889124224575534,2021,0
1,0.0790312347609641,2021,0
1,0.0790312347609641,2021,0
1,0.0170302063237853,2021,0
1,0.0406488502401931,2021,0
1,0.02997467192242,2021,0
1,0.0406027817006374,2021,0
1,0.127611187122114,2021,0
1,0.0223685123503722,2021,0
1,0.151251044002284,2021,0
1,0.0889124224575534,2021,0
1,0.0807070010880689,2021,0
1,0.0972443973501459,2021,0
1,0.121007613218666,2021,0
1,0.168284361784789,2021,0
1,0.0697498840175271,2021,0
1,0.0255600682456658,2021,0
1,0.214700388845659,2021,0
1,0.0781745245408162,2021,0
1,0.0158736504876401,2021,0
1,0.116967606104501,2021,0
1,0.179294565748176,2021,0
1,0.0328465297719091,2021,0
1,0.107629591912069,2021,0
1,0.02148443034185,2021,0
1,0.0168829391629053,2021,0
1,0.0252920804565631,2021,0
1,0.182840039887894,2021,0
1,0.0353854377941398,2021,0
1,0.0125927039829424,2021,0
1,0.010010433047407,2021,0
1,0.0832826539435623,2021,0
1,0.0446171366479535,2021,0
1,0.0687668306807731,2021,0
1,0.079991037878922,2021,0
1,0.0643671533277609,2021,0
1,0.0687668306807731,2021,0
1,0.0113536345472541,2021,0
1,0.0748074611999203,2021,0
1,0.059557545126657,2021,0
1,0.0239109715006076,2021,0
1,0.0190394483432532,2021,0
1,0.0424183644659686,2021,0
1,0.0708054221346658,2021,0
1,0.0462045587170914,2021,0
1,0.0433150788753105,2021,0
1,0.0267583057210204,2021,0
1,0.0334030079430573,2021,0
1,0.10238927837131,2021,0
1,0.0392035763531009,2021,0
1,0.0156472652803329,2021,0
1,0.0119075480511078,2021,0
1,0.135233556911419,2021,0
1,0.0157208515854758,2021,0
1,0.0842923125708792,2021,0
1,0.0469094614574591,2021,0
1,0.0687660202775117,2021,0
1,0.0359562888505417,2021,0
1,0.0389883179441367,2021,0
1,NA,2021,NA
1,0.0348271082148101,2021,0
1,NA,2021,NA
1,0.0513903169773653,2021,0
1,0.149048405814997,2021,0
1,0.192606342857645,2021,0
1,0.0250275853851441,2021,0
1,0.00658137542468844,2021,0
1,0.0942708026989711,2021,0
1,0.040247366843649,2021,0
1,NA,2021,NA
1,0.0731413876255247,2021,0
1,0.0601733553602772,2021,0
1,0.0142118796206072,2021,0
1,NA,2021,NA
1,0.117077140373873,2021,0
1,0.0350898590468057,2021,0
1,0.0705184645518559,2021,0
1,NA,2021,NA
1,0.0908076826844087,2021,0
1,0.029867295579326,2021,0
0,NA,2022,NA
0,0.122887598848719,2022,0
0,0.0839657368629732,2022,0
0,0.0826666757657894,2022,0
0,0.058403075899767,2022,0
0,0.171924610801193,2022,0
0,0.0612815834566042,2022,0
0,0.119294898644719,2022,0
0,0.0830563645525303,2022,0
0,0.0832198568467321,2022,0
0,0.0836639146959804,2022,0
0,0.0808216807094801,2022,0
0,0.0784976392858935,2022,0
0,0.0784976392858935,2022,0
0,0.0784976392858935,2022,0
0,0.0836639146959804,2022,0
0,0.0797907073146872,2022,0
0,0.0797907073146872,2022,0
0,0.0797907073146872,2022,0
0,0.0654516506522884,2022,0
0,0.0847678848281728,2022,0
0,0.0654516506522884,2022,0
0,0.0847678848281728,2022,0
0,0.0654516506522884,2022,0
0,0.0867506646514135,2022,0
0,0.0784976392858935,2022,0
0,0.0654516506522884,2022,0
0,0.0784976392858935,2022,0
0,0.0784976392858935,2022,0
0,0.0784976392858935,2022,0
0,0.0654516506522884,2022,0
0,0.255719290588461,2022,0
0,0.255719290588461,2022,0
0,0.255719290588461,2022,0
0,0.255719290588461,2022,0
0,0.117610175510222,2022,0
0,0.0869860057697245,2022,0
0,0.0869860057697245,2022,0
0,0.163229158661329,2022,0
0,0.137240283310383,2022,0
0,0.0999961952748637,2022,0
0,0.0707772412165403,2022,0
0,0.158857885102516,2022,0
0,0.170482025225094,2022,0
0,NA,2022,NA
0,0.0612366057117134,2022,0
0,0.0929008134680021,2022,0
0,0.151713179977699,2022,0
0,0.153856296189028,2022,0
0,0.0580457396047005,2022,0
0,0.133074806027447,2022,0
0,0.120104470573681,2022,0
0,0.0274625853071973,2022,0
0,0.0800100970995378,2022,0
0,0.0529300252284612,2022,0
0,0.051780113634274,2022,0
0,0.0552019610426067,2022,0
0,0.0446713459316932,2022,0
0,0.0583824695228858,2022,0
0,0.0603538239450015,2022,0
0,0.0594837739240282,2022,0
0,0.0552019610426067,2022,0
0,0.0446713459316932,2022,0
0,0.0594837739240282,2022,0
0,0.0559864725527352,2022,0
0,0.0552019610426067,2022,0
0,0.0446713459316932,2022,0
0,0.0559864725527352,2022,0
0,0.0559864725527352,2022,0
0,0.0446713459316932,2022,0
0,0.0552019610426067,2022,0
0,0.0552019610426067,2022,0
0,0.0446713459316932,2022,0
0,0.0583824695228858,2022,0
0,0.0560744941450247,2022,0
0,0.0552019610426067,2022,0
0,0.0552019610426067,2022,0
0,0.0446713459316932,2022,0
0,0.0552019610426067,2022,0
0,0.198974306294486,2022,0
0,0.198974306294486,2022,0
0,0.198974306294486,2022,0
0,0.161252035633223,2022,0
0,0.0836113751230452,2022,0
0,0.0684129065463512,2022,0
0,0.0684129065463512,2022,0
0,0.105105967408699,2022,0
0,0.0952054540164797,2022,0
0,0.0460508297438946,2022,0
0,0.0536062518664699,2022,0
0,0.133631415362688,2022,0
0,0.143426909420173,2022,0
0,0.143426909420173,2022,0
0,0.346800260071218,2022,0
0,0.119452380213417,2022,0
0,0.0886456731865835,2022,0
0,0.159010341673627,2022,0
0,0.0882065827034308,2022,0
0,NA,2022,NA
0,0.125399180994001,2022,0
0,0.127612637022521,2022,0
0,0.124931029437844,2022,0
0,0.0455272140844633,2022,0
0,0.0434045917435163,2022,0
0,0.0950129969789149,2022,0
0,0.0908470407278157,2022,0
0,0.0233875454632572,2022,0
0,0.0749043885994423,2022,0
0,0.0459612496837165,2022,0
0,0.047184253658874,2022,0
0,0.0526995252907538,2022,0
0,0.0496905017139144,2022,0
0,0.049047138138184,2022,0
0,0.049047138138184,2022,0
0,0.049047138138184,2022,0
0,0.0516679698975927,2022,0
0,0.0516679698975927,2022,0
0,0.0400707457556024,2022,0
0,0.0496905017139144,2022,0
0,0.049047138138184,2022,0
0,0.0526995252907538,2022,0
0,0.0400707457556024,2022,0
0,0.0400707457556024,2022,0
0,0.049047138138184,2022,0
0,0.049047138138184,2022,0
0,0.049047138138184,2022,0
0,0.0496905017139144,2022,0
0,0.0400707457556024,2022,0
0,0.0499210092823542,2022,0
0,0.0400707457556024,2022,0
0,0.0533115370950848,2022,0
0,0.049047138138184,2022,0
0,0.209980729919853,2022,0
0,0.209980729919853,2022,0
0,0.157114680598242,2022,0
0,0.0832625833201645,2022,0
0,0.0988197439324665,2022,0
0,0.0504143783644761,2022,0
0,0.0697881750894557,2022,0
0,0.157246208611963,2022,0
0,0.189794422587924,2022,0
0,0.181786246865472,2022,0
0,0.181786246865472,2022,0
0,0.0923725611530668,2022,0
0,NA,2022,NA
0,0.155626178070795,2022,0
0,0.131266641743487,2022,0
0,0.0442668615904932,2022,0
0,0.046424287459258,2022,0
0,0.0946250718635187,2022,0
0,0.0967618739232103,2022,0
0,0.0977653098138067,2022,0
0,0.0200083520044377,2022,0
0,0.0820740971082127,2022,0
0,0.0521974578527896,2022,0
0,0.0509484888091834,2022,0
0,0.0481456986455028,2022,0
0,0.0492623392918386,2022,0
0,0.0481456986455028,2022,0
0,0.0399347828820297,2022,0
0,0.050613105669173,2022,0
0,0.050613105669173,2022,0
0,0.0481456986455028,2022,0
0,0.0516268018318264,2022,0
0,0.0481456986455028,2022,0
0,0.0481456986455028,2022,0
0,0.0399347828820297,2022,0
0,0.0487504768677481,2022,0
0,0.0487504768677481,2022,0
0,0.0516268018318264,2022,0
0,0.0481456986455028,2022,0
0,0.0521662199811722,2022,0
0,0.0399347828820297,2022,0
0,0.0487504768677481,2022,0
0,0.0399347828820297,2022,0
0,0.0399347828820297,2022,0
0,0.0481456986455028,2022,0
0,0.0481456986455028,2022,0
0,0.247295606725871,2022,0
0,0.0873608756672708,2022,0
0,0.119212014467543,2022,0
0,0.0644186396285172,2022,0
0,0.0772393805426128,2022,0
0,0.157944445706254,2022,0
0,0.236906750644564,2022,0
0,0.247103711784979,2022,0
0,0.236906750644564,2022,0
0,0.118962431380595,2022,0
0,NA,2022,NA
0,0.116475652688903,2022,0
0,0.050598962309067,2022,0
0,0.0482022102934305,2022,0
0,0.119793465789565,2022,0
0,0.130423329273068,2022,0
0,0.118257241314944,2022,0
0,0.089341819729344,2022,0
0,0.0586801901352271,2022,0
0,0.057095274290742,2022,0
0,0.0505939485339719,2022,0
0,0.0416525696008571,2022,0
0,0.0543118579887653,2022,0
0,0.0505939485339719,2022,0
0,0.051226260394535,2022,0
0,0.0416525696008571,2022,0
0,0.0416525696008571,2022,0
0,0.051226260394535,2022,0
0,0.0505939485339719,2022,0
0,0.0505939485339719,2022,0
0,0.0548230328845795,2022,0
0,0.051226260394535,2022,0
0,0.0416525696008571,2022,0
0,0.0505939485339719,2022,0
0,0.0543118579887653,2022,0
0,0.0505939485339719,2022,0
0,0.0505939485339719,2022,0
0,0.0517121245466967,2022,0
0,0.053181943698907,2022,0
0,0.0416525696008571,2022,0
0,0.0505939485339719,2022,0
0,0.053181943698907,2022,0
0,0.226573706246503,2022,0
0,0.151327798128402,2022,0
0,0.0975247598488451,2022,0
0,0.0921522406937251,2022,0
0,0.0772324547772998,2022,0
0,0.135132002275467,2022,0
0,0.114635897168116,2022,0
0,0.133885632273325,2022,0
0,0.146053497383108,2022,0
0,0.217412435677973,2022,0
0,0.112417550488291,2022,0
0,NA,2022,NA
0,0.164798885988184,2022,0
0,0.252610089913276,2022,0
0,0.120400700401505,2022,0
0,0.0434806014214207,2022,0
0,0.0456348149600823,2022,0
0,0.119744380957645,2022,0
0,0.351626670006803,2022,0
0,0.0532684219487088,2022,0
0,0.0532684219487088,2022,0
0,0.054796333469407,2022,0
0,0.0523304839761645,2022,0
0,0.0534430897630082,2022,0
0,0.0523304839761645,2022,0
0,0.0504587148049974,2022,0
0,0.0504587148049974,2022,0
0,0.0498544803963653,2022,0
0,0.0414745039108723,2022,0
0,0.0498544803963653,2022,0
0,0.0414745039108723,2022,0
0,0.0414745039108723,2022,0
0,0.0494693627023594,2022,0
0,0.0511388913744009,2022,0
0,0.0498544803963653,2022,0
0,0.0498544803963653,2022,0
0,0.0539049566557816,2022,0
0,0.0414745039108723,2022,0
0,0.0498544803963653,2022,0
0,0.0414745039108723,2022,0
0,0.0504587148049974,2022,0
0,0.0498544803963653,2022,0
0,0.0414745039108723,2022,0
0,0.0523304839761645,2022,0
0,0.0534430897630082,2022,0
0,0.0498544803963653,2022,0
0,0.0498544803963653,2022,0
0,0.21271312018708,2022,0
0,0.149930528725309,2022,0
0,0.0929026153144256,2022,0
0,0.0718384208794297,2022,0
0,0.121789696741096,2022,0
0,0.102430167805825,2022,0
0,0.133068338686101,2022,0
0,0.245517675688266,2022,0
0,0.150708565920814,2022,0
0,0.195990601016651,2022,0
0,0.119744690007896,2022,0
0,0.086061581757272,2022,0
0,NA,2022,NA
0,0.115738301604676,2022,0
0,0.0332428514181115,2022,0
0,0.0349014719602531,2022,0
0,0.0911901105241156,2022,0
0,0.141521092640709,2022,0
0,0.129319101346547,2022,0
0,0.348736791251948,2022,0
0,0.0818023206236004,2022,0
0,0.0923458017630127,2022,0
0,0.0429794920052796,2022,0
0,0.041656977264292,2022,0
0,0.041656977264292,2022,0
0,0.041656977264292,2022,0
0,0.035845635126262,2022,0
0,0.035845635126262,2022,0
0,0.046940750916953,2022,0
0,0.035845635126262,2022,0
0,0.0427803643976999,2022,0
0,0.0437774598006203,2022,0
0,0.0437774598006203,2022,0
0,0.0437774598006203,2022,0
0,0.0443124291468526,2022,0
0,0.035845635126262,2022,0
0,0.0459685589100532,2022,0
0,0.035845635126262,2022,0
0,0.0437774598006203,2022,0
0,0.046940750916953,2022,0
0,0.0437774598006203,2022,0
0,0.0437774598006203,2022,0
0,0.0459685589100532,2022,0
0,0.0445293259228359,2022,0
0,0.0459685589100532,2022,0
0,0.0443124291468526,2022,0
0,0.0473602596978917,2022,0
0,0.035845635126262,2022,0
0,0.035845635126262,2022,0
0,0.0437774598006203,2022,0
0,0.0443124291468526,2022,0
0,0.0437774598006203,2022,0
0,0.0437774598006203,2022,0
0,0.181399308164208,2022,0
0,0.150637563861365,2022,0
0,0.086570336145431,2022,0
0,0.0847730117065202,2022,0
0,0.118480878035008,2022,0
0,0.0592021564173821,2022,0
0,0.0592021564173821,2022,0
0,0.0965341671604848,2022,0
0,0.0831382726651052,2022,0
0,0.0710328875819324,2022,0
0,0.131112076014141,2022,0
0,0.345254907231905,2022,0
0,0.161232100399399,2022,0
0,0.154863766596452,2022,0
0,0.122859015929295,2022,0
0,0.0748315703236763,2022,0
0,0.0444144646143075,2022,0
0,NA,2022,NA
0,0.108314865304464,2022,0
0,0.0294512982539242,2022,0
0,0.0309152566021057,2022,0
0,0.0725372573777701,2022,0
0,0.0396701353437639,2022,0
0,0.0396701353437639,2022,0
0,0.0396701353437639,2022,0
0,0.0403983894270006,2022,0
0,0.0420178708116959,2022,0
0,0.0444234398821633,2022,0
0,0.0420178708116959,2022,0
0,0.0420178708116959,2022,0
0,0.0424404289465341,2022,0
0,0.0341088336331865,2022,0
0,0.0341088336331865,2022,0
0,0.0420178708116959,2022,0
0,0.0426145792417039,2022,0
0,0.0420178708116959,2022,0
0,0.0420178708116959,2022,0
0,0.0451452358909944,2022,0
0,0.0403457664036976,2022,0
0,0.0444234398821633,2022,0
0,0.0426145792417039,2022,0
0,0.0420178708116959,2022,0
0,0.0458943772393934,2022,0
0,0.0341088336331865,2022,0
0,0.0341088336331865,2022,0
0,0.0341088336331865,2022,0
0,0.0420178708116959,2022,0
0,0.0451452358909944,2022,0
0,0.0420178708116959,2022,0
0,0.0444234398821633,2022,0
0,0.0341088336331865,2022,0
0,0.124979407282492,2022,0
0,0.118198958800741,2022,0
0,0.080719067223661,2022,0
0,0.0713197586237721,2022,0
0,0.094261955191719,2022,0
0,0.0447875281390682,2022,0
0,0.0447875281390682,2022,0
0,0.0661951617204897,2022,0
0,0.103463608460666,2022,0
0,0.0976128358407913,2022,0
0,0.275507029572635,2022,0
0,0.126348666292479,2022,0
0,0.131367572766969,2022,0
0,0.0939579600767625,2022,0
0,0.0963571182344203,2022,0
0,0.0394968906941548,2022,0
0,0.0394968906941548,2022,0
0,0.11016620016607,2022,0
0,0.0281096554354059,2022,0
0,0.067650331647996,2022,0
0,0.066736289439763,2022,0
0,0.0484598243288623,2022,0
0,0.0484598243288623,2022,0
0,0.0484271598208758,2022,0
0,0.0484598243288623,2022,0
0,0.0449985164010293,2022,0
0,0.0456619298626746,2022,0
0,0.0456619298626746,2022,0
0,0.0476438734698665,2022,0
0,0.0449985164010293,2022,0
0,0.0382832322802895,2022,0
0,0.0476438734698665,2022,0
0,0.0449985164010293,2022,0
0,0.0481963990288601,2022,0
0,0.0449985164010293,2022,0
0,0.0382832322802895,2022,0
0,0.0449985164010293,2022,0
0,0.0476438734698665,2022,0
0,0.0449985164010293,2022,0
0,0.0382832322802895,2022,0
0,0.0492177993375388,2022,0
0,0.0382832322802895,2022,0
0,0.0444390053735353,2022,0
0,0.0481963990288601,2022,0
0,0.0449985164010293,2022,0
0,0.0382832322802895,2022,0
0,0.0382832322802895,2022,0
0,0.0449985164010293,2022,0
0,0.0449985164010293,2022,0
0,0.0461728074407162,2022,0
0,0.127561679034263,2022,0
0,0.12167154905045,2022,0
0,0.11734310693188,2022,0
0,0.0749672277460614,2022,0
0,0.0773435144597397,2022,0
0,0.11295631717583,2022,0
0,0.0453362367155651,2022,0
0,0.0309481395137843,2022,0
0,0.0453362367155651,2022,0
0,0.0453362367155651,2022,0
0,0.0453362367155651,2022,0
0,0.0309481395137843,2022,0
0,0.0777565651446398,2022,0
0,0.0386945504271097,2022,0
0,0.114342611782533,2022,0
0,0.118905704420516,2022,0
0,0.104532871129179,2022,0
0,0.0541898239070716,2022,0
0,0.0541898239070716,2022,0
0,0.144055927497312,2022,0
0,0.197849691963688,2022,0
0,0.0389590713572488,2022,0
0,0.0812251882159478,2022,0
0,0.0589099832157901,2022,0
0,0.0589099832157901,2022,0
0,0.0591333094930795,2022,0
0,0.0589099832157901,2022,0
0,0.0457990730661145,2022,0
0,0.053459896330916,2022,0
0,0.0527417447932526,2022,0
0,0.0457990730661145,2022,0
0,0.0457990730661145,2022,0
0,0.0457990730661145,2022,0
0,0.0527417447932526,2022,0
0,0.0564185549364035,2022,0
0,0.0527417447932526,2022,0
0,0.0527417447932526,2022,0
0,0.053459896330916,2022,0
0,0.0527417447932526,2022,0
0,0.0527417447932526,2022,0
0,0.0564185549364035,2022,0
0,0.0527417447932526,2022,0
0,0.0457990730661145,2022,0
0,0.0527417447932526,2022,0
0,0.0556248858283325,2022,0
0,0.0457990730661145,2022,0
0,0.0573706826895327,2022,0
0,0.148606098091082,2022,0
0,0.177051648787454,2022,0
0,0.138181336143335,2022,0
0,0.0951646159813016,2022,0
0,0.051037247863577,2022,0
0,0.051037247863577,2022,0
0,0.051037247863577,2022,0
0,0.0358845085155592,2022,0
0,0.051037247863577,2022,0
0,0.0358845085155592,2022,0
0,0.0856720776463751,2022,0
0,0.0376652565474684,2022,0
0,0.113863583341553,2022,0
0,0.0482747100543274,2022,0
0,0.0482747100543274,2022,0
0,0.10619751055438,2022,0
0,0.138581861991428,2022,0
0,0.0715219582567704,2022,0
0,0.0745148221170033,2022,0
0,0.048753306522603,2022,0
0,0.0596821035394252,2022,0
0,0.0364864351850249,2022,0
0,0.0358847771669706,2022,0
0,0.0358847771669706,2022,0
0,0.0358847771669706,2022,0
0,0.0333845283033683,2022,0
0,0.0337527232581542,2022,0
0,0.0333845283033683,2022,0
0,0.0333845283033683,2022,0
0,0.0333845283033683,2022,0
0,0.0337527232581542,2022,0
0,0.0289391086400777,2022,0
0,0.0348816169464144,2022,0
0,0.0333845283033683,2022,0
0,0.0348816169464144,2022,0
0,0.0333845283033683,2022,0
0,0.0342200144013203,2022,0
0,0.0289391086400777,2022,0
0,0.0337527232581542,2022,0
0,0.0354771878060876,2022,0
0,0.0358169752923208,2022,0
0,0.0289391086400777,2022,0
0,0.0289391086400777,2022,0
0,0.0289391086400777,2022,0
0,0.0289391086400777,2022,0
0,0.0333845283033683,2022,0
0,0.0354771878060876,2022,0
0,0.0333845283033683,2022,0
0,0.0826301759222547,2022,0
0,0.0826301759222547,2022,0
0,0.083810277821396,2022,0
0,0.0651383358132298,2022,0
0,0.0960094452058008,2022,0
0,0.0270145783756417,2022,0
0,0.0393082004918785,2022,0
0,0.0393082004918785,2022,0
0,0.0393082004918785,2022,0
0,0.0393082004918785,2022,0
0,0.0656969195427136,2022,0
0,0.0636954170698379,2022,0
0,0.0658230280875936,2022,0
0,0.0901270900685077,2022,0
0,0.0379558749696262,2022,0
0,0.0640488527465034,2022,0
0,0.0356492138301666,2022,0
0,0.0356492138301666,2022,0
0,0.020363320722452,2022,0
0,0.0385201731871577,2022,0
0,0.0377528465025636,2022,0
0,0.0559012594611849,2022,0
0,0.0972823881672001,2022,0
0,0.0573395026776236,2022,0
0,0.0255374333248155,2022,0
0,0.0390591589620638,2022,0
0,0.040510644301404,2022,0
0,0.0368428311214302,2022,0
0,0.0398260873081199,2022,0
0,0.0222591631934647,2022,0
0,0.0222591631934647,2022,0
0,0.0228555359167343,2022,0
0,0.0222591631934647,2022,0
0,0.0183082208831072,2022,0
0,0.0217273872598742,2022,0
0,0.0183082208831072,2022,0
0,0.0219396344914408,2022,0
0,0.0221606836126477,2022,0
0,0.0183082208831072,2022,0
0,0.0217273872598742,2022,0
0,0.0219396344914408,2022,0
0,0.0183082208831072,2022,0
0,0.0219396344914408,2022,0
0,0.0183082208831072,2022,0
0,0.0217273872598742,2022,0
0,0.0217273872598742,2022,0
0,0.0230165608264157,2022,0
0,0.0230165608264157,2022,0
0,0.0217273872598742,2022,0
0,0.0183082208831072,2022,0
0,0.0217273872598742,2022,0
0,0.0225983647586058,2022,0
0,0.0217273872598742,2022,0
0,0.0217273872598742,2022,0
0,0.0225983647586058,2022,0
0,0.0505941778507429,2022,0
0,0.0505941778507429,2022,0
0,0.0553392236153178,2022,0
0,0.0305606097842275,2022,0
0,0.0313003793133575,2022,0
0,0.0197796520855437,2022,0
0,0.0313003793133575,2022,0
0,0.0313003793133575,2022,0
0,0.0476031441374394,2022,0
0,0.0474011621595348,2022,0
0,0.0538058936582329,2022,0
0,0.0625174299337928,2022,0
0,0.0289593858112924,2022,0
0,0.0539810202600505,2022,0
0,0.0320294625787218,2022,0
0,0.0320294625787218,2022,0
0,0.030910828050192,2022,0
0,0.0292266887990653,2022,0
0,0.048967815520446,2022,0
0,0.0477265557381911,2022,0
0,0.0896352040752333,2022,0
0,0.0140696435956639,2022,0
0,0.0204000763916386,2022,0
0,0.029368336341671,2022,0
0,0.0303906880762447,2022,0
0,0.0304726666026518,2022,0
0,0.0397934509899021,2022,0
0,0.0195069857490698,2022,0
0,0.0209870073445548,2022,0
0,0.0214354210490659,2022,0
0,0.0218330693373558,2022,0
0,0.0512614197181606,2022,0
0,0.0512614197181606,2022,0
0,0.0512614197181606,2022,0
0,0.0512614197181606,2022,0
0,0.0299333723208477,2022,0
0,0.0256532952271407,2022,0
0,0.0204698902420431,2022,0
0,0.0330391874537616,2022,0
0,0.0204698902420431,2022,0
0,0.0330391874537616,2022,0
0,0.0330391874537616,2022,0
0,0.0487495289729327,2022,0
0,0.0480740027805083,2022,0
0,0.0473704452620912,2022,0
0,0.029713472168201,2022,0
0,0.048884642618657,2022,0
0,0.037258314167387,2022,0
0,0.037258314167387,2022,0
0,0.0310816799476376,2022,0
0,0.0371964426084433,2022,0
0,0.0327571254157991,2022,0
0,0.0551586093938365,2022,0
0,0.0538266695754614,2022,0
0,0.09706905768445,2022,0
0,0.0343308644426737,2022,0
0,0.0331370725744639,2022,0
0,0.0025828741474884,2022,0
0,0.02960241098816,2022,0
0,0.0187049331899589,2022,0
0,0.0196459885403989,2022,0
0,0.0211160453230731,2022,0
0,0.0217246901924444,2022,0
0,0.0220244251114,2022,0
0,0.053956152586622,2022,0
0,0.053956152586622,2022,0
0,0.053956152586622,2022,0
0,0.053956152586622,2022,0
0,0.053956152586622,2022,0
0,0.0320726907598409,2022,0
0,0.0388857217884222,2022,0
0,0.0224930960468578,2022,0
0,0.0388857217884222,2022,0
0,0.0224930960468578,2022,0
0,0.0388857217884222,2022,0
0,0.0388857217884222,2022,0
0,0.0492549874259431,2022,0
0,0.0408973512540548,2022,0
0,0.0472741946453952,2022,0
0,0.0338568741941076,2022,0
0,0.0543341690118589,2022,0
0,0.0315237692384726,2022,0
0,0.0315237692384726,2022,0
0,0.0310134946469326,2022,0
0,0.0449016839069673,2022,0
0,0.0375046329512083,2022,0
0,0.11474344284317,2022,0
0,0.0592864539351307,2022,0
0,0.0582955398067056,2022,0
0,0.0615602380173419,2022,0
0,0.0380345386830095,2022,0
0,0.036480441464352,2022,0
0,0.00322899949194194,2022,0
0,0.0319388433354038,2022,0
0,0.0309050064010068,2022,0
0,0.0295777963207023,2022,0
0,0.0322235635772408,2022,0
0,0.0365237537291885,2022,0
0,0.0254381344471965,2022,0
0,0.0147244516694088,2022,0
0,0.0195040756264246,2022,0
0,0.018781723284451,2022,0
0,0.0169212945837178,2022,0
0,0.0196672414528498,2022,0
0,0.0470149250267314,2022,0
0,0.0470149250267314,2022,0
0,0.0470149250267314,2022,0
0,0.0470149250267314,2022,0
0,0.0470149250267314,2022,0
0,0.050152353816164,2022,0
0,0.0351931412247089,2022,0
0,0.031594229210905,2022,0
0,0.0171034814900323,2022,0
0,0.031594229210905,2022,0
0,0.0171034814900323,2022,0
0,0.031594229210905,2022,0
0,0.031594229210905,2022,0
0,0.0382021098366746,2022,0
0,0.0366964611453862,2022,0
0,0.0446743240497184,2022,0
0,0.0298588381647152,2022,0
0,0.0429978374681387,2022,0
0,0.0252464472121196,2022,0
0,0.0252464472121196,2022,0
0,0.0259826162776513,2022,0
0,0.0368799349685361,2022,0
0,0.0302067664723377,2022,0
0,0.0791226246553489,2022,0
0,0.0978463008144446,2022,0
0,0.0475937289587052,2022,0
0,0.0479778359682523,2022,0
0,0.0286698440214597,2022,0
0,0.0299791588400855,2022,0
0,0.0261388132422569,2022,0
0,0.00353702983888027,2022,0
0,0.027020949381399,2022,0
0,0.0229387298866838,2022,0
0,0.0300865072999739,2022,0
0,0.0300865072999739,2022,0
0,0.0318536633089799,2022,0
0,0.0264097825191208,2022,0
0,0.0375159180544445,2022,0
0,0.0375159180544445,2022,0
0,0.0124540514255716,2022,0
0,0.0164248316699827,2022,0
0,0.0170837715647455,2022,0
0,0.0147641793974154,2022,0
0,0.0171732141806316,2022,0
0,0.0391860698200813,2022,0
0,0.0391860698200813,2022,0
0,0.0391860698200813,2022,0
0,0.0391860698200813,2022,0
0,0.0391860698200813,2022,0
0,0.0391860698200813,2022,0
0,0.0423719097711998,2022,0
0,0.0287241578712462,2022,0
0,0.0225343977426813,2022,0
0,0.0225929974043319,2022,0
0,0.0225929974043319,2022,0
0,0.0225929974043319,2022,0
0,0.0225929974043319,2022,0
0,0.0129812285554572,2022,0
0,0.0334470379610266,2022,0
0,0.0405440623816119,2022,0
0,0.0260770119172753,2022,0
0,0.0254513978233448,2022,0
0,0.0317113900785521,2022,0
0,0.0245517766676455,2022,0
0,0.0245517766676455,2022,0
1,0.0169163994148388,2022,0
1,0.0695505629786615,2022,0
1,0.0695505629786615,2022,0
1,0.234081402291956,2022,0
1,0.277123197275887,2022,0
1,0.224364178392979,2022,0
1,0.114290784867877,2022,0
1,0.0416525696008571,2022,0
1,0.0832198568467321,2022,0
1,0.0400707457556024,2022,0
1,0.0289391086400777,2022,0
1,0.035845635126262,2022,0
1,0.0341088336331865,2022,0
1,0.0556248858283325,2022,0
1,0.0478527139892685,2022,0
1,0.0426145792417039,2022,0
1,0.14060271363696,2022,0
1,0.124979407282492,2022,0
1,0.0598685915774564,2022,0
1,0.0598685915774564,2022,0
1,0.0509363691379061,2022,0
1,0.0583865682694733,2022,0
1,0.0571338663523838,2022,0
1,0.0975485415261938,2022,0
1,0.183231849003847,2022,0
1,0.0638066699506849,2022,0
1,0.0966178842791189,2022,0
1,0.120623299556554,2022,0
1,0.0506554218329313,2022,0
1,0.114203692348673,2022,0
1,0.597351096660386,2022,1
1,0.294135010470268,2022,0
1,0.163261861528103,2022,0
1,0.460497510727814,2022,0
1,0.113032784713259,2022,0
1,0.151452783276222,2022,0
