"fl_binary","pred","year","pred.bin"
0,0.0264641073073256,2014,0
0,0.0230163380247087,2014,0
0,0.016124989367805,2014,0
0,0.0373263270539137,2014,0
0,0.0259724143176552,2014,0
0,0.0199891197660952,2014,0
0,0.0116187961451576,2014,0
0,0.0116187961451576,2014,0
0,0.0116187961451576,2014,0
0,0.0260288117853308,2014,0
0,0.028297194643545,2014,0
0,0.0261544073205124,2014,0
0,0.016844600121911,2014,0
0,0.038044925161985,2014,0
0,0.0290604708425203,2014,0
0,0.025580647498952,2014,0
0,0.0223726285783093,2014,0
0,0.0122583187355969,2014,0
0,0.0122583187355969,2014,0
0,0.0122583187355969,2014,0
0,0.0174411968758036,2014,0
0,0.025811226544996,2014,0
0,0.0297688172445687,2014,0
0,0.0304449199666507,2014,0
0,0.0178966369496514,2014,0
0,0.040386377909868,2014,0
0,0.0268355969484736,2014,0
0,0.0234641563782399,2014,0
0,0.0125069419077749,2014,0
0,0.0125069419077749,2014,0
0,0.0125069419077749,2014,0
0,0.0125069419077749,2014,0
0,0.0179174962144129,2014,0
0,0.027283748380699,2014,0
0,0.0271594781727657,2014,0
0,0.0277006566750681,2014,0
0,0.0306835935907672,2014,0
0,0.0178559615510967,2014,0
0,0.0404524989271042,2014,0
0,0.0276967493396391,2014,0
0,0.0217247647263294,2014,0
0,0.0122574459066469,2014,0
0,0.0122574459066469,2014,0
0,0.0122574459066469,2014,0
0,0.0122574459066469,2014,0
0,0.017592850269042,2014,0
0,0.0276949461432616,2014,0
0,0.0175334314483456,2014,0
0,0.0236746433275791,2014,0
0,0.0273871243178232,2014,0
0,0.0282720693894946,2014,0
0,0.0190545788179732,2014,0
0,0.0172463467494378,2014,0
0,0.0266163756206674,2014,0
0,0.0116639651264028,2014,0
0,0.0116639651264028,2014,0
0,0.0116639651264028,2014,0
0,0.0292187508931521,2014,0
0,0.0233866400234349,2014,0
0,0.0164695615916259,2014,0
0,0.0252495279722372,2014,0
0,0.0247892974320212,2014,0
0,0.0364210131259053,2014,0
0,0.0113826732145434,2014,0
0,0.0113826732145434,2014,0
0,0.0113826732145434,2014,0
0,0.0164116015675129,2014,0
0,0.0263327174740604,2014,0
0,0.0164815245304495,2014,0
0,0.0270979299636782,2014,0
0,0.0390493191788761,2014,0
0,0.0121121847140364,2014,0
0,0.0121121847140364,2014,0
0,0.0121121847140364,2014,0
0,0.0121121847140364,2014,0
0,0.0177253861833755,2014,0
0,0.0302088446144663,2014,0
0,0.0132919224081182,2014,0
0,0.0132919224081182,2014,0
0,0.0186639054118336,2014,0
0,0.0329275977301568,2014,0
0,0.0134722928056421,2014,0
0,0.0134722928056421,2014,0
0,0.0198860212181939,2014,0
0,0.0322673676015145,2014,0
0,0.0202098738623677,2014,0
0,0.0137280585408051,2014,0
0,0.0209505924360179,2014,0
0,0.0323124061068771,2014,0
0,0.0139211401671275,2014,0
0,0.0139211401671275,2014,0
0,0.0139211401671275,2014,0
0,0.0139211401671275,2014,0
0,0.0213831483557606,2014,0
0,0.0322124147267085,2014,0
0,0.0151472262448339,2014,0
0,0.0151472262448339,2014,0
0,0.0151472262448339,2014,0
0,0.0151472262448339,2014,0
0,0.0221118588568534,2014,0
0,0.0159914488429547,2014,0
0,0.0159914488429547,2014,0
0,0.0159914488429547,2014,0
0,0.0159914488429547,2014,0
0,0.0158415736350038,2014,0
0,0.0158415736350038,2014,0
0,0.0158415736350038,2014,0
0,0.0158415736350038,2014,0
0,0.0234943997440081,2014,0
0,0.0166719016700222,2014,0
0,0.0250262178333734,2014,0
0,0.026808586247817,2014,0
0,0.0285125294232977,2014,0
0,0.0437595703664566,2014,0
0,0.0199339711576968,2014,0
0,0.0507464805795626,2014,0
0,0.0590530990167999,2014,0
0,0.0204580549143263,2014,0
0,0.0523900998025878,2014,0
0,0.020969202985117,2014,0
0,0.0453441067231872,2014,0
0,0.0209805499579384,2014,0
0,0.0209805499579384,2014,0
0,0.0564572709972348,2014,0
0,0.0295061183077062,2014,0
0,0.0206925598819757,2014,0
0,0.0545401531450541,2014,0
0,0.0378028646060705,2014,0
0,0.0196955720876679,2014,0
0,0.0196110561756694,2014,0
0,0.0447257647385875,2014,0
0,0.0329852774701747,2014,0
0,0.0869780716281738,2014,0
0,0.0188960474620294,2014,0
0,0.0188960474620294,2014,0
0,0.0420923227916797,2014,0
0,0.0879053369950812,2014,0
0,0.0187623492920775,2014,0
0,0.0187623492920775,2014,0
0,0.0187623492920775,2014,0
0,0.0458727024599634,2014,0
0,0.0191092252440058,2014,0
0,0.0942191349945632,2014,0
0,0.0190513203895738,2014,0
0,0.0190513203895738,2014,0
0,0.0190513203895738,2014,0
0,0.0458272219453517,2014,0
0,0.0113244369172131,2014,0
0,0.0921694257722726,2014,0
0,0.0185436095572363,2014,0
0,0.0185436095572363,2014,0
0,0.0431280887804235,2014,0
0,0.0179002304759575,2014,0
0,0.0179115056897935,2014,0
0,0.0433872884410919,2014,0
0,0.018331943870469,2014,0
0,0.018331943870469,2014,0
0,0.018331943870469,2014,0
0,0.0474548014402367,2014,0
0,0.0188902679607005,2014,0
0,0.0188902679607005,2014,0
0,0.0188902679607005,2014,0
0,0.0944415373924514,2014,0
0,0.0470632120272583,2014,0
0,0.0899290032187281,2014,0
0,0.0185638743308614,2014,0
0,0.0185638743308614,2014,0
0,0.0185638743308614,2014,0
0,0.0427866731086154,2014,0
0,0.0501240161225325,2014,0
0,0.0883532257021524,2014,0
0,0.0183065877107659,2014,0
0,0.0183065877107659,2014,0
0,0.0183065877107659,2014,0
0,0.0500268292729352,2014,0
0,0.092903225506901,2014,0
0,0.0182952323092476,2014,0
0,0.0182952323092476,2014,0
0,0.0182952323092476,2014,0
0,0.0185593765650261,2014,0
0,0.0993697740940345,2014,0
0,0.0186545155245879,2014,0
0,0.0186545155245879,2014,0
0,0.0186545155245879,2014,0
0,0.051457548942794,2014,0
0,0.102873006692656,2014,0
0,0.018996546600684,2014,0
0,0.018996546600684,2014,0
0,0.056010500624901,2014,0
0,0.0550079615703166,2014,0
0,0.100636842853087,2014,0
0,0.0193121606885626,2014,0
0,0.0193121606885626,2014,0
0,0.0193121606885626,2014,0
0,0.0530081304108499,2014,0
0,0.0552305328988385,2014,0
0,0.0707264711177122,2014,0
0,0.129239396613966,2014,0
0,0.0989832020390001,2014,0
0,0.0195367617750863,2014,0
0,0.0195367617750863,2014,0
0,0.0195367617750863,2014,0
0,0.0195367617750863,2014,0
0,0.0490392688563874,2014,0
0,0.0546721828685926,2014,0
0,0.0737391303985875,2014,0
0,0.0923255557889856,2014,0
0,0.0193422412650464,2014,0
0,0.0193422412650464,2014,0
0,0.0193422412650464,2014,0
0,0.0193422412650464,2014,0
0,0.0462674249775889,2014,0
0,0.0497014557033802,2014,0
0,0.0686117176828407,2014,0
0,0.108402975980008,2014,0
0,0.0448421122486211,2014,0
0,0.0907937144664793,2014,0
0,0.0190590016448627,2014,0
0,0.0190590016448627,2014,0
0,0.0190590016448627,2014,0
0,0.0190590016448627,2014,0
0,0.0455470846948672,2014,0
0,0.0479564736821474,2014,0
0,0.0299913444905078,2014,0
0,0.0916763958727022,2014,0
0,0.0182866026513198,2014,0
0,0.0182866026513198,2014,0
0,0.0182866026513198,2014,0
0,0.0182866026513198,2014,0
0,0.0466125157857227,2014,0
0,0.0484425960473978,2014,0
0,0.116558811440259,2014,0
0,0.0913309441598851,2014,0
0,0.017974887235468,2014,0
0,0.017974887235468,2014,0
0,0.017974887235468,2014,0
0,0.017974887235468,2014,0
0,0.0425685583327371,2014,0
0,0.0493794733625995,2014,0
0,0.108707305878196,2014,0
0,0.084999229267203,2014,0
0,0.0164371514093989,2014,0
0,0.0164371514093989,2014,0
0,0.027307307596332,2014,0
0,0.027307307596332,2014,0
0,0.027307307596332,2014,0
0,0.0333905506871961,2014,0
0,0.0449687474384603,2014,0
0,0.0950652165870911,2014,0
0,0.0729879291116203,2014,0
0,0.0142226576909803,2014,0
0,0.0142226576909803,2014,0
0,0.0285564472804728,2014,0
0,0.0688300113454233,2014,0
0,0.0134244124202674,2014,0
0,0.0134244124202674,2014,0
0,0.0134244124202674,2014,0
0,0.0304961448963463,2014,0
0,0.0265370872792058,2014,0
0,0.0145445994957298,2014,0
0,0.0778322204888006,2014,0
0,0.0540362926789139,2014,0
0,0.0146796557975938,2014,0
0,0.0146796557975938,2014,0
0,0.0146796557975938,2014,0
0,0.0261924880806139,2014,0
0,0.0261924880806139,2014,0
0,0.0261924880806139,2014,0
0,0.0317845121416784,2014,0
0,0.0261208609709455,2014,0
0,0.0553391341961335,2014,0
0,0.014944913435701,2014,0
0,0.014944913435701,2014,0
0,0.0415832359292374,2014,0
0,0.02456629410419,2014,0
0,0.02456629410419,2014,0
0,0.02456629410419,2014,0
0,0.0296151319089915,2014,0
0,0.0243885720630116,2014,0
1,0.0307404845849207,2014,0
1,0.047176990486756,2014,0
1,0.120318700252588,2014,0
1,0.0336590521378435,2014,0
1,0.0166719016700222,2014,0
1,0.0596524448029079,2014,0
1,0.0172806860858817,2014,0
1,0.0166719016700222,2014,0
1,0.0206927358131453,2014,0
1,0.061712129405391,2014,0
1,0.0274132958648875,2014,0
1,0.0317747055395745,2014,0
1,0.0166719016700222,2014,0
1,0.0256533991538231,2014,0
1,0.029379972985691,2014,0
1,0.0180138584396445,2014,0
1,0.0166038954457912,2014,0
1,0.0288625269346569,2014,0
1,0.0258451159863089,2014,0
1,0.0259604210780654,2014,0
1,0.0351105478095205,2014,0
0,0.0165272484674573,2015,0
0,0.0165272484674573,2015,0
0,0.0252168892761118,2015,0
0,0.0228488854205096,2015,0
0,0.0228488854205096,2015,0
0,0.0228488854205096,2015,0
0,0.0159190072703044,2015,0
0,0.0332810641297824,2015,0
0,0.06052766363838,2015,0
0,0.0153754104523605,2015,0
0,0.0153754104523605,2015,0
0,0.0239515080460308,2015,0
0,0.0218233902531647,2015,0
0,0.0218233902531647,2015,0
0,0.0218233902531647,2015,0
0,0.0598155410218924,2015,0
0,0.0326107336212079,2015,0
0,0.0758138579747343,2015,0
0,0.0568222752205979,2015,0
0,0.0149508525703676,2015,0
0,0.0149508525703676,2015,0
0,0.0149508525703676,2015,0
0,0.0149508525703676,2015,0
0,0.021304948775257,2015,0
0,0.0229685776853095,2015,0
0,0.0212162313653903,2015,0
0,0.0592804594681411,2015,0
0,0.0319755607151664,2015,0
0,0.0718017414845709,2015,0
0,0.0251239211038206,2015,0
0,0.0219601911355059,2015,0
0,0.058694559970568,2015,0
0,0.0157227338920403,2015,0
0,0.0157227338920403,2015,0
0,0.0157227338920403,2015,0
0,0.0157227338920403,2015,0
0,0.021883431036686,2015,0
0,0.0220873747709962,2015,0
0,0.0584229018348893,2015,0
0,0.0325752460801267,2015,0
0,0.0192352025947826,2015,0
0,0.0192352025947826,2015,0
0,0.0284101586804879,2015,0
0,0.0638478272828436,2015,0
0,0.0178132765188235,2015,0
0,0.0178132765188235,2015,0
0,0.0178132765188235,2015,0
0,0.0178132765188235,2015,0
0,0.0245867820344796,2015,0
0,0.0248924420416083,2015,0
0,0.0354506696041554,2015,0
0,0.0206301886122384,2015,0
0,0.0206301886122384,2015,0
0,0.0286813167850411,2015,0
0,0.0187893285277742,2015,0
0,0.0187893285277742,2015,0
0,0.0187893285277742,2015,0
0,0.0266592023539216,2015,0
0,0.0237891507382116,2015,0
0,0.0369076475308098,2015,0
0,0.0210911801944471,2015,0
0,0.0210911801944471,2015,0
0,0.0302928973171488,2015,0
0,0.0190579885582272,2015,0
0,0.0190579885582272,2015,0
0,0.0189407743070853,2015,0
0,0.0261262687253513,2015,0
0,0.0239823238607221,2015,0
0,0.0358734880203051,2015,0
0,0.0208072174299413,2015,0
0,0.0208072174299413,2015,0
0,0.0209727079722762,2015,0
0,0.0729786719896109,2015,0
0,0.0312178188739633,2015,0
0,0.0186986885830069,2015,0
0,0.0186986885830069,2015,0
0,0.0254037422951781,2015,0
0,0.0185395536929511,2015,0
0,0.0185395536929511,2015,0
0,0.0230604780757402,2015,0
0,0.0244878210387834,2015,0
0,0.0329196334719029,2015,0
0,0.0190333261638679,2015,0
0,0.0190333261638679,2015,0
0,0.0188692164807368,2015,0
0,0.0174903654252571,2015,0
0,0.0174903654252571,2015,0
0,0.0240383815788436,2015,0
0,0.0175804536556888,2015,0
0,0.0221838902707646,2015,0
0,0.0330327386191619,2015,0
0,0.0188485567506429,2015,0
0,0.0188485567506429,2015,0
0,0.0186648237669825,2015,0
0,0.0185248570038868,2015,0
0,0.0185248570038868,2015,0
0,0.0185248570038868,2015,0
0,0.0262468505092156,2015,0
0,0.0382165062198184,2015,0
0,0.0222616945824725,2015,0
0,0.0222616945824725,2015,0
0,0.0209633414528153,2015,0
0,0.0218095661641094,2015,0
0,0.0211854939468055,2015,0
0,0.0157000587639485,2015,0
0,0.0205218471091444,2015,0
0,0.0204365921970289,2015,0
0,0.0285586755804307,2015,0
0,0.0293292262055906,2015,0
0,0.0394205140429106,2015,0
0,0.0229943714269732,2015,0
0,0.0229943714269732,2015,0
0,0.021558067652399,2015,0
0,0.0215596455653044,2015,0
0,0.0214836025548907,2015,0
0,0.0159128573616162,2015,0
0,0.0217585769748524,2015,0
0,0.0305873224652372,2015,0
0,0.029058744286804,2015,0
0,0.0394050433867545,2015,0
0,0.0236319742351786,2015,0
0,0.0236319742351786,2015,0
0,0.0218507222335837,2015,0
0,0.0218299001488294,2015,0
0,0.021662260921432,2015,0
0,0.0167632704069445,2015,0
0,0.0313764507206889,2015,0
0,0.0311557140422157,2015,0
0,0.0224715023440729,2015,0
0,0.0224715023440729,2015,0
0,0.0224715023440729,2015,0
0,0.0224715023440729,2015,0
0,0.0311647914979643,2015,0
0,0.0303086661809183,2015,0
0,0.0245683627197157,2015,0
0,0.0245683627197157,2015,0
0,0.022900811899803,2015,0
0,0.0234979246468723,2015,0
0,0.0230080914474934,2015,0
0,0.0183555676360498,2015,0
0,0.0315980087810491,2015,0
0,0.0225760901712925,2015,0
0,0.0225760901712925,2015,0
0,0.0225760901712925,2015,0
0,0.0313211154344582,2015,0
0,0.0313211154344582,2015,0
0,0.0333180593387325,2015,0
0,0.0253550005867709,2015,0
0,0.0253550005867709,2015,0
0,0.0234094079710513,2015,0
0,0.0234094079710513,2015,0
0,0.0245784029158045,2015,0
0,0.0240616939173416,2015,0
0,0.0250021722874968,2015,0
0,0.030475836076116,2015,0
0,0.0213018877893434,2015,0
0,0.0300744711295384,2015,0
0,0.0300744711295384,2015,0
0,0.0252543603518578,2015,0
0,0.0252543603518578,2015,0
0,0.0237850117725769,2015,0
0,0.0237850117725769,2015,0
0,0.0251664747688723,2015,0
0,0.0240424724009076,2015,0
0,0.024820804261583,2015,0
0,0.0289284631885117,2015,0
0,0.0254519200200589,2015,0
0,0.0254519200200589,2015,0
0,0.0252981306094669,2015,0
0,0.023598811826021,2015,0
0,0.023598811826021,2015,0
0,0.0242140412223312,2015,0
0,0.0234346143196486,2015,0
0,0.030023585189263,2015,0
0,0.0287940485162368,2015,0
0,0.0287940485162368,2015,0
0,0.0259404979366904,2015,0
0,0.0281771365351511,2015,0
0,0.0259404979366904,2015,0
0,0.0255408587138048,2015,0
0,0.025208289387794,2015,0
0,0.0322282925112769,2015,0
0,0.0396152453899976,2015,0
0,0.0304468510773322,2015,0
0,0.0304468510773322,2015,0
0,0.0277384418685545,2015,0
0,0.0277384418685545,2015,0
0,0.0303434718655014,2015,0
0,0.0265076166817458,2015,0
0,0.0268546866127807,2015,0
0,0.0322906731431508,2015,0
0,0.0388860250216433,2015,0
0,0.0281048150989266,2015,0
0,0.0281048150989266,2015,0
0,0.0251620697834419,2015,0
0,0.027780291372768,2015,0
0,0.0251620697834419,2015,0
0,0.025952847565953,2015,0
0,0.0242354932901525,2015,0
0,0.031415795055564,2015,0
0,0.0389248081298987,2015,0
0,0.0322275203221116,2015,0
0,0.0342129354666311,2015,0
0,0.0428353689068831,2015,0
0,0.0343705449160026,2015,0
0,0.0347182541505736,2015,0
0,0.0849428547110162,2015,0
0,0.0381239230112366,2015,0
0,0.0323244546816185,2015,0
0,0.0292993414661011,2015,0
0,0.0292993414661011,2015,0
0,0.0794118482608314,2015,0
0,0.0363090693715416,2015,0
0,0.0302016916126686,2015,0
0,0.0240265369908261,2015,0
0,0.0240265369908261,2015,0
0,0.0764035454297852,2015,0
0,0.0356495099636887,2015,0
0,0.0293592707727576,2015,0
0,0.0803159932639898,2015,0
0,0.0228732381188048,2015,0
0,0.0228732381188048,2015,0
0,0.0772182915262391,2015,0
0,0.0357224664868755,2015,0
0,0.0305344220619388,2015,0
0,0.0280736776148305,2015,0
0,0.0280736776148305,2015,0
0,0.0804995741135634,2015,0
0,0.0459752729292018,2015,0
0,0.0377388816174095,2015,0
0,0.031179307835285,2015,0
0,0.0210512148363974,2015,0
0,0.0210512148363974,2015,0
0,0.0293771527483994,2015,0
0,0.0293771527483994,2015,0
0,0.0805658530236269,2015,0
0,0.0462044932299302,2015,0
0,0.0316039358114319,2015,0
0,0.0316039358114319,2015,0
0,0.0310202526762512,2015,0
0,0.0279810683267227,2015,0
0,0.0279810683267227,2015,0
0,0.0252356121714939,2015,0
0,0.0256695756034221,2015,0
0,0.0381161265398511,2015,0
0,0.0307534798741545,2015,0
0,0.0399422749642806,2015,0
0,0.020463314393978,2015,0
0,0.020463314393978,2015,0
0,0.0247936636189513,2015,0
0,0.0247936636189513,2015,0
0,0.0753651828853144,2015,0
0,0.0432931867953265,2015,0
0,0.0289976996993916,2015,0
0,0.0289976996993916,2015,0
0,0.0255603516685927,2015,0
0,0.028303182191474,2015,0
0,0.0234109857524082,2015,0
0,0.0343204277886333,2015,0
0,0.0350563447593452,2015,0
0,0.0190095757200325,2015,0
0,0.0190095757200325,2015,0
0,0.0230261952999366,2015,0
0,0.0230261952999366,2015,0
0,0.0711860740262062,2015,0
0,0.0416524970425284,2015,0
0,0.0329756964483014,2015,0
0,0.0342871614021554,2015,0
0,0.0186622416411659,2015,0
0,0.0250216469666374,2015,0
0,0.0250216469666374,2015,0
0,0.0716632695748554,2015,0
0,0.0431319132527591,2015,0
0,0.0339403550196196,2015,0
0,0.0353630656567854,2015,0
0,0.0192223940507174,2015,0
0,0.043137118057565,2015,0
0,0.0194500151429695,2015,0
0,0.0194500151429695,2015,0
0,0.0194500151429695,2015,0
0,0.0275403711456984,2015,0
0,0.0275403711456984,2015,0
0,0.0439510499097886,2015,0
0,0.0326701222257391,2015,0
0,0.0582299851113844,2015,0
0,0.0364440308048894,2015,0
0,0.019409733857442,2015,0
0,0.0289373087441549,2015,0
0,0.0194479575694986,2015,0
0,0.0194479575694986,2015,0
0,0.0194479575694986,2015,0
0,0.0276711527086842,2015,0
0,0.0276711527086842,2015,0
0,0.0439680682424777,2015,0
0,0.029828733818794,2015,0
0,0.030926075074392,2015,0
0,0.0392287924336013,2015,0
0,0.0204476834368024,2015,0
0,0.0301328620500543,2015,0
0,0.0456363833487585,2015,0
0,0.0204230653927566,2015,0
0,0.0204230653927566,2015,0
0,0.0204230653927566,2015,0
0,0.0287649787536082,2015,0
0,0.0287649787536082,2015,0
0,0.0431655277519719,2015,0
0,0.030207510508416,2015,0
0,0.0205958706420987,2015,0
0,0.0456526767988359,2015,0
0,0.0205477764960648,2015,0
0,0.0205477764960648,2015,0
0,0.0307063157863161,2015,0
0,0.0307063157863161,2015,0
0,0.0421223911111406,2015,0
0,0.0304297059014594,2015,0
0,0.0354032773986973,2015,0
0,0.0205506766620508,2015,0
0,0.0443208904882683,2015,0
0,0.0205987526064544,2015,0
0,0.0205987526064544,2015,0
0,0.0415588020915784,2015,0
0,0.0301708673813926,2015,0
0,0.0301708673813926,2015,0
0,0.0423045675918411,2015,0
0,0.0287792330682741,2015,0
0,0.0298880089453382,2015,0
0,0.0353677617863197,2015,0
0,0.0353677617863197,2015,0
0,0.0347700390640256,2015,0
0,0.0199052577157592,2015,0
0,0.0287060468421804,2015,0
0,0.0424496334308711,2015,0
0,0.0198186915969619,2015,0
0,0.0198186915969619,2015,0
0,0.0198186915969619,2015,0
0,0.0391170337235339,2015,0
0,0.0281534078189682,2015,0
0,0.0281534078189682,2015,0
0,0.0412634181232442,2015,0
0,0.0250836673774541,2015,0
0,0.0277875561963676,2015,0
0,0.0275942127155732,2015,0
0,0.0352909785460853,2015,0
0,0.0352909785460853,2015,0
0,0.0350965995752029,2015,0
0,0.0289689950342677,2015,0
0,0.0428787571165255,2015,0
0,0.0193435401435073,2015,0
0,0.0193435401435073,2015,0
0,0.0193435401435073,2015,0
0,0.0290015924715932,2015,0
0,0.0378734630341541,2015,0
0,0.0271865678770898,2015,0
0,0.0271865678770898,2015,0
0,0.041849746545224,2015,0
0,0.0285160384870014,2015,0
0,0.0274542621066553,2015,0
0,0.0357189304310027,2015,0
0,0.0357189304310027,2015,0
0,0.0360357331498743,2015,0
0,0.0300204288266685,2015,0
0,0.0449356889834056,2015,0
0,0.0202221517213948,2015,0
0,0.0202221517213948,2015,0
0,0.0202221517213948,2015,0
0,0.030215808999047,2015,0
0,0.0399112076292719,2015,0
0,0.0299902641731234,2015,0
0,0.0299902641731234,2015,0
0,0.0362928672157983,2015,0
0,0.0362928672157983,2015,0
0,0.0363896390845138,2015,0
0,0.0301018469384785,2015,0
0,0.044702923326827,2015,0
0,0.0201447238998717,2015,0
0,0.0201447238998717,2015,0
0,0.0201447238998717,2015,0
0,0.0301829396697285,2015,0
0,0.0343147134634782,2015,0
0,0.0407204782921978,2015,0
0,0.0303739956295351,2015,0
0,0.0303739956295351,2015,0
0,0.0356760200099021,2015,0
0,0.0438278180976112,2015,0
0,0.0195092699499637,2015,0
0,0.0195092699499637,2015,0
0,0.0195092699499637,2015,0
0,0.0195092699499637,2015,0
0,0.0345899636102994,2015,0
0,0.0396059321966461,2015,0
0,0.0276827264551033,2015,0
0,0.0276827264551033,2015,0
0,0.0271376795717162,2015,0
0,0.0361836854172354,2015,0
0,0.0379964369238112,2015,0
0,0.0197996611831405,2015,0
0,0.0197996611831405,2015,0
0,0.0197996611831405,2015,0
0,0.0197996611831405,2015,0
0,0.0347978030323919,2015,0
0,0.0394873640427677,2015,0
0,0.0287003256194107,2015,0
0,0.0287003256194107,2015,0
0,0.0297320761478427,2015,0
0,0.0297320761478427,2015,0
0,0.0246872086769802,2015,0
0,0.0272169893418273,2015,0
0,0.0246872086769802,2015,0
0,0.0272169893418273,2015,0
0,0.0239799040127798,2015,0
0,0.0233913006270137,2015,0
0,0.0359425343840069,2015,0
0,0.0207849663198377,2015,0
0,0.0207849663198377,2015,0
0,0.0207849663198377,2015,0
0,0.0207849663198377,2015,0
0,0.0343971192653033,2015,0
0,0.0397502023844564,2015,0
0,0.0298587829932017,2015,0
0,0.0298587829932017,2015,0
0,0.029626678021532,2015,0
0,0.029626678021532,2015,0
0,0.0247344781142439,2015,0
0,0.024561496521138,2015,0
0,0.0270090248643226,2015,0
0,0.0270090248643226,2015,0
0,0.024561496521138,2015,0
0,0.0238868978596066,2015,0
0,0.0231877592073201,2015,0
0,0.0344616493100502,2015,0
0,0.0201725060459985,2015,0
0,0.0201725060459985,2015,0
0,0.0201725060459985,2015,0
0,0.0201725060459985,2015,0
0,0.0251485433196696,2015,0
0,0.0251485433196696,2015,0
0,0.0270931348439492,2015,0
0,0.0227647176861789,2015,0
0,0.023024856864919,2015,0
0,0.0250794743115046,2015,0
0,0.0227647176861789,2015,0
0,0.0250794743115046,2015,0
0,0.0219923790425431,2015,0
0,0.023360021596112,2015,0
0,0.130789967614906,2015,0
0,0.100628071606669,2015,0
0,0.0326806699001108,2015,0
0,0.0188388356201335,2015,0
0,0.0188388356201335,2015,0
0,0.0309784241071593,2015,0
0,0.0224747524155216,2015,0
0,0.0224747524155216,2015,0
0,0.0263761557699534,2015,0
0,0.0243301247607126,2015,0
0,0.022361280294421,2015,0
0,0.022095002386968,2015,0
0,0.0243301247607126,2015,0
0,0.022095002386968,2015,0
0,0.021393718246102,2015,0
0,0.0229047049253744,2015,0
0,0.123892335591027,2015,0
0,0.095870435566289,2015,0
0,0.0315375070162391,2015,0
0,0.0180617418636782,2015,0
0,0.0180617418636782,2015,0
0,0.0274932639116963,2015,0
0,0.0274932639116963,2015,0
0,0.0311189101879658,2015,0
0,0.0230534278517532,2015,0
0,0.0230534278517532,2015,0
0,0.0265216966210566,2015,0
0,0.0265216966210566,2015,0
0,0.0246388336965767,2015,0
0,0.0223796176574552,2015,0
0,0.0226692513765056,2015,0
0,0.0223796176574552,2015,0
0,0.0232405503509129,2015,0
0,0.0215896625947039,2015,0
0,0.127298700356738,2015,0
0,0.0978326082756845,2015,0
0,0.0308875593442774,2015,0
0,0.0327434118421065,2015,0
0,0.0184422949900174,2015,0
0,0.0184422949900174,2015,0
0,0.0184422949900174,2015,0
0,0.0307856934989527,2015,0
0,0.0250700924858912,2015,0
0,0.0281345913648756,2015,0
0,0.0281345913648756,2015,0
0,0.0255714929470702,2015,0
0,0.023408734954117,2015,0
0,0.0236099454437259,2015,0
0,0.023408734954117,2015,0
0,0.0228409503565656,2015,0
0,0.0238237289570996,2015,0
0,0.127734650225314,2015,0
0,0.100872630739327,2015,0
0,0.0321937887075837,2015,0
0,0.0189581579272026,2015,0
0,0.0189581579272026,2015,0
0,0.0189581579272026,2015,0
0,0.0189581579272026,2015,0
0,0.03045311416476,2015,0
0,0.0238085901771226,2015,0
0,0.0261535163231851,2015,0
0,0.0261535163231851,2015,0
0,0.0237020454833855,2015,0
0,0.0219790481772123,2015,0
0,0.0217097536335016,2015,0
0,0.0237020454833855,2015,0
0,0.0217097536335016,2015,0
0,0.0215378362393068,2015,0
0,0.0230665914965949,2015,0
0,0.0304503865876256,2015,0
0,0.0191196927443088,2015,0
0,0.0191196927443088,2015,0
0,0.0191196927443088,2015,0
0,0.0283358794978727,2015,0
0,0.0317431402744696,2015,0
0,0.0251430969792632,2015,0
0,0.0251430969792632,2015,0
0,0.0230598833910045,2015,0
0,0.0209316560376005,2015,0
0,0.0209316560376005,2015,0
0,0.0230598833910045,2015,0
0,0.0213208471735192,2015,0
0,0.0206828296986616,2015,0
0,0.0229891961320559,2015,0
0,0.0297198342940931,2015,0
0,0.0782552266406332,2015,0
0,0.0190518176918648,2015,0
0,0.0190518176918648,2015,0
0,0.0190518176918648,2015,0
0,0.0282365225080795,2015,0
0,0.0282365225080795,2015,0
0,0.0320821962541215,2015,0
0,0.0347949120170061,2015,0
0,0.0264527332448035,2015,0
0,0.0264527332448035,2015,0
0,0.0244196717470902,2015,0
0,0.0244196717470902,2015,0
0,0.0224697591931554,2015,0
0,0.0221597494737411,2015,0
0,0.0221597494737411,2015,0
0,0.0230482663066779,2015,0
0,0.0214365018966534,2015,0
0,0.0747901472901465,2015,0
0,0.0268721178376104,2015,0
0,0.0174734280771492,2015,0
0,0.0174734280771492,2015,0
0,0.0174734280771492,2015,0
0,0.0174734280771492,2015,0
0,0.0290432276199689,2015,0
0,0.0246578145227414,2015,0
0,0.0246578145227414,2015,0
0,0.0209597804280925,2015,0
0,0.0210594914599333,2015,0
0,0.0226872346323268,2015,0
0,0.0226872346323268,2015,0
0,0.0209597804280925,2015,0
0,0.0208795927973506,2015,0
0,0.0212107562824316,2015,0
0,0.0691364876889993,2015,0
1,0.0395757471485199,2015,0
1,0.0213018877893434,2015,0
1,0.0213018877893434,2015,0
1,0.0751598898044867,2015,0
1,0.0225760901712925,2015,0
1,0.0464284895508543,2015,0
1,0.0339686089010422,2015,0
1,0.0285571077604361,2015,0
1,0.0351036423979672,2015,0
1,0.0359730737958943,2015,0
1,0.0297069203987168,2015,0
1,0.0272410811682385,2015,0
1,0.0297069203987168,2015,0
1,0.0272410811682385,2015,0
1,0.0164229234025933,2015,0
1,0.0261294162666929,2015,0
1,0.024469158301721,2015,0
1,0.0281480851008008,2015,0
1,0.026491315045377,2015,0
1,0.0243542803519199,2015,0
1,0.0221944709754604,2015,0
1,0.0175996416772143,2015,0
1,0.0252914724563302,2015,0
1,0.0255603516685927,2015,0
1,0.0252914724563302,2015,0
1,0.0239254033465535,2015,0
1,0.0349403970179593,2015,0
1,0.0401640112925061,2015,0
1,0.0367037325707078,2015,0
1,0.0387653003529265,2015,0
1,0.0246388336965767,2015,0
1,0.126667158767591,2015,0
1,0.122351976337464,2015,0
1,0.0955784238741944,2015,0
1,0.0857410395945815,2015,0
1,0.0274542621066553,2015,0
1,0.0319695683839078,2015,0
1,0.0250836673774541,2015,0
1,0.0280484849728298,2015,0
1,0.0325190572988109,2015,0
1,0.0301438553725458,2015,0
1,0.0250700924858912,2015,0
1,0.0239538869527559,2015,0
0,0.0261540343498706,2016,0
0,0.0199534864303296,2016,0
0,0.0199534864303296,2016,0
0,0.0199534864303296,2016,0
0,0.0199534864303296,2016,0
0,0.034242293339443,2016,0
0,0.0461342829111951,2016,0
0,0.0461342829111951,2016,0
0,0.0226460541172263,2016,0
0,0.0210700678780583,2016,0
0,0.0226460541172263,2016,0
0,0.0210700678780583,2016,0
0,0.0211658568726517,2016,0
0,0.0271104934233539,2016,0
0,0.0275954632177779,2016,0
0,0.0528855497031735,2016,0
0,0.0237723775883799,2016,0
0,0.0237723775883799,2016,0
0,0.0237723775883799,2016,0
0,0.0194191768165656,2016,0
0,0.0194191768165656,2016,0
0,0.0194191768165656,2016,0
0,0.0194191768165656,2016,0
0,0.0237934825356761,2016,0
0,0.0237934825356761,2016,0
0,0.0339325235639114,2016,0
0,0.0171469164524433,2016,0
0,0.0171469164524433,2016,0
0,0.0431328566926804,2016,0
0,0.0431328566926804,2016,0
0,0.0215516808989402,2016,0
0,0.0215516808989402,2016,0
0,0.0200034568328397,2016,0
0,0.0200034568328397,2016,0
0,0.0201212506823962,2016,0
0,0.0253727508505301,2016,0
0,0.0260269735875794,2016,0
0,0.0500937975724716,2016,0
0,0.0221955311718208,2016,0
0,0.0221955311718208,2016,0
0,0.0182341538461443,2016,0
0,0.0182341538461443,2016,0
0,0.0182341538461443,2016,0
0,0.0220737986688745,2016,0
0,0.0332881804190524,2016,0
0,0.0181052123720689,2016,0
0,0.0181052123720689,2016,0
0,0.0424780827112121,2016,0
0,0.0424780827112121,2016,0
0,0.0212134962732228,2016,0
0,0.0212134962732228,2016,0
0,0.0197166466074293,2016,0
0,0.0197166466074293,2016,0
0,0.0198230630932121,2016,0
0,0.0251881066755868,2016,0
0,0.0246576897517533,2016,0
0,0.0290263130612642,2016,0
0,0.0179132413324347,2016,0
0,0.0218756316941178,2016,0
0,0.0218756316941178,2016,0
0,0.0218756316941178,2016,0
0,0.0179780914523697,2016,0
0,0.0179780914523697,2016,0
0,0.0179780914523697,2016,0
0,0.0423274746440237,2016,0
0,0.0473425783756489,2016,0
0,0.0473425783756489,2016,0
0,0.0239158328861679,2016,0
0,0.0215409672048769,2016,0
0,0.0217568090364027,2016,0
0,0.0239158328861679,2016,0
0,0.0215409672048769,2016,0
0,0.0252357306739639,2016,0
0,0.0262353683858336,2016,0
0,0.16849761036177,2016,0
0,0.0310043014109223,2016,0
0,0.0188434845543903,2016,0
0,0.0227940769345071,2016,0
0,0.0227940769345071,2016,0
0,0.0227940769345071,2016,0
0,0.0188539128421511,2016,0
0,0.0188539128421511,2016,0
0,0.0188539128421511,2016,0
0,0.0512409226849294,2016,0
0,0.030378806960075,2016,0
0,0.0501960812697231,2016,0
0,0.0501960812697231,2016,0
0,0.0248481928154135,2016,0
0,0.0221450316907717,2016,0
0,0.0248481928154135,2016,0
0,0.0221450316907717,2016,0
0,0.0224012409814843,2016,0
0,0.0268951213104996,2016,0
0,0.0256368665629897,2016,0
0,0.0300068250334934,2016,0
0,0.0180818295282914,2016,0
0,0.0219828454437804,2016,0
0,0.0219828454437804,2016,0
0,0.0219828454437804,2016,0
0,0.0365847861821641,2016,0
0,0.0243225310388347,2016,0
0,0.00863901251744808,2016,0
0,0.0414893015446526,2016,0
0,0.0414893015446526,2016,0
0,0.0193907708188877,2016,0
0,0.0182997659603234,2016,0
0,0.0182997659603234,2016,0
0,0.0193907708188877,2016,0
0,0.0183583693310213,2016,0
0,0.0234030395571165,2016,0
0,0.0237121468632653,2016,0
0,0.046083605509742,2016,0
0,0.0265804783296405,2016,0
0,0.0168612486126906,2016,0
0,0.0168612486126906,2016,0
0,0.0168612486126906,2016,0
0,0.0206458187199674,2016,0
0,0.0206458187199674,2016,0
0,0.0206458187199674,2016,0
0,0.0366975639059803,2016,0
0,0.026233084346546,2016,0
0,0.026233084346546,2016,0
0,0.00972239938709683,2016,0
0,0.0414510110052664,2016,0
0,0.0414510110052664,2016,0
0,0.0194060376325098,2016,0
0,0.0182824352631022,2016,0
0,0.0194060376325098,2016,0
0,0.0183479745749995,2016,0
0,0.0182824352631022,2016,0
0,0.0235422777541493,2016,0
0,0.023220525798985,2016,0
0,0.0467237833135844,2016,0
0,0.0189929623692555,2016,0
0,0.0189929623692555,2016,0
0,0.0189929623692555,2016,0
0,0.0236622342893412,2016,0
0,0.0236622342893412,2016,0
0,0.0236622342893412,2016,0
0,0.0236622342893412,2016,0
0,0.0197252281265438,2016,0
0,0.0543311368375506,2016,0
0,0.0140850553216063,2016,0
0,0.0540542650422788,2016,0
0,0.0540542650422788,2016,0
0,0.024077957578522,2016,0
0,0.0219007333596612,2016,0
0,0.0278444766207221,2016,0
0,0.024077957578522,2016,0
0,0.0244674168172479,2016,0
0,0.0278444766207221,2016,0
0,0.0278879790341657,2016,0
0,0.0261539499933951,2016,0
0,0.0525346913271459,2016,0
0,0.0213311481760517,2016,0
0,0.0213311481760517,2016,0
0,0.0213311481760517,2016,0
0,0.0268809869121341,2016,0
0,0.0268809869121341,2016,0
0,0.0268809869121341,2016,0
0,0.0268809869121341,2016,0
0,0.0268809869121341,2016,0
0,0.0214313272195767,2016,0
0,0.0642674423353802,2016,0
0,0.0164369806352779,2016,0
0,0.05582587248592,2016,0
0,0.05582587248592,2016,0
0,0.022523536979694,2016,0
0,0.0287029069056497,2016,0
0,0.0247150313278849,2016,0
0,0.0247150313278849,2016,0
0,0.0287029069056497,2016,0
0,0.0251183080010131,2016,0
0,0.028507496825007,2016,0
0,0.0267263866976953,2016,0
0,0.0530550754364895,2016,0
0,0.022469427312731,2016,0
0,0.0278561304058705,2016,0
0,0.0278561304058705,2016,0
0,0.0278561304058705,2016,0
0,0.0223055945733801,2016,0
0,0.0670107717698269,2016,0
0,0.0173709982346701,2016,0
0,0.0578817522273306,2016,0
0,0.0578817522273306,2016,0
0,0.0250637085216836,2016,0
0,0.0250637085216836,2016,0
0,0.0289807324319134,2016,0
0,0.0289807324319134,2016,0
0,0.0254316389798642,2016,0
0,0.0231780363469672,2016,0
0,0.0291112803567212,2016,0
0,0.0274580908898666,2016,0
0,0.0535920335268706,2016,0
0,0.0228479620404372,2016,0
0,0.0282014831529875,2016,0
0,0.0282014831529875,2016,0
0,0.0282014831529875,2016,0
0,0.0231514422476628,2016,0
0,0.0231514422476628,2016,0
0,0.0896970768616166,2016,0
0,0.0667743575868774,2016,0
0,0.0667743575868774,2016,0
0,0.0262655147373235,2016,0
0,0.0289740971422871,2016,0
0,0.0346706014272425,2016,0
0,0.0289740971422871,2016,0
0,0.0346706014272425,2016,0
0,0.0295221994171883,2016,0
0,0.0322341761340993,2016,0
0,0.0298604124383507,2016,0
0,0.0606379205489527,2016,0
0,0.0381846431108552,2016,0
0,0.031068687281929,2016,0
0,0.031068687281929,2016,0
0,0.0251495175427377,2016,0
0,0.0251495175427377,2016,0
0,0.0251495175427377,2016,0
0,0.0944237448095561,2016,0
0,0.0683661259212655,2016,0
0,0.0683661259212655,2016,0
0,0.0352775070506971,2016,0
0,0.0300472086356118,2016,0
0,0.0295048947080149,2016,0
0,0.0268741488007266,2016,0
0,0.0295048947080149,2016,0
0,0.0352775070506971,2016,0
0,0.0304524093716761,2016,0
0,0.0327996629694889,2016,0
0,0.0620848410377269,2016,0
0,0.0388873259584195,2016,0
0,0.030628897465548,2016,0
0,0.030628897465548,2016,0
0,0.0254651949540348,2016,0
0,0.0254651949540348,2016,0
0,0.0254651949540348,2016,0
0,0.0254651949540348,2016,0
0,0.0913053193847033,2016,0
0,0.0664660387216135,2016,0
0,0.0664660387216135,2016,0
0,0.0290142265468252,2016,0
0,0.0264597584481622,2016,0
0,0.0290142265468252,2016,0
0,0.0295361071215246,2016,0
0,0.0345585788342452,2016,0
0,0.0345585788342452,2016,0
0,0.0299318139525685,2016,0
0,0.0320970611016048,2016,0
0,0.0616671648717768,2016,0
0,0.0385019128398742,2016,0
0,0.0883637314160734,2016,0
0,0.0306804761131297,2016,0
0,0.0306804761131297,2016,0
0,0.0248649306439354,2016,0
0,0.0248649306439354,2016,0
0,0.0248649306439354,2016,0
0,0.0248649306439354,2016,0
0,0.0855548354307003,2016,0
0,0.0680449449748743,2016,0
0,0.0680449449748743,2016,0
0,0.0308188187678785,2016,0
0,0.0314781412322334,2016,0
0,0.037455699186189,2016,0
0,0.037455699186189,2016,0
0,0.0308188187678785,2016,0
0,0.0275008624882996,2016,0
0,0.033418153076207,2016,0
0,0.03068241879197,2016,0
0,0.0641889034677341,2016,0
0,0.0402349841060618,2016,0
0,0.0307478332814703,2016,0
0,0.0307478332814703,2016,0
0,0.0307478332814703,2016,0
0,0.0245538522845022,2016,0
0,0.0303084071576815,2016,0
0,0.0730145455176211,2016,0
0,0.0730145455176211,2016,0
0,0.0296403237398239,2016,0
0,0.0339953884760067,2016,0
0,0.0424706787954203,2016,0
0,0.0339953884760067,2016,0
0,0.0424706787954203,2016,0
0,0.0348617484941816,2016,0
0,0.0357088039280162,2016,0
0,0.032151983791033,2016,0
0,0.0673145281475179,2016,0
0,0.0435188860223428,2016,0
0,0.0314380363069279,2016,0
0,0.0314380363069279,2016,0
0,0.0314380363069279,2016,0
0,0.0787085288993931,2016,0
0,0.0787085288993931,2016,0
0,0.0471537025851759,2016,0
0,0.0316929100684091,2016,0
0,0.0471537025851759,2016,0
0,0.0379800949530986,2016,0
0,0.0369269117784011,2016,0
0,0.0369269117784011,2016,0
0,0.0333948904941356,2016,0
0,0.0375185821655692,2016,0
0,0.0700702434673607,2016,0
0,0.0463267346649892,2016,0
0,0.0342683736801677,2016,0
0,0.0342683736801677,2016,0
0,0.0342683736801677,2016,0
0,0.0799335784952375,2016,0
0,0.0799335784952375,2016,0
0,0.0314451591126172,2016,0
0,0.0373383941753002,2016,0
0,0.0363451703561928,2016,0
0,0.0461165680696201,2016,0
0,0.0363451703561928,2016,0
0,0.0461165680696201,2016,0
0,0.0332458607547776,2016,0
0,0.0371578859011232,2016,0
0,0.0687400197419532,2016,0
0,0.0455392207508916,2016,0
0,0.0334576448459636,2016,0
0,0.0334576448459636,2016,0
0,0.0325122906102154,2016,0
0,0.0819804000903439,2016,0
0,0.0819804000903439,2016,0
0,0.0368438667519516,2016,0
0,0.0368438667519516,2016,0
0,0.0468051859765159,2016,0
0,0.0378430532059196,2016,0
0,0.0468051859765159,2016,0
0,0.031983997217314,2016,0
0,0.037471892465878,2016,0
0,0.0335435417763554,2016,0
0,0.0689225737717787,2016,0
0,0.0430334360996172,2016,0
0,0.0321055381351975,2016,0
0,0.0321055381351975,2016,0
0,0.029854762190286,2016,0
0,0.0736279381815585,2016,0
0,0.0736279381815585,2016,0
0,0.0347627768944106,2016,0
0,0.0357757842728831,2016,0
0,0.0294435804747918,2016,0
0,0.044080074292791,2016,0
0,0.0362909034386283,2016,0
0,0.0485584729813804,2016,0
0,0.0404743070801179,2016,0
0,0.0307197007446173,2016,0
0,0.0307197007446173,2016,0
0,0.0236090510823673,2016,0
0,0.0650704697361169,2016,0
0,0.0501575522305993,2016,0
0,0.041544828675191,2016,0
0,0.0316865149683795,2016,0
0,0.0316865149683795,2016,0
0,0.0316865149683795,2016,0
0,0.0316865149683795,2016,0
0,0.0233893355447413,2016,0
0,0.108136949514986,2016,0
0,0.0548533402425109,2016,0
0,0.0437245732818271,2016,0
0,0.0332445352332457,2016,0
0,0.0332445352332457,2016,0
0,0.0332445352332457,2016,0
0,0.0251462273692326,2016,0
0,0.0523075327143435,2016,0
0,0.0424550678593554,2016,0
0,0.0325009390182653,2016,0
0,0.0325009390182653,2016,0
0,0.0325009390182653,2016,0
0,0.0325009390182653,2016,0
0,0.0237038345337848,2016,0
0,0.0931273146733892,2016,0
0,0.0370757721084041,2016,0
0,0.325443042924509,2016,0
0,0.105274279574116,2016,0
0,0.0503415199428344,2016,0
0,0.0421258714311338,2016,0
0,0.0381590197495502,2016,0
0,0.0342609484899485,2016,0
0,0.0342609484899485,2016,0
0,0.0342609484899485,2016,0
0,0.0342609484899485,2016,0
0,0.0342609484899485,2016,0
0,0.0245333232047829,2016,0
0,0.0203827113629929,2016,0
0,0.0921594334615953,2016,0
0,0.0373387356303182,2016,0
0,0.322616719662268,2016,0
0,0.0432030200926653,2016,0
0,0.0388827779111395,2016,0
0,0.0369201290653223,2016,0
0,0.0314595776473457,2016,0
0,0.0314595776473457,2016,0
0,0.0314595776473457,2016,0
0,0.0314595776473457,2016,0
0,0.0314595776473457,2016,0
0,0.0228123521255354,2016,0
0,0.0228123521255354,2016,0
0,0.0228123521255354,2016,0
0,0.0700853316484474,2016,0
0,0.0339594833178084,2016,0
0,0.336836088758306,2016,0
0,0.227658420470915,2016,0
0,0.28189804230984,2016,0
0,0.340490213085671,2016,0
0,0.336836088758306,2016,0
0,0.0373818864129438,2016,0
0,0.0352126533133463,2016,0
0,0.0330436712339605,2016,0
0,0.029574336361936,2016,0
0,0.029574336361936,2016,0
0,0.029574336361936,2016,0
0,0.029574336361936,2016,0
0,0.0216968113290248,2016,0
0,0.0216968113290248,2016,0
0,0.0216968113290248,2016,0
0,0.0335959754592619,2016,0
0,0.281430682476264,2016,0
0,0.226707417225161,2016,0
0,0.338826944717718,2016,0
0,0.338826944717718,2016,0
0,0.0411245371191669,2016,0
0,0.0373162240531737,2016,0
0,0.0351538681057839,2016,0
0,0.032215835605635,2016,0
0,0.032215835605635,2016,0
0,0.032215835605635,2016,0
0,0.0229163809333182,2016,0
0,0.0187115729451277,2016,0
0,0.0748148448019192,2016,0
0,0.386676072393135,2016,0
0,0.324336972332696,2016,0
0,0.386676072393135,2016,0
0,0.256310852875258,2016,0
0,0.0437665550064147,2016,0
0,0.0363942519572013,2016,0
0,0.0232341665078822,2016,0
0,0.032558311446736,2016,0
0,0.032558311446736,2016,0
0,0.032558311446736,2016,0
0,0.0229983505955041,2016,0
0,0.0195526040409652,2016,0
0,0.0714545681274266,2016,0
0,0.0680404180272731,2016,0
0,0.032792392985915,2016,0
0,0.0387101623449454,2016,0
0,0.0387101623449454,2016,0
0,0.0321099775139963,2016,0
0,0.302331859688973,2016,0
0,0.357758418711157,2016,0
0,0.242220416904054,2016,0
0,0.0396018428737388,2016,0
0,0.035809623879235,2016,0
0,0.0223011452292816,2016,0
0,0.0307879153518243,2016,0
0,0.0307879153518243,2016,0
0,0.0307879153518243,2016,0
0,0.0222714725600616,2016,0
0,0.019738694630503,2016,0
0,0.0673426009976677,2016,0
0,0.0335487077129652,2016,0
0,0.0634530352726084,2016,0
0,0.0634530352726084,2016,0
0,0.0299115102495535,2016,0
0,0.0354289111805548,2016,0
0,0.0299115102495535,2016,0
0,0.0354289111805548,2016,0
0,0.0304776575943886,2016,0
0,0.0307999106350335,2016,0
0,0.0335938066952415,2016,0
0,0.031248831643728,2016,0
0,0.0444003892543797,2016,0
0,0.0288868225378457,2016,0
0,0.331853121876645,2016,0
0,0.193856185338187,2016,0
0,0.283810411772897,2016,0
0,0.335833587218435,2016,0
0,0.230760431934404,2016,0
0,0.0661889103812555,2016,0
0,0.0385173119844801,2016,0
0,0.0299252865321591,2016,0
0,0.0299252865321591,2016,0
0,0.0220233184990835,2016,0
0,0.0199588091839195,2016,0
0,0.0654994784743235,2016,0
0,0.064692660780933,2016,0
0,0.064692660780933,2016,0
0,0.0300172842850785,2016,0
0,0.0355245051603665,2016,0
0,0.0305742183855619,2016,0
0,0.0355245051603665,2016,0
0,0.0269004112094947,2016,0
0,0.0300172842850785,2016,0
0,0.0314872520664423,2016,0
0,0.0447819259324473,2016,0
0,0.0291814806400668,2016,0
0,0.0315972919429554,2016,0
0,0.0338668590712002,2016,0
0,0.194484822221054,2016,0
0,0.329562510865202,2016,0
0,0.329562510865202,2016,0
0,0.333578024274921,2016,0
0,0.230700317221457,2016,0
0,0.0368334548363385,2016,0
0,0.0302635623664249,2016,0
0,0.0302635623664249,2016,0
0,0.0302635623664249,2016,0
0,0.0302635623664249,2016,0
0,0.0226097718663449,2016,0
0,0.024206684069333,2016,0
0,0.0678183191308305,2016,0
0,0.065527031985653,2016,0
0,0.0364984308009716,2016,0
0,0.0313128716555178,2016,0
0,0.0307447616098561,2016,0
0,0.0364984308009716,2016,0
0,0.0307447616098561,2016,0
0,0.0276471803470019,2016,0
0,0.0320374888403841,2016,0
0,0.0462906250167401,2016,0
0,0.0346877105792468,2016,0
0,0.0323664983566445,2016,0
0,0.0298122833419857,2016,0
0,0.344693885382544,2016,0
0,0.199224518068894,2016,0
0,0.237084170932565,2016,0
0,0.0397602224879632,2016,0
0,0.0219314055249295,2016,0
0,0.0315502057980741,2016,0
0,0.0315502057980741,2016,0
0,0.0315502057980741,2016,0
0,0.0240042295151115,2016,0
0,0.0240042295151115,2016,0
0,0.0721552601153808,2016,0
0,0.0369460161402189,2016,0
0,0.0666064374786126,2016,0
0,0.0374593700457107,2016,0
0,0.0321759800377713,2016,0
0,0.0290440619196748,2016,0
0,0.0316550041881223,2016,0
0,0.0374593700457107,2016,0
0,0.0316550041881223,2016,0
0,0.0319362744594237,2016,0
0,0.0328978744118,2016,0
0,0.030258325450512,2016,0
0,0.0462347959249818,2016,0
0,0.034828560473347,2016,0
0,0.205616784795705,2016,0
0,0.34823447570938,2016,0
0,0.2428826064732,2016,0
0,0.0408240146123201,2016,0
0,0.0311505136211606,2016,0
0,0.0311505136211606,2016,0
0,0.0311505136211606,2016,0
0,0.0242597712161663,2016,0
0,0.0242597712161663,2016,0
0,0.0711546941177778,2016,0
0,0.0357692703460875,2016,0
0,0.0644145641757702,2016,0
0,0.0644145641757702,2016,0
0,0.0311346235534077,2016,0
0,0.030650430018475,2016,0
0,0.036077026453053,2016,0
0,0.0282257374479765,2016,0
0,0.030650430018475,2016,0
0,0.036077026453053,2016,0
0,0.0309013771677786,2016,0
0,0.0319099627497791,2016,0
0,0.0336688264874964,2016,0
0,0.0441855072172212,2016,0
0,0.0294315122121295,2016,0
0,0.0408072592225412,2016,0
0,0.0304816211664533,2016,0
0,0.0304816211664533,2016,0
0,0.0304816211664533,2016,0
0,0.0236240680089182,2016,0
0,0.0236240680089182,2016,0
0,0.0192693673180728,2016,0
0,0.0214451335242202,2016,0
0,0.0235475529979033,2016,0
0,0.0670472502932611,2016,0
0,0.061385862749414,2016,0
0,0.061385862749414,2016,0
0,0.034400424456665,2016,0
0,0.034400424456665,2016,0
0,0.0292938798435985,2016,0
0,0.029781106048087,2016,0
0,0.0292938798435985,2016,0
0,0.026684056807841,2016,0
0,0.0295001279959689,2016,0
0,0.0421455109780812,2016,0
0,0.0323892878931914,2016,0
0,0.0305253372968008,2016,0
0,0.0282697304888478,2016,0
0,0.0395043129431091,2016,0
0,0.0298824319002876,2016,0
0,0.0298824319002876,2016,0
0,0.0298824319002876,2016,0
0,0.0298824319002876,2016,0
0,0.0298824319002876,2016,0
0,0.0229414228845739,2016,0
0,0.0188922378153553,2016,0
0,0.0580656690642111,2016,0
0,0.0580656690642111,2016,0
0,0.032182869583779,2016,0
0,0.0245792102412596,2016,0
0,0.0279856566340968,2016,0
0,0.032182869583779,2016,0
0,0.0274885525970722,2016,0
0,0.0274885525970722,2016,0
0,0.028076507720037,2016,0
0,0.0309892598358157,2016,0
0,0.0399649409262207,2016,0
0,0.0289009107910413,2016,0
0,0.0269074292814849,2016,0
0,0.0584001452377577,2016,0
0,0.0365338051595642,2016,0
0,0.0292952923245197,2016,0
0,0.0292952923245197,2016,0
0,0.0292952923245197,2016,0
0,0.0227212995216892,2016,0
0,0.0227212995216892,2016,0
0,0.0695449213164735,2016,0
0,0.0695449213164735,2016,0
0,0.0573973978778905,2016,0
0,0.0573973978778905,2016,0
0,0.0270276649271393,2016,0
0,0.0248126676190358,2016,0
0,0.031124978705913,2016,0
0,0.0270276649271393,2016,0
0,0.0274191921505829,2016,0
0,0.031124978705913,2016,0
0,0.0280272739271313,2016,0
0,0.0389349995513512,2016,0
0,0.0291810678140413,2016,0
0,0.0271866973594008,2016,0
0,0.0307590216765405,2016,0
0,0.0588056761192271,2016,0
0,0.035747538213826,2016,0
0,0.029959003909012,2016,0
0,0.029959003909012,2016,0
0,0.029959003909012,2016,0
0,0.0234366267705332,2016,0
0,0.0234366267705332,2016,0
0,0.0758137425753605,2016,0
0,0.0707801420495318,2016,0
0,0.0707801420495318,2016,0
0,0.0206914108847783,2016,0
0,0.059464078962889,2016,0
0,0.059464078962889,2016,0
0,0.0323228614409065,2016,0
0,0.0284522747144942,2016,0
0,0.0323228614409065,2016,0
0,0.0280927212829323,2016,0
0,0.0280927212829323,2016,0
0,0.0262646351024568,2016,0
0,0.0287208808862435,2016,0
0,0.031379543631487,2016,0
0,0.0397764998772618,2016,0
0,0.030087405748805,2016,0
0,0.0279472207904298,2016,0
0,0.0601278061768881,2016,0
0,0.0387593340581272,2016,0
0,0.0301043395788236,2016,0
0,0.0301043395788236,2016,0
0,0.0301043395788236,2016,0
0,0.0235249207814904,2016,0
0,0.0235249207814904,2016,0
0,0.0778805100998529,2016,0
0,0.068390225074403,2016,0
0,0.0607723632427552,2016,0
0,0.0595600320169093,2016,0
0,0.0595600320169093,2016,0
0,0.0284903975357877,2016,0
0,0.0262464703183273,2016,0
0,0.0284903975357877,2016,0
0,0.0331450976057354,2016,0
0,0.0331450976057354,2016,0
0,0.0289167601007441,2016,0
0,0.0284350620197996,2016,0
0,0.0275059685558401,2016,0
0,0.031162802930969,2016,0
0,0.0398557114889305,2016,0
0,0.0296056798503596,2016,0
0,0.0587481805162185,2016,0
0,0.0689385070236276,2016,0
0,0.0296833218387738,2016,0
0,0.0296833218387738,2016,0
0,0.0296833218387738,2016,0
0,0.0296833218387738,2016,0
0,0.0232871289696303,2016,0
0,0.0232871289696303,2016,0
0,0.0232871289696303,2016,0
0,0.0575041765090613,2016,0
0,0.0575041765090613,2016,0
0,0.0258002243522456,2016,0
0,0.0279978145249702,2016,0
0,0.0284119265983071,2016,0
0,0.0324944084173065,2016,0
0,0.0279978145249702,2016,0
0,0.0324944084173065,2016,0
0,0.0276187961581732,2016,0
0,0.0289346456855862,2016,0
0,0.0304148784443022,2016,0
0,0.0269395617289604,2016,0
0,0.0385949326084332,2016,0
0,0.0573136546212842,2016,0
0,0.0342663706622893,2016,0
0,0.0679130519940162,2016,0
0,0.0285820676035856,2016,0
0,0.0285820676035856,2016,0
0,0.0285820676035856,2016,0
0,0.0285820676035856,2016,0
0,0.0285820676035856,2016,0
0,0.0222671000354971,2016,0
0,0.0222671000354971,2016,0
0,0.0222671000354971,2016,0
0,0.0222671000354971,2016,0
0,0.0730480713555571,2016,0
0,0.0630013238101863,2016,0
0,0.0299915316307977,2016,0
0,0.0558409127084915,2016,0
0,0.0558409127084915,2016,0
0,0.0311404896488229,2016,0
0,0.0251493178138342,2016,0
0,0.0270562229589704,2016,0
0,0.0311404896488229,2016,0
0,0.0270562229589704,2016,0
0,0.0274204209933637,2016,0
0,0.0271685305130552,2016,0
0,0.026470084541103,2016,0
0,0.0374400196712286,2016,0
0,0.0283864622950652,2016,0
0,0.029727364170618,2016,0
0,0.0560362889020567,2016,0
0,0.0643480712257531,2016,0
0,0.0643480712257531,2016,0
0,0.0362399518532942,2016,0
0,0.0633350154113318,2016,0
0,0.0303366584585956,2016,0
0,0.0270822642275073,2016,0
0,0.0270822642275073,2016,0
0,0.0270822642275073,2016,0
0,0.0270822642275073,2016,0
0,0.0270822642275073,2016,0
0,0.0624806225309496,2016,0
0,0.0210208514027371,2016,0
0,0.0210208514027371,2016,0
0,0.0210208514027371,2016,0
0,0.0210208514027371,2016,0
0,0.0628253295226609,2016,0
0,0.0628253295226609,2016,0
0,0.0617937895833105,2016,0
0,0.0296682524367428,2016,0
0,0.0547936614600649,2016,0
0,0.0547936614600649,2016,0
0,0.0260733874610417,2016,0
0,0.024295961152012,2016,0
0,0.0298203378357235,2016,0
0,0.0298203378357235,2016,0
0,0.0264077851769745,2016,0
0,0.0260733874610417,2016,0
0,0.026779161204065,2016,0
0,0.026003645480841,2016,0
0,0.0366441503829842,2016,0
0,0.0291832414702524,2016,0
0,0.0278487197209889,2016,0
0,0.0646063657297842,2016,0
0,0.0646063657297842,2016,0
0,0.0376813881344449,2016,0
0,0.0290665132058487,2016,0
0,0.0290665132058487,2016,0
0,0.0290665132058487,2016,0
0,0.0290665132058487,2016,0
0,0.0290665132058487,2016,0
0,0.0669306998417482,2016,0
0,0.0223148511864735,2016,0
0,0.0223148511864735,2016,0
0,0.0223148511864735,2016,0
0,0.0223148511864735,2016,0
0,0.0675403233730503,2016,0
0,0.0675403233730503,2016,0
0,0.0690346422233554,2016,0
0,0.0291532849561936,2016,0
0,0.0546000258669332,2016,0
0,0.0546000258669332,2016,0
0,0.0300048372485193,2016,0
0,0.0260261093962315,2016,0
0,0.0260261093962315,2016,0
0,0.0264250028389752,2016,0
0,0.0237247016606792,2016,0
0,0.0300048372485193,2016,0
0,0.0262758295389719,2016,0
0,0.0277244576482806,2016,0
0,0.0374561091630886,2016,0
0,0.0258893169173606,2016,0
0,0.0294754428615174,2016,0
0,0.0700553709379753,2016,0
0,0.0700553709379753,2016,0
0,0.0385415476820892,2016,0
0,0.0374687111515047,2016,0
0,0.0306160566020035,2016,0
0,0.0306160566020035,2016,0
0,0.0306160566020035,2016,0
0,0.0306160566020035,2016,0
0,0.0306160566020035,2016,0
0,0.0735149502392544,2016,0
0,0.0237312210815577,2016,0
0,0.0237312210815577,2016,0
0,0.0237312210815577,2016,0
0,0.0237312210815577,2016,0
0,0.0734558459062817,2016,0
0,0.0734558459062817,2016,0
0,0.0283835035745598,2016,0
0,0.0543570766050973,2016,0
0,0.0543570766050973,2016,0
0,0.0302228563100702,2016,0
0,0.0266905267578979,2016,0
0,0.0263126134198759,2016,0
0,0.0263126134198759,2016,0
0,0.0302228563100702,2016,0
0,0.0241552023961283,2016,0
0,0.0264205479900214,2016,0
0,0.0381550494735626,2016,0
0,0.0300143350710492,2016,0
0,0.0264164524073857,2016,0
0,0.0283267134431445,2016,0
0,0.0717983911334882,2016,0
0,0.0717983911334882,2016,0
0,0.037916174219404,2016,0
0,0.0296390705462505,2016,0
0,0.0296390705462505,2016,0
0,0.0296390705462505,2016,0
0,0.0716448202103339,2016,0
0,0.0232343731875718,2016,0
0,0.0232343731875718,2016,0
0,0.0232343731875718,2016,0
0,0.0724781446779116,2016,0
0,0.0724781446779116,2016,0
0,0.0289245963058174,2016,0
0,0.0546551695355637,2016,0
0,0.0546551695355637,2016,0
0,0.0252529043867752,2016,0
0,0.0287553549068491,2016,0
0,0.0287553549068491,2016,0
0,0.0231714281733297,2016,0
0,0.0252529043867752,2016,0
0,0.0256000193351506,2016,0
0,0.0272255148344753,2016,0
0,0.0265250061579147,2016,0
0,0.0383036505990368,2016,0
0,0.0301918633145686,2016,0
0,0.0284237568944211,2016,0
0,0.0720679083749253,2016,0
0,0.0701019884602982,2016,0
0,0.0701019884602982,2016,0
0,0.0344648777023417,2016,0
0,0.0412344794324583,2016,0
0,0.0295211854451196,2016,0
0,0.0295211854451196,2016,0
0,0.0295211854451196,2016,0
0,0.0699161981617534,2016,0
0,0.0589150109182891,2016,0
0,0.0409251511652291,2016,0
0,0.0219441284636588,2016,0
0,0.0219441284636588,2016,0
0,0.0219441284636588,2016,0
0,0.0219441284636588,2016,0
0,0.0693706125974941,2016,0
0,0.0141302902552571,2016,0
0,0.0151948949896275,2016,0
0,0.0285005994252531,2016,0
0,0.0545711869065411,2016,0
0,0.0545711869065411,2016,0
0,0.0297702907350637,2016,0
0,0.0259535658928969,2016,0
0,0.0297702907350637,2016,0
0,0.0263321906902703,2016,0
0,0.0259535658928969,2016,0
0,0.0237361081799214,2016,0
0,0.026959019047765,2016,0
0,0.0307389138749593,2016,0
0,0.0289089574807038,2016,0
0,0.0393118307529133,2016,0
0,0.0269237150070487,2016,0
0,0.0685765987161965,2016,0
0,0.0354126192507406,2016,0
0,0.0687003009049036,2016,0
0,0.0387017579374973,2016,0
0,0.0341997877797141,2016,0
0,0.0280477737268489,2016,0
0,0.0280477737268489,2016,0
0,0.0682677620643462,2016,0
0,0.0521174215254797,2016,0
0,0.0378062415722147,2016,0
0,0.0205813664037221,2016,0
0,0.0205813664037221,2016,0
0,0.0205813664037221,2016,0
0,0.0678172032064741,2016,0
0,0.0136443327739452,2016,0
0,0.0125345564448385,2016,0
0,0.0273536384909184,2016,0
0,0.0525797369427802,2016,0
0,0.0525797369427802,2016,0
0,0.0291345910234365,2016,0
0,0.025332203636228,2016,0
0,0.025332203636228,2016,0
0,0.0229485552627304,2016,0
0,0.0291345910234365,2016,0
0,0.0257300522175022,2016,0
0,0.0260122944589785,2016,0
0,0.0385424257352202,2016,0
0,0.0262623638138436,2016,0
0,0.0301191339372106,2016,0
0,0.0281488367597747,2016,0
0,0.0655531364615048,2016,0
0,0.0655531364615048,2016,0
0,0.0326926725363382,2016,0
0,0.0349637043349104,2016,0
0,0.0640694371971804,2016,0
0,0.0107403048196321,2016,0
0,0.0308329255299481,2016,0
0,0.0180543124219131,2016,0
0,0.0242934619980402,2016,0
0,0.0613133904128405,2016,0
0,0.0367901765574504,2016,0
0,0.0367901765574504,2016,0
0,0.0176433664506709,2016,0
0,0.0176433664506709,2016,0
0,0.0176433664506709,2016,0
0,0.0603766019956497,2016,0
0,0.0373282549712816,2016,0
0,0.00990788130248485,2016,0
0,0.0250616155004342,2016,0
0,0.0461332448825278,2016,0
0,0.0461332448825278,2016,0
0,0.0221471762664363,2016,0
0,0.024881551833214,2016,0
0,0.0224463310386719,2016,0
0,0.0202045021205236,2016,0
0,0.0221471762664363,2016,0
0,0.024881551833214,2016,0
0,0.0240270028745856,2016,0
0,0.0242452930928152,2016,0
0,0.0273735042475721,2016,0
0,0.0338182907564159,2016,0
0,0.0257558581719776,2016,0
0,0.0594861245983349,2016,0
0,0.0594861245983349,2016,0
0,0.0256479204313784,2016,0
0,0.0304766966894821,2016,0
0,0.0590265694930657,2016,0
0,0.0229399331132364,2016,0
0,0.0581663656417336,2016,0
0,0.0372134100416797,2016,0
0,0.0372134100416797,2016,0
0,0.0172411139182395,2016,0
0,0.0172411139182395,2016,0
0,0.0386550004478983,2016,0
0,0.0102437809180336,2016,0
0,0.0471425377439357,2016,0
0,0.024528426107749,2016,0
0,0.0432342876454839,2016,0
0,0.0432342876454839,2016,0
0,0.0193023726963823,2016,0
0,0.0237355521291074,2016,0
0,0.0212072130505239,2016,0
0,0.0212072130505239,2016,0
0,0.021494071205561,2016,0
0,0.0237355521291074,2016,0
0,0.0228125498204754,2016,0
0,0.0245876018246899,2016,0
0,0.0232429324367282,2016,0
0,0.0260851380871957,2016,0
0,0.0317571368941612,2016,0
0,0.053044575818647,2016,0
0,0.0570595519383079,2016,0
0,0.0231844862841817,2016,0
0,0.0279945759432959,2016,0
0,0.0296086643336285,2016,0
0,0.0226663927404135,2016,0
0,0.0585072379452857,2016,0
0,0.0409274656895602,2016,0
0,0.0409274656895602,2016,0
0,0.01786769493491,2016,0
0,0.01786769493491,2016,0
0,0.01786769493491,2016,0
0,0.0401263076298273,2016,0
0,0.0401263076298273,2016,0
0,0.0105065034937714,2016,0
0,0.0464733056047502,2016,0
0,0.0246061935266039,2016,0
0,0.041996847011256,2016,0
0,0.041996847011256,2016,0
0,0.0230158950273812,2016,0
0,0.0209387303189169,2016,0
0,0.0211306614545436,2016,0
0,0.0209387303189169,2016,0
0,0.0230158950273812,2016,0
0,0.0197219345931017,2016,0
0,0.0224300195452666,2016,0
0,0.0298371853283253,2016,0
0,0.0232466340481929,2016,0
0,0.0245360751389305,2016,0
0,0.0253291405123525,2016,0
0,0.0582259922770978,2016,0
0,0.0237856551720351,2016,0
0,0.0285961764269675,2016,0
0,0.0261810502510693,2016,0
0,0.0225115398965692,2016,0
0,0.0580309608303129,2016,0
0,0.0372419603619296,2016,0
0,0.0372419603619296,2016,0
0,0.0372419603619296,2016,0
0,0.0177522709786328,2016,0
0,0.0177522709786328,2016,0
0,0.0177522709786328,2016,0
0,0.0177522709786328,2016,0
0,0.0577807842679787,2016,0
0,0.035582158741246,2016,0
0,0.035582158741246,2016,0
0,0.00922107823498868,2016,0
0,0.0459444849099229,2016,0
0,0.0230440729014921,2016,0
0,0.0402334850054278,2016,0
0,0.0402334850054278,2016,0
0,0.0211192769570468,2016,0
0,0.0211192769570468,2016,0
0,0.0194592141700839,2016,0
0,0.0196121285157273,2016,0
0,0.0184288572002401,2016,0
0,0.0194592141700839,2016,0
0,0.0215039382218748,2016,0
0,0.0221614447546774,2016,0
0,0.0239037263195734,2016,0
0,0.0275782067484109,2016,0
0,0.0232715085391468,2016,0
0,0.0583281570167731,2016,0
0,0.0583281570167731,2016,0
0,0.0234987195816091,2016,0
0,0.0285094535908281,2016,0
0,0.0226585550769035,2016,0
0,0.0564681898948061,2016,0
0,0.0337012109341651,2016,0
0,0.0337012109341651,2016,0
0,0.0337012109341651,2016,0
0,0.0175226742164494,2016,0
0,0.0175226742164494,2016,0
0,0.0175226742164494,2016,0
0,0.0175226742164494,2016,0
1,0.0198794977796616,2016,0
1,0.0399660111097983,2016,0
1,0.0245538522845022,2016,0
1,0.0862876865965103,2016,0
1,0.0717640727302963,2016,0
1,0.0255510920207102,2016,0
1,0.0343360828477533,2016,0
1,0.0225065966574503,2016,0
1,0.0296390705462505,2016,0
1,0.0278561304058705,2016,0
1,0.0242934619980402,2016,0
1,0.065527031985653,2016,0
1,0.0391361423281882,2016,0
1,0.357758418711157,2016,0
1,0.342373216360661,2016,0
1,0.0198794977796616,2016,0
1,0.0319118964554424,2016,0
1,0.0240847555343078,2016,0
1,0.0257558457387965,2016,0
1,0.0283407100664097,2016,0
1,0.0472957125127155,2016,0
1,0.0211023470602111,2016,0
1,0.0250783819551863,2016,0
1,0.0157248638766207,2016,0
1,0.0812463066074063,2016,0
1,0.0687368216790649,2016,0
1,0.0712980887075076,2016,0
1,0.011327051459249,2016,0
1,0.0653317850992551,2016,0
1,0.0681812907351045,2016,0
1,0.0675403233730503,2016,0
1,0.0724781446779116,2016,0
1,0.068390225074403,2016,0
1,0.0554818905195338,2016,0
1,0.0255440384232181,2016,0
1,0.0242934619980402,2016,0
0,0.0460264865491116,2017,0
0,0.0267377731748206,2017,0
0,0.0411035016100525,2017,0
0,0.029974297750899,2017,0
0,0.0300599380727141,2017,0
0,0.0300599380727141,2017,0
0,0.0215826047564531,2017,0
0,0.0206539998566135,2017,0
0,0.0209069693063249,2017,0
0,0.0215826047564531,2017,0
0,0.0206539998566135,2017,0
0,0.019083981604003,2017,0
0,0.0258836972467129,2017,0
0,0.0251228090385556,2017,0
0,0.0232681162937807,2017,0
0,0.0261547370243516,2017,0
0,0.0237818598845607,2017,0
0,0.0426625548364197,2017,0
0,0.0280249805305687,2017,0
0,0.0315397281594163,2017,0
0,0.0236856431710083,2017,0
0,0.0414901001665062,2017,0
0,0.0225287141625492,2017,0
0,0.0175133139313278,2017,0
0,0.0175133139313278,2017,0
0,0.0175133139313278,2017,0
0,0.0418204122477092,2017,0
0,0.0224058333128829,2017,0
0,0.0368812836947296,2017,0
0,0.0222424984605563,2017,0
0,0.0171291896715584,2017,0
0,0.0281522252866576,2017,0
0,0.0277184216789164,2017,0
0,0.0277184216789164,2017,0
0,0.0189683585725736,2017,0
0,0.0187611097179373,2017,0
0,0.0194713157062477,2017,0
0,0.0194713157062477,2017,0
0,0.0187611097179373,2017,0
0,0.0175602978183555,2017,0
0,0.0231049665729423,2017,0
0,0.0214838474949409,2017,0
0,0.0297253724474762,2017,0
0,0.0416321962917338,2017,0
0,0.0234352099954402,2017,0
0,0.0263494213043244,2017,0
0,0.0300042263462605,2017,0
0,0.023089852955431,2017,0
0,0.0205493515843197,2017,0
0,0.017524238050023,2017,0
0,0.017524238050023,2017,0
0,0.017524238050023,2017,0
0,0.0443298083746635,2017,0
0,0.020864748277963,2017,0
0,0.020864748277963,2017,0
0,0.0110220043265328,2017,0
0,0.0356894688259379,2017,0
0,0.0212617832428136,2017,0
0,0.0175436862336119,2017,0
0,0.0571302840562311,2017,0
0,0.0263474462729237,2017,0
0,0.0262756765181779,2017,0
0,0.0262756765181779,2017,0
0,0.0181198732062145,2017,0
0,0.0177162578964894,2017,0
0,0.0175333012775483,2017,0
0,0.0181198732062145,2017,0
0,0.0175333012775483,2017,0
0,0.0165152685382609,2017,0
0,0.0217338133627134,2017,0
0,0.0202629251928219,2017,0
0,0.0676346882144091,2017,0
0,0.0452751536702599,2017,0
0,0.0240406048634575,2017,0
0,0.0240406048634575,2017,0
0,0.0258002802408493,2017,0
0,0.0289512535018149,2017,0
0,0.0187950591672263,2017,0
0,0.0239137120660673,2017,0
0,0.0213967821051731,2017,0
0,0.0188843115502397,2017,0
0,0.0188843115502397,2017,0
0,0.0401654733773815,2017,0
0,0.0262673319351432,2017,0
0,0.0421616620712075,2017,0
0,0.0216915267526603,2017,0
0,0.0216915267526603,2017,0
0,0.0114812457104845,2017,0
0,0.0355199062155268,2017,0
0,0.0219198164682264,2017,0
0,0.0551792496424434,2017,0
0,0.0183067153332413,2017,0
0,0.0183067153332413,2017,0
0,0.0177639941626479,2017,0
0,0.0165542766161269,2017,0
0,0.0179629058535777,2017,0
0,0.0177639941626479,2017,0
0,0.0207472169904088,2017,0
0,0.0223718357562354,2017,0
0,0.0414811913744357,2017,0
0,0.0253990876693286,2017,0
0,0.0253990876693286,2017,0
0,0.024871878581357,2017,0
0,0.0280941693047117,2017,0
0,0.0222896909449456,2017,0
0,0.0222896909449456,2017,0
0,0.0266398781078712,2017,0
0,0.0266398781078712,2017,0
0,0.022934391811441,2017,0
0,0.022934391811441,2017,0
0,0.0234771956549865,2017,0
0,0.0127532117884461,2017,0
0,0.0394193309980437,2017,0
0,0.0240001463093954,2017,0
0,0.0583744238103269,2017,0
0,0.0205316600332764,2017,0
0,0.0182313947025082,2017,0
0,0.0205316600332764,2017,0
0,0.020841028753246,2017,0
0,0.0212147056954799,2017,0
0,0.0212147056954799,2017,0
0,0.0238523390984669,2017,0
0,0.0262946187486328,2017,0
0,0.0325462747540656,2017,0
0,0.0497176620444343,2017,0
0,0.029086296828224,2017,0
0,0.029086296828224,2017,0
0,0.0298998432161662,2017,0
0,0.0324184183858353,2017,0
0,0.0240669351410273,2017,0
0,0.0291776204416483,2017,0
0,0.0291776204416483,2017,0
0,0.0237893115971183,2017,0
0,0.0237893115971183,2017,0
0,0.0235115773288803,2017,0
0,0.0126036259137129,2017,0
0,0.0426264232918151,2017,0
0,0.0231257350549324,2017,0
0,0.0567585586951675,2017,0
0,0.0208375701087304,2017,0
0,0.0208375701087304,2017,0
0,0.0185164866492047,2017,0
0,0.0203005291619025,2017,0
0,0.0200567816175178,2017,0
0,0.0200567816175178,2017,0
0,0.0231534528323888,2017,0
0,0.0250219648438168,2017,0
0,0.0251193991606202,2017,0
0,0.0270724614975162,2017,0
0,0.0270724614975162,2017,0
0,0.0306437295025295,2017,0
0,0.0316536392971603,2017,0
0,0.0253917020456929,2017,0
0,0.0253917020456929,2017,0
0,0.0253917020456929,2017,0
0,0.0192911250273937,2017,0
0,0.0192911250273937,2017,0
0,0.0192911250273937,2017,0
0,0.0212289960592697,2017,0
0,0.0104192739909582,2017,0
0,0.0387027373722667,2017,0
0,0.0205480608775621,2017,0
0,0.0175317652201777,2017,0
0,0.0169537805420711,2017,0
0,0.0170524413298814,2017,0
0,0.0169537805420711,2017,0
0,0.0169383009650004,2017,0
0,0.0175317652201777,2017,0
0,0.0214598533596591,2017,0
0,0.0214209814894201,2017,0
0,0.0200687868885023,2017,0
0,0.0205178986072297,2017,0
0,0.019681716450072,2017,0
0,0.0206131937309242,2017,0
0,0.0234511293351584,2017,0
0,0.0234511293351584,2017,0
0,0.0252138599680478,2017,0
0,0.0269561021672349,2017,0
0,0.0243236591305998,2017,0
0,0.0243236591305998,2017,0
0,0.0194671109296579,2017,0
0,0.0194671109296579,2017,0
0,0.0194671109296579,2017,0
0,0.0194671109296579,2017,0
0,0.0217700067040745,2017,0
0,0.0104403396107137,2017,0
0,0.036808993359875,2017,0
0,0.0399477735593236,2017,0
0,0.0216977469472608,2017,0
0,0.0170229395009897,2017,0
0,0.0171377914503439,2017,0
0,0.0175745621053696,2017,0
0,0.0171377914503439,2017,0
0,0.0175745621053696,2017,0
0,0.0172412391490512,2017,0
0,0.0218266519226163,2017,0
0,0.020098344876395,2017,0
0,0.0215925572460539,2017,0
0,0.0205738817881216,2017,0
0,0.0210661193073933,2017,0
0,0.0301332740680034,2017,0
0,0.0241853774310073,2017,0
0,0.0241853774310073,2017,0
0,0.0220189406688984,2017,0
0,0.0252647014765486,2017,0
0,0.0251511579933997,2017,0
0,0.0251511579933997,2017,0
0,0.0203480155217612,2017,0
0,0.0203480155217612,2017,0
0,0.0248715325944076,2017,0
0,0.0120555091613134,2017,0
0,0.037179166296637,2017,0
0,0.0257123011128013,2017,0
0,0.0524200648575618,2017,0
0,0.0178332653894306,2017,0
0,0.0170380949773112,2017,0
0,0.0178332653894306,2017,0
0,0.0174348558449938,2017,0
0,0.0175611187035952,2017,0
0,0.0174348558449938,2017,0
0,0.0228646050718208,2017,0
0,0.0219381008367754,2017,0
0,0.0207424167833232,2017,0
0,0.0212340554214724,2017,0
0,0.0223076260255528,2017,0
0,0.0350858356402229,2017,0
0,0.0258776246910543,2017,0
0,0.0258776246910543,2017,0
0,0.0238136904183678,2017,0
0,0.0283862133709182,2017,0
0,0.0252587003352922,2017,0
0,0.0252587003352922,2017,0
0,0.0252587003352922,2017,0
0,0.0216730491316242,2017,0
0,0.0263116371499467,2017,0
0,0.0390693328544173,2017,0
0,0.02742220331221,2017,0
0,0.0647095679572181,2017,0
0,0.0204697744896263,2017,0
0,0.0201528570124723,2017,0
0,0.0199394170684087,2017,0
0,0.0199394170684087,2017,0
0,0.0186681322512397,2017,0
0,0.0204697744896263,2017,0
0,0.0263288434983582,2017,0
0,0.0254515353301159,2017,0
0,0.0282186759346242,2017,0
0,0.0316891781403145,2017,0
0,0.0362725748359923,2017,0
0,0.028321374737637,2017,0
0,0.028321374737637,2017,0
0,0.028321374737637,2017,0
0,0.0273898019572308,2017,0
0,0.0312153003225419,2017,0
0,0.0438044953273837,2017,0
0,0.0435714870286721,2017,0
0,0.0377477038003086,2017,0
0,0.0285350642359127,2017,0
0,0.0285350642359127,2017,0
0,0.0256731740215244,2017,0
0,0.0267283744619156,2017,0
0,0.0264820868421438,2017,0
0,0.0264820868421438,2017,0
0,0.0282254413391674,2017,0
0,0.0296042886833676,2017,0
0,0.0302913952255898,2017,0
0,0.0402820712888797,2017,0
0,0.0389816216564367,2017,0
0,0.0304303960591712,2017,0
0,0.0304303960591712,2017,0
0,0.0304303960591712,2017,0
0,0.0308900342752934,2017,0
0,0.0376788920056198,2017,0
0,0.017424203305964,2017,0
0,0.0440032494718504,2017,0
0,0.0262936414171514,2017,0
0,0.0279121981836148,2017,0
0,0.0258691115527541,2017,0
0,0.0279121981836148,2017,0
0,0.0258691115527541,2017,0
0,0.0279747192066045,2017,0
0,0.0272692670679561,2017,0
0,0.031508221156231,2017,0
0,0.0405630105826498,2017,0
0,0.0317486853371791,2017,0
0,0.0317486853371791,2017,0
0,0.017681521206107,2017,0
0,0.0268843860681831,2017,0
0,0.0268843860681831,2017,0
0,0.0251024546753568,2017,0
0,0.0251024546753568,2017,0
0,0.0260188711867759,2017,0
0,0.0280610850409421,2017,0
0,0.0269039039004143,2017,0
0,0.027359564279467,2017,0
0,0.0265518509918713,2017,0
0,0.0306264251436144,2017,0
0,0.0399781732240247,2017,0
0,0.0326907957616288,2017,0
0,0.0383459202677249,2017,0
0,0.0330921957514608,2017,0
0,0.0330921957514608,2017,0
0,0.0197120950977371,2017,0
0,0.0197120950977371,2017,0
0,0.0262651956734485,2017,0
0,0.0263935586903751,2017,0
0,0.0280719655164631,2017,0
0,0.0268528389841422,2017,0
0,0.0280719655164631,2017,0
0,0.0262651956734485,2017,0
0,0.0285797085766631,2017,0
0,0.0292045529952773,2017,0
0,0.0344764476100899,2017,0
0,0.0350997308275304,2017,0
0,0.0350997308275304,2017,0
0,0.0289200465081965,2017,0
0,0.030883759683479,2017,0
0,0.028762892410001,2017,0
0,0.031576903440146,2017,0
0,0.0308773997716213,2017,0
0,0.035689736623024,2017,0
0,0.0364149247857701,2017,0
0,0.0364149247857701,2017,0
0,0.0337001570041478,2017,0
0,0.0627556159071775,2017,0
0,0.0378459564694142,2017,0
0,0.0387168531114004,2017,0
0,0.0387168531114004,2017,0
0,0.0337898076687324,2017,0
0,0.0385152404857515,2017,0
0,0.0373370396258515,2017,0
0,0.0373370396258515,2017,0
0,0.0295445039160358,2017,0
0,0.0295445039160358,2017,0
0,0.0313611531131763,2017,0
0,0.02975817660786,2017,0
0,0.0292371327009854,2017,0
0,0.0331149152099759,2017,0
0,0.03532795702604,2017,0
0,0.0315684539705967,2017,0
0,0.0313941075714241,2017,0
0,0.0328417184769829,2017,0
0,0.035956182830771,2017,0
0,0.0346112171743709,2017,0
0,0.0276798354225461,2017,0
0,0.0325812720666425,2017,0
0,0.0303184223357011,2017,0
0,0.0305742564304409,2017,0
0,0.0303184223357011,2017,0
0,0.0296775447650231,2017,0
0,0.0330132611021218,2017,0
0,0.0314977223271743,2017,0
0,0.0362049830976099,2017,0
0,0.0330287233957745,2017,0
0,0.0314075017484566,2017,0
0,0.0349165447676698,2017,0
0,0.0356463672751615,2017,0
0,0.0288943767335043,2017,0
0,0.0324711415679885,2017,0
0,0.035416545109002,2017,0
0,0.0314574722926587,2017,0
0,0.035416545109002,2017,0
0,0.0324711415679885,2017,0
0,0.032785005719619,2017,0
0,0.0347991505917116,2017,0
0,0.03453255029997,2017,0
0,0.0329208832105844,2017,0
0,0.0324429108507684,2017,0
0,0.0388476478391396,2017,0
0,0.0370992315234918,2017,0
0,0.0384323615453657,2017,0
0,0.0405919183111622,2017,0
0,0.0239229267444241,2017,0
0,0.0318877601408405,2017,0
0,0.0324709546843051,2017,0
0,0.0349581427659305,2017,0
0,0.0345305061479241,2017,0
0,0.0381672525548316,2017,0
0,0.0345305061479241,2017,0
0,0.0381672525548316,2017,0
0,0.0377211370966524,2017,0
0,0.0335627670187881,2017,0
0,0.0364188644012229,2017,0
0,0.0343245595394878,2017,0
0,0.0417147595511701,2017,0
0,0.0400159515332392,2017,0
0,0.0345328239784303,2017,0
0,0.0363323006783649,2017,0
0,0.0407177818860407,2017,0
0,0.0363323006783649,2017,0
0,0.0369595553228994,2017,0
0,0.0407177818860407,2017,0
0,0.032276949785873,2017,0
0,0.041154418615424,2017,0
0,0.0347589848832488,2017,0
0,0.0357963137286716,2017,0
0,0.0388002372231653,2017,0
0,0.0451965708088677,2017,0
0,0.03452838119994,2017,0
0,0.03452838119994,2017,0
0,0.035021648383353,2017,0
0,0.0482915116003534,2017,0
0,0.0525610253137471,2017,0
0,0.0525610253137471,2017,0
0,0.036457499066039,2017,0
0,0.0317844161505807,2017,0
0,0.0404486817724718,2017,0
0,0.0404486817724718,2017,0
0,0.0358272859194082,2017,0
0,0.0358272859194082,2017,0
0,0.0404518161610705,2017,0
0,0.0351197190374558,2017,0
0,0.0450597998149295,2017,0
0,0.0337464763235113,2017,0
0,0.0378146607333466,2017,0
0,0.0403266684666179,2017,0
0,0.0423737202682468,2017,0
0,0.0417560534421367,2017,0
0,0.0679267861509582,2017,0
0,0.03469911501564,2017,0
0,0.03469911501564,2017,0
0,0.03469911501564,2017,0
0,0.0247021515690415,2017,0
0,0.0247021515690415,2017,0
0,0.023301834798541,2017,0
0,0.0341535072477995,2017,0
0,0.0531500518242809,2017,0
0,0.0531500518242809,2017,0
0,0.033414835610254,2017,0
0,0.0400477674465453,2017,0
0,0.03542421807977,2017,0
0,0.03542421807977,2017,0
0,0.0358770765162078,2017,0
0,0.0400477674465453,2017,0
0,0.0358405749033686,2017,0
0,0.0343352819334037,2017,0
0,0.0397793981409862,2017,0
0,0.0395323194936798,2017,0
0,0.0393604073326314,2017,0
0,0.065304813156054,2017,0
0,0.032343747179657,2017,0
0,0.032343747179657,2017,0
0,0.032343747179657,2017,0
0,0.0249248313227415,2017,0
0,0.0322116276997219,2017,0
0,0.0397288047877955,2017,0
0,0.0397288047877955,2017,0
0,0.0351487227952772,2017,0
0,0.035577971377513,2017,0
0,0.0351487227952772,2017,0
0,0.0339133854381283,2017,0
0,0.0353120553280962,2017,0
0,0.0392546866426452,2017,0
0,0.0379452956947789,2017,0
0,0.0306811489104106,2017,0
0,0.0306811489104106,2017,0
0,0.0306811489104106,2017,0
0,0.0278418186089349,2017,0
0,0.0307506060975656,2017,0
0,0.0340309161274255,2017,0
0,0.0384092333844452,2017,0
0,0.0384092333844452,2017,0
0,0.0340309161274255,2017,0
0,0.0344916177367636,2017,0
0,0.032789305413861,2017,0
0,0.0344695885027646,2017,0
0,0.0370530066991717,2017,0
0,0.0375928465980051,2017,0
0,0.0308667699033447,2017,0
0,0.0308667699033447,2017,0
0,0.0308667699033447,2017,0
0,0.03033946796215,2017,0
0,0.0338642977824219,2017,0
0,0.0376633985140628,2017,0
0,0.0376633985140628,2017,0
0,0.0334422418924299,2017,0
0,0.0334422418924299,2017,0
0,0.0315715581286006,2017,0
0,0.0321026713871817,2017,0
0,0.0336284355958474,2017,0
0,0.0363973086523536,2017,0
0,0.0435357810207624,2017,0
0,0.0366793993179877,2017,0
0,0.0366762266068174,2017,0
0,0.030136423093106,2017,0
0,0.030136423093106,2017,0
0,0.030136423093106,2017,0
0,0.0246595507259005,2017,0
0,0.0223188628079262,2017,0
0,0.0300148837900144,2017,0
0,0.0516959518838106,2017,0
0,0.0368323434696784,2017,0
0,0.0327839733324255,2017,0
0,0.0368323434696784,2017,0
0,0.0327839733324255,2017,0
0,0.0306731652508439,2017,0
0,0.0332188234783794,2017,0
0,0.0332507102064571,2017,0
0,0.0316044834630146,2017,0
0,0.0363422401642192,2017,0
0,0.036413470513059,2017,0
0,0.0367911168714354,2017,0
0,0.0367911168714354,2017,0
0,0.0302139953965885,2017,0
0,0.0302139953965885,2017,0
0,0.0517171281274224,2017,0
0,0.0295631347540065,2017,0
0,0.0504656083507957,2017,0
0,0.0834796986280062,2017,0
0,0.0328785398404013,2017,0
0,0.0324614535892975,2017,0
0,0.0364264549408976,2017,0
0,0.0364264549408976,2017,0
0,0.0324614535892975,2017,0
0,0.031778682604414,2017,0
0,0.0333556221992225,2017,0
0,0.0658663378590638,2017,0
0,0.0348465957874782,2017,0
0,0.0348469669546443,2017,0
0,0.0348469669546443,2017,0
0,0.0270959605798182,2017,0
0,0.0270959605798182,2017,0
0,0.0528436932017713,2017,0
0,0.0241426892806258,2017,0
0,0.0268030582274132,2017,0
0,0.0319143447935558,2017,0
0,0.0319143447935558,2017,0
0,0.0321587772774221,2017,0
0,0.0355603308699247,2017,0
0,0.0355603308699247,2017,0
0,0.0313026453768265,2017,0
0,0.032013170033247,2017,0
0,0.0337939357900712,2017,0
0,0.0340596690762267,2017,0
0,0.0452271799926704,2017,0
0,0.0333330948908311,2017,0
0,0.0333330948908311,2017,0
0,0.0260374427208466,2017,0
0,0.0260374427208466,2017,0
0,0.0528001561206234,2017,0
0,0.0528001561206234,2017,0
0,0.0267325871766346,2017,0
0,0.0244198211541702,2017,0
0,0.0266907542310049,2017,0
0,0.0316256993157888,2017,0
0,0.0351019974792284,2017,0
0,0.0316256993157888,2017,0
0,0.0318650794848884,2017,0
0,0.0351019974792284,2017,0
0,0.0305958829670666,2017,0
0,0.0313872588289824,2017,0
0,0.0356976024448217,2017,0
0,0.0357320758526252,2017,0
0,0.0357320758526252,2017,0
0,0.0546861496109268,2017,0
0,0.0584859593855721,2017,0
0,0.0293732118510391,2017,0
0,0.0293732118510391,2017,0
0,0.0293732118510391,2017,0
0,0.0527195891412668,2017,0
0,0.0284015658705809,2017,0
0,0.0249865802795225,2017,0
0,0.0294344818084177,2017,0
0,0.0848023307085388,2017,0
0,0.0892380075923599,2017,0
0,0.0319289594889729,2017,0
0,0.035659428927929,2017,0
0,0.0323271464058612,2017,0
0,0.0319289594889729,2017,0
0,0.035659428927929,2017,0
0,0.0301114821767699,2017,0
0,0.0308353127085305,2017,0
0,0.0324579347536068,2017,0
0,0.0365761849208466,2017,0
0,0.0365761849208466,2017,0
0,0.052009922896279,2017,0
0,0.0258634767786222,2017,0
0,0.0595956218780435,2017,0
0,0.0299469984070985,2017,0
0,0.0299469984070985,2017,0
0,0.0299469984070985,2017,0
0,0.053158670817672,2017,0
0,0.0259116776912815,2017,0
0,0.0468493236924765,2017,0
0,0.0851031681809312,2017,0
0,0.088842903400791,2017,0
0,0.0290249394436126,2017,0
0,0.0350113406544298,2017,0
0,0.0316512136959695,2017,0
0,0.0312226118140899,2017,0
0,0.0350113406544298,2017,0
0,0.0312226118140899,2017,0
0,0.0323080947909922,2017,0
0,0.0305614251872189,2017,0
0,0.0368029254932862,2017,0
0,0.0364977427658082,2017,0
0,0.0364977427658082,2017,0
0,0.0505779310150194,2017,0
0,0.0612730368659337,2017,0
0,0.0306638297528851,2017,0
0,0.0306638297528851,2017,0
0,0.0530794932652727,2017,0
0,0.0268237398695247,2017,0
0,0.0476381542309942,2017,0
0,0.0860266041439696,2017,0
0,0.0884190083136463,2017,0
0,0.0353856874621929,2017,0
0,0.0353856874621929,2017,0
0,0.0297509256483062,2017,0
0,0.0315196650458432,2017,0
0,0.0315196650458432,2017,0
0,0.0319154187057608,2017,0
0,0.030828519146803,2017,0
0,0.0323196221956321,2017,0
0,0.0375116480051671,2017,0
0,0.037642698693431,2017,0
0,0.037642698693431,2017,0
0,0.0319047358500653,2017,0
0,0.037548542057011,2017,0
0,0.037548542057011,2017,0
0,0.0541815659351773,2017,0
0,0.0314938238280707,2017,0
0,0.0314938238280707,2017,0
0,0.0543512861311954,2017,0
0,0.0283616331683924,2017,0
0,0.0866011231828992,2017,0
0,0.0364601964090135,2017,0
0,0.0328726354110026,2017,0
0,0.0364601964090135,2017,0
0,0.0306056785312135,2017,0
0,0.0324619158656339,2017,0
0,0.0324619158656339,2017,0
0,0.0331498206731661,2017,0
0,0.0316968863077446,2017,0
0,0.0362282060104356,2017,0
0,0.0424290547176418,2017,0
0,0.0307297426240758,2017,0
0,0.0292637065248503,2017,0
0,0.0361936345426886,2017,0
0,0.0361936345426886,2017,0
0,0.0521806712701116,2017,0
0,0.0291614564969595,2017,0
0,0.0580536394730031,2017,0
0,0.08831055839141,2017,0
0,0.0297611856811551,2017,0
0,0.0351357717575715,2017,0
0,0.0351357717575715,2017,0
0,0.0312887086422677,2017,0
0,0.0312887086422677,2017,0
0,0.031662832062773,2017,0
0,0.031067637807165,2017,0
0,0.0323404248708519,2017,0
0,0.0355199278709941,2017,0
0,0.0355199278709941,2017,0
0,0.042060822926508,2017,0
0,0.0286252578447334,2017,0
0,0.0356394337949705,2017,0
0,0.051424536187978,2017,0
0,0.0588002786379039,2017,0
0,0.0288601282916297,2017,0
0,0.05793135651518,2017,0
0,0.0307198632985547,2017,0
0,0.0629331333543207,2017,0
0,0.0898511375348995,2017,0
0,0.031764501531981,2017,0
0,0.0297605785209819,2017,0
0,0.0313803498944388,2017,0
0,0.0353032851781612,2017,0
0,0.0313803498944388,2017,0
0,0.0353032851781612,2017,0
0,0.0327665450273609,2017,0
0,0.031413845621934,2017,0
0,0.036764076009867,2017,0
0,0.0440709308611149,2017,0
0,0.0299555344316604,2017,0
0,0.0363664564883681,2017,0
0,0.0517104384022104,2017,0
0,0.059434126925776,2017,0
0,0.0294073602889196,2017,0
0,0.0537607945319541,2017,0
0,0.0855062201850981,2017,0
0,0.0345870295685454,2017,0
0,0.0308421635243526,2017,0
0,0.0308421635243526,2017,0
0,0.0311611106528064,2017,0
0,0.0345870295685454,2017,0
0,0.0318844920404031,2017,0
0,0.0308630513036133,2017,0
0,0.0344937520321875,2017,0
0,0.0476111439891713,2017,0
0,0.0419983964555929,2017,0
0,0.0291532970714804,2017,0
0,0.0349681714960331,2017,0
0,0.0349681714960331,2017,0
0,0.0349681714960331,2017,0
0,0.0491755126610998,2017,0
0,0.0578722297647558,2017,0
0,0.0444920335399825,2017,0
0,0.0527439310699969,2017,0
0,0.0517095556989157,2017,0
0,0.0313178936282206,2017,0
0,0.0843498493442958,2017,0
0,0.0297182122066175,2017,0
0,0.0294654782725508,2017,0
0,0.0328675767309423,2017,0
0,0.0294654782725508,2017,0
0,0.0328675767309423,2017,0
0,0.0296887137094345,2017,0
0,0.0304058286724048,2017,0
0,0.0336034607158162,2017,0
0,0.0456770130652019,2017,0
0,0.0413775730432592,2017,0
0,0.0282558347353978,2017,0
0,0.0282558347353978,2017,0
0,0.0338236120578032,2017,0
0,0.0507761035057899,2017,0
0,0.0578693258050137,2017,0
0,0.0469457405319643,2017,0
0,0.0543033184450978,2017,0
0,0.0527411241694176,2017,0
0,0.0869961189845476,2017,0
0,0.033706446597059,2017,0
0,0.033706446597059,2017,0
0,0.0301943523900365,2017,0
0,0.0301943523900365,2017,0
0,0.0304836470055091,2017,0
0,0.030602383350694,2017,0
0,0.0344662439069801,2017,0
0,0.0348399231436926,2017,0
0,0.0501059718648266,2017,0
0,0.042904293567252,2017,0
0,0.0343898519174439,2017,0
0,0.0343898519174439,2017,0
0,0.0280922641424885,2017,0
0,0.0280922641424885,2017,0
0,0.0532204742566917,2017,0
0,0.0577091623132358,2017,0
0,0.0344814971034332,2017,0
0,0.0467785253787609,2017,0
0,0.0326113560371578,2017,0
0,0.0865511282059181,2017,0
0,0.0311134345684658,2017,0
0,0.0348005312096886,2017,0
0,0.0311134345684658,2017,0
0,0.0314922913342207,2017,0
0,0.0348005312096886,2017,0
0,0.0312353882925118,2017,0
0,0.0332168804462832,2017,0
0,0.0352185178135246,2017,0
0,0.0526614474209533,2017,0
0,0.0423583592331378,2017,0
0,0.0354667308901647,2017,0
0,0.0354667308901647,2017,0
0,0.0288983113910683,2017,0
0,0.0288983113910683,2017,0
0,0.0512151247771177,2017,0
0,0.0576035584374898,2017,0
0,0.0349406006943791,2017,0
0,0.0445680070599632,2017,0
0,0.0829255033124913,2017,0
0,0.0358747697628074,2017,0
0,0.0319134943423892,2017,0
0,0.0319134943423892,2017,0
0,0.0324302522229569,2017,0
0,0.0358747697628074,2017,0
0,0.0341606505708519,2017,0
0,0.0319757165732583,2017,0
0,0.0327824180851207,2017,0
0,0.0342500386616368,2017,0
0,0.0515615183482321,2017,0
0,0.0334369302022397,2017,0
0,0.0334369302022397,2017,0
0,0.0470587621219521,2017,0
0,0.026217861573237,2017,0
0,0.026217861573237,2017,0
0,0.032990404455355,2017,0
0,0.0524070968390166,2017,0
0,0.0328462892113771,2017,0
0,0.0387546733851949,2017,0
0,0.0479841569125257,2017,0
0,0.0747771350001557,2017,0
0,0.0309472741284002,2017,0
0,0.0348931388487778,2017,0
0,0.0309472741284002,2017,0
0,0.0348931388487778,2017,0
0,0.0313618098730163,2017,0
0,0.0328259430289482,2017,0
0,0.0312391744043619,2017,0
0,0.031213379234727,2017,0
0,0.0474264133673649,2017,0
0,0.032068827277257,2017,0
0,0.0246732123024931,2017,0
0,0.0246732123024931,2017,0
0,0.0503424423639052,2017,0
0,0.0759059602527528,2017,0
0,0.0338329051037248,2017,0
0,0.0300434028698939,2017,0
0,0.0300434028698939,2017,0
0,0.030521947697714,2017,0
0,0.0338329051037248,2017,0
0,0.0304348074263056,2017,0
0,0.0325510884806804,2017,0
0,0.0320235383265869,2017,0
0,0.044889168054004,2017,0
0,0.0304609880308136,2017,0
0,0.0390074707603345,2017,0
0,0.023069389217703,2017,0
0,0.0296442108836852,2017,0
0,0.0397596568615598,2017,0
0,0.0443260016596268,2017,0
0,0.0467239236184505,2017,0
0,0.028843793627581,2017,0
0,0.0711176316414263,2017,0
0,0.0248937241428346,2017,0
0,0.0251471745405572,2017,0
0,0.0248937241428346,2017,0
0,0.0276505917056112,2017,0
0,0.0270229580763156,2017,0
0,0.0285656684194059,2017,0
0,0.0363575282701034,2017,0
0,0.0287142975372342,2017,0
0,0.0287142975372342,2017,0
0,0.0373495819558312,2017,0
0,0.0222214189359733,2017,0
0,0.0381599668206832,2017,0
0,0.0449744579412726,2017,0
0,0.0288739729027921,2017,0
0,0.0477039930132335,2017,0
0,0.0204752143155693,2017,0
0,0.0245472041786383,2017,0
0,0.0248002127975039,2017,0
0,0.0269412995352713,2017,0
0,0.0245472041786383,2017,0
0,0.0272489236216101,2017,0
0,0.0388574072736459,2017,0
0,0.0318022812666315,2017,0
0,0.0260889861420695,2017,0
0,0.0438702027838683,2017,0
0,0.0467216708985511,2017,0
0,0.0562888902378799,2017,0
0,0.0201087110688019,2017,0
0,0.0404365939878766,2017,0
0,0.0335845569618785,2017,0
0,0.0335845569618785,2017,0
0,0.030244410838825,2017,0
0,0.030244410838825,2017,0
0,0.0308231384217992,2017,0
0,0.0345303699224332,2017,0
0,0.031529239431197,2017,0
0,0.0458019922699456,2017,0
0,0.0335508311911251,2017,0
0,0.0261978067493625,2017,0
0,0.0261978067493625,2017,0
0,0.0432495772770599,2017,0
0,0.0324132238204616,2017,0
0,0.0434332978941707,2017,0
0,0.0839678929030201,2017,0
0,0.0195362369142004,2017,0
0,0.0316634021754141,2017,0
0,0.0316634021754141,2017,0
0,0.0386514436827836,2017,0
0,0.0328859627268583,2017,0
0,0.0298890865441445,2017,0
0,0.0293909806573957,2017,0
0,0.0328859627268583,2017,0
0,0.0293909806573957,2017,0
0,0.0326570478470603,2017,0
0,0.030325310158086,2017,0
0,0.0312862621639273,2017,0
0,0.0437439888840723,2017,0
0,0.0319168627078091,2017,0
0,0.0389423586582232,2017,0
0,0.023926385693478,2017,0
0,0.023926385693478,2017,0
0,0.0300691449626849,2017,0
0,0.0712166151511144,2017,0
0,0.0188841927760543,2017,0
0,0.0188841927760543,2017,0
0,0.0163933672408527,2017,0
0,0.0210526970972914,2017,0
0,0.0329866511022594,2017,0
0,0.0282421850575052,2017,0
0,0.0255233667698902,2017,0
0,0.0282421850575052,2017,0
0,0.0257973198055756,2017,0
0,0.0255233667698902,2017,0
0,0.027565843303643,2017,0
0,0.026491037218483,2017,0
0,0.0284894384658652,2017,0
0,0.0284894384658652,2017,0
0,0.0374152710008983,2017,0
0,0.0360700912075882,2017,0
0,0.0265330772537356,2017,0
0,0.0219073266880298,2017,0
0,0.0219073266880298,2017,0
0,0.0256956461629929,2017,0
0,0.0181406898445345,2017,0
0,0.0145020586039366,2017,0
0,0.0163174111507367,2017,0
0,0.0163174111507367,2017,0
0,0.0173845212618916,2017,0
0,0.0313260767454209,2017,0
0,0.0229712733336672,2017,0
0,0.0232179418890856,2017,0
0,0.0229712733336672,2017,0
0,0.0250077364669108,2017,0
0,0.0250077364669108,2017,0
0,0.0256596253986785,2017,0
0,0.0244955832930025,2017,0
0,0.0320782974469327,2017,0
0,0.0320126669743008,2017,0
0,0.0213397905221233,2017,0
0,0.0201899811633144,2017,0
0,0.0261727218208578,2017,0
0,0.029228510343389,2017,0
0,0.0196366468175011,2017,0
0,0.0385126926047215,2017,0
1,0.044304273993608,2017,0
1,0.0641000418492786,2017,0
1,0.0288505151443375,2017,0
1,0.0282186759346242,2017,0
1,0.030883759683479,2017,0
1,0.0327300745551588,2017,0
1,0.0306204343044722,2017,0
1,0.028762892410001,2017,0
1,0.0328152203317751,2017,0
1,0.0673632788956973,2017,0
1,0.0260145061619215,2017,0
1,0.0206671665137701,2017,0
1,0.0409655608823338,2017,0
1,0.0284345474093445,2017,0
1,0.0285140470186059,2017,0
1,0.076261673402604,2017,0
1,0.0426625548364197,2017,0
1,0.042867234996368,2017,0
1,0.0641702716953221,2017,0
1,0.0222064686215236,2017,0
1,0.0722716632370322,2017,0
1,0.020864748277963,2017,0
1,0.0392938040798074,2017,0
1,0.0441056198660252,2017,0
1,0.0248715325944076,2017,0
1,0.0360923884880301,2017,0
1,0.0509325123955532,2017,0
1,0.0590388879136408,2017,0
1,0.0309012753439262,2017,0
1,0.0416535884366474,2017,0
0,0.0164213672578284,2018,0
0,0.0164213672578284,2018,0
0,0.0154378425211663,2018,0
0,0.0183153646535201,2018,0
0,0.0281717022089945,2018,0
0,0.0164911190126569,2018,0
0,0.0164911190126569,2018,0
0,0.0177067396307479,2018,0
0,0.0166062392452453,2018,0
0,0.0177067396307479,2018,0
0,0.0178550018914749,2018,0
0,0.0185019663656662,2018,0
0,0.0241975363936206,2018,0
0,0.0274699675144443,2018,0
0,0.0201855420549144,2018,0
0,0.0287978540972318,2018,0
0,0.027748963321189,2018,0
0,0.0168301848013665,2018,0
0,0.0238895775468713,2018,0
0,0.0192050579505262,2018,0
0,0.0192050579505262,2018,0
0,0.0192050579505262,2018,0
0,0.0269180369880666,2018,0
0,0.0459365904565646,2018,0
0,0.0365576426079823,2018,0
0,0.0149813901927426,2018,0
0,0.0141635014942973,2018,0
0,0.0171681950219463,2018,0
0,0.0153273944201686,2018,0
0,0.0153273944201686,2018,0
0,0.015446613987758,2018,0
0,0.0164067682901122,2018,0
0,0.0164067682901122,2018,0
0,0.0171378702288799,2018,0
0,0.0164230650119833,2018,0
0,0.0228908779491336,2018,0
0,0.0179336285108557,2018,0
0,0.0233272024350616,2018,0
0,0.0274292174459484,2018,0
0,0.0185680756823654,2018,0
0,0.0258787989456226,2018,0
0,0.0290659017129154,2018,0
0,0.0161061043406975,2018,0
0,0.0186004266787772,2018,0
0,0.0186004266787772,2018,0
0,0.0186004266787772,2018,0
0,0.0306439965722132,2018,0
0,0.0465335487480586,2018,0
0,0.0367985335624602,2018,0
0,0.0138596552052754,2018,0
0,0.0146760117043998,2018,0
0,0.0172090761846822,2018,0
0,0.0152632435613605,2018,0
0,0.0163789970212209,2018,0
0,0.0152632435613605,2018,0
0,0.0163789970212209,2018,0
0,0.0154203570711556,2018,0
0,0.0162552024170444,2018,0
0,0.0172815127058814,2018,0
0,0.0179629589806978,2018,0
0,0.0175543904582333,2018,0
0,0.0179629589806978,2018,0
0,0.0179629589806978,2018,0
0,0.0228054859377753,2018,0
0,0.0240243320463979,2018,0
0,0.0310765085863017,2018,0
0,0.0195008521134475,2018,0
0,0.0273879156797125,2018,0
0,0.0314489105129332,2018,0
0,0.0176727395872798,2018,0
0,0.0198165471028714,2018,0
0,0.0198165471028714,2018,0
0,0.0198165471028714,2018,0
0,0.0307910251889801,2018,0
0,0.0301454253821799,2018,0
0,0.0463356628489526,2018,0
0,0.0372134519419845,2018,0
0,0.0143317392312685,2018,0
0,0.0143317392312685,2018,0
0,0.0135917222811796,2018,0
0,0.0143317392312685,2018,0
0,0.0164043778029509,2018,0
0,0.0154090072408026,2018,0
0,0.0152794414713807,2018,0
0,0.0152794414713807,2018,0
0,0.0163580374112773,2018,0
0,0.0163580374112773,2018,0
0,0.0164472575098195,2018,0
0,0.0172483716605365,2018,0
0,0.0169866920230425,2018,0
0,0.0224891233577558,2018,0
0,0.0299485991259981,2018,0
0,0.0193347497816267,2018,0
0,0.029495769638972,2018,0
0,0.0316623700144308,2018,0
0,0.0170145582730883,2018,0
0,0.0195239840039578,2018,0
0,0.0195239840039578,2018,0
0,0.0291852820093909,2018,0
0,0.0287346780521048,2018,0
0,0.0474014470529604,2018,0
0,0.0133472362970361,2018,0
0,0.0140513835276408,2018,0
0,0.0140513835276408,2018,0
0,0.0160893836555689,2018,0
0,0.0153144417765264,2018,0
0,0.0151910236191372,2018,0
0,0.0151910236191372,2018,0
0,0.0162484817741506,2018,0
0,0.0162484817741506,2018,0
0,0.0167946461791563,2018,0
0,0.0160849067736814,2018,0
0,0.0169795265303035,2018,0
0,0.0166122685201481,2018,0
0,0.0169795265303035,2018,0
0,0.0169795265303035,2018,0
0,0.0169795265303035,2018,0
0,0.0209375030464791,2018,0
0,0.0236480579929682,2018,0
0,0.0199445622276285,2018,0
0,0.0300428416825367,2018,0
0,0.0176328616063933,2018,0
0,0.0197558949914646,2018,0
0,0.0197558949914646,2018,0
0,0.0294854880719822,2018,0
0,0.0284747619776411,2018,0
0,0.0467036902763983,2018,0
0,0.0141837475995934,2018,0
0,0.0141837475995934,2018,0
0,0.013507152804838,2018,0
0,0.0161355088926873,2018,0
0,0.0160786660574831,2018,0
0,0.0170956461670001,2018,0
0,0.0159500239781983,2018,0
0,0.0159500239781983,2018,0
0,0.0170956461670001,2018,0
0,0.016802124225459,2018,0
0,0.0175180892119255,2018,0
0,0.0180452332302287,2018,0
0,0.0180452332302287,2018,0
0,0.0180452332302287,2018,0
0,0.0180452332302287,2018,0
0,0.0176211291525808,2018,0
0,0.0224555708219041,2018,0
0,0.0200210551641339,2018,0
0,0.0232156037727387,2018,0
0,0.0200194757553342,2018,0
0,0.0288428852544721,2018,0
0,0.0319278841972345,2018,0
0,0.018519814867275,2018,0
0,0.0202071967520009,2018,0
0,0.0202071967520009,2018,0
0,0.0310912190215883,2018,0
0,0.0434809206148721,2018,0
0,0.0152714042554409,2018,0
0,0.0161968105292375,2018,0
0,0.0161968105292375,2018,0
0,0.0161968105292375,2018,0
0,0.0185629905439076,2018,0
0,0.0178810565863929,2018,0
0,0.0177454091172459,2018,0
0,0.0177454091172459,2018,0
0,0.0191087613111597,2018,0
0,0.0191087613111597,2018,0
0,0.0187436075553268,2018,0
0,0.0194611175792205,2018,0
0,0.019888955883566,2018,0
0,0.020454844296527,2018,0
0,0.020454844296527,2018,0
0,0.020454844296527,2018,0
0,0.0256870858412133,2018,0
0,0.020953863638168,2018,0
0,0.0248246851951242,2018,0
0,0.0213772817372595,2018,0
0,0.0324493466961585,2018,0
0,0.0362377279707472,2018,0
0,0.0203542496717371,2018,0
0,0.0227302348441375,2018,0
0,0.0227302348441375,2018,0
0,0.0384898526767694,2018,0
0,0.0494982762546196,2018,0
0,0.01842093562626,2018,0
0,0.01842093562626,2018,0
0,0.0171791777839128,2018,0
0,0.01842093562626,2018,0
0,0.0223201003715284,2018,0
0,0.0206460955993441,2018,0
0,0.0190971766312615,2018,0
0,0.0206460955993441,2018,0
0,0.0190971766312615,2018,0
0,0.0192491894479869,2018,0
0,0.0206228309158942,2018,0
0,0.0198593285577978,2018,0
0,0.0210781175586451,2018,0
0,0.0264636534895483,2018,0
0,0.0210781175586451,2018,0
0,0.0210781175586451,2018,0
0,0.0204724088402276,2018,0
0,0.0242823047581932,2018,0
0,0.0288363370674745,2018,0
0,0.0245218199768726,2018,0
0,0.0367413487253332,2018,0
0,0.040396991751862,2018,0
0,0.0226373229122015,2018,0
0,0.0245633277307004,2018,0
0,0.0245633277307004,2018,0
0,0.0368799281684814,2018,0
0,0.0392184629889021,2018,0
0,0.0479695499397896,2018,0
0,0.0171677242233913,2018,0
0,0.0162080194893518,2018,0
0,0.0171677242233913,2018,0
0,0.0171677242233913,2018,0
0,0.0213135825348456,2018,0
0,0.0291539265861413,2018,0
0,0.0192456159343425,2018,0
0,0.0192456159343425,2018,0
0,0.0179106021968546,2018,0
0,0.0180109875315084,2018,0
0,0.0179106021968546,2018,0
0,0.0191792288036559,2018,0
0,0.0187902232684817,2018,0
0,0.0199406634150651,2018,0
0,0.0199406634150651,2018,0
0,0.0193909061129591,2018,0
0,0.0199406634150651,2018,0
0,0.0199406634150651,2018,0
0,0.0244004980994522,2018,0
0,0.0243321086806304,2018,0
0,0.0268420780762444,2018,0
0,0.0241222014420017,2018,0
0,0.0360458279334674,2018,0
0,0.0405851990955593,2018,0
0,0.0224778967779784,2018,0
0,0.0247000195163268,2018,0
0,0.0247000195163268,2018,0
0,0.0746874621637982,2018,0
0,0.0367455375324676,2018,0
0,0.0386771886589244,2018,0
0,0.0178899448022862,2018,0
0,0.0168709330449003,2018,0
0,0.0178899448022862,2018,0
0,0.0178899448022862,2018,0
0,0.0225037926261609,2018,0
0,0.0190355601761288,2018,0
0,0.0190355601761288,2018,0
0,0.0204633366993133,2018,0
0,0.021277573570452,2018,0
0,0.021277573570452,2018,0
0,0.021277573570452,2018,0
0,0.021277573570452,2018,0
0,0.020650670524152,2018,0
0,0.0252000322004877,2018,0
0,0.105903712653415,2018,0
0,0.028768742647342,2018,0
0,0.0253423587285885,2018,0
0,0.0405213471803205,2018,0
0,0.0230684128095538,2018,0
0,0.0261883090075012,2018,0
0,0.0261883090075012,2018,0
0,0.0397671116825322,2018,0
0,0.0420154840576498,2018,0
0,0.0214981671492801,2018,0
0,0.0214981671492801,2018,0
0,0.0197625306970185,2018,0
0,0.0214981671492801,2018,0
0,0.0261374555295901,2018,0
0,0.0204810414546524,2018,0
0,0.0204810414546524,2018,0
0,0.0222804572319173,2018,0
0,0.0206953416365173,2018,0
0,0.0225643152792031,2018,0
0,0.0297912395267552,2018,0
0,0.0247907108054094,2018,0
0,0.0239651294553475,2018,0
0,0.0247907108054094,2018,0
0,0.0247907108054094,2018,0
0,0.0274154963698473,2018,0
0,0.11107650324797,2018,0
0,0.0333685625680693,2018,0
0,0.0274933333681395,2018,0
0,0.0444142851358169,2018,0
0,0.0284449023065612,2018,0
0,0.0284449023065612,2018,0
0,0.0531733365764467,2018,0
0,0.0534033710215369,2018,0
0,0.0229136441886269,2018,0
0,0.0253730709644699,2018,0
0,0.0253730709644699,2018,0
0,0.0253730709644699,2018,0
0,0.0299161997690745,2018,0
0,0.0224990886131183,2018,0
0,0.022732789908752,2018,0
0,0.0243169753946785,2018,0
0,0.0340052554032275,2018,0
0,0.0269342832487772,2018,0
0,0.0279767189722396,2018,0
0,0.0279767189722396,2018,0
0,0.0290373862367675,2018,0
0,0.116180415366244,2018,0
0,0.0370308824730237,2018,0
0,0.0293592544934323,2018,0
0,0.0483864714643088,2018,0
0,0.0301963222046981,2018,0
0,0.0301963222046981,2018,0
0,0.0602923840987268,2018,0
0,0.0596281910360782,2018,0
0,0.0245034677771937,2018,0
0,0.0243227056155908,2018,0
0,0.0247846062406919,2018,0
0,0.0361309821717133,2018,0
0,0.0287427849449175,2018,0
0,0.0299493199980332,2018,0
0,0.0317449713052111,2018,0
0,0.0317449713052111,2018,0
0,0.127394887908529,2018,0
0,0.0428945794023612,2018,0
0,0.0319186353393238,2018,0
0,0.0532199226544426,2018,0
0,0.0318799820414015,2018,0
0,0.0656907863364124,2018,0
0,0.0600090583183757,2018,0
0,0.0253160751198793,2018,0
0,0.0251032481381208,2018,0
0,0.0275062363815367,2018,0
0,0.0256029701708624,2018,0
0,0.0378367462013073,2018,0
0,0.0298108445917176,2018,0
0,0.0310866314489091,2018,0
0,0.0315893264455775,2018,0
0,0.0315893264455775,2018,0
0,0.0450939204319928,2018,0
0,0.0315379904598265,2018,0
0,0.0532513732373279,2018,0
0,0.0309296390916416,2018,0
0,0.0676131385009899,2018,0
0,0.0586092689712896,2018,0
0,0.0250479848144766,2018,0
0,0.0252919316678334,2018,0
0,0.0274950859496694,2018,0
0,0.0260679096534429,2018,0
0,0.0357704771260315,2018,0
0,0.028260941906162,2018,0
0,0.0294113142551251,2018,0
0,0.0294113142551251,2018,0
0,0.0301385303264872,2018,0
0,0.0301385303264872,2018,0
0,0.0443217045541297,2018,0
0,0.0304483849375259,2018,0
0,0.0510995027463563,2018,0
0,0.0310852739562665,2018,0
0,0.0664518753316618,2018,0
0,0.0588367812669701,2018,0
0,0.0257058676262264,2018,0
0,0.028272945304943,2018,0
0,0.028272945304943,2018,0
0,0.0259552794391741,2018,0
0,0.0274376745358233,2018,0
0,0.0384910230753453,2018,0
0,0.0314405975211666,2018,0
0,0.0301404881755298,2018,0
0,0.0314405975211666,2018,0
0,0.0321833896067671,2018,0
0,0.0321833896067671,2018,0
0,0.127892099977692,2018,0
0,0.0459485015034082,2018,0
0,0.0323041688815235,2018,0
0,0.0342818802993219,2018,0
0,0.0619013958612378,2018,0
0,0.0279704833676017,2018,0
0,0.0308333297718456,2018,0
0,0.0282017878153101,2018,0
0,0.0308333297718456,2018,0
0,0.0279704833676017,2018,0
0,0.0284891663805671,2018,0
0,0.0454257192092017,2018,0
0,0.0350174784393364,2018,0
0,0.0367212731233191,2018,0
0,0.0367212731233191,2018,0
0,0.0359860257444585,2018,0
0,0.0359860257444585,2018,0
0,0.137450635116949,2018,0
0,0.0490970897971126,2018,0
0,0.0364841292997722,2018,0
0,0.0360638777842116,2018,0
0,0.0637697813173761,2018,0
0,0.0319965769977735,2018,0
0,0.0289462434362587,2018,0
0,0.0319965769977735,2018,0
0,0.0292159408271143,2018,0
0,0.0289462434362587,2018,0
0,0.02915561490825,2018,0
0,0.044367607519044,2018,0
0,0.0341622770347474,2018,0
0,0.0352649209100641,2018,0
0,0.0352649209100641,2018,0
0,0.132668091097411,2018,0
0,0.0482632691528777,2018,0
0,0.0351844626628879,2018,0
0,0.0339844945482908,2018,0
0,0.06164375379305,2018,0
0,0.0291966112801595,2018,0
0,0.0264585180813829,2018,0
0,0.0291966112801595,2018,0
0,0.0267433552470755,2018,0
0,0.0264585180813829,2018,0
0,0.0284448241239979,2018,0
0,0.0268485542786489,2018,0
0,0.0390311760900875,2018,0
0,0.0302425991479238,2018,0
0,0.0329533784493361,2018,0
0,0.122359078504185,2018,0
0,0.0445220588072144,2018,0
0,0.0324279641394648,2018,0
0,0.0322074047909732,2018,0
0,0.0373854659008725,2018,0
0,0.0591226436606033,2018,0
0,0.0245075156156426,2018,0
0,0.0266728757428425,2018,0
0,0.0242315553764892,2018,0
0,0.0242315553764892,2018,0
0,0.0266728757428425,2018,0
0,0.0247919800815001,2018,0
0,0.0265262463685585,2018,0
0,0.0284766302626909,2018,0
0,0.036632225199436,2018,0
0,0.0321876086622041,2018,0
0,0.119682157089762,2018,0
0,0.0429612441141516,2018,0
0,0.0318199685555553,2018,0
0,0.0373858580534771,2018,0
0,0.0585085561531909,2018,0
0,0.0242374110583755,2018,0
0,0.0263835197465665,2018,0
0,0.0239231317399117,2018,0
0,0.0239231317399117,2018,0
0,0.0263835197465665,2018,0
0,0.0266734580253837,2018,0
0,0.0245925516277357,2018,0
0,0.0385339973201365,2018,0
0,0.0297087343828743,2018,0
0,0.0316046993728267,2018,0
0,0.113592668029027,2018,0
0,0.039016940069543,2018,0
0,0.0613525197937934,2018,0
0,0.0254942028201614,2018,0
0,0.0251662235652067,2018,0
0,0.0278213525762793,2018,0
0,0.0278213525762793,2018,0
0,0.0251662235652067,2018,0
0,0.025926320226691,2018,0
0,0.0280375096236724,2018,0
0,0.0328597717542817,2018,0
0,0.0326321243758899,2018,0
0,0.111071234780877,2018,0
0,0.0522868106252104,2018,0
0,0.0327995117760991,2018,0
0,0.0384110241375567,2018,0
0,0.0606456365635585,2018,0
0,0.0332948173738543,2018,0
0,0.0420114705649744,2018,0
0,0.0257831116180063,2018,0
0,0.0257831116180063,2018,0
0,0.0283222872166021,2018,0
0,0.0337782203681654,2018,0
0,0.0331558131005592,2018,0
0,0.0532578366513578,2018,0
0,0.050016165646859,2018,0
0,0.0322357465038952,2018,0
0,0.036823476220526,2018,0
0,0.0556758843820274,2018,0
0,0.0315969048735846,2018,0
0,0.0402950133912355,2018,0
0,0.0319574883265184,2018,0
0,0.0313298568725026,2018,0
0,0.0470548948918215,2018,0
0,0.030613842681285,2018,0
0,0.0219774984139029,2018,0
0,0.0363952236496854,2018,0
0,0.0521908738457309,2018,0
0,0.0298543252272576,2018,0
0,0.0385476414364324,2018,0
0,0.0309592403181983,2018,0
0,0.0294642385166916,2018,0
0,0.0991730753548177,2018,0
0,0.0427055443368156,2018,0
0,0.0282595478210141,2018,0
0,0.0201254228352711,2018,0
0,0.0201254228352711,2018,0
0,0.0462287263235902,2018,0
0,0.0678749668793938,2018,0
0,0.0361731423506627,2018,0
0,0.0290625548038776,2018,0
0,0.0272779425942913,2018,0
0,0.0921396739434526,2018,0
0,0.0366870748313907,2018,0
0,0.0440106894433174,2018,0
0,0.0414087214091158,2018,0
0,0.0272811943437081,2018,0
0,0.0203679018272672,2018,0
0,0.0203679018272672,2018,0
0,0.0203679018272672,2018,0
0,0.0274448918622136,2018,0
0,0.0466210069730115,2018,0
0,0.0364732351473011,2018,0
0,0.0284454059608341,2018,0
0,0.0271260559989427,2018,0
0,0.0931542056097457,2018,0
0,0.0354223193801729,2018,0
0,0.0447629801314817,2018,0
0,0.0420566118749069,2018,0
0,0.0275188423893914,2018,0
0,0.0206230255617881,2018,0
0,0.0276035207254469,2018,0
0,0.0679645216640699,2018,0
0,0.0486349863166007,2018,0
0,0.0361558014209831,2018,0
0,0.0276675315620472,2018,0
0,0.0280410327965433,2018,0
0,0.0935966076105571,2018,0
0,0.0348296560264624,2018,0
0,0.0458339603804313,2018,0
0,0.0312933111993363,2018,0
0,0.0406177136937561,2018,0
0,0.0279232261707038,2018,0
0,0.020009075142119,2018,0
0,0.019576874243567,2018,0
0,0.0277699589305015,2018,0
0,0.0667798905102103,2018,0
0,0.0467017422618271,2018,0
0,0.0353240936129028,2018,0
0,0.0240751424808304,2018,0
0,0.0222036645130761,2018,0
0,0.0278540610819443,2018,0
0,0.0281575220331318,2018,0
0,0.0922662917382993,2018,0
0,0.0347706921492817,2018,0
0,0.0931171602602153,2018,0
0,0.0460082850847638,2018,0
0,0.0415832309922875,2018,0
0,0.0283131572058057,2018,0
0,0.0217415449398719,2018,0
0,0.020884125806272,2018,0
0,0.020884125806272,2018,0
0,0.0284336228488405,2018,0
0,0.0953070257146043,2018,0
0,0.0933660567477774,2018,0
0,0.0496941426193417,2018,0
0,0.0239146079468242,2018,0
0,0.0259955226906302,2018,0
0,0.0259955226906302,2018,0
0,0.0234241557816521,2018,0
0,0.0285639532345551,2018,0
0,0.0282966427847958,2018,0
0,0.0980352849159299,2018,0
0,0.0373223658383673,2018,0
0,0.0925986149993912,2018,0
0,0.0970129379433253,2018,0
0,0.0471773698850522,2018,0
0,0.027624751078337,2018,0
0,0.0212707978748404,2018,0
0,0.0212707978748404,2018,0
0,0.0212707978748404,2018,0
0,0.0275458204583928,2018,0
0,0.0534069726420216,2018,0
0,0.0514593580341003,2018,0
0,0.0237575954558059,2018,0
0,0.0260329514121224,2018,0
0,0.0260329514121224,2018,0
0,0.023958364543383,2018,0
0,0.0237575954558059,2018,0
0,0.0229797583635319,2018,0
0,0.0271866360297044,2018,0
0,0.098009131200938,2018,0
0,0.0367105491047878,2018,0
0,0.091616767657532,2018,0
0,0.0967150012108181,2018,0
0,0.0201118478302375,2018,0
0,0.0263195224907058,2018,0
0,0.0494297684020092,2018,0
0,0.0474968987340115,2018,0
0,0.0197374222300686,2018,0
0,0.0329350640663077,2018,0
0,0.0214934959085522,2018,0
0,0.0214934959085522,2018,0
0,0.0235020989486083,2018,0
0,0.021718175971818,2018,0
0,0.0235020989486083,2018,0
0,0.0213174549033111,2018,0
0,0.0226150623329825,2018,0
0,0.0251185703754592,2018,0
0,0.0880311824344824,2018,0
0,0.033605995664953,2018,0
0,0.0852136698601883,2018,0
0,0.0356264223516238,2018,0
0,0.087973955092485,2018,0
0,0.0184864102950763,2018,0
0,0.0184864102950763,2018,0
0,0.0253895141661525,2018,0
0,0.0417340443613002,2018,0
0,0.0436076962975389,2018,0
0,0.0220983852681024,2018,0
0,0.0185521442703931,2018,0
0,0.0196815972071658,2018,0
0,0.0215341297397418,2018,0
0,0.0199577691515395,2018,0
0,0.0215341297397418,2018,0
0,0.0196815972071658,2018,0
0,0.0222315375727876,2018,0
0,0.0203212060009082,2018,0
0,0.0251755452050877,2018,0
0,0.0836354436725283,2018,0
0,0.0331642161551554,2018,0
0,0.0863878316737514,2018,0
0,0.0331882812073712,2018,0
0,0.0187183091591142,2018,0
0,0.0911943779974933,2018,0
0,0.0192802672636713,2018,0
0,0.0192802672636713,2018,0
0,0.0258283978210606,2018,0
0,0.046296195698694,2018,0
0,0.0597411175421345,2018,0
0,0.0242053599862962,2018,0
0,0.0218544742845656,2018,0
0,0.0236661723477102,2018,0
0,0.0216213016384266,2018,0
0,0.0216213016384266,2018,0
0,0.0236661723477102,2018,0
0,0.0233535419956563,2018,0
0,0.0219745045463142,2018,0
0,0.0267491847047986,2018,0
0,0.0928305986203248,2018,0
0,0.0337376321959778,2018,0
0,0.0874158936463138,2018,0
0,0.0463571320296571,2018,0
0,0.0266525836599088,2018,0
0,0.0378339421182923,2018,0
0,0.0931539878191223,2018,0
0,0.0211205324995594,2018,0
0,0.0211205324995594,2018,0
0,0.0266521771022864,2018,0
0,0.0486745776228975,2018,0
0,0.063524026770735,2018,0
0,0.0247042480651994,2018,0
0,0.0254618172995978,2018,0
0,0.0233009111619477,2018,0
0,0.0234624822987553,2018,0
0,0.0254618172995978,2018,0
0,0.0233009111619477,2018,0
0,0.0228169269460438,2018,0
0,0.02346643059842,2018,0
0,0.0265952802426057,2018,0
0,0.0970336792602945,2018,0
0,0.0334854065239758,2018,0
0,0.0265248811662222,2018,0
0,0.0405268387690615,2018,0
0,0.0900756177966465,2018,0
0,0.02107474208144,2018,0
0,0.02107474208144,2018,0
0,0.0259947745026548,2018,0
0,0.0458117873283442,2018,0
0,0.0637362422301465,2018,0
0,0.0637362422301465,2018,0
0,0.0637362422301465,2018,0
0,0.0251714133386001,2018,0
0,0.0222905583753983,2018,0
0,0.0221492336172415,2018,0
0,0.0241160252688203,2018,0
0,0.0241160252688203,2018,0
0,0.0221492336172415,2018,0
0,0.0216234454523935,2018,0
0,0.0222170607321308,2018,0
0,0.025713373944154,2018,0
0,0.0985540596224316,2018,0
0,0.0332159494846477,2018,0
0,0.0258031603834384,2018,0
0,0.0998910229114001,2018,0
0,0.0391028582038545,2018,0
0,0.0421273311227625,2018,0
0,0.0298541212722822,2018,0
0,0.0275247556210551,2018,0
0,0.0274955588298104,2018,0
0,0.0215124200383698,2018,0
0,0.0215124200383698,2018,0
0,0.0252623147659455,2018,0
0,0.0265199001905634,2018,0
0,0.0540095677658173,2018,0
0,0.0691053062749316,2018,0
0,0.0691053062749316,2018,0
0,0.0691053062749316,2018,0
0,0.0691053062749316,2018,0
0,0.0276910675422722,2018,0
0,0.0332152873488763,2018,0
0,0.0240219012280003,2018,0
0,0.0221204303865132,2018,0
0,0.0221204303865132,2018,0
0,0.0240219012280003,2018,0
0,0.0222287592478038,2018,0
0,0.0216881669655711,2018,0
0,0.0220372318534714,2018,0
0,0.0273099723984262,2018,0
0,0.0248974022011926,2018,0
0,0.101771779150544,2018,0
0,0.033299467778794,2018,0
0,0.033299467778794,2018,0
0,0.0249451455240429,2018,0
0,0.033822535702444,2018,0
0,0.0390641446549094,2018,0
0,0.0404809796016561,2018,0
0,0.0336020334503834,2018,0
0,0.0668995499916905,2018,0
0,0.0331104735618201,2018,0
0,0.0648503636117453,2018,0
0,0.0212511866456344,2018,0
0,0.0247057857641208,2018,0
0,0.0175168890432643,2018,0
0,0.063715534212299,2018,0
0,0.063715534212299,2018,0
0,0.063715534212299,2018,0
0,0.063715534212299,2018,0
0,0.0242792643158352,2018,0
0,0.0324332132055906,2018,0
0,0.0330829902090817,2018,0
0,0.022104522521817,2018,0
0,0.0219268724174436,2018,0
0,0.0238865348337872,2018,0
0,0.0238865348337872,2018,0
0,0.0219268724174436,2018,0
0,0.021611732980822,2018,0
0,0.0225051925367742,2018,0
0,0.0245677008005791,2018,0
0,0.100433434088048,2018,0
0,0.0324782088653409,2018,0
0,0.0324782088653409,2018,0
0,0.0245458259724708,2018,0
0,0.0327368343417,2018,0
0,0.0386938530921431,2018,0
0,0.0331600682366423,2018,0
0,0.0865341312326853,2018,0
0,0.0331644005283572,2018,0
0,0.0190601771638847,2018,0
0,0.0645704867615241,2018,0
0,0.0215775352355155,2018,0
0,0.0215775352355155,2018,0
0,0.0251865436748721,2018,0
0,0.0168935090873181,2018,0
0,0.0434435668293615,2018,0
0,0.0646256358548657,2018,0
0,0.0259450334129734,2018,0
0,0.0344670883757771,2018,0
0,0.0328923730708132,2018,0
0,0.0224097213139908,2018,0
0,0.0221713879988573,2018,0
0,0.0242528496310992,2018,0
0,0.0221713879988573,2018,0
0,0.0242528496310992,2018,0
0,0.0235363914612547,2018,0
0,0.0221048577429673,2018,0
0,0.0190931286905572,2018,0
0,0.0259391895789169,2018,0
0,0.0259391895789169,2018,0
0,0.105970217906773,2018,0
0,0.0347473194879478,2018,0
0,0.0347473194879478,2018,0
0,0.0261005991172733,2018,0
0,0.0344691129630017,2018,0
0,0.0397084995991143,2018,0
0,0.0349200265141946,2018,0
0,0.0299763987114465,2018,0
0,0.0930519314595492,2018,0
0,0.0356774482966016,2018,0
0,0.0219371710146188,2018,0
0,0.0219371710146188,2018,0
0,0.0268134489464095,2018,0
0,0.0171623009478586,2018,0
0,0.0727306276428582,2018,0
0,0.0727306276428582,2018,0
0,0.0366522258675561,2018,0
0,0.0330546600486303,2018,0
0,0.0217669845057824,2018,0
0,0.023871505836937,2018,0
0,0.0217669845057824,2018,0
0,0.023871505836937,2018,0
0,0.0220452928658731,2018,0
0,0.0240264138901564,2018,0
0,0.0221723858672065,2018,0
0,0.0189605039804013,2018,0
0,0.0189605039804013,2018,0
0,0.0260311753845365,2018,0
0,0.0260311753845365,2018,0
0,0.027688296423812,2018,0
0,0.027688296423812,2018,0
0,0.106401072617368,2018,0
0,0.0368905137254984,2018,0
0,0.0368905137254984,2018,0
0,0.0278293823190521,2018,0
0,0.0365058895322831,2018,0
0,0.0389711863978096,2018,0
0,0.0363462213529433,2018,0
0,0.0289935702287288,2018,0
0,0.104375090276422,2018,0
0,0.0472794523399969,2018,0
0,0.0363340375410773,2018,0
0,0.0222700304231425,2018,0
0,0.0284328014702366,2018,0
0,0.0356198643756651,2018,0
0,0.0172165524546444,2018,0
0,0.0485119447396008,2018,0
0,0.0339882983475426,2018,0
0,0.0214629610617561,2018,0
0,0.0235238915657439,2018,0
0,0.0214629610617561,2018,0
0,0.0217215984374725,2018,0
0,0.0235238915657439,2018,0
0,0.0242668268246928,2018,0
0,0.0225176351704879,2018,0
0,0.0199193873460876,2018,0
0,0.0199193873460876,2018,0
0,0.0267826925068033,2018,0
0,0.0288241567333667,2018,0
0,0.0288241567333667,2018,0
0,0.103286608314692,2018,0
0,0.0351540763683105,2018,0
0,0.0351540763683105,2018,0
0,0.0287619775569789,2018,0
0,0.0351767021978967,2018,0
0,0.034995387515783,2018,0
0,0.0305154286342442,2018,0
0,0.103225141416174,2018,0
0,0.047412462002412,2018,0
0,0.0348702367470589,2018,0
0,0.0223572955160944,2018,0
0,0.0223572955160944,2018,0
0,0.0285069087000707,2018,0
0,0.0285069087000707,2018,0
0,0.0346704266950018,2018,0
0,0.0479017481650556,2018,0
0,0.0344336000131917,2018,0
0,0.0218060786870099,2018,0
0,0.0216286221754058,2018,0
0,0.0236120149742981,2018,0
0,0.0236120149742981,2018,0
0,0.0216286221754058,2018,0
0,0.0231052008980114,2018,0
0,0.0241432798298665,2018,0
0,0.0216417622031104,2018,0
0,0.0216417622031104,2018,0
0,0.0286416144958065,2018,0
0,0.0282706904778081,2018,0
0,0.0282706904778081,2018,0
0,0.101510424957398,2018,0
0,0.0342225747750605,2018,0
0,0.0464682712114483,2018,0
0,0.028295493478694,2018,0
0,0.0342731987504645,2018,0
0,0.0340704479907128,2018,0
0,0.030175719947235,2018,0
0,0.0953463793831384,2018,0
0,0.0487272769004349,2018,0
0,0.0337379118859897,2018,0
0,0.0216684333640497,2018,0
0,0.0216684333640497,2018,0
0,0.0277610383795795,2018,0
0,0.0277610383795795,2018,0
0,0.0487086990125472,2018,0
0,0.0341510530708922,2018,0
0,0.0483675869981478,2018,0
0,0.0345041520449231,2018,0
0,0.0238397261095013,2018,0
0,0.0220111786870206,2018,0
0,0.0218523919286229,2018,0
0,0.0238397261095013,2018,0
0,0.0218523919286229,2018,0
0,0.0241630967511096,2018,0
0,0.0233163527921055,2018,0
0,0.0213281796611262,2018,0
0,0.0213281796611262,2018,0
0,0.0280412493010479,2018,0
0,0.0280412493010479,2018,0
0,0.0280412493010479,2018,0
0,0.0280412493010479,2018,0
0,0.0280412493010479,2018,0
0,0.0273544048800403,2018,0
0,0.0273544048800403,2018,0
0,0.102895745638699,2018,0
0,0.034202516973421,2018,0
0,0.0271696977545047,2018,0
0,0.0338451933291274,2018,0
0,0.0337849537839885,2018,0
0,0.0313598612253256,2018,0
0,0.0445762025700968,2018,0
0,0.0274319038847277,2018,0
0,0.0338119393219837,2018,0
0,0.0214058127589939,2018,0
0,0.0214058127589939,2018,0
0,0.0275529540902491,2018,0
0,0.0275529540902491,2018,0
0,0.0588846322467684,2018,0
0,0.0237342162327144,2018,0
0,0.033510773893934,2018,0
0,0.0209310189707517,2018,0
0,0.0226296007321495,2018,0
0,0.0241352341115772,2018,0
0,0.0196145372577445,2018,0
0,0.0196145372577445,2018,0
0,0.0268674668687887,2018,0
0,0.0268674668687887,2018,0
0,0.0268674668687887,2018,0
0,0.0268674668687887,2018,0
0,0.0268674668687887,2018,0
0,0.0221822734796639,2018,0
0,0.0268674668687887,2018,0
0,0.0268674668687887,2018,0
0,0.0268674668687887,2018,0
0,0.0268674668687887,2018,0
0,0.0268674668687887,2018,0
0,0.0268674668687887,2018,0
0,0.0268674668687887,2018,0
0,0.0268674668687887,2018,0
0,0.0271273697508903,2018,0
0,0.0271273697508903,2018,0
0,0.0999855434989514,2018,0
0,0.0271963583939493,2018,0
0,0.0366762930233987,2018,0
0,0.042967549217298,2018,0
0,0.046517480185865,2018,0
0,0.0282402335664599,2018,0
0,0.0391313993287896,2018,0
0,0.0268221100039796,2018,0
0,0.0205987594960155,2018,0
0,0.0267058054845773,2018,0
0,0.0267058054845773,2018,0
0,0.0458416664678603,2018,0
0,0.0268858097414324,2018,0
0,0.0227551765407214,2018,0
0,0.032967795806001,2018,0
0,0.0229932543638659,2018,0
0,0.0190360815713011,2018,0
0,0.0190360815713011,2018,0
0,0.0259461661794415,2018,0
0,0.0259461661794415,2018,0
0,0.0259461661794415,2018,0
0,0.0259461661794415,2018,0
0,0.0259461661794415,2018,0
0,0.0259461661794415,2018,0
0,0.0259461661794415,2018,0
0,0.0259461661794415,2018,0
0,0.0259461661794415,2018,0
0,0.0216676220294633,2018,0
0,0.0259461661794415,2018,0
0,0.0259461661794415,2018,0
0,0.0259461661794415,2018,0
0,0.0259461661794415,2018,0
0,0.0259461661794415,2018,0
0,0.0259461661794415,2018,0
0,0.0259461661794415,2018,0
0,0.0268199611286821,2018,0
0,0.0268199611286821,2018,0
0,0.0988018461221978,2018,0
0,0.0266639409404859,2018,0
0,0.036773630674345,2018,0
0,0.041366553895518,2018,0
0,0.0469112742187501,2018,0
0,0.0284588563610486,2018,0
0,0.0396373207477037,2018,0
0,0.0271368517053224,2018,0
0,0.0213989454292599,2018,0
0,0.0213989454292599,2018,0
0,0.0213989454292599,2018,0
0,0.0275125968528693,2018,0
0,0.0275125968528693,2018,0
0,0.0278043441614312,2018,0
0,0.0191751186471683,2018,0
0,0.0231970652149003,2018,0
0,0.0187601700209367,2018,0
0,0.0348400238616763,2018,0
0,0.0240127216526388,2018,0
0,0.0204224203906222,2018,0
0,0.0204224203906222,2018,0
0,0.028102526649784,2018,0
0,0.028102526649784,2018,0
0,0.028102526649784,2018,0
0,0.028102526649784,2018,0
0,0.028102526649784,2018,0
0,0.028102526649784,2018,0
0,0.028102526649784,2018,0
0,0.028102526649784,2018,0
0,0.028102526649784,2018,0
0,0.028102526649784,2018,0
0,0.028102526649784,2018,0
0,0.028102526649784,2018,0
0,0.028102526649784,2018,0
0,0.028102526649784,2018,0
0,0.028102526649784,2018,0
0,0.028102526649784,2018,0
0,0.028102526649784,2018,0
0,0.0280321250470023,2018,0
0,0.028102526649784,2018,0
0,0.028102526649784,2018,0
0,0.028102526649784,2018,0
0,0.0236912963257648,2018,0
0,0.028102526649784,2018,0
0,0.028102526649784,2018,0
0,0.028102526649784,2018,0
0,0.028102526649784,2018,0
0,0.028102526649784,2018,0
0,0.028102526649784,2018,0
0,0.028102526649784,2018,0
0,0.0236912963257648,2018,0
0,0.028102526649784,2018,0
0,0.0282824555607176,2018,0
0,0.0282824555607176,2018,0
0,0.10174185174284,2018,0
0,0.0282715802155893,2018,0
0,0.0387485046122342,2018,0
0,0.039047257536396,2018,0
0,0.0304638909763202,2018,0
0,0.0388335762558634,2018,0
0,0.0282183488408356,2018,0
0,0.0222729281725075,2018,0
0,0.0222729281725075,2018,0
0,0.0283173080601954,2018,0
0,0.0283173080601954,2018,0
0,0.0338238651162613,2018,0
0,0.0599462556283654,2018,0
0,0.0283323128543802,2018,0
0,0.0196948295413072,2018,0
0,0.019676877109995,2018,0
0,0.0193342053513214,2018,0
0,0.0356941437170465,2018,0
0,0.0230256746098363,2018,0
0,0.0243299531864395,2018,0
0,0.0269610388722567,2018,0
0,0.0199566881031039,2018,0
0,0.0199566881031039,2018,0
0,0.0278503133320898,2018,0
0,0.0278503133320898,2018,0
0,0.0278503133320898,2018,0
0,0.0278503133320898,2018,0
0,0.0278503133320898,2018,0
0,0.023589880361386,2018,0
0,0.0278503133320898,2018,0
0,0.0278503133320898,2018,0
0,0.0278503133320898,2018,0
0,0.0278503133320898,2018,0
0,0.0278503133320898,2018,0
0,0.0278503133320898,2018,0
0,0.0278503133320898,2018,0
0,0.0278503133320898,2018,0
0,0.0278503133320898,2018,0
0,0.0278503133320898,2018,0
0,0.0278503133320898,2018,0
0,0.0278503133320898,2018,0
0,0.0278503133320898,2018,0
0,0.0363260395219391,2018,0
0,0.0278503133320898,2018,0
0,0.0278503133320898,2018,0
0,0.0278503133320898,2018,0
0,0.0278503133320898,2018,0
0,0.0278503133320898,2018,0
0,0.0278503133320898,2018,0
0,0.0278503133320898,2018,0
0,0.0278503133320898,2018,0
0,0.0278503133320898,2018,0
0,0.0278503133320898,2018,0
0,0.0278503133320898,2018,0
0,0.0278503133320898,2018,0
0,0.0278503133320898,2018,0
0,0.0278503133320898,2018,0
0,0.0278503133320898,2018,0
0,0.0278503133320898,2018,0
0,0.0278503133320898,2018,0
0,0.0279362134028642,2018,0
0,0.0279362134028642,2018,0
0,0.100057394058901,2018,0
0,0.0278267398654586,2018,0
0,0.0388826550655924,2018,0
0,0.0413744548569642,2018,0
0,0.0198243682971564,2018,0
0,0.0291134866133514,2018,0
0,0.0358140507132748,2018,0
0,0.0275283529092854,2018,0
0,0.0222431943185201,2018,0
0,0.0274502434243981,2018,0
0,0.0274502434243981,2018,0
0,0.032576353232145,2018,0
0,0.0582833895733151,2018,0
0,0.0272683742949224,2018,0
0,0.0190323438877687,2018,0
0,0.0180490059587601,2018,0
0,0.0347448109917235,2018,0
0,0.0210255741447322,2018,0
0,0.0234281235319743,2018,0
0,0.0240260437387847,2018,0
0,0.0184280310227186,2018,0
0,0.0184280310227186,2018,0
0,0.0255487268732265,2018,0
0,0.0255487268732265,2018,0
0,0.0255487268732265,2018,0
0,0.0255487268732265,2018,0
0,0.0255487268732265,2018,0
0,0.032812381721943,2018,0
0,0.0255487268732265,2018,0
0,0.0255487268732265,2018,0
0,0.0255487268732265,2018,0
0,0.0255487268732265,2018,0
0,0.0255487268732265,2018,0
0,0.0255487268732265,2018,0
0,0.0255487268732265,2018,0
0,0.0255487268732265,2018,0
0,0.0255487268732265,2018,0
0,0.0255487268732265,2018,0
0,0.0255487268732265,2018,0
0,0.0255487268732265,2018,0
0,0.0255487268732265,2018,0
0,0.0255487268732265,2018,0
0,0.0255487268732265,2018,0
0,0.0255487268732265,2018,0
0,0.0255487268732265,2018,0
0,0.0255487268732265,2018,0
0,0.0255487268732265,2018,0
0,0.0255487268732265,2018,0
0,0.0255487268732265,2018,0
0,0.0255487268732265,2018,0
0,0.0255487268732265,2018,0
0,0.0255487268732265,2018,0
0,0.0255487268732265,2018,0
0,0.0238448278839051,2018,0
0,0.026796274007712,2018,0
0,0.026796274007712,2018,0
0,0.0975043560771891,2018,0
0,0.0267639523418989,2018,0
0,0.041758196117379,2018,0
0,0.0200005626715203,2018,0
0,0.0200005626715203,2018,0
0,0.0489576876891739,2018,0
0,0.0269065183707415,2018,0
0,0.0365513175352629,2018,0
0,0.0273075578531929,2018,0
0,0.0223021999869327,2018,0
0,0.027049215243978,2018,0
0,0.027049215243978,2018,0
0,0.0303290524935723,2018,0
0,0.0567585573906292,2018,0
0,0.026651751092396,2018,0
0,0.0178894334074675,2018,0
0,0.0199797039892252,2018,0
0,0.0315669731219603,2018,0
0,0.0259643128565004,2018,0
0,0.0217537373135335,2018,0
0,0.0226196291897395,2018,0
0,0.0175930185783494,2018,0
0,0.0175930185783494,2018,0
0,0.0239878058102407,2018,0
0,0.0239878058102407,2018,0
0,0.0239878058102407,2018,0
0,0.0239878058102407,2018,0
0,0.0239878058102407,2018,0
0,0.0239878058102407,2018,0
0,0.0239878058102407,2018,0
0,0.0239878058102407,2018,0
0,0.0239878058102407,2018,0
0,0.0239878058102407,2018,0
0,0.0239878058102407,2018,0
0,0.0239878058102407,2018,0
0,0.0239878058102407,2018,0
0,0.0239878058102407,2018,0
0,0.0239878058102407,2018,0
0,0.0239878058102407,2018,0
0,0.0239878058102407,2018,0
0,0.0239878058102407,2018,0
0,0.0239878058102407,2018,0
0,0.0239878058102407,2018,0
0,0.0239878058102407,2018,0
0,0.0239878058102407,2018,0
0,0.0239878058102407,2018,0
0,0.0306255270256089,2018,0
0,0.0239878058102407,2018,0
0,0.0239878058102407,2018,0
0,0.0239878058102407,2018,0
0,0.0239878058102407,2018,0
0,0.0224332895872145,2018,0
0,0.0239878058102407,2018,0
0,0.0239878058102407,2018,0
0,0.0239878058102407,2018,0
0,0.025887061554659,2018,0
0,0.025887061554659,2018,0
0,0.0955098588814169,2018,0
0,0.0254007447266428,2018,0
0,0.0344703262165503,2018,0
0,0.0272212430680959,2018,0
0,0.0318653757855938,2018,0
0,0.0344523054798831,2018,0
0,0.0245860075136646,2018,0
0,0.0243075099462023,2018,0
0,0.0243075099462023,2018,0
0,0.0298209325247763,2018,0
0,0.024109913775135,2018,0
0,0.0162563280942527,2018,0
0,0.0192231051224185,2018,0
0,0.0162638615450849,2018,0
0,0.0287266374745465,2018,0
0,0.0203118742868793,2018,0
0,0.0215419500552851,2018,0
0,0.0170374351441701,2018,0
0,0.0170374351441701,2018,0
0,0.0227274898267767,2018,0
0,0.0234726370535621,2018,0
0,0.0234726370535621,2018,0
0,0.0234726370535621,2018,0
0,0.0234726370535621,2018,0
0,0.0234726370535621,2018,0
0,0.0234726370535621,2018,0
0,0.0218960061792275,2018,0
0,0.0227274898267767,2018,0
0,0.0234726370535621,2018,0
0,0.0234726370535621,2018,0
0,0.0234726370535621,2018,0
0,0.0234726370535621,2018,0
0,0.0234726370535621,2018,0
0,0.0234726370535621,2018,0
0,0.0234726370535621,2018,0
0,0.0234726370535621,2018,0
0,0.0234726370535621,2018,0
0,0.0234726370535621,2018,0
0,0.0303221934902095,2018,0
0,0.0234726370535621,2018,0
0,0.0234726370535621,2018,0
0,0.0234726370535621,2018,0
0,0.0234726370535621,2018,0
0,0.0234726370535621,2018,0
0,0.0234726370535621,2018,0
0,0.0234726370535621,2018,0
0,0.0234726370535621,2018,0
0,0.0234726370535621,2018,0
0,0.0234726370535621,2018,0
0,0.0242867457294465,2018,0
0,0.0202423907601437,2018,0
0,0.0234726370535621,2018,0
0,0.0234726370535621,2018,0
0,0.0234726370535621,2018,0
0,0.0234726370535621,2018,0
0,0.0234726370535621,2018,0
0,0.0202423907601437,2018,0
0,0.0242715743602448,2018,0
0,0.0242715743602448,2018,0
0,0.0900242292552904,2018,0
0,0.0296642008246159,2018,0
0,0.0242435126718805,2018,0
0,0.0338100280001432,2018,0
0,0.0257488462718934,2018,0
0,0.0331050885583567,2018,0
0,0.0237426412182652,2018,0
0,0.018820457525853,2018,0
0,0.0236079086344688,2018,0
0,0.0236079086344688,2018,0
0,0.0235072856456033,2018,0
0,0.01666651802868,2018,0
0,0.0177581943688114,2018,0
0,0.0148562629384889,2018,0
0,0.0299735834088432,2018,0
0,0.0201952232116505,2018,0
0,0.0186024221592821,2018,0
0,0.0186024221592821,2018,0
0,0.0199831177486177,2018,0
0,0.0221691340885527,2018,0
0,0.0172147034673769,2018,0
0,0.0172147034673769,2018,0
0,0.0231833415933006,2018,0
0,0.0231833415933006,2018,0
0,0.0231833415933006,2018,0
0,0.0231833415933006,2018,0
0,0.0231833415933006,2018,0
0,0.0215951287119137,2018,0
0,0.0240125881412068,2018,0
0,0.0231833415933006,2018,0
0,0.0231833415933006,2018,0
0,0.0231833415933006,2018,0
0,0.0231833415933006,2018,0
0,0.0231833415933006,2018,0
0,0.0231833415933006,2018,0
0,0.0231833415933006,2018,0
0,0.0231833415933006,2018,0
0,0.0224623913284784,2018,0
0,0.0231833415933006,2018,0
0,0.0231833415933006,2018,0
0,0.0231833415933006,2018,0
0,0.0224623913284784,2018,0
0,0.0199013832399902,2018,0
0,0.0231833415933006,2018,0
0,0.0231833415933006,2018,0
0,0.0231833415933006,2018,0
0,0.0231833415933006,2018,0
0,0.0231833415933006,2018,0
0,0.0199013832399902,2018,0
0,0.0231833415933006,2018,0
0,0.0231833415933006,2018,0
0,0.0231833415933006,2018,0
0,0.0231833415933006,2018,0
0,0.0231833415933006,2018,0
0,0.0301430850175469,2018,0
0,0.0231833415933006,2018,0
0,0.0231833415933006,2018,0
0,0.0231833415933006,2018,0
0,0.0231833415933006,2018,0
1,0.0632283411459585,2018,0
1,0.0250759717793538,2018,0
1,0.0329533784493361,2018,0
1,0.0322566105058077,2018,0
1,0.0318799820414015,2018,0
1,0.0275027437208502,2018,0
1,0.0247120549537067,2018,0
1,0.0285041852531276,2018,0
1,0.0265611172123237,2018,0
1,0.0223376585130527,2018,0
1,0.0248682097896355,2018,0
1,0.0206753789341317,2018,0
1,0.0248682097896355,2018,0
1,0.0206753789341317,2018,0
1,0.0245022806273104,2018,0
1,0.0285041852531276,2018,0
1,0.0219812364485246,2018,0
1,0.02439382614712,2018,0
1,0.0379620608652369,2018,0
1,0.0859329711859108,2018,0
1,0.023589880361386,2018,0
1,0.0221822734796639,2018,0
1,0.0264427392495006,2018,0
1,0.0311504450861769,2018,0
1,0.0342225747750605,2018,0
1,0.0326500533992121,2018,0
1,0.0268134489464095,2018,0
1,0.0345863624883167,2018,0
1,0.0498938570524211,2018,0
1,0.0255487268732265,2018,0
1,0.0270706256901799,2018,0
1,0.0357739255292329,2018,0
1,0.0437244220133582,2018,0
1,0.0255487268732265,2018,0
1,0.0297628547283725,2018,0
1,0.0357807858228279,2018,0
1,0.0255487268732265,2018,0
1,0.0268674668687887,2018,0
1,0.0268674668687887,2018,0
1,0.0234726370535621,2018,0
1,0.0268674668687887,2018,0
1,0.0280412493010479,2018,0
1,0.102338367969837,2018,0
1,0.0287299970694735,2018,0
1,0.0176324669740259,2018,0
1,0.0424969323936776,2018,0
1,0.0930696561618794,2018,0
1,0.0836754072250838,2018,0
1,0.0982722920155256,2018,0
1,0.0347835503322142,2018,0
1,0.0234726370535621,2018,0
1,0.0260302218417926,2018,0
1,0.028544265831665,2018,0
1,0.032444322802831,2018,0
1,0.0184280310227186,2018,0
1,0.0246558202599718,2018,0
1,0.0716978369634452,2018,0
1,0.0270000272288303,2018,0
1,0.0179629589806978,2018,0
1,0.0209809032988612,2018,0
1,0.0499429447167274,2018,0
1,0.0492045163967647,2018,0
1,0.0264289434555319,2018,0
1,0.0276036608356193,2018,0
1,0.0538455673218775,2018,0
0,0.0147487332808126,2019,0
0,0.0244543429974283,2019,0
0,0.0244543429974283,2019,0
0,0.0440647764289589,2019,0
0,0.0237794964595929,2019,0
0,0.0242010906104147,2019,0
0,0.0229025966246692,2019,0
0,0.0680468092796713,2019,0
0,0.0221274986446388,2019,0
0,0.0227876214443658,2019,0
0,0.0226932400436799,2019,0
0,0.0158764398961978,2019,0
0,0.0158764398961978,2019,0
0,0.0215303957085355,2019,0
0,0.0215303957085355,2019,0
0,0.0200326930321643,2019,0
0,0.0158886321404065,2019,0
0,0.0106040156109327,2019,0
0,0.0140805317599989,2019,0
0,0.0218737313663187,2019,0
0,0.0146386919326434,2019,0
0,0.0146386919326434,2019,0
0,0.0160051788397588,2019,0
0,0.0147089702844108,2019,0
0,0.0160051788397588,2019,0
0,0.0155092817347045,2019,0
0,0.0184958862111323,2019,0
0,0.0152103613640071,2019,0
0,0.0152103613640071,2019,0
0,0.0149654571883036,2019,0
0,0.0139324729878693,2019,0
0,0.019654162566793,2019,0
0,0.0149654571883036,2019,0
0,0.0149654571883036,2019,0
0,0.0149654571883036,2019,0
0,0.0149654571883036,2019,0
0,0.0149654571883036,2019,0
0,0.0149654571883036,2019,0
0,0.0144687760748796,2019,0
0,0.0149654571883036,2019,0
0,0.0149654571883036,2019,0
0,0.0149654571883036,2019,0
0,0.0149654571883036,2019,0
0,0.0144687760748796,2019,0
0,0.0149654571883036,2019,0
0,0.0149654571883036,2019,0
0,0.0149654571883036,2019,0
0,0.0149654571883036,2019,0
0,0.0149654571883036,2019,0
0,0.0149654571883036,2019,0
0,0.0149654571883036,2019,0
0,0.0149654571883036,2019,0
0,0.0149654571883036,2019,0
0,0.0149654571883036,2019,0
0,0.0149654571883036,2019,0
0,0.0149654571883036,2019,0
0,0.0149654571883036,2019,0
0,0.0149654571883036,2019,0
0,0.0149654571883036,2019,0
0,0.0149654571883036,2019,0
0,0.0149654571883036,2019,0
0,0.0149654571883036,2019,0
0,0.0149654571883036,2019,0
0,0.0149654571883036,2019,0
0,0.0198646275789303,2019,0
0,0.0143870079105049,2019,0
0,0.0149654571883036,2019,0
0,0.0166123289283878,2019,0
0,0.0166123289283878,2019,0
0,0.0127859210806243,2019,0
0,0.0155598294557003,2019,0
0,0.0195512479770547,2019,0
0,0.0114742706282038,2019,0
0,0.00983212415560801,2019,0
0,0.01105079542967,2019,0
0,0.0134003447052322,2019,0
0,0.0100671172316028,2019,0
0,0.0125965247712882,2019,0
0,0.0125965247712882,2019,0
0,0.0118818978747971,2019,0
0,0.0133900890260098,2019,0
0,0.00911462212472631,2019,0
0,0.00624844083444706,2019,0
0,0.00657810926975639,2019,0
0,0.0152037799128687,2019,0
0,0.0093325542756602,2019,0
0,0.0101560682076331,2019,0
0,0.0093325542756602,2019,0
0,0.00936878923186112,2019,0
0,0.0101560682076331,2019,0
0,0.01023309412322,2019,0
0,0.0100997001347591,2019,0
0,0.00934427694239623,2019,0
0,0.00934427694239623,2019,0
0,0.00978592952854697,2019,0
0,0.00978592952854697,2019,0
0,0.00978592952854697,2019,0
0,0.00978592952854697,2019,0
0,0.00978592952854697,2019,0
0,0.00978592952854697,2019,0
0,0.00978592952854697,2019,0
0,0.00978592952854697,2019,0
0,0.00978592952854697,2019,0
0,0.00978592952854697,2019,0
0,0.00947227189725824,2019,0
0,0.00978592952854697,2019,0
0,0.00978592952854697,2019,0
0,0.00978592952854697,2019,0
0,0.00978592952854697,2019,0
0,0.00978592952854697,2019,0
0,0.00978592952854697,2019,0
0,0.00978592952854697,2019,0
0,0.00978592952854697,2019,0
0,0.00978592952854697,2019,0
0,0.00978592952854697,2019,0
0,0.00978592952854697,2019,0
0,0.00978592952854697,2019,0
0,0.00978592952854697,2019,0
0,0.00978592952854697,2019,0
0,0.00978592952854697,2019,0
0,0.00947227189725824,2019,0
0,0.014255566016077,2019,0
0,0.00978592952854697,2019,0
0,0.00978592952854697,2019,0
0,0.00978592952854697,2019,0
0,0.00978592952854697,2019,0
0,0.0127887256960018,2019,0
0,0.00978592952854697,2019,0
0,0.00986433429906598,2019,0
0,0.0107413949585494,2019,0
0,0.0107413949585494,2019,0
0,0.00665571439415625,2019,0
0,0.00643148987625428,2019,0
0,0.00643148987625428,2019,0
0,0.00643148987625428,2019,0
0,0.0106347852009794,2019,0
0,0.00932686299471753,2019,0
0,0.00683597894003728,2019,0
0,0.00779140609522483,2019,0
0,0.0103632488314202,2019,0
0,0.0081433802943406,2019,0
0,0.0081433802943406,2019,0
0,0.0102677229390886,2019,0
0,0.0102677229390886,2019,0
0,0.0119947830426686,2019,0
0,0.0102392750418923,2019,0
0,0.00932427301374152,2019,0
0,0.0135554930431286,2019,0
0,0.00601384478384888,2019,0
0,0.00450766787931814,2019,0
0,0.01570688741285,2019,0
0,0.00975779969676321,2019,0
0,0.0106103880885152,2019,0
0,0.00975779969676321,2019,0
0,0.00981620187813042,2019,0
0,0.0106103880885152,2019,0
0,0.0109985944955728,2019,0
0,0.0311951329042388,2019,0
0,0.0110209990658762,2019,0
0,0.0103644424356859,2019,0
0,0.0103644424356859,2019,0
0,0.0102610415696972,2019,0
0,0.0102625686464016,2019,0
0,0.0102610415696972,2019,0
0,0.0102610415696972,2019,0
0,0.0102610415696972,2019,0
0,0.0102610415696972,2019,0
0,0.0102610415696972,2019,0
0,0.00995416035787469,2019,0
0,0.0102610415696972,2019,0
0,0.0102610415696972,2019,0
0,0.0102610415696972,2019,0
0,0.0102610415696972,2019,0
0,0.0102610415696972,2019,0
0,0.010008741241876,2019,0
0,0.010008741241876,2019,0
0,0.00675319323506375,2019,0
0,0.0165396924357054,2019,0
0,0.00603419579110868,2019,0
0,0.00603419579110868,2019,0
0,0.00603419579110868,2019,0
0,0.00972771228543871,2019,0
0,0.0118946076737605,2019,0
0,0.0085847545136762,2019,0
0,0.00996214493487629,2019,0
0,0.00840585979964516,2019,0
0,0.00840585979964516,2019,0
0,0.00840585979964516,2019,0
0,0.0104192863220069,2019,0
0,0.0104192863220069,2019,0
0,0.020329158431809,2019,0
0,0.0105974809618948,2019,0
0,0.00966241109177278,2019,0
0,0.0139594815506577,2019,0
0,0.0076013490219867,2019,0
0,0.00402906084267702,2019,0
0,0.0149904080080947,2019,0
0,0.00969836246889271,2019,0
0,0.0105412762602206,2019,0
0,0.00969836246889271,2019,0
0,0.00977345770615222,2019,0
0,0.0106986922587857,2019,0
0,0.0114935723988013,2019,0
0,0.0109398860076764,2019,0
0,0.0109398860076764,2019,0
0,0.0111135135846038,2019,0
0,0.0111135135846038,2019,0
0,0.0107986167735614,2019,0
0,0.0111135135846038,2019,0
0,0.0111135135846038,2019,0
0,0.0111135135846038,2019,0
0,0.0111135135846038,2019,0
0,0.0111135135846038,2019,0
0,0.0111135135846038,2019,0
0,0.0111135135846038,2019,0
0,0.0111135135846038,2019,0
0,0.0109606199355242,2019,0
0,0.0112013792733571,2019,0
0,0.0112013792733571,2019,0
0,0.00895073775164024,2019,0
0,0.00745541045540561,2019,0
0,0.0109393353266513,2019,0
0,0.0109393353266513,2019,0
0,0.0109393353266513,2019,0
0,0.0109393353266513,2019,0
0,0.0211201319051203,2019,0
0,0.0172294498232176,2019,0
0,0.0121592180924106,2019,0
0,0.0055831270051568,2019,0
0,0.0118902236724752,2019,0
0,0.0128305980895319,2019,0
0,0.0117944292433173,2019,0
0,0.0117944292433173,2019,0
0,0.0123722047077594,2019,0
0,0.0124290984624288,2019,0
0,0.0137003021287409,2019,0
0,0.0122499717900636,2019,0
0,0.0122499717900636,2019,0
0,0.0121699427897854,2019,0
0,0.0121699427897854,2019,0
0,0.0118242749742924,2019,0
0,0.0121699427897854,2019,0
0,0.0121699427897854,2019,0
0,0.0121699427897854,2019,0
0,0.0121699427897854,2019,0
0,0.0121699427897854,2019,0
0,0.0121699427897854,2019,0
0,0.0121699427897854,2019,0
0,0.0121699427897854,2019,0
0,0.0121699427897854,2019,0
0,0.0121699427897854,2019,0
0,0.0112941133087435,2019,0
0,0.0121699427897854,2019,0
0,0.0121699427897854,2019,0
0,0.012027363686205,2019,0
0,0.0121699427897854,2019,0
0,0.0121699427897854,2019,0
0,0.0118242749742924,2019,0
0,0.0121699427897854,2019,0
0,0.0131905138111262,2019,0
0,0.0110590680335494,2019,0
0,0.0205818549307987,2019,0
0,0.024086688805737,2019,0
0,0.0183166715256455,2019,0
0,0.0183166715256455,2019,0
0,0.0183166715256455,2019,0
0,0.0183166715256455,2019,0
0,0.0200468540083048,2019,0
0,0.0187536164517959,2019,0
0,0.0078035866205058,2019,0
0,0.0192163861929266,2019,0
0,0.0178032589638639,2019,0
0,0.0176180518567051,2019,0
0,0.0176180518567051,2019,0
0,0.0192163861929266,2019,0
0,0.0182263683576018,2019,0
0,0.0215902219116806,2019,0
0,0.0171372876149132,2019,0
0,0.0171372876149132,2019,0
0,0.0212486737298616,2019,0
0,0.0144313398154665,2019,0
0,0.0156117302857561,2019,0
0,0.0156117302857561,2019,0
0,0.0156117302857561,2019,0
0,0.0147668328118496,2019,0
0,0.0156117302857561,2019,0
0,0.0156117302857561,2019,0
0,0.0213161079329651,2019,0
0,0.0156117302857561,2019,0
0,0.0151921349991258,2019,0
0,0.0156117302857561,2019,0
0,0.0156117302857561,2019,0
0,0.0156117302857561,2019,0
0,0.0188033333649193,2019,0
0,0.0188033333649193,2019,0
0,0.0357473692996873,2019,0
0,0.0186974258368643,2019,0
0,0.0183914468995594,2019,0
0,0.0283185385862259,2019,0
0,0.0180489169577705,2019,0
0,0.0193485558277729,2019,0
0,0.0221388411168978,2019,0
0,0.0221388411168978,2019,0
0,0.0221388411168978,2019,0
0,0.0221388411168978,2019,0
0,0.0242883989972182,2019,0
0,0.0198967249759347,2019,0
0,0.00856202406240683,2019,0
0,0.0203679125271093,2019,0
0,0.0201707159786231,2019,0
0,0.0220255885975878,2019,0
0,0.0201707159786231,2019,0
0,0.0220255885975878,2019,0
0,0.020822304112673,2019,0
0,0.0553232536333337,2019,0
0,0.0208858149202236,2019,0
0,0.0208858149202236,2019,0
0,0.0192691554343279,2019,0
0,0.0192691554343279,2019,0
0,0.020224982920202,2019,0
0,0.020224982920202,2019,0
0,0.0397312404314124,2019,0
0,0.0196212503880857,2019,0
0,0.0186699155159611,2019,0
0,0.0205722407739175,2019,0
0,0.0162954226547158,2019,0
0,0.0205144376941215,2019,0
0,0.0205144376941215,2019,0
0,0.0205144376941215,2019,0
0,0.0205144376941215,2019,0
0,0.0147194475283616,2019,0
0,0.0198453491815092,2019,0
0,0.0197340660424582,2019,0
0,0.0197340660424582,2019,0
0,0.0215268038483301,2019,0
0,0.0215268038483301,2019,0
0,0.0201476165632758,2019,0
0,0.0198177292788429,2019,0
0,0.0198177292788429,2019,0
0,0.0183382275335957,2019,0
0,0.0180087191165602,2019,0
0,0.0180087191165602,2019,0
0,0.0180087191165602,2019,0
0,0.0167946189823056,2019,0
0,0.017381888581038,2019,0
0,0.0183382275335957,2019,0
0,0.0180087191165602,2019,0
0,0.0180087191165602,2019,0
0,0.0180087191165602,2019,0
0,0.0180087191165602,2019,0
0,0.0180087191165602,2019,0
0,0.0180087191165602,2019,0
0,0.0141860779695318,2019,0
0,0.0141860779695318,2019,0
0,0.014421158049593,2019,0
0,0.0158724231536057,2019,0
0,0.0158724231536057,2019,0
0,0.0158724231536057,2019,0
0,0.0174500786002513,2019,0
0,0.025940937529758,2019,0
0,0.0141674723689356,2019,0
0,0.0189629861939612,2019,0
0,0.0189629861939612,2019,0
0,0.0189629861939612,2019,0
0,0.0189629861939612,2019,0
0,0.0168284887392527,2019,0
0,0.0207315450882948,2019,0
0,0.0190231567305436,2019,0
0,0.0207315450882948,2019,0
0,0.0190231567305436,2019,0
0,0.0191443505650119,2019,0
0,0.0199324143861839,2019,0
0,0.0209350695193083,2019,0
0,0.0200797243374635,2019,0
0,0.0200797243374635,2019,0
0,0.0184295468304501,2019,0
0,0.0184295468304501,2019,0
0,0.0184295468304501,2019,0
0,0.0184295468304501,2019,0
0,0.0184295468304501,2019,0
0,0.0184295468304501,2019,0
0,0.0184295468304501,2019,0
0,0.0184295468304501,2019,0
0,0.0189589448136088,2019,0
0,0.0184295468304501,2019,0
0,0.0184295468304501,2019,0
0,0.0184295468304501,2019,0
0,0.0184295468304501,2019,0
0,0.0184295468304501,2019,0
0,0.0282370003410934,2019,0
0,0.0242554954022754,2019,0
0,0.0184295468304501,2019,0
0,0.0171684402574018,2019,0
0,0.0184295468304501,2019,0
0,0.0178084981886433,2019,0
0,0.0184295468304501,2019,0
0,0.0189589448136088,2019,0
0,0.0184295468304501,2019,0
0,0.0175442882580805,2019,0
0,0.0175442882580805,2019,0
0,0.0180448210638929,2019,0
0,0.0183491645022015,2019,0
0,0.0192371718686923,2019,0
0,0.0224273690178777,2019,0
0,0.0224273690178777,2019,0
0,0.0224273690178777,2019,0
0,0.0249675758732956,2019,0
0,0.020320085174031,2019,0
0,0.0221447650146944,2019,0
0,0.0204405279446015,2019,0
0,0.020320085174031,2019,0
0,0.0221447650146944,2019,0
0,0.0204429283029742,2019,0
0,0.0199552969547465,2019,0
0,0.0209266823438581,2019,0
0,0.0205833363405088,2019,0
0,0.0205833363405088,2019,0
0,0.0205833363405088,2019,0
0,0.0321714422673707,2019,0
0,0.0205833363405088,2019,0
0,0.0205833363405088,2019,0
0,0.0205833363405088,2019,0
0,0.0205833363405088,2019,0
0,0.0205833363405088,2019,0
0,0.0205833363405088,2019,0
0,0.0191785609805749,2019,0
0,0.0205833363405088,2019,0
0,0.0244298654943539,2019,0
0,0.0244298654943539,2019,0
0,0.0242750072295687,2019,0
0,0.0516775670591172,2019,0
0,0.0239305385486007,2019,0
0,0.0236568403416533,2019,0
0,0.0248052115990284,2019,0
0,0.0223730750541609,2019,0
0,0.016960566765289,2019,0
0,0.0184588833635231,2019,0
0,0.016960566765289,2019,0
0,0.0184588833635231,2019,0
0,0.0170366251186984,2019,0
0,0.0172462673444855,2019,0
0,0.0165707509771366,2019,0
0,0.0188258220749393,2019,0
0,0.0178167989267367,2019,0
0,0.0190859346819509,2019,0
0,0.0190859346819509,2019,0
0,0.0190859346819509,2019,0
0,0.0190859346819509,2019,0
0,0.0190859346819509,2019,0
0,0.0190859346819509,2019,0
0,0.0190859346819509,2019,0
0,0.0190859346819509,2019,0
0,0.0190859346819509,2019,0
0,0.0190859346819509,2019,0
0,0.0190859346819509,2019,0
0,0.0215562820025377,2019,0
0,0.0215562820025377,2019,0
0,0.0508877732334897,2019,0
0,0.0216791225429951,2019,0
0,0.0348070198663272,2019,0
0,0.0237946127733347,2019,0
0,0.0273546336129864,2019,0
0,0.0177887685470346,2019,0
0,0.0193659384691317,2019,0
0,0.0193659384691317,2019,0
0,0.0177887685470346,2019,0
0,0.0187926292495924,2019,0
0,0.023269713410276,2019,0
0,0.022052944291595,2019,0
0,0.022052944291595,2019,0
0,0.022052944291595,2019,0
0,0.022052944291595,2019,0
0,0.0205742150177128,2019,0
0,0.022052944291595,2019,0
0,0.022052944291595,2019,0
0,0.022052944291595,2019,0
0,0.022052944291595,2019,0
0,0.022052944291595,2019,0
0,0.022052944291595,2019,0
0,0.0287846126841665,2019,0
0,0.0287846126841665,2019,0
0,0.0312068298429736,2019,0
0,0.0337503775855738,2019,0
0,0.0230874764009574,2019,0
0,0.0230874764009574,2019,0
0,0.0211854415397071,2019,0
0,0.0222533119992129,2019,0
0,0.0288211389742024,2019,0
0,0.0263239013707632,2019,0
0,0.0263239013707632,2019,0
0,0.0263239013707632,2019,0
0,0.0263239013707632,2019,0
0,0.0263239013707632,2019,0
0,0.0263239013707632,2019,0
0,0.0245397384627939,2019,0
0,0.0263239013707632,2019,0
0,0.0263239013707632,2019,0
0,0.0263239013707632,2019,0
0,0.0263239013707632,2019,0
0,0.0881407016152605,2019,0
0,0.0347231208465638,2019,0
0,0.0347231208465638,2019,0
0,0.035846372424722,2019,0
0,0.0516796247267249,2019,0
0,0.0364469126825327,2019,0
0,0.0369706310546945,2019,0
0,0.0381938155972879,2019,0
0,0.0271752114919056,2019,0
0,0.0296504265819995,2019,0
0,0.0296504265819995,2019,0
0,0.0271878958682302,2019,0
0,0.0277130050898651,2019,0
0,0.0332272631202613,2019,0
0,0.0332272631202613,2019,0
0,0.0332272631202613,2019,0
0,0.0309109738331093,2019,0
0,0.0379123273658152,2019,0
0,0.0379123273658152,2019,0
0,0.0387847316317765,2019,0
0,0.0585233338505422,2019,0
0,0.0393899191780858,2019,0
0,0.0402966223989851,2019,0
0,0.0426917786767847,2019,0
0,0.0298296636035677,2019,0
0,0.0295802232293399,2019,0
0,0.0323500277923101,2019,0
0,0.0323500277923101,2019,0
0,0.0305534049678834,2019,0
0,0.0335380819136959,2019,0
0,0.0476859138277822,2019,0
0,0.0335380819136959,2019,0
0,0.035066072541308,2019,0
0,0.035066072541308,2019,0
0,0.035066072541308,2019,0
0,0.035066072541308,2019,0
0,0.0324732729407293,2019,0
0,0.035066072541308,2019,0
0,0.035066072541308,2019,0
0,0.035066072541308,2019,0
0,0.035066072541308,2019,0
0,0.0470817757101063,2019,0
0,0.043946264938816,2019,0
0,0.043946264938816,2019,0
0,0.101041668720634,2019,0
0,0.0448869758828599,2019,0
0,0.0579698648204062,2019,0
0,0.0463991199467282,2019,0
0,0.0467535567973976,2019,0
0,0.0515643013175556,2019,0
0,0.0353742514439164,2019,0
0,0.0351503153162804,2019,0
0,0.038556213659563,2019,0
0,0.0415057073438005,2019,0
0,0.0415057073438005,2019,0
0,0.0415057073438005,2019,0
0,0.0384462319401676,2019,0
0,0.0415057073438005,2019,0
0,0.0415057073438005,2019,0
0,0.0532342811963638,2019,0
0,0.0544538812126452,2019,0
0,0.0597649173521635,2019,0
0,0.0561680702860675,2019,0
0,0.0567755122331456,2019,0
0,0.0516687367994881,2019,0
0,0.0421526243718589,2019,0
0,0.0460808879486691,2019,0
0,0.0419569296201808,2019,0
0,0.0419569296201808,2019,0
0,0.0453827856118604,2019,0
0,0.0489457709630774,2019,0
0,0.0489457709630774,2019,0
0,0.0489457709630774,2019,0
0,0.0521690450663706,2019,0
0,0.0531175448069379,2019,0
0,0.0562864609361016,2019,0
0,0.0531461227791569,2019,0
0,0.0536947649660729,2019,0
0,0.0531686185693167,2019,0
0,0.0424942146942909,2019,0
0,0.0422160148827955,2019,0
0,0.0463567278675609,2019,0
0,0.0422160148827955,2019,0
0,0.0463567278675609,2019,0
0,0.0412876241470106,2019,0
0,0.0434130062928334,2019,0
0,0.0401713364932719,2019,0
0,0.0434130062928334,2019,0
0,0.0534434237481688,2019,0
0,0.0546217918081283,2019,0
0,0.0560277661266044,2019,0
0,0.0544986068386645,2019,0
0,0.0557167946450847,2019,0
0,0.136390582333422,2019,0
0,0.0661349262869401,2019,0
0,0.0435177257190525,2019,0
0,0.0477493413232195,2019,0
0,0.0437608289610038,2019,0
0,0.0477493413232195,2019,0
0,0.0435177257190525,2019,0
0,0.0400681256017693,2019,0
0,0.0375143479918269,2019,0
0,0.0404886661983877,2019,0
0,0.0404886661983877,2019,0
0,0.0676657429651484,2019,0
0,0.0685889330398347,2019,0
0,0.0668901668041176,2019,0
0,0.0693793591983861,2019,0
0,0.0698755490021428,2019,0
0,0.141286605310109,2019,0
0,0.0698135033830397,2019,0
0,0.0430501274964641,2019,0
0,0.0392219985626601,2019,0
0,0.0392219985626601,2019,0
0,0.0394314638427316,2019,0
0,0.0430501274964641,2019,0
0,0.0363819388440831,2019,0
0,0.0349761554925847,2019,0
0,0.0378082566442271,2019,0
0,0.0378082566442271,2019,0
0,0.070421187874001,2019,0
0,0.0700255332549506,2019,0
0,0.0668507863658346,2019,0
0,0.0690812702148412,2019,0
0,0.0677420215322495,2019,0
0,0.0638058784481246,2019,0
0,0.0409115561678843,2019,0
0,0.0407080692348147,2019,0
0,0.0447254469226996,2019,0
0,0.0447254469226996,2019,0
0,0.0407080692348147,2019,0
0,0.0379817027335984,2019,0
0,0.0371659329739719,2019,0
0,0.0371659329739719,2019,0
0,0.0343832055893336,2019,0
0,0.0629060219613179,2019,0
0,0.0622061718003563,2019,0
0,0.0619441902158988,2019,0
0,0.0616513411450918,2019,0
0,0.0615335349811866,2019,0
0,0.0419712680108767,2019,0
0,0.045958356140192,2019,0
0,0.0417828062367898,2019,0
0,0.0417828062367898,2019,0
0,0.045958356140192,2019,0
0,0.039985309065641,2019,0
0,0.0676673065825582,2019,0
0,0.0428806182189445,2019,0
0,0.0336108997128369,2019,0
0,0.0362947121612614,2019,0
0,0.0362947121612614,2019,0
0,0.0362947121612614,2019,0
0,0.0608966517695759,2019,0
0,0.0601358474597095,2019,0
0,0.0604078940734091,2019,0
0,0.179486385815254,2019,0
0,0.0604163193953624,2019,0
0,0.0610202620877571,2019,0
0,0.0390291654454682,2019,0
0,0.0427858251411314,2019,0
0,0.0388367399834642,2019,0
0,0.0427858251411314,2019,0
0,0.0388367399834642,2019,0
0,0.0392021192782261,2019,0
0,0.0682265649601858,2019,0
0,0.0436641431608131,2019,0
0,0.0436641431608131,2019,0
0,0.0382865005853711,2019,0
0,0.0382865005853711,2019,0
0,0.0382865005853711,2019,0
0,0.0354669135401951,2019,0
0,0.0617169349787353,2019,0
0,0.0614895590095101,2019,0
0,0.0607596974460163,2019,0
0,0.170133413337652,2019,0
0,0.0606589327512079,2019,0
0,0.0435276688687017,2019,0
0,0.0435276688687017,2019,0
0,0.0394718200167555,2019,0
0,0.0398072601284274,2019,0
0,0.0402986515363439,2019,0
0,0.0693648007782268,2019,0
0,0.0448094084252116,2019,0
0,0.0448094084252116,2019,0
0,0.0401295212218912,2019,0
0,0.0401295212218912,2019,0
0,0.0401295212218912,2019,0
0,0.0401295212218912,2019,0
0,0.0401295212218912,2019,0
0,0.0401295212218912,2019,0
0,0.0401295212218912,2019,0
0,0.0401295212218912,2019,0
0,0.0401295212218912,2019,0
0,0.0401295212218912,2019,0
0,0.0401295212218912,2019,0
0,0.0401295212218912,2019,0
0,0.0401295212218912,2019,0
0,0.0371548267802575,2019,0
0,0.0534868510854066,2019,0
0,0.0401295212218912,2019,0
0,0.0401295212218912,2019,0
0,0.0401295212218912,2019,0
0,0.0401295212218912,2019,0
0,0.0401295212218912,2019,0
0,0.0401295212218912,2019,0
0,0.160387634729451,2019,0
0,0.0402948159074188,2019,0
0,0.0444257802828599,2019,0
0,0.0444257802828599,2019,0
0,0.0398705627069558,2019,0
0,0.0686120522182587,2019,0
0,0.0439012949959147,2019,0
0,0.0439012949959147,2019,0
0,0.0377426732011466,2019,0
0,0.0377426732011466,2019,0
0,0.0377426732011466,2019,0
0,0.0377426732011466,2019,0
0,0.0377426732011466,2019,0
0,0.0450380638425087,2019,0
0,0.0377426732011466,2019,0
0,0.0377426732011466,2019,0
0,0.0377426732011466,2019,0
0,0.0377426732011466,2019,0
0,0.0349781620919882,2019,0
0,0.0377426732011466,2019,0
0,0.0377426732011466,2019,0
0,0.0377426732011466,2019,0
0,0.0377426732011466,2019,0
0,0.0377426732011466,2019,0
0,0.045687223474767,2019,0
0,0.0377426732011466,2019,0
0,0.0341750940589915,2019,0
0,0.0377426732011466,2019,0
0,0.0341750940589915,2019,0
0,0.0377426732011466,2019,0
0,0.0377426732011466,2019,0
0,0.0377426732011466,2019,0
0,0.0377426732011466,2019,0
0,0.0377426732011466,2019,0
0,0.0377426732011466,2019,0
0,0.0377426732011466,2019,0
0,0.0377426732011466,2019,0
0,0.0377426732011466,2019,0
0,0.0377426732011466,2019,0
0,0.0501767833428644,2019,0
0,0.0377426732011466,2019,0
0,0.0377426732011466,2019,0
0,0.036450341724052,2019,0
0,0.0336794369899424,2019,0
0,0.0336794369899424,2019,0
0,0.158658238922429,2019,0
0,0.0513517131087772,2019,0
0,0.0402253938478918,2019,0
0,0.0442214970773413,2019,0
0,0.0399490074580413,2019,0
0,0.0709280198713382,2019,0
0,0.0445404742312136,2019,0
0,0.0445404742312136,2019,0
0,0.0380151726821234,2019,0
0,0.0352844290061665,2019,0
0,0.0380151726821234,2019,0
0,0.0380151726821234,2019,0
0,0.0380151726821234,2019,0
0,0.0459206102145889,2019,0
0,0.0380151726821234,2019,0
0,0.0380151726821234,2019,0
0,0.0380151726821234,2019,0
0,0.0380151726821234,2019,0
0,0.0380151726821234,2019,0
0,0.0380151726821234,2019,0
0,0.0348094688020268,2019,0
0,0.0366648934520869,2019,0
0,0.0380151726821234,2019,0
0,0.0380151726821234,2019,0
0,0.0380151726821234,2019,0
0,0.0380151726821234,2019,0
0,0.0380151726821234,2019,0
0,0.0380151726821234,2019,0
0,0.0380151726821234,2019,0
0,0.0380151726821234,2019,0
0,0.0380151726821234,2019,0
0,0.0348094688020268,2019,0
0,0.0458688188768297,2019,0
0,0.0380151726821234,2019,0
0,0.0380151726821234,2019,0
0,0.030705071619519,2019,0
0,0.030705071619519,2019,0
0,0.146391567533278,2019,0
0,0.141881570685155,2019,0
0,0.0414995153669661,2019,0
0,0.0377670526527456,2019,0
0,0.0379732759063893,2019,0
0,0.0675076740394628,2019,0
0,0.0437867608071087,2019,0
0,0.0437867608071087,2019,0
0,0.0361895570188624,2019,0
0,0.0375075696521316,2019,0
0,0.044343069569062,2019,0
0,0.0375075696521316,2019,0
0,0.0375075696521316,2019,0
0,0.0375075696521316,2019,0
0,0.0375075696521316,2019,0
0,0.0375075696521316,2019,0
0,0.0375075696521316,2019,0
0,0.0375075696521316,2019,0
0,0.0375075696521316,2019,0
0,0.0339533488116221,2019,0
0,0.0375075696521316,2019,0
0,0.0375075696521316,2019,0
0,0.0375075696521316,2019,0
0,0.0375075696521316,2019,0
0,0.0375075696521316,2019,0
0,0.0375075696521316,2019,0
0,0.0339533488116221,2019,0
0,0.0375075696521316,2019,0
0,0.0375075696521316,2019,0
0,0.0375075696521316,2019,0
0,0.0375075696521316,2019,0
0,0.0453745467792373,2019,0
0,0.0375075696521316,2019,0
0,0.0375075696521316,2019,0
0,0.0375075696521316,2019,0
0,0.0305368975540751,2019,0
0,0.0305368975540751,2019,0
0,0.136024509297697,2019,0
0,0.139427968720677,2019,0
0,0.0335397877691921,2019,0
0,0.036736719858647,2019,0
0,0.0332902421242926,2019,0
0,0.0332902421242926,2019,0
0,0.036736719858647,2019,0
0,0.03475931724221,2019,0
0,0.0602408715029948,2019,0
0,0.039620378288834,2019,0
0,0.039620378288834,2019,0
0,0.0346074517068254,2019,0
0,0.0346074517068254,2019,0
0,0.0346074517068254,2019,0
0,0.0369396562387974,2019,0
0,0.0346074517068254,2019,0
0,0.0346074517068254,2019,0
0,0.0346074517068254,2019,0
0,0.0346074517068254,2019,0
0,0.0346074517068254,2019,0
0,0.0346074517068254,2019,0
0,0.0346074517068254,2019,0
0,0.0346074517068254,2019,0
0,0.0346074517068254,2019,0
0,0.0346074517068254,2019,0
0,0.0346074517068254,2019,0
0,0.0346074517068254,2019,0
0,0.0346074517068254,2019,0
0,0.0346074517068254,2019,0
0,0.0346074517068254,2019,0
0,0.0346074517068254,2019,0
0,0.0293221436418455,2019,0
0,0.0293221436418455,2019,0
0,0.0467072342726285,2019,0
0,0.0346074517068254,2019,0
0,0.0298485482857049,2019,0
0,0.0298485482857049,2019,0
0,0.132442568906963,2019,0
0,0.135245949941998,2019,0
0,0.0560304692154727,2019,0
0,0.0380216554960998,2019,0
0,0.0380216554960998,2019,0
0,0.0347477420448981,2019,0
0,0.0471073613370757,2019,0
0,0.0347477420448981,2019,0
0,0.0285067147907983,2019,0
0,0.0347477420448981,2019,0
0,0.0347477420448981,2019,0
0,0.0347477420448981,2019,0
0,0.0349567839523813,2019,0
0,0.0347477420448981,2019,0
0,0.0285067147907983,2019,0
0,0.0320253384608347,2019,0
0,0.0347477420448981,2019,0
0,0.0347477420448981,2019,0
0,0.0347477420448981,2019,0
0,0.0347477420448981,2019,0
0,0.0347477420448981,2019,0
0,0.0347477420448981,2019,0
0,0.0347477420448981,2019,0
0,0.0347477420448981,2019,0
0,0.0347477420448981,2019,0
0,0.0347477420448981,2019,0
0,0.0347477420448981,2019,0
0,0.0347477420448981,2019,0
0,0.0347477420448981,2019,0
0,0.0347477420448981,2019,0
0,0.0347477420448981,2019,0
0,0.0529004189773867,2019,0
0,0.0386962635777951,2019,0
0,0.0353912381588266,2019,0
0,0.0353912381588266,2019,0
0,0.0353912381588266,2019,0
0,0.0466832226705088,2019,0
0,0.0353912381588266,2019,0
0,0.0353912381588266,2019,0
0,0.0353912381588266,2019,0
0,0.0353912381588266,2019,0
0,0.0353912381588266,2019,0
0,0.0405182410478557,2019,0
0,0.0353912381588266,2019,0
0,0.0353912381588266,2019,0
0,0.0353912381588266,2019,0
0,0.0353912381588266,2019,0
0,0.0353912381588266,2019,0
0,0.0316208828747126,2019,0
0,0.0316208828747126,2019,0
0,0.0353912381588266,2019,0
0,0.032841701398047,2019,0
0,0.0353912381588266,2019,0
0,0.0353912381588266,2019,0
0,0.0353912381588266,2019,0
0,0.0353912381588266,2019,0
0,0.0353912381588266,2019,0
0,0.0353912381588266,2019,0
0,0.05872571823974,2019,0
0,0.0538854637677949,2019,0
0,0.0305644081880198,2019,0
0,0.0329773975031323,2019,0
0,0.0329773975031323,2019,0
0,0.0299202209492302,2019,0
0,0.0299202209492302,2019,0
0,0.0301262812325247,2019,0
0,0.0324525392771006,2019,0
0,0.03155465679718,2019,0
0,0.0529839119137883,2019,0
0,0.0365479818238529,2019,0
0,0.0351121159898213,2019,0
0,0.0351121159898213,2019,0
0,0.0351121159898213,2019,0
0,0.0351121159898213,2019,0
0,0.0351121159898213,2019,0
0,0.0351121159898213,2019,0
0,0.0351121159898213,2019,0
0,0.0351121159898213,2019,0
0,0.0351121159898213,2019,0
0,0.0351121159898213,2019,0
0,0.0351121159898213,2019,0
0,0.0351121159898213,2019,0
0,0.0325100645934536,2019,0
0,0.0381499001490272,2019,0
0,0.030372312808727,2019,0
0,0.0351121159898213,2019,0
0,0.0351121159898213,2019,0
0,0.0351121159898213,2019,0
0,0.0351121159898213,2019,0
0,0.0351121159898213,2019,0
0,0.0351121159898213,2019,0
0,0.0351121159898213,2019,0
0,0.0351121159898213,2019,0
0,0.0351121159898213,2019,0
0,0.0351121159898213,2019,0
0,0.0351121159898213,2019,0
0,0.0427136537232442,2019,0
0,0.0351121159898213,2019,0
0,0.0351121159898213,2019,0
0,0.030372312808727,2019,0
0,0.0351121159898213,2019,0
0,0.0351121159898213,2019,0
0,0.0351121159898213,2019,0
0,0.0351121159898213,2019,0
0,0.0351121159898213,2019,0
0,0.0467114266962838,2019,0
0,0.0559290018569801,2019,0
0,0.0312470624132141,2019,0
0,0.0469149316710954,2019,0
0,0.0664593480197416,2019,0
0,0.0308049655592847,2019,0
0,0.0315633651533751,2019,0
0,0.0313543613267939,2019,0
0,0.0287241434437275,2019,0
0,0.0284145949432272,2019,0
0,0.0313543613267939,2019,0
0,0.0284145949432272,2019,0
0,0.0315582309365199,2019,0
0,0.0338201770919462,2019,0
0,0.0559477633326843,2019,0
0,0.0377602453753096,2019,0
0,0.0391936393121217,2019,0
0,0.0385575776381313,2019,0
0,0.0391936393121217,2019,0
0,0.0362195236181531,2019,0
0,0.0391936393121217,2019,0
0,0.0479992886236722,2019,0
0,0.0391936393121217,2019,0
0,0.0391936393121217,2019,0
0,0.0391936393121217,2019,0
0,0.0391936393121217,2019,0
0,0.0391936393121217,2019,0
0,0.0391936393121217,2019,0
0,0.0391936393121217,2019,0
0,0.0391936393121217,2019,0
0,0.0391936393121217,2019,0
0,0.0322038240639242,2019,0
0,0.0391936393121217,2019,0
0,0.0391936393121217,2019,0
0,0.0391936393121217,2019,0
0,0.0391936393121217,2019,0
0,0.0523657914721707,2019,0
0,0.0391936393121217,2019,0
0,0.0391936393121217,2019,0
0,0.0391936393121217,2019,0
0,0.0391936393121217,2019,0
0,0.0391936393121217,2019,0
0,0.0391936393121217,2019,0
0,0.0391936393121217,2019,0
0,0.0322038240639242,2019,0
0,0.0391936393121217,2019,0
0,0.0391936393121217,2019,0
0,0.0391936393121217,2019,0
0,0.0391936393121217,2019,0
0,0.0391936393121217,2019,0
0,0.0391936393121217,2019,0
0,0.0391936393121217,2019,0
0,0.0391936393121217,2019,0
0,0.0391936393121217,2019,0
0,0.0473788721700538,2019,0
0,0.053350446707534,2019,0
0,0.036548763793881,2019,0
0,0.0447707212539203,2019,0
0,0.0642310829933177,2019,0
0,0.0338051336558664,2019,0
0,0.0338051336558664,2019,0
0,0.0612991948202545,2019,0
0,0.0347376683494311,2019,0
0,0.0270524053129709,2019,0
0,0.0298288699183327,2019,0
0,0.027317702585647,2019,0
0,0.0270524053129709,2019,0
0,0.0298288699183327,2019,0
0,0.0298772591055324,2019,0
0,0.0315611639374214,2019,0
0,0.0537168001627928,2019,0
0,0.0379922520305724,2019,0
0,0.038687129661839,2019,0
0,0.038687129661839,2019,0
0,0.038687129661839,2019,0
0,0.038687129661839,2019,0
0,0.0510402634946899,2019,0
0,0.038687129661839,2019,0
0,0.038687129661839,2019,0
0,0.038687129661839,2019,0
0,0.0471109367831472,2019,0
0,0.038687129661839,2019,0
0,0.038687129661839,2019,0
0,0.038687129661839,2019,0
0,0.038687129661839,2019,0
0,0.038687129661839,2019,0
0,0.038687129661839,2019,0
0,0.038687129661839,2019,0
0,0.0358628126481593,2019,0
0,0.038687129661839,2019,0
0,0.0401307298579675,2019,0
0,0.038687129661839,2019,0
0,0.038687129661839,2019,0
0,0.038687129661839,2019,0
0,0.0329586620689422,2019,0
0,0.038687129661839,2019,0
0,0.038687129661839,2019,0
0,0.038687129661839,2019,0
0,0.038687129661839,2019,0
0,0.038687129661839,2019,0
0,0.038687129661839,2019,0
0,0.038687129661839,2019,0
0,0.038687129661839,2019,0
0,0.0329586620689422,2019,0
0,0.038687129661839,2019,0
0,0.038687129661839,2019,0
0,0.038687129661839,2019,0
0,0.038687129661839,2019,0
0,0.038687129661839,2019,0
0,0.038687129661839,2019,0
0,0.0467028892936921,2019,0
0,0.0467028892936921,2019,0
0,0.0517813899862002,2019,0
0,0.0392109899967063,2019,0
0,0.044758061479173,2019,0
0,0.0614047060800694,2019,0
0,0.0342546477576167,2019,0
0,0.0342546477576167,2019,0
0,0.0312181112083283,2019,0
0,0.123052574506956,2019,0
0,0.0527124429483024,2019,0
0,0.0464792290796486,2019,0
0,0.0338139553199331,2019,0
0,0.029908336548599,2019,0
0,0.0271232772365269,2019,0
0,0.029908336548599,2019,0
0,0.0273443653008383,2019,0
0,0.0271232772365269,2019,0
0,0.0313070065715143,2019,0
0,0.0301385903647678,2019,0
0,0.0539546001329711,2019,0
0,0.037610223538882,2019,0
0,0.0373074451701928,2019,0
0,0.0373074451701928,2019,0
0,0.0453106608574664,2019,0
0,0.0373074451701928,2019,0
0,0.0373074451701928,2019,0
0,0.0373074451701928,2019,0
0,0.0373074451701928,2019,0
0,0.0373074451701928,2019,0
0,0.0373074451701928,2019,0
0,0.0373074451701928,2019,0
0,0.0373074451701928,2019,0
0,0.0373074451701928,2019,0
0,0.0373074451701928,2019,0
0,0.0373074451701928,2019,0
0,0.0373074451701928,2019,0
0,0.0373074451701928,2019,0
0,0.0373074451701928,2019,0
0,0.0373074451701928,2019,0
0,0.0373074451701928,2019,0
0,0.0373074451701928,2019,0
0,0.0373074451701928,2019,0
0,0.0373074451701928,2019,0
0,0.0322479819501697,2019,0
0,0.0373074451701928,2019,0
0,0.0373074451701928,2019,0
0,0.0373074451701928,2019,0
0,0.0373074451701928,2019,0
0,0.0373074451701928,2019,0
0,0.0373074451701928,2019,0
0,0.0322479819501697,2019,0
0,0.0373074451701928,2019,0
0,0.0393860911824043,2019,0
0,0.0373074451701928,2019,0
0,0.0373074451701928,2019,0
0,0.0373074451701928,2019,0
0,0.0488691975717057,2019,0
0,0.0373074451701928,2019,0
0,0.0464817688334365,2019,0
0,0.0464817688334365,2019,0
0,0.0519058641599381,2019,0
0,0.0375350639473135,2019,0
0,0.0441155587984475,2019,0
0,0.0634691507479288,2019,0
0,0.0324129318990924,2019,0
0,0.0324129318990924,2019,0
0,0.12754973350777,2019,0
0,0.0462477843778732,2019,0
0,0.0462813792411397,2019,0
0,0.0334520712069782,2019,0
0,0.0343235718035046,2019,0
0,0.0312732421810806,2019,0
0,0.0311224104737855,2019,0
0,0.0343235718035046,2019,0
0,0.0311224104737855,2019,0
0,0.0332139785577287,2019,0
0,0.0329633383366598,2019,0
0,0.0595633166688161,2019,0
0,0.0411117425179114,2019,0
0,0.0399500127028024,2019,0
0,0.0437833006772441,2019,0
0,0.0399500127028024,2019,0
0,0.0399500127028024,2019,0
0,0.0399500127028024,2019,0
0,0.0399500127028024,2019,0
0,0.0399500127028024,2019,0
0,0.0482570996133553,2019,0
0,0.0356558002776435,2019,0
0,0.0399500127028024,2019,0
0,0.0399500127028024,2019,0
0,0.0399500127028024,2019,0
0,0.0399500127028024,2019,0
0,0.0399500127028024,2019,0
0,0.0399500127028024,2019,0
0,0.0399500127028024,2019,0
0,0.0399500127028024,2019,0
0,0.0514688892168013,2019,0
0,0.0399500127028024,2019,0
0,0.0399500127028024,2019,0
0,0.0399500127028024,2019,0
0,0.0399500127028024,2019,0
0,0.0356558002776435,2019,0
0,0.0399500127028024,2019,0
0,0.0399500127028024,2019,0
0,0.0399500127028024,2019,0
0,0.0399500127028024,2019,0
0,0.0399500127028024,2019,0
0,0.0399500127028024,2019,0
0,0.0505740895427314,2019,0
0,0.0434051125990351,2019,0
0,0.0434051125990351,2019,0
0,0.0603063689864707,2019,0
0,0.038595428618391,2019,0
0,0.053601200377098,2019,0
0,0.0653984310394663,2019,0
0,0.0343414954410757,2019,0
0,0.0343414954410757,2019,0
0,0.127957940127991,2019,0
0,0.043043487962431,2019,0
0,0.0427563051569609,2019,0
0,0.0427563051569609,2019,0
0,0.0303796695309413,2019,0
0,0.0360801848827122,2019,0
0,0.0328150076166443,2019,0
0,0.0328150076166443,2019,0
0,0.032906689433781,2019,0
0,0.0361610883749099,2019,0
0,0.0361610883749099,2019,0
0,0.033057659319878,2019,0
0,0.0325963615042867,2019,0
0,0.0585312784675976,2019,0
0,0.0416435921048937,2019,0
0,0.0396941008579567,2019,0
0,0.0396941008579567,2019,0
0,0.0396941008579567,2019,0
0,0.0396941008579567,2019,0
0,0.0396941008579567,2019,0
0,0.0396941008579567,2019,0
0,0.0509259074278145,2019,0
0,0.0396941008579567,2019,0
0,0.0396941008579567,2019,0
0,0.0396941008579567,2019,0
0,0.0396941008579567,2019,0
0,0.0396941008579567,2019,0
0,0.0396941008579567,2019,0
0,0.0468943958080782,2019,0
0,0.0396941008579567,2019,0
0,0.0396941008579567,2019,0
0,0.0396941008579567,2019,0
0,0.0396941008579567,2019,0
0,0.0396941008579567,2019,0
0,0.0396941008579567,2019,0
0,0.0477088064215435,2019,0
0,0.0396941008579567,2019,0
0,0.0396941008579567,2019,0
0,0.0370525058247082,2019,0
0,0.0368610975637089,2019,0
0,0.0368610975637089,2019,0
0,0.0396941008579567,2019,0
0,0.0396941008579567,2019,0
0,0.0396941008579567,2019,0
0,0.0396941008579567,2019,0
0,0.0396941008579567,2019,0
0,0.0396941008579567,2019,0
0,0.0478712417852654,2019,0
0,0.0425558485784124,2019,0
0,0.0425558485784124,2019,0
0,0.0657527761801366,2019,0
0,0.0411811035544238,2019,0
0,0.0564289750846445,2019,0
0,0.0373103758337545,2019,0
0,0.122859643866196,2019,0
0,0.0425996691633296,2019,0
0,0.042062357533559,2019,0
0,0.042062357533559,2019,0
0,0.0331700499343948,2019,0
0,0.0394927097064098,2019,0
0,0.040904651311462,2019,0
0,0.0337112891966625,2019,0
0,0.0306034215119603,2019,0
0,0.0307277581117437,2019,0
0,0.0337112891966625,2019,0
0,0.0306034215119603,2019,0
0,0.0315853278333764,2019,0
0,0.0315175433747198,2019,0
0,0.0547566859626781,2019,0
0,0.0400962111297059,2019,0
0,0.0384048444973979,2019,0
0,0.0384048444973979,2019,0
0,0.0500242634908372,2019,0
0,0.0384048444973979,2019,0
0,0.0384048444973979,2019,0
0,0.0384048444973979,2019,0
0,0.0384048444973979,2019,0
0,0.0384048444973979,2019,0
0,0.0384048444973979,2019,0
0,0.0384048444973979,2019,0
0,0.0384048444973979,2019,0
0,0.0384048444973979,2019,0
0,0.0384048444973979,2019,0
0,0.0384048444973979,2019,0
0,0.0384048444973979,2019,0
0,0.0384048444973979,2019,0
0,0.0384048444973979,2019,0
0,0.0384048444973979,2019,0
0,0.0384048444973979,2019,0
0,0.0463182604520207,2019,0
0,0.0384048444973979,2019,0
0,0.0384048444973979,2019,0
0,0.0384048444973979,2019,0
0,0.0384048444973979,2019,0
0,0.0351419752155243,2019,0
0,0.0384048444973979,2019,0
0,0.0351419752155243,2019,0
0,0.0357369766246834,2019,0
0,0.0384048444973979,2019,0
0,0.0384048444973979,2019,0
0,0.0384048444973979,2019,0
0,0.045189502811891,2019,0
0,0.0384048444973979,2019,0
0,0.0384048444973979,2019,0
0,0.0384048444973979,2019,0
0,0.0415239482578168,2019,0
0,0.0414703190191142,2019,0
0,0.0414703190191142,2019,0
0,0.0664599524560151,2019,0
0,0.0447668193076316,2019,0
0,0.0545635429927503,2019,0
0,0.0390826006828592,2019,0
0,0.11599741646479,2019,0
0,0.0621190098711387,2019,0
0,0.0409115754765908,2019,0
0,0.039324356739544,2019,0
0,0.039324356739544,2019,0
0,0.0315752321404803,2019,0
0,0.0363905630986959,2019,0
0,0.0363905630986959,2019,0
0,0.0279450014161255,2019,0
0,0.0279450014161255,2019,0
0,0.0307937447722888,2019,0
0,0.0281124762050415,2019,0
0,0.0307937447722888,2019,0
0,0.0309238239515529,2019,0
0,0.0302935812964035,2019,0
0,0.0530201804045647,2019,0
0,0.0364959753203812,2019,0
0,0.0353497643258259,2019,0
0,0.0353497643258259,2019,0
0,0.0353497643258259,2019,0
0,0.0353497643258259,2019,0
0,0.0353497643258259,2019,0
0,0.0353497643258259,2019,0
0,0.0353497643258259,2019,0
0,0.0353497643258259,2019,0
0,0.0353497643258259,2019,0
0,0.0353497643258259,2019,0
0,0.0353497643258259,2019,0
0,0.0353497643258259,2019,0
0,0.0353497643258259,2019,0
0,0.0353497643258259,2019,0
0,0.0306997342271197,2019,0
0,0.0353497643258259,2019,0
0,0.0353497643258259,2019,0
0,0.0306997342271197,2019,0
0,0.0465077019844696,2019,0
0,0.0353497643258259,2019,0
0,0.0353497643258259,2019,0
0,0.0353497643258259,2019,0
0,0.0429250183403735,2019,0
0,0.0353497643258259,2019,0
0,0.0353497643258259,2019,0
0,0.036807887467637,2019,0
0,0.0377779832502666,2019,0
0,0.0377779832502666,2019,0
0,0.0377779832502666,2019,0
0,0.0601303999220452,2019,0
0,0.0425233516975004,2019,0
0,0.0368056378373565,2019,0
0,0.0499670199456842,2019,0
0,0.035470037701376,2019,0
0,0.101239865072676,2019,0
0,0.0354484583480512,2019,0
0,0.035846909180466,2019,0
0,0.035846909180466,2019,0
0,0.0798922498430161,2019,0
0,0.0273637112341911,2019,0
0,0.0300167768375149,2019,0
0,0.0272472643197015,2019,0
0,0.0272472643197015,2019,0
0,0.0300167768375149,2019,0
0,0.0291839017662409,2019,0
0,0.0291307993071711,2019,0
0,0.0511429332247257,2019,0
0,0.0347674639806217,2019,0
0,0.0348561581265706,2019,0
0,0.0348561581265706,2019,0
0,0.0348561581265706,2019,0
0,0.0348561581265706,2019,0
0,0.0348561581265706,2019,0
0,0.0348561581265706,2019,0
0,0.0348561581265706,2019,0
0,0.0348561581265706,2019,0
0,0.0348561581265706,2019,0
0,0.0348561581265706,2019,0
0,0.0348561581265706,2019,0
0,0.0348561581265706,2019,0
0,0.0348561581265706,2019,0
0,0.0348561581265706,2019,0
0,0.0348561581265706,2019,0
0,0.0309296974714233,2019,0
0,0.0449878688483961,2019,0
0,0.0348561581265706,2019,0
0,0.0348561581265706,2019,0
0,0.0348561581265706,2019,0
0,0.0309296974714233,2019,0
0,0.0348561581265706,2019,0
0,0.0348561581265706,2019,0
0,0.0421200220790758,2019,0
0,0.0348561581265706,2019,0
0,0.0350622387504912,2019,0
0,0.0365439324279254,2019,0
0,0.0365439324279254,2019,0
0,0.0365439324279254,2019,0
0,0.0613335104781291,2019,0
0,0.0416889563644483,2019,0
0,0.0500390116226356,2019,0
0,0.0356113564005451,2019,0
0,0.0366981381928011,2019,0
0,0.0366981381928011,2019,0
0,0.08117426237772,2019,0
0,0.0301797489061427,2019,0
0,0.031311390770136,2019,0
0,0.0274118736754172,2019,0
0,0.030186834936425,2019,0
0,0.0274503998211569,2019,0
0,0.030186834936425,2019,0
0,0.0274118736754172,2019,0
0,0.0289724945918031,2019,0
0,0.0298742518262773,2019,0
0,0.0519480529037988,2019,0
0,0.0368712960183538,2019,0
0,0.0370315793456772,2019,0
0,0.0346292961182211,2019,0
0,0.0343632410080065,2019,0
0,0.0370315793456772,2019,0
0,0.0370315793456772,2019,0
0,0.0370315793456772,2019,0
0,0.0370315793456772,2019,0
0,0.0370315793456772,2019,0
0,0.0370315793456772,2019,0
0,0.0370315793456772,2019,0
0,0.0370315793456772,2019,0
0,0.0370315793456772,2019,0
0,0.0370315793456772,2019,0
0,0.0370315793456772,2019,0
0,0.0370315793456772,2019,0
0,0.0370315793456772,2019,0
0,0.0370315793456772,2019,0
0,0.0370315793456772,2019,0
0,0.0343632410080065,2019,0
0,0.0444504176837893,2019,0
0,0.0370315793456772,2019,0
0,0.0370315793456772,2019,0
0,0.0370315793456772,2019,0
0,0.0370315793456772,2019,0
0,0.0370315793456772,2019,0
0,0.0370315793456772,2019,0
0,0.0370315793456772,2019,0
0,0.0370315793456772,2019,0
0,0.042988092681992,2019,0
0,0.0370315793456772,2019,0
0,0.0370315793456772,2019,0
0,0.0370315793456772,2019,0
0,0.0370315793456772,2019,0
0,0.0370315793456772,2019,0
0,0.0370315793456772,2019,0
0,0.0470752891237987,2019,0
0,0.0370315793456772,2019,0
0,0.0355357398413421,2019,0
0,0.0360322541200999,2019,0
0,0.0360322541200999,2019,0
0,0.0360322541200999,2019,0
0,0.0661685933226209,2019,0
0,0.0364733243031799,2019,0
0,0.0364733243031799,2019,0
0,0.0364733243031799,2019,0
0,0.0426742770216866,2019,0
0,0.0534002947899625,2019,0
0,0.0524565128162012,2019,0
0,0.038541516788954,2019,0
0,0.038668575465722,2019,0
0,0.038668575465722,2019,0
0,0.0877190366685835,2019,0
0,0.0317838141812004,2019,0
0,0.0309630600673946,2019,0
0,0.0279647515524339,2019,0
0,0.030700999338736,2019,0
0,0.031858909156208,2019,0
0,0.0316727236775913,2019,0
0,0.0565498916035891,2019,0
0,0.0376512412169707,2019,0
0,0.0360323244515068,2019,0
0,0.0360323244515068,2019,0
0,0.0360323244515068,2019,0
0,0.0360323244515068,2019,0
0,0.0360323244515068,2019,0
0,0.0360323244515068,2019,0
0,0.0464028054604818,2019,0
0,0.0360323244515068,2019,0
0,0.0360323244515068,2019,0
0,0.0335853357377296,2019,0
0,0.0360323244515068,2019,0
0,0.0435257675421645,2019,0
0,0.0391435390561407,2019,0
0,0.0360323244515068,2019,0
0,0.0360323244515068,2019,0
0,0.0360323244515068,2019,0
0,0.0360323244515068,2019,0
0,0.032033722986314,2019,0
0,0.0360323244515068,2019,0
0,0.0360323244515068,2019,0
0,0.0360323244515068,2019,0
0,0.0360323244515068,2019,0
0,0.0360323244515068,2019,0
0,0.0360323244515068,2019,0
0,0.0360323244515068,2019,0
0,0.0360323244515068,2019,0
0,0.0360323244515068,2019,0
0,0.0360323244515068,2019,0
0,0.0360323244515068,2019,0
0,0.0360323244515068,2019,0
0,0.0360323244515068,2019,0
0,0.0360323244515068,2019,0
0,0.032033722986314,2019,0
0,0.0360323244515068,2019,0
0,0.0360323244515068,2019,0
0,0.0360323244515068,2019,0
0,0.0360323244515068,2019,0
0,0.0434960046494905,2019,0
0,0.0409725544750483,2019,0
0,0.0409725544750483,2019,0
0,0.0409725544750483,2019,0
0,0.0641564342760222,2019,0
0,0.0345217381449826,2019,0
0,0.0345217381449826,2019,0
0,0.0345217381449826,2019,0
0,0.0401169693453815,2019,0
0,0.0573822105244484,2019,0
0,0.0418988407209899,2019,0
0,0.0409860434232113,2019,0
0,0.0409860434232113,2019,0
0,0.0892879951554136,2019,0
0,0.0411096756969984,2019,0
0,0.030405370941988,2019,0
0,0.0261225580464917,2019,0
0,0.0248137037984774,2019,0
0,0.0271035729533468,2019,0
0,0.0294805143325931,2019,0
0,0.0312143747822575,2019,0
0,0.0531649708635288,2019,0
0,0.0353149096689484,2019,0
0,0.0343182606307199,2019,0
0,0.0317320553914743,2019,0
0,0.0343182606307199,2019,0
0,0.0343182606307199,2019,0
0,0.0343182606307199,2019,0
0,0.0343182606307199,2019,0
0,0.0343182606307199,2019,0
0,0.0343182606307199,2019,0
0,0.032337943480011,2019,0
0,0.0343182606307199,2019,0
0,0.0277165480236612,2019,0
0,0.0343182606307199,2019,0
0,0.0277165480236612,2019,0
0,0.0343182606307199,2019,0
0,0.0343182606307199,2019,0
0,0.0343182606307199,2019,0
0,0.0343182606307199,2019,0
0,0.0343182606307199,2019,0
0,0.0420684938967982,2019,0
0,0.0343182606307199,2019,0
0,0.0343182606307199,2019,0
0,0.0343182606307199,2019,0
0,0.0343182606307199,2019,0
0,0.0456707641783331,2019,0
0,0.0343182606307199,2019,0
0,0.0343182606307199,2019,0
0,0.0343182606307199,2019,0
0,0.0343182606307199,2019,0
0,0.0343182606307199,2019,0
0,0.0343182606307199,2019,0
0,0.0343182606307199,2019,0
0,0.0343182606307199,2019,0
0,0.0343182606307199,2019,0
0,0.0343182606307199,2019,0
0,0.0343182606307199,2019,0
0,0.0343182606307199,2019,0
0,0.0343182606307199,2019,0
0,0.0498502875660157,2019,0
0,0.0415631876845514,2019,0
0,0.0415631876845514,2019,0
0,0.0415631876845514,2019,0
0,0.052060913653642,2019,0
0,0.0287548437981791,2019,0
0,0.0287548437981791,2019,0
0,0.0287548437981791,2019,0
0,0.0341223560049157,2019,0
0,0.0386699993373757,2019,0
0,0.0540459454093941,2019,0
0,0.0410455161115689,2019,0
0,0.0390367510473959,2019,0
0,0.0390367510473959,2019,0
0,0.0399479676947449,2019,0
0,0.0374724087076523,2019,0
0,0.0271801048266541,2019,0
0,0.0232523113240643,2019,0
0,0.0280011600159213,2019,0
0,0.025422657271599,2019,0
0,0.0280011600159213,2019,0
0,0.025422657271599,2019,0
0,0.0279906900005245,2019,0
0,0.0466282552484441,2019,0
0,0.0340326387658116,2019,0
0,0.0312530071425969,2019,0
0,0.0467601013719941,2019,0
0,0.0360122075818857,2019,0
0,0.0360122075818857,2019,0
0,0.0360122075818857,2019,0
0,0.0360122075818857,2019,0
0,0.0360122075818857,2019,0
0,0.0360122075818857,2019,0
0,0.0360122075818857,2019,0
0,0.0360122075818857,2019,0
0,0.0360122075818857,2019,0
0,0.0360122075818857,2019,0
0,0.0360122075818857,2019,0
0,0.0360122075818857,2019,0
0,0.0312530071425969,2019,0
0,0.0436642401737527,2019,0
0,0.0360122075818857,2019,0
0,0.0360122075818857,2019,0
0,0.0360122075818857,2019,0
0,0.0360122075818857,2019,0
0,0.0360122075818857,2019,0
0,0.0360122075818857,2019,0
0,0.0377481591715157,2019,0
0,0.0360122075818857,2019,0
0,0.0360122075818857,2019,0
0,0.0360122075818857,2019,0
0,0.0360122075818857,2019,0
0,0.0360122075818857,2019,0
0,0.0360122075818857,2019,0
0,0.0334987280854385,2019,0
0,0.0360122075818857,2019,0
0,0.0360122075818857,2019,0
0,0.0360122075818857,2019,0
0,0.0360122075818857,2019,0
0,0.0360122075818857,2019,0
0,0.0347151237284731,2019,0
0,0.0342397699120458,2019,0
0,0.0342397699120458,2019,0
0,0.0342397699120458,2019,0
0,0.0564387094699757,2019,0
0,0.040242457491337,2019,0
0,0.0281101382043438,2019,0
0,0.0281101382043438,2019,0
0,0.0281101382043438,2019,0
0,0.0359167597798242,2019,0
0,0.0462303783395695,2019,0
0,0.032618155374388,2019,0
0,0.0340409636348073,2019,0
0,0.0340409636348073,2019,0
0,0.0411842936995718,2019,0
0,0.0351648343042557,2019,0
0,0.0305213341939621,2019,0
0,0.0270473296596291,2019,0
0,0.0328998338479671,2019,0
0,0.0515983257017886,2019,0
0,0.0378716516127485,2019,0
0,0.033343877904181,2019,0
0,0.0362313498705116,2019,0
0,0.0420051704713774,2019,0
0,0.0362313498705116,2019,0
0,0.0362313498705116,2019,0
0,0.033343877904181,2019,0
0,0.0362313498705116,2019,0
0,0.0362313498705116,2019,0
0,0.0362313498705116,2019,0
0,0.0338181463721341,2019,0
0,0.0362313498705116,2019,0
0,0.0362313498705116,2019,0
0,0.0362313498705116,2019,0
0,0.0362313498705116,2019,0
0,0.0362313498705116,2019,0
0,0.0362313498705116,2019,0
0,0.0362313498705116,2019,0
0,0.0435759760855543,2019,0
0,0.0464771157259239,2019,0
0,0.0362313498705116,2019,0
0,0.0362313498705116,2019,0
0,0.0362313498705116,2019,0
0,0.0362313498705116,2019,0
0,0.0362313498705116,2019,0
0,0.0362313498705116,2019,0
0,0.0362313498705116,2019,0
0,0.0362313498705116,2019,0
0,0.0362313498705116,2019,0
0,0.0362313498705116,2019,0
0,0.0362313498705116,2019,0
0,0.0362313498705116,2019,0
0,0.0362313498705116,2019,0
0,0.0362313498705116,2019,0
0,0.0362313498705116,2019,0
0,0.0362313498705116,2019,0
0,0.0356612570980546,2019,0
0,0.0356612570980546,2019,0
0,0.0356612570980546,2019,0
0,0.0817853299324236,2019,0
0,0.0433756557633087,2019,0
0,0.0314022748911398,2019,0
0,0.0314022748911398,2019,0
0,0.0314022748911398,2019,0
0,0.03894241908923,2019,0
0,0.0532990010542357,2019,0
0,0.0367438705277264,2019,0
0,0.0372133016526115,2019,0
0,0.0372133016526115,2019,0
0,0.0450296225457943,2019,0
0,0.0376582256922443,2019,0
0,0.0326753214759437,2019,0
0,0.0482563506590879,2019,0
0,0.0260785346059873,2019,0
0,0.0356254569662587,2019,0
0,0.0325108343481884,2019,0
0,0.0587085528059082,2019,0
0,0.0392694076306862,2019,0
0,0.0355025945362325,2019,0
0,0.0355025945362325,2019,0
0,0.0355025945362325,2019,0
0,0.0355025945362325,2019,0
0,0.0355025945362325,2019,0
0,0.0355025945362325,2019,0
0,0.0460695589208491,2019,0
0,0.0355025945362325,2019,0
0,0.0428887620632629,2019,0
0,0.0355025945362325,2019,0
0,0.0317949593000151,2019,0
0,0.0355025945362325,2019,0
0,0.0355025945362325,2019,0
0,0.0355025945362325,2019,0
0,0.0355025945362325,2019,0
0,0.0355025945362325,2019,0
0,0.0355025945362325,2019,0
0,0.0355025945362325,2019,0
0,0.0355025945362325,2019,0
0,0.0396875329510456,2019,0
0,0.0355025945362325,2019,0
0,0.0355025945362325,2019,0
0,0.0355025945362325,2019,0
0,0.0355025945362325,2019,0
0,0.0355025945362325,2019,0
0,0.0355025945362325,2019,0
0,0.0355025945362325,2019,0
0,0.0355025945362325,2019,0
0,0.0355025945362325,2019,0
0,0.0355025945362325,2019,0
0,0.0355025945362325,2019,0
0,0.0355025945362325,2019,0
0,0.0355025945362325,2019,0
0,0.0317949593000151,2019,0
0,0.0355025945362325,2019,0
0,0.0385679215037674,2019,0
0,0.0385679215037674,2019,0
0,0.0385679215037674,2019,0
0,0.0909868551361826,2019,0
0,0.0448717779572886,2019,0
0,0.0295639158295551,2019,0
0,0.0295639158295551,2019,0
0,0.0295639158295551,2019,0
0,0.0345292031611669,2019,0
0,0.0574896043482526,2019,0
0,0.0407749803569268,2019,0
0,0.0415970182592559,2019,0
0,0.0415970182592559,2019,0
0,0.0500658885369656,2019,0
0,0.041916370652876,2019,0
0,0.035771883123203,2019,0
0,0.0487420696804058,2019,0
0,0.024545813653558,2019,0
0,0.036285062052696,2019,0
0,0.0332554289794385,2019,0
0,0.0638544929994127,2019,0
0,0.041934041476654,2019,0
0,0.0394005393353027,2019,0
0,0.0394005393353027,2019,0
0,0.0329203467394662,2019,0
0,0.0394005393353027,2019,0
0,0.0329203467394662,2019,0
0,0.0394005393353027,2019,0
0,0.0394005393353027,2019,0
0,0.0394005393353027,2019,0
0,0.0394005393353027,2019,0
0,0.0402180340261474,2019,0
0,0.0394005393353027,2019,0
0,0.0481700921795822,2019,0
0,0.0394005393353027,2019,0
0,0.0394005393353027,2019,0
0,0.0394005393353027,2019,0
0,0.0394005393353027,2019,0
0,0.0394005393353027,2019,0
0,0.0394005393353027,2019,0
0,0.0527028193931839,2019,0
0,0.0394005393353027,2019,0
0,0.0394005393353027,2019,0
0,0.0394005393353027,2019,0
0,0.0394005393353027,2019,0
0,0.0394005393353027,2019,0
0,0.0394005393353027,2019,0
0,0.0394005393353027,2019,0
0,0.0394005393353027,2019,0
0,0.0394005393353027,2019,0
0,0.0394005393353027,2019,0
0,0.0394005393353027,2019,0
0,0.0394005393353027,2019,0
0,0.0394005393353027,2019,0
0,0.0394005393353027,2019,0
0,0.0394005393353027,2019,0
0,0.0394005393353027,2019,0
0,0.0429594020666673,2019,0
0,0.0429594020666673,2019,0
0,0.0429594020666673,2019,0
0,0.0458899133589504,2019,0
0,0.0283148897234048,2019,0
0,0.0283148897234048,2019,0
0,0.0283148897234048,2019,0
0,0.0328294015946896,2019,0
0,0.0571832238016318,2019,0
0,0.0441399964563256,2019,0
0,0.0434673974920806,2019,0
0,0.0434673974920806,2019,0
0,0.0512398264751599,2019,0
0,0.0430150421169861,2019,0
0,0.0352092188615116,2019,0
0,0.0470027566014526,2019,0
0,0.0241282417072053,2019,0
0,0.0344266482565659,2019,0
0,0.0316060470225683,2019,0
0,0.0312471353811541,2019,0
0,0.0344266482565659,2019,0
0,0.0312471353811541,2019,0
0,0.0582698220298834,2019,0
0,0.0382322491849209,2019,0
0,0.0379938798647855,2019,0
0,0.0379938798647855,2019,0
0,0.0304920225656573,2019,0
0,0.0304920225656573,2019,0
0,0.0379938798647855,2019,0
0,0.0516174701592206,2019,0
0,0.0379938798647855,2019,0
0,0.0379938798647855,2019,0
0,0.0379938798647855,2019,0
0,0.0467453911810775,2019,0
0,0.0379938798647855,2019,0
0,0.0379938798647855,2019,0
0,0.0379938798647855,2019,0
0,0.0379938798647855,2019,0
0,0.0379938798647855,2019,0
0,0.0379938798647855,2019,0
0,0.0379938798647855,2019,0
0,0.0379938798647855,2019,0
0,0.0379938798647855,2019,0
0,0.0379938798647855,2019,0
0,0.0379938798647855,2019,0
0,0.0379938798647855,2019,0
0,0.0379938798647855,2019,0
0,0.0379938798647855,2019,0
0,0.0379938798647855,2019,0
0,0.0379938798647855,2019,0
0,0.0379938798647855,2019,0
0,0.0379938798647855,2019,0
0,0.0366541706632447,2019,0
0,0.0379938798647855,2019,0
0,0.0379938798647855,2019,0
0,0.0379938798647855,2019,0
0,0.0379938798647855,2019,0
0,0.0379938798647855,2019,0
0,0.0412161993446824,2019,0
0,0.0412161993446824,2019,0
0,0.0412161993446824,2019,0
0,0.0265146509010474,2019,0
0,0.0265146509010474,2019,0
0,0.0265146509010474,2019,0
0,0.0299411969243998,2019,0
0,0.0399053206504801,2019,0
0,0.0513615733246561,2019,0
0,0.0352122256084204,2019,0
0,0.0365118894183053,2019,0
0,0.0333194352434424,2019,0
0,0.0371489210264157,2019,0
0,0.0346927370281722,2019,0
0,0.0346927370281722,2019,0
0,0.0409976938236061,2019,0
0,0.0344842672868622,2019,0
0,0.043531281864578,2019,0
0,0.0285462698190209,2019,0
0,0.0365668263331908,2019,0
0,0.0199162302987891,2019,0
0,0.0264247708014473,2019,0
0,0.0290544024174388,2019,0
0,0.0264247708014473,2019,0
0,0.0285267002415751,2019,0
0,0.0433305948317583,2019,0
0,0.0295145300321,2019,0
0,0.027378223172095,2019,0
0,0.027378223172095,2019,0
0,0.027378223172095,2019,0
0,0.027378223172095,2019,0
0,0.027378223172095,2019,0
0,0.027378223172095,2019,0
0,0.027378223172095,2019,0
0,0.0365186565821137,2019,0
0,0.027378223172095,2019,0
0,0.027378223172095,2019,0
0,0.027378223172095,2019,0
0,0.027378223172095,2019,0
0,0.027378223172095,2019,0
0,0.027378223172095,2019,0
0,0.027378223172095,2019,0
0,0.027378223172095,2019,0
0,0.027378223172095,2019,0
0,0.027378223172095,2019,0
0,0.027378223172095,2019,0
0,0.027378223172095,2019,0
0,0.027378223172095,2019,0
0,0.027378223172095,2019,0
0,0.027378223172095,2019,0
0,0.027378223172095,2019,0
0,0.0234458802921667,2019,0
0,0.027378223172095,2019,0
0,0.0333147078308083,2019,0
0,0.027378223172095,2019,0
0,0.0292732300242096,2019,0
0,0.0253388648281044,2019,0
0,0.027378223172095,2019,0
0,0.027378223172095,2019,0
0,0.027378223172095,2019,0
0,0.0234458802921667,2019,0
0,0.027378223172095,2019,0
0,0.0321852938565511,2019,0
0,0.0321852938565511,2019,0
0,0.0321852938565511,2019,0
0,0.0765008397623687,2019,0
0,0.0209276420755279,2019,0
0,0.0209276420755279,2019,0
0,0.0209276420755279,2019,0
0,0.0225669734786055,2019,0
0,0.029305820261701,2019,0
0,0.0290043663261929,2019,0
0,0.0290043663261929,2019,0
0,0.0333424430146097,2019,0
0,0.0287168242452498,2019,0
0,0.0357885281335303,2019,0
0,0.0237560171350065,2019,0
0,0.0273610049936823,2019,0
0,0.015501673024342,2019,0
0,0.0351465795846288,2019,0
0,0.0250704301265611,2019,0
0,0.023252009122142,2019,0
0,0.023252009122142,2019,0
0,0.023252009122142,2019,0
0,0.0215269540226577,2019,0
0,0.023252009122142,2019,0
0,0.023252009122142,2019,0
0,0.0262673296710654,2019,0
0,0.0204098553210894,2019,0
0,0.031071298313657,2019,0
0,0.023252009122142,2019,0
0,0.023252009122142,2019,0
0,0.023252009122142,2019,0
0,0.023252009122142,2019,0
0,0.023252009122142,2019,0
0,0.028194962780864,2019,0
0,0.023252009122142,2019,0
0,0.023252009122142,2019,0
0,0.023252009122142,2019,0
0,0.023252009122142,2019,0
0,0.023252009122142,2019,0
0,0.023252009122142,2019,0
0,0.023252009122142,2019,0
0,0.023252009122142,2019,0
0,0.023252009122142,2019,0
0,0.023252009122142,2019,0
0,0.023252009122142,2019,0
0,0.023252009122142,2019,0
0,0.023252009122142,2019,0
0,0.0204098553210894,2019,0
0,0.023252009122142,2019,0
0,0.023252009122142,2019,0
0,0.023252009122142,2019,0
0,0.023252009122142,2019,0
0,0.023252009122142,2019,0
0,0.023252009122142,2019,0
0,0.0281837457846555,2019,0
0,0.0281837457846555,2019,0
0,0.0281837457846555,2019,0
0,0.0665433782675467,2019,0
0,0.0307986081136093,2019,0
0,0.0175767259596668,2019,0
0,0.0175767259596668,2019,0
0,0.0175767259596668,2019,0
0,0.0183148236554685,2019,0
0,0.0283961491299032,2019,0
0,0.028190568597485,2019,0
0,0.0342261182893761,2019,0
0,0.0364633488871935,2019,0
0,0.0241771602713926,2019,0
0,0.0316277467747004,2019,0
0,0.0154126707437097,2019,0
0,0.0227223231136591,2019,0
0,0.0352951754516947,2019,0
0,0.0260374940808118,2019,0
0,0.0256540492308887,2019,0
0,0.0256540492308887,2019,0
0,0.0256540492308887,2019,0
0,0.0256540492308887,2019,0
0,0.0256540492308887,2019,0
0,0.0256540492308887,2019,0
0,0.0256540492308887,2019,0
0,0.0227953786893554,2019,0
0,0.0256540492308887,2019,0
0,0.0256540492308887,2019,0
0,0.0256540492308887,2019,0
0,0.0227953786893554,2019,0
0,0.0295508992852025,2019,0
0,0.0256540492308887,2019,0
0,0.0256540492308887,2019,0
0,0.0256540492308887,2019,0
0,0.0256540492308887,2019,0
0,0.0256540492308887,2019,0
0,0.0256540492308887,2019,0
0,0.0256540492308887,2019,0
0,0.0237682774231578,2019,0
0,0.0256540492308887,2019,0
0,0.0256540492308887,2019,0
0,0.0256540492308887,2019,0
0,0.0256540492308887,2019,0
0,0.0256540492308887,2019,0
0,0.0256540492308887,2019,0
0,0.0256540492308887,2019,0
0,0.0310702129424684,2019,0
0,0.0256540492308887,2019,0
0,0.0256540492308887,2019,0
0,0.0256540492308887,2019,0
0,0.0256540492308887,2019,0
0,0.0341692119887698,2019,0
0,0.0256540492308887,2019,0
0,0.0311156581754254,2019,0
1,0.0979354280543544,2019,0
1,0.03380559427048,2019,0
1,0.0442214970773413,2019,0
1,0.0310370499367971,2019,0
1,0.027857640670994,2019,0
1,0.027857640670994,2019,0
1,0.0290544024174388,2019,0
1,0.0505221039452177,2019,0
1,0.0266527016569986,2019,0
1,0.0261845420534087,2019,0
1,0.0651991534451159,2019,0
1,0.0379772419313411,2019,0
1,0.0498044781433596,2019,0
1,0.0353497643258259,2019,0
1,0.0380151726821234,2019,0
1,0.0501904852022078,2019,0
1,0.0102610415696972,2019,0
1,0.0380151726821234,2019,0
1,0.0380151726821234,2019,0
1,0.0102610415696972,2019,0
1,0.0102610415696972,2019,0
1,0.0380151726821234,2019,0
1,0.0111135135846038,2019,0
1,0.0111135135846038,2019,0
1,0.0380151726821234,2019,0
1,0.0102610415696972,2019,0
1,0.0102610415696972,2019,0
1,0.0380151726821234,2019,0
1,0.0102610415696972,2019,0
1,0.0380151726821234,2019,0
1,0.0380151726821234,2019,0
1,0.0353497643258259,2019,0
1,0.0102610415696972,2019,0
1,0.0380151726821234,2019,0
1,0.0384048444973979,2019,0
1,0.0121699427897854,2019,0
1,0.0102610415696972,2019,0
1,0.0149654571883036,2019,0
1,0.0353497643258259,2019,0
1,0.0102610415696972,2019,0
1,0.0380151726821234,2019,0
1,0.0102610415696972,2019,0
1,0.0149654571883036,2019,0
1,0.0399500127028024,2019,0
1,0.0190859346819509,2019,0
1,0.022052944291595,2019,0
1,0.0399500127028024,2019,0
1,0.0102610415696972,2019,0
1,0.0353497643258259,2019,0
1,0.035066072541308,2019,0
1,0.00978592952854697,2019,0
1,0.0263239013707632,2019,0
1,0.0616874986948662,2019,0
1,0.0215918504056756,2019,0
1,0.0225948918648978,2019,0
1,0.00687141813399671,2019,0
1,0.112733552110874,2019,0
1,0.043391189431088,2019,0
1,0.101775956208172,2019,0
1,0.0328015601990738,2019,0
1,0.0111135135846038,2019,0
1,0.0344245167637988,2019,0
1,0.0573680823891139,2019,0
1,0.0936559447101543,2019,0
1,0.0559290018569801,2019,0
1,0.0466314640239006,2019,0
0,0.0370345924213317,2020,0
0,0.0415160521100784,2020,0
0,0.0248919586990135,2020,0
0,0.0547532507757143,2020,0
0,0.0182233963467297,2020,0
0,0.0240778065475085,2020,0
0,0.0258980191109425,2020,0
0,0.0216888331746513,2020,0
0,0.0351326901405272,2020,0
0,0.0351326901405272,2020,0
0,0.0351326901405272,2020,0
0,0.0351326901405272,2020,0
0,0.0351326901405272,2020,0
0,0.0351326901405272,2020,0
0,0.0298332826567931,2020,0
0,0.0351326901405272,2020,0
0,0.0351326901405272,2020,0
0,0.0353505885668723,2020,0
0,0.0409066165471561,2020,0
0,0.0351326901405272,2020,0
0,0.0351326901405272,2020,0
0,0.0351326901405272,2020,0
0,0.0351326901405272,2020,0
0,0.0351326901405272,2020,0
0,0.0351326901405272,2020,0
0,0.0351326901405272,2020,0
0,0.0351326901405272,2020,0
0,0.0351326901405272,2020,0
0,0.0448978548002678,2020,0
0,0.0351326901405272,2020,0
0,0.0351326901405272,2020,0
0,0.0351326901405272,2020,0
0,0.0351326901405272,2020,0
0,0.0329575170307007,2020,0
0,0.0351326901405272,2020,0
0,0.0351326901405272,2020,0
0,0.0351326901405272,2020,0
0,0.0351326901405272,2020,0
0,0.0351326901405272,2020,0
0,0.0351326901405272,2020,0
0,0.0298332826567931,2020,0
0,0.0351326901405272,2020,0
0,0.0630826363128848,2020,0
0,0.0753370932178046,2020,0
0,0.0356467115942775,2020,0
0,0.0300004981477839,2020,0
0,0.0373170576943141,2020,0
0,0.0236272210829507,2020,0
0,0.0453358925175176,2020,0
0,0.017385499146086,2020,0
0,0.118402966030926,2020,0
0,0.0219502187965687,2020,0
0,0.0198901531642657,2020,0
0,0.0272378766246067,2020,0
0,0.0317431119273304,2020,0
0,0.0317431119273304,2020,0
0,0.0317431119273304,2020,0
0,0.0317431119273304,2020,0
0,0.0317431119273304,2020,0
0,0.0317431119273304,2020,0
0,0.0317431119273304,2020,0
0,0.0317431119273304,2020,0
0,0.0317431119273304,2020,0
0,0.0317431119273304,2020,0
0,0.0317431119273304,2020,0
0,0.0272378766246067,2020,0
0,0.0317431119273304,2020,0
0,0.030591258577909,2020,0
0,0.0317431119273304,2020,0
0,0.0302590281465595,2020,0
0,0.0317431119273304,2020,0
0,0.0317431119273304,2020,0
0,0.0317431119273304,2020,0
0,0.0317431119273304,2020,0
0,0.0317431119273304,2020,0
0,0.0317431119273304,2020,0
0,0.0317431119273304,2020,0
0,0.0384201572913895,2020,0
0,0.0352661215146577,2020,0
0,0.0317431119273304,2020,0
0,0.0317431119273304,2020,0
0,0.0317431119273304,2020,0
0,0.0317431119273304,2020,0
0,0.0317431119273304,2020,0
0,0.0317431119273304,2020,0
0,0.0317431119273304,2020,0
0,0.0317431119273304,2020,0
0,0.0212862706811332,2020,0
0,0.0233119658308366,2020,0
0,0.0235933738328838,2020,0
0,0.0496447908737036,2020,0
0,0.0645639508113778,2020,0
0,0.0296914660537292,2020,0
0,0.0215389140054282,2020,0
0,0.0308407135883003,2020,0
0,0.0397234387850215,2020,0
0,0.0148831697888023,2020,0
0,0.102629134617411,2020,0
0,0.018051799675492,2020,0
0,0.0178901279018994,2020,0
0,0.0282347931946019,2020,0
0,0.0294096691012444,2020,0
0,0.0294096691012444,2020,0
0,0.0294096691012444,2020,0
0,0.0294096691012444,2020,0
0,0.0294096691012444,2020,0
0,0.0294096691012444,2020,0
0,0.0348142737820811,2020,0
0,0.0319224675019739,2020,0
0,0.0294096691012444,2020,0
0,0.0294096691012444,2020,0
0,0.0294096691012444,2020,0
0,0.0294096691012444,2020,0
0,0.0294096691012444,2020,0
0,0.0294096691012444,2020,0
0,0.0294096691012444,2020,0
0,0.0294096691012444,2020,0
0,0.0294096691012444,2020,0
0,0.0294096691012444,2020,0
0,0.0253436458036242,2020,0
0,0.0294096691012444,2020,0
0,0.0294096691012444,2020,0
0,0.0294096691012444,2020,0
0,0.0294096691012444,2020,0
0,0.027939266591843,2020,0
0,0.0294096691012444,2020,0
0,0.0294096691012444,2020,0
0,0.0294096691012444,2020,0
0,0.0294096691012444,2020,0
0,0.0294096691012444,2020,0
0,0.0253436458036242,2020,0
0,0.0294096691012444,2020,0
0,0.0129754709452594,2020,0
0,0.0189443643047625,2020,0
0,0.0234650188655327,2020,0
0,0.0297777710774933,2020,0
0,0.0223670597613916,2020,0
0,0.0472712206364588,2020,0
0,0.0303328500473063,2020,0
0,0.0242396470869244,2020,0
0,0.0332030997317634,2020,0
0,0.0221310004418144,2020,0
0,0.0405013251167255,2020,0
0,0.0151416934057505,2020,0
0,0.0210097603914377,2020,0
0,0.019557955424547,2020,0
0,0.0197567891719542,2020,0
0,0.0210097603914377,2020,0
0,0.104878187069201,2020,0
0,0.0180667603680635,2020,0
0,0.0174990669700389,2020,0
0,0.0288281055914942,2020,0
0,0.0288281055914942,2020,0
0,0.0288281055914942,2020,0
0,0.0288281055914942,2020,0
0,0.0246209034437974,2020,0
0,0.0288281055914942,2020,0
0,0.0246209034437974,2020,0
0,0.0288281055914942,2020,0
0,0.0288281055914942,2020,0
0,0.0288281055914942,2020,0
0,0.0288281055914942,2020,0
0,0.0288281055914942,2020,0
0,0.0275563945072076,2020,0
0,0.0288281055914942,2020,0
0,0.0288281055914942,2020,0
0,0.0288281055914942,2020,0
0,0.0288281055914942,2020,0
0,0.0288281055914942,2020,0
0,0.0288281055914942,2020,0
0,0.0288281055914942,2020,0
0,0.0288281055914942,2020,0
0,0.0347455946061021,2020,0
0,0.0288281055914942,2020,0
0,0.0288281055914942,2020,0
0,0.0288281055914942,2020,0
0,0.027619017018967,2020,0
0,0.0315680829846102,2020,0
0,0.0288281055914942,2020,0
0,0.0288281055914942,2020,0
0,0.0288281055914942,2020,0
0,0.0288281055914942,2020,0
0,0.0288281055914942,2020,0
0,0.0135553703810592,2020,0
0,0.0198503374312397,2020,0
0,0.0310938723985125,2020,0
0,0.0223502101740418,2020,0
0,0.0332650785546357,2020,0
0,0.0456817731779312,2020,0
0,0.017473170331576,2020,0
0,0.0202668143234145,2020,0
0,0.0192087134054205,2020,0
0,0.0190588403712931,2020,0
0,0.0202668143234145,2020,0
0,0.0228208409343613,2020,0
0,0.0212131095028199,2020,0
0,0.0165944262326049,2020,0
0,0.0172761533114316,2020,0
0,0.0273402175588445,2020,0
0,0.0273402175588445,2020,0
0,0.0273402175588445,2020,0
0,0.0273402175588445,2020,0
0,0.0273402175588445,2020,0
0,0.0273402175588445,2020,0
0,0.0273402175588445,2020,0
0,0.0273402175588445,2020,0
0,0.0273402175588445,2020,0
0,0.0273402175588445,2020,0
0,0.0236583346010598,2020,0
0,0.0248437413334786,2020,0
0,0.0285804798913698,2020,0
0,0.0273402175588445,2020,0
0,0.0273402175588445,2020,0
0,0.0265895988988048,2020,0
0,0.0273402175588445,2020,0
0,0.0273402175588445,2020,0
0,0.0273402175588445,2020,0
0,0.0309556334560086,2020,0
0,0.0273402175588445,2020,0
0,0.0273402175588445,2020,0
0,0.0273402175588445,2020,0
0,0.0273402175588445,2020,0
0,0.0273402175588445,2020,0
0,0.0273402175588445,2020,0
0,0.0273402175588445,2020,0
0,0.0273402175588445,2020,0
0,0.0273402175588445,2020,0
0,0.0273402175588445,2020,0
0,0.0273402175588445,2020,0
0,0.0273402175588445,2020,0
0,0.0236583346010598,2020,0
0,0.0273402175588445,2020,0
0,0.0159983831869231,2020,0
0,0.0223824704319819,2020,0
0,0.032509853734378,2020,0
0,0.0567260773677904,2020,0
0,0.029189972678147,2020,0
0,0.0305473193437382,2020,0
0,0.0240642734281588,2020,0
0,0.0294597927174864,2020,0
0,0.0312468275153,2020,0
0,0.0216387700180817,2020,0
0,0.0472561560605293,2020,0
0,0.0177297162693196,2020,0
0,0.0183015510360582,2020,0
0,0.0181573035038577,2020,0
0,0.019206557069497,2020,0
0,0.019206557069497,2020,0
0,0.022260191443142,2020,0
0,0.020628783117331,2020,0
0,0.0157805955089662,2020,0
0,0.0167055618663777,2020,0
0,0.0229621421460649,2020,0
0,0.0241216789573936,2020,0
0,0.0264189563650073,2020,0
0,0.0297569942711982,2020,0
0,0.0264189563650073,2020,0
0,0.0264189563650073,2020,0
0,0.0264189563650073,2020,0
0,0.0264189563650073,2020,0
0,0.0264189563650073,2020,0
0,0.0264189563650073,2020,0
0,0.0257426916952096,2020,0
0,0.0264189563650073,2020,0
0,0.0264189563650073,2020,0
0,0.0264189563650073,2020,0
0,0.0264189563650073,2020,0
0,0.0264189563650073,2020,0
0,0.0264189563650073,2020,0
0,0.0264189563650073,2020,0
0,0.0264189563650073,2020,0
0,0.0229621421460649,2020,0
0,0.0264189563650073,2020,0
0,0.0264189563650073,2020,0
0,0.0264189563650073,2020,0
0,0.0264189563650073,2020,0
0,0.0264189563650073,2020,0
0,0.0264189563650073,2020,0
0,0.0264189563650073,2020,0
0,0.0264189563650073,2020,0
0,0.0274217913494104,2020,0
0,0.0264189563650073,2020,0
0,0.0264189563650073,2020,0
0,0.0264189563650073,2020,0
0,0.0264189563650073,2020,0
0,0.0264189563650073,2020,0
0,0.017081862896599,2020,0
0,0.0241170460319256,2020,0
0,0.0332209218490331,2020,0
0,0.0256876166920596,2020,0
0,0.0258458465888193,2020,0
0,0.0258458465888193,2020,0
0,0.0341319549951024,2020,0
0,0.0371178391869023,2020,0
0,0.0235413671024359,2020,0
0,0.018033581375336,2020,0
0,0.021128415368719,2020,0
0,0.0226653122337019,2020,0
0,0.0208893224300496,2020,0
0,0.0208893224300496,2020,0
0,0.0246932831790987,2020,0
0,0.0189869689932402,2020,0
0,0.0181701905202339,2020,0
0,0.0300992555487299,2020,0
0,0.0300992555487299,2020,0
0,0.0300992555487299,2020,0
0,0.0300992555487299,2020,0
0,0.0300992555487299,2020,0
0,0.0252389080904769,2020,0
0,0.0300992555487299,2020,0
0,0.0300992555487299,2020,0
0,0.0300992555487299,2020,0
0,0.0366820635633452,2020,0
0,0.0300992555487299,2020,0
0,0.0300992555487299,2020,0
0,0.0300992555487299,2020,0
0,0.0333203407489636,2020,0
0,0.0300992555487299,2020,0
0,0.0300992555487299,2020,0
0,0.0252389080904769,2020,0
0,0.0300992555487299,2020,0
0,0.0300992555487299,2020,0
0,0.0300992555487299,2020,0
0,0.0300992555487299,2020,0
0,0.0300992555487299,2020,0
0,0.0300992555487299,2020,0
0,0.0300992555487299,2020,0
0,0.0281333373762415,2020,0
0,0.0300992555487299,2020,0
0,0.0300992555487299,2020,0
0,0.0300992555487299,2020,0
0,0.0300992555487299,2020,0
0,0.0300992555487299,2020,0
0,0.0300992555487299,2020,0
0,0.0300992555487299,2020,0
0,0.0300992555487299,2020,0
0,0.0165922852659044,2020,0
0,0.0238074284973341,2020,0
0,0.0349395708316867,2020,0
0,0.0267161138302568,2020,0
0,0.0268340959277551,2020,0
0,0.0268340959277551,2020,0
0,0.0342726036622693,2020,0
0,0.0242305022493851,2020,0
0,0.0381361708702622,2020,0
0,0.0184396917650002,2020,0
0,0.021595302056349,2020,0
0,0.021595302056349,2020,0
0,0.0218329836055756,2020,0
0,0.0234797785163296,2020,0
0,0.0253632074631573,2020,0
0,0.0193539036703394,2020,0
0,0.0188704173274078,2020,0
0,0.0315256201579148,2020,0
0,0.0315256201579148,2020,0
0,0.0287646482022976,2020,0
0,0.0315256201579148,2020,0
0,0.0315256201579148,2020,0
0,0.0261644760239446,2020,0
0,0.0315256201579148,2020,0
0,0.0261644760239446,2020,0
0,0.0315256201579148,2020,0
0,0.0315256201579148,2020,0
0,0.0315256201579148,2020,0
0,0.0315256201579148,2020,0
0,0.0315256201579148,2020,0
0,0.0315256201579148,2020,0
0,0.0315256201579148,2020,0
0,0.0315256201579148,2020,0
0,0.0315256201579148,2020,0
0,0.0315256201579148,2020,0
0,0.0315256201579148,2020,0
0,0.0315256201579148,2020,0
0,0.0315256201579148,2020,0
0,0.0315256201579148,2020,0
0,0.0315256201579148,2020,0
0,0.0350595694401944,2020,0
0,0.0315256201579148,2020,0
0,0.0315256201579148,2020,0
0,0.0315256201579148,2020,0
0,0.0315256201579148,2020,0
0,0.0315256201579148,2020,0
0,0.0315256201579148,2020,0
0,0.0315256201579148,2020,0
0,0.0315256201579148,2020,0
0,0.0168547530409667,2020,0
0,0.0246406093708048,2020,0
0,0.0283802738289838,2020,0
0,0.0283802738289838,2020,0
0,0.0382867873829281,2020,0
0,0.041641620025111,2020,0
0,0.0254953599827057,2020,0
0,0.0191591466783645,2020,0
0,0.0221288767002731,2020,0
0,0.0238209110393724,2020,0
0,0.0238209110393724,2020,0
0,0.0218909269827692,2020,0
0,0.0218909269827692,2020,0
0,0.026078672877647,2020,0
0,0.0237966930744897,2020,0
0,0.0203185500746505,2020,0
0,0.0195556097642415,2020,0
0,0.0324521696175922,2020,0
0,0.0267584864984627,2020,0
0,0.0324521696175922,2020,0
0,0.0324521696175922,2020,0
0,0.0324521696175922,2020,0
0,0.0324521696175922,2020,0
0,0.0324521696175922,2020,0
0,0.0324521696175922,2020,0
0,0.0324521696175922,2020,0
0,0.0324521696175922,2020,0
0,0.0324521696175922,2020,0
0,0.0324521696175922,2020,0
0,0.0324521696175922,2020,0
0,0.0324521696175922,2020,0
0,0.0324521696175922,2020,0
0,0.0324521696175922,2020,0
0,0.0308929091777584,2020,0
0,0.0324521696175922,2020,0
0,0.0267584864984627,2020,0
0,0.0290889820904756,2020,0
0,0.0324521696175922,2020,0
0,0.0324521696175922,2020,0
0,0.0324521696175922,2020,0
0,0.0324521696175922,2020,0
0,0.0324521696175922,2020,0
0,0.0324521696175922,2020,0
0,0.0324521696175922,2020,0
0,0.0324521696175922,2020,0
0,0.0324521696175922,2020,0
0,0.0324521696175922,2020,0
0,0.0324521696175922,2020,0
0,0.0324521696175922,2020,0
0,0.0181612329399563,2020,0
0,0.0262708341391096,2020,0
0,0.0376465424854658,2020,0
0,0.0388069996267333,2020,0
0,0.0429741368999538,2020,0
0,0.0719125022230137,2020,0
0,0.0285006997376154,2020,0
0,0.0285006997376154,2020,0
0,0.0466371774761964,2020,0
0,0.0266618512942497,2020,0
0,0.0279044124654117,2020,0
0,0.0279044124654117,2020,0
0,0.0253937795630644,2020,0
0,0.0250506434251815,2020,0
0,0.0250506434251815,2020,0
0,0.0260229733427817,2020,0
0,0.0287620204801204,2020,0
0,0.0290860593475779,2020,0
0,0.0233203097666648,2020,0
0,0.0393312038998347,2020,0
0,0.0393312038998347,2020,0
0,0.0393312038998347,2020,0
0,0.0393312038998347,2020,0
0,0.0393312038998347,2020,0
0,0.0393312038998347,2020,0
0,0.0393312038998347,2020,0
0,0.0393312038998347,2020,0
0,0.0393312038998347,2020,0
0,0.0393312038998347,2020,0
0,0.0393312038998347,2020,0
0,0.031012157898439,2020,0
0,0.0393312038998347,2020,0
0,0.0393312038998347,2020,0
0,0.0393312038998347,2020,0
0,0.0393312038998347,2020,0
0,0.0393312038998347,2020,0
0,0.0474854362391578,2020,0
0,0.0393312038998347,2020,0
0,0.031012157898439,2020,0
0,0.0393312038998347,2020,0
0,0.0360254560960807,2020,0
0,0.0393312038998347,2020,0
0,0.0393312038998347,2020,0
0,0.0393312038998347,2020,0
0,0.0393312038998347,2020,0
0,0.0393312038998347,2020,0
0,0.0393312038998347,2020,0
0,0.0393312038998347,2020,0
0,0.0393312038998347,2020,0
0,0.0364178797085635,2020,0
0,0.0393312038998347,2020,0
0,0.0393312038998347,2020,0
0,0.0393312038998347,2020,0
0,0.0393312038998347,2020,0
0,0.0393312038998347,2020,0
0,0.0467294500472244,2020,0
0,0.0732323762984226,2020,0
0,0.0732323762984226,2020,0
0,0.0732323762984226,2020,0
0,0.0475140960290541,2020,0
0,0.0313814668063806,2020,0
0,0.0313814668063806,2020,0
0,0.0480679943952926,2020,0
0,0.0286393200336082,2020,0
0,0.0533731693273899,2020,0
0,0.0268828408991869,2020,0
0,0.0264874960144925,2020,0
0,0.0264874960144925,2020,0
0,0.0297837574525973,2020,0
0,0.0297837574525973,2020,0
0,0.0272071497627415,2020,0
0,0.0302580977825322,2020,0
0,0.0394937738877948,2020,0
0,0.0394937738877948,2020,0
0,0.0394937738877948,2020,0
0,0.0394937738877948,2020,0
0,0.0394937738877948,2020,0
0,0.0365616832803673,2020,0
0,0.0394937738877948,2020,0
0,0.0394937738877948,2020,0
0,0.0394937738877948,2020,0
0,0.0394937738877948,2020,0
0,0.0394937738877948,2020,0
0,0.0394937738877948,2020,0
0,0.0394937738877948,2020,0
0,0.0394937738877948,2020,0
0,0.0394937738877948,2020,0
0,0.0394937738877948,2020,0
0,0.0477156525396404,2020,0
0,0.0311160930259637,2020,0
0,0.0394937738877948,2020,0
0,0.0394937738877948,2020,0
0,0.0394937738877948,2020,0
0,0.0394937738877948,2020,0
0,0.0394937738877948,2020,0
0,0.0394937738877948,2020,0
0,0.0361288157234173,2020,0
0,0.0394937738877948,2020,0
0,0.0394937738877948,2020,0
0,0.0394937738877948,2020,0
0,0.0394937738877948,2020,0
0,0.0394937738877948,2020,0
0,0.0394937738877948,2020,0
0,0.0394937738877948,2020,0
0,0.0394937738877948,2020,0
0,0.0394937738877948,2020,0
0,0.0482940928269002,2020,0
0,0.0315920855934713,2020,0
0,0.0315920855934713,2020,0
0,0.0259934888010654,2020,0
0,0.025636964501985,2020,0
0,0.0286514307982655,2020,0
0,0.0286514307982655,2020,0
0,0.025636964501985,2020,0
0,0.0293698017991451,2020,0
0,0.0265734268590703,2020,0
0,0.0403319533821673,2020,0
0,0.0403319533821673,2020,0
0,0.0403319533821673,2020,0
0,0.0403319533821673,2020,0
0,0.0376853768298876,2020,0
0,0.0403319533821673,2020,0
0,0.0403319533821673,2020,0
0,0.0371188703966121,2020,0
0,0.0403319533821673,2020,0
0,0.0403319533821673,2020,0
0,0.0316962911386819,2020,0
0,0.0403319533821673,2020,0
0,0.0403319533821673,2020,0
0,0.0403319533821673,2020,0
0,0.0403319533821673,2020,0
0,0.0403319533821673,2020,0
0,0.0403319533821673,2020,0
0,0.0403319533821673,2020,0
0,0.0403319533821673,2020,0
0,0.0403319533821673,2020,0
0,0.0403319533821673,2020,0
0,0.0403319533821673,2020,0
0,0.0495117667704252,2020,0
0,0.055021788771265,2020,0
0,0.0403319533821673,2020,0
0,0.0403319533821673,2020,0
0,0.0403319533821673,2020,0
0,0.0403319533821673,2020,0
0,0.0403319533821673,2020,0
0,0.0403319533821673,2020,0
0,0.0403319533821673,2020,0
0,0.0403319533821673,2020,0
0,0.0403319533821673,2020,0
0,0.0403319533821673,2020,0
0,0.0403319533821673,2020,0
0,0.0443005829459397,2020,0
0,0.0332206542867591,2020,0
0,0.0332206542867591,2020,0
0,0.0240835757776037,2020,0
0,0.0264176804355854,2020,0
0,0.0243195492005245,2020,0
0,0.0264176804355854,2020,0
0,0.0240835757776037,2020,0
0,0.0257291820498614,2020,0
0,0.0279012393344472,2020,0
0,0.0389702677742387,2020,0
0,0.0389702677742387,2020,0
0,0.0389702677742387,2020,0
0,0.0389702677742387,2020,0
0,0.0389702677742387,2020,0
0,0.0311347748211266,2020,0
0,0.0389702677742387,2020,0
0,0.0459098587977048,2020,0
0,0.0389702677742387,2020,0
0,0.0389702677742387,2020,0
0,0.0389702677742387,2020,0
0,0.0389702677742387,2020,0
0,0.0311347748211266,2020,0
0,0.0348639075759316,2020,0
0,0.0389702677742387,2020,0
0,0.0389702677742387,2020,0
0,0.0389702677742387,2020,0
0,0.0389702677742387,2020,0
0,0.0389702677742387,2020,0
0,0.0364436589686644,2020,0
0,0.0389702677742387,2020,0
0,0.0389702677742387,2020,0
0,0.0389702677742387,2020,0
0,0.0389702677742387,2020,0
0,0.0389702677742387,2020,0
0,0.0389702677742387,2020,0
0,0.0389702677742387,2020,0
0,0.0389702677742387,2020,0
0,0.0389702677742387,2020,0
0,0.0501563295736277,2020,0
0,0.0389702677742387,2020,0
0,0.0389702677742387,2020,0
0,0.0389702677742387,2020,0
0,0.0389702677742387,2020,0
0,0.0389702677742387,2020,0
0,0.0331896198947632,2020,0
0,0.0331896198947632,2020,0
0,0.029621297919176,2020,0
0,0.0268061226767222,2020,0
0,0.0264549445719936,2020,0
0,0.029621297919176,2020,0
0,0.0264549445719936,2020,0
0,0.0298415412227067,2020,0
0,0.0270967480745564,2020,0
0,0.0323016276704473,2020,0
0,0.0558490246964464,2020,0
0,0.0504231164512463,2020,0
0,0.0381892191487976,2020,0
0,0.0410782524880915,2020,0
0,0.0410782524880915,2020,0
0,0.0410782524880915,2020,0
0,0.0410782524880915,2020,0
0,0.0410782524880915,2020,0
0,0.0410782524880915,2020,0
0,0.0410782524880915,2020,0
0,0.0323016276704473,2020,0
0,0.0410782524880915,2020,0
0,0.0378281316379119,2020,0
0,0.0410782524880915,2020,0
0,0.0410782524880915,2020,0
0,0.0410782524880915,2020,0
0,0.0410782524880915,2020,0
0,0.0410782524880915,2020,0
0,0.0410782524880915,2020,0
0,0.0410782524880915,2020,0
0,0.0410782524880915,2020,0
0,0.0410782524880915,2020,0
0,0.0410782524880915,2020,0
0,0.0410782524880915,2020,0
0,0.0410782524880915,2020,0
0,0.0410782524880915,2020,0
0,0.0410782524880915,2020,0
0,0.0410782524880915,2020,0
0,0.0410782524880915,2020,0
0,0.0410782524880915,2020,0
0,0.0410782524880915,2020,0
0,0.0410782524880915,2020,0
0,0.0319274386669405,2020,0
0,0.0319274386669405,2020,0
0,0.0285827905578372,2020,0
0,0.0325129189477173,2020,0
0,0.0325129189477173,2020,0
0,0.0285827905578372,2020,0
0,0.0290325933149615,2020,0
0,0.031404369101915,2020,0
0,0.0282072610550457,2020,0
0,0.040769182768834,2020,0
0,0.0601943042988463,2020,0
0,0.0425968057927155,2020,0
0,0.0425968057927155,2020,0
0,0.0425968057927155,2020,0
0,0.0425968057927155,2020,0
0,0.0425968057927155,2020,0
0,0.0425968057927155,2020,0
0,0.0425968057927155,2020,0
0,0.0388016559604723,2020,0
0,0.0425968057927155,2020,0
0,0.0425968057927155,2020,0
0,0.0425968057927155,2020,0
0,0.0425968057927155,2020,0
0,0.0425968057927155,2020,0
0,0.0425968057927155,2020,0
0,0.0425968057927155,2020,0
0,0.0425968057927155,2020,0
0,0.0425968057927155,2020,0
0,0.0425968057927155,2020,0
0,0.0425968057927155,2020,0
0,0.0425968057927155,2020,0
0,0.0425968057927155,2020,0
0,0.0425968057927155,2020,0
0,0.0425968057927155,2020,0
0,0.0425968057927155,2020,0
0,0.0331522064024025,2020,0
0,0.0538227274682042,2020,0
0,0.0425968057927155,2020,0
0,0.0331522064024025,2020,0
0,0.0425968057927155,2020,0
0,0.0425968057927155,2020,0
0,0.0425968057927155,2020,0
0,0.0425968057927155,2020,0
0,0.032578267607112,2020,0
0,0.032578267607112,2020,0
0,0.0294172645093338,2020,0
0,0.0335971132135499,2020,0
0,0.0294172645093338,2020,0
0,0.0335971132135499,2020,0
0,0.0298847093905901,2020,0
0,0.0289905491097542,2020,0
0,0.0321282758808737,2020,0
0,0.0451542350662859,2020,0
0,0.0451542350662859,2020,0
0,0.0451542350662859,2020,0
0,0.0451542350662859,2020,0
0,0.0451542350662859,2020,0
0,0.0451542350662859,2020,0
0,0.0451542350662859,2020,0
0,0.0349979666552787,2020,0
0,0.0349979666552787,2020,0
0,0.0451542350662859,2020,0
0,0.0451542350662859,2020,0
0,0.0451542350662859,2020,0
0,0.0451542350662859,2020,0
0,0.0451542350662859,2020,0
0,0.0451542350662859,2020,0
0,0.0451542350662859,2020,0
0,0.0451542350662859,2020,0
0,0.0436236313176395,2020,0
0,0.0451542350662859,2020,0
0,0.0451542350662859,2020,0
0,0.0451542350662859,2020,0
0,0.0451542350662859,2020,0
0,0.0409094893278001,2020,0
0,0.0580481209401879,2020,0
0,0.0451542350662859,2020,0
0,0.0451542350662859,2020,0
0,0.0451542350662859,2020,0
0,0.0451542350662859,2020,0
0,0.0451542350662859,2020,0
0,0.0451542350662859,2020,0
0,0.0648663736753623,2020,0
0,0.0451542350662859,2020,0
0,0.0451542350662859,2020,0
0,0.0451542350662859,2020,0
0,0.0451542350662859,2020,0
0,0.0324335156321684,2020,0
0,0.0324335156321684,2020,0
0,0.0319583605871087,2020,0
0,0.0370339273699408,2020,0
0,0.0370339273699408,2020,0
0,0.0325159230119959,2020,0
0,0.0319583605871087,2020,0
0,0.0340599642944213,2020,0
0,0.0507957038914746,2020,0
0,0.0507957038914746,2020,0
0,0.0507957038914746,2020,0
0,0.0507957038914746,2020,0
0,0.0507957038914746,2020,0
0,0.0507957038914746,2020,0
0,0.0507957038914746,2020,0
0,0.0507957038914746,2020,0
0,0.0507957038914746,2020,0
0,0.0507957038914746,2020,0
0,0.0780180290072868,2020,0
0,0.0507957038914746,2020,0
0,0.0507957038914746,2020,0
0,0.0690753451972471,2020,0
0,0.0507957038914746,2020,0
0,0.0507957038914746,2020,0
0,0.0507957038914746,2020,0
0,0.0507957038914746,2020,0
0,0.0507957038914746,2020,0
0,0.0507957038914746,2020,0
0,0.0507957038914746,2020,0
0,0.0507957038914746,2020,0
0,0.0507957038914746,2020,0
0,0.0511765036334671,2020,0
0,0.0507957038914746,2020,0
0,0.0507957038914746,2020,0
0,0.0507957038914746,2020,0
0,0.0507957038914746,2020,0
0,0.0507957038914746,2020,0
0,0.038575084044389,2020,0
0,0.0507957038914746,2020,0
0,0.0507957038914746,2020,0
0,0.038575084044389,2020,0
0,0.0507957038914746,2020,0
0,0.0353044200211147,2020,0
0,0.0353044200211147,2020,0
0,0.032551254443489,2020,0
0,0.0378525974296602,2020,0
0,0.0331230498034965,2020,0
0,0.0378525974296602,2020,0
0,0.032551254443489,2020,0
0,0.0341969432891995,2020,0
0,0.0493536098591009,2020,0
0,0.0493536098591009,2020,0
0,0.0493536098591009,2020,0
0,0.0493536098591009,2020,0
0,0.0493536098591009,2020,0
0,0.0493536098591009,2020,0
0,0.0759643032366469,2020,0
0,0.0493536098591009,2020,0
0,0.0493536098591009,2020,0
0,0.0493536098591009,2020,0
0,0.0493536098591009,2020,0
0,0.0493536098591009,2020,0
0,0.0493536098591009,2020,0
0,0.0512757926571569,2020,0
0,0.0493536098591009,2020,0
0,0.0493536098591009,2020,0
0,0.0493536098591009,2020,0
0,0.0493536098591009,2020,0
0,0.0493536098591009,2020,0
0,0.0493536098591009,2020,0
0,0.0670619843789785,2020,0
0,0.0493536098591009,2020,0
0,0.0493536098591009,2020,0
0,0.0493536098591009,2020,0
0,0.0493536098591009,2020,0
0,0.0493536098591009,2020,0
0,0.0493536098591009,2020,0
0,0.0493536098591009,2020,0
0,0.0379840490022529,2020,0
0,0.0493536098591009,2020,0
0,0.0493536098591009,2020,0
0,0.0493536098591009,2020,0
0,0.0379840490022529,2020,0
0,0.0361748683055199,2020,0
0,0.0361748683055199,2020,0
0,0.0298324278657679,2020,0
0,0.0337131061031138,2020,0
0,0.0337131061031138,2020,0
0,0.0293430355273927,2020,0
0,0.0293430355273927,2020,0
0,0.0281567213744936,2020,0
0,0.0308772155091495,2020,0
0,0.0319729255493879,2020,0
0,0.0319729255493879,2020,0
0,0.0329163134432597,2020,0
0,0.028636725456766,2020,0
0,0.028636725456766,2020,0
0,0.0329163134432597,2020,0
0,0.0273356144284777,2020,0
0,0.0298621982092683,2020,0
0,0.032992033993864,2020,0
0,0.032992033993864,2020,0
0,0.0386356796587977,2020,0
0,0.0330644697728881,2020,0
0,0.0330644697728881,2020,0
0,0.0386356796587977,2020,0
0,0.0305732849447316,2020,0
0,0.0333172862653208,2020,0
0,0.0459724730579984,2020,0
0,0.0459724730579984,2020,0
0,0.0343079976705488,2020,0
0,0.0333828286937015,2020,0
0,0.0381490616097139,2020,0
0,0.0381490616097139,2020,0
0,0.0328877172406302,2020,0
0,0.0328877172406302,2020,0
0,0.0311795589624604,2020,0
0,0.0335386659513044,2020,0
0,0.047163787365594,2020,0
0,0.047163787365594,2020,0
0,0.0297091647713782,2020,0
0,0.0344056091150126,2020,0
0,0.0301089037456896,2020,0
0,0.0305011069050442,2020,0
0,0.0301089037456896,2020,0
0,0.0344056091150126,2020,0
0,0.0319829067704609,2020,0
0,0.0301001564028136,2020,0
0,0.0499570486535721,2020,0
0,0.0499570486535721,2020,0
0,0.105123142603431,2020,0
0,0.0294654888602842,2020,0
0,0.0330617398500666,2020,0
0,0.0334653137475049,2020,0
0,0.0380567690529342,2020,0
0,0.0330617398500666,2020,0
0,0.0321419330886533,2020,0
0,0.033948896078691,2020,0
0,0.0527401868330779,2020,0
0,0.0527401868330779,2020,0
0,0.0527401868330779,2020,0
0,0.022568248243547,2020,0
0,0.0320244040930435,2020,0
0,0.0320244040930435,2020,0
0,0.0368322539875919,2020,0
0,0.0324398119261565,2020,0
0,0.0325292343585986,2020,0
0,0.0306810685557201,2020,0
0,0.0457977806146812,2020,0
0,0.0457977806146812,2020,0
0,0.0457977806146812,2020,0
0,0.0457977806146812,2020,0
0,0.0457977806146812,2020,0
0,0.0457977806146812,2020,0
0,0.0347132723990978,2020,0
0,0.0307775574112363,2020,0
0,0.0304061058281893,2020,0
0,0.0347132723990978,2020,0
0,0.0304061058281893,2020,0
0,0.0294693512374461,2020,0
0,0.0311381459258874,2020,0
0,0.0435087524185206,2020,0
0,0.0435087524185206,2020,0
0,0.0435087524185206,2020,0
0,0.0435087524185206,2020,0
0,0.0435087524185206,2020,0
0,0.0435087524185206,2020,0
0,0.0559068965824055,2020,0
0,0.0435087524185206,2020,0
0,0.0435087524185206,2020,0
0,0.0465286857072654,2020,0
0,0.0316811327632253,2020,0
0,0.0319825801928013,2020,0
0,0.0360360001738583,2020,0
0,0.0360360001738583,2020,0
0,0.0316811327632253,2020,0
0,0.0309079371487989,2020,0
0,0.0322941877069229,2020,0
0,0.0468795641940756,2020,0
0,0.0468795641940756,2020,0
0,0.0468795641940756,2020,0
0,0.0381913064527994,2020,0
0,0.0468795641940756,2020,0
0,0.0468795641940756,2020,0
0,0.0468795641940756,2020,0
0,0.0468795641940756,2020,0
0,0.0468795641940756,2020,0
0,0.0468795641940756,2020,0
0,0.0468795641940756,2020,0
0,0.0468795641940756,2020,0
0,0.0602084257890862,2020,0
0,0.0242884405295726,2020,0
0,0.0258225524660019,2020,0
0,0.0258225524660019,2020,0
0,0.0258225524660019,2020,0
0,0.0273368771344671,2020,0
0,0.0296374858814905,2020,0
0,0.0296374858814905,2020,0
0,0.0336614301463547,2020,0
0,0.0299776085689269,2020,0
0,0.0336614301463547,2020,0
0,0.029080993238389,2020,0
0,0.0306535642332142,2020,0
0,0.0357257319802395,2020,0
0,0.0434432846808272,2020,0
0,0.0357257319802395,2020,0
0,0.0434432846808272,2020,0
0,0.0464323441802956,2020,0
0,0.0434432846808272,2020,0
0,0.0434432846808272,2020,0
0,0.0616709551366044,2020,0
0,0.0434432846808272,2020,0
0,0.0434432846808272,2020,0
0,0.0434432846808272,2020,0
0,0.0434432846808272,2020,0
0,0.0434432846808272,2020,0
0,0.0434432846808272,2020,0
0,0.0554313390391861,2020,0
0,0.0434432846808272,2020,0
0,0.0434432846808272,2020,0
0,0.0434432846808272,2020,0
0,0.0434432846808272,2020,0
0,0.0434432846808272,2020,0
0,0.0434432846808272,2020,0
0,0.0434432846808272,2020,0
0,0.0434432846808272,2020,0
0,0.0434432846808272,2020,0
0,0.0434432846808272,2020,0
0,0.0434432846808272,2020,0
0,0.0434432846808272,2020,0
0,0.0434432846808272,2020,0
0,0.0434432846808272,2020,0
0,0.0434432846808272,2020,0
0,0.0434432846808272,2020,0
0,0.0434432846808272,2020,0
0,0.0434432846808272,2020,0
0,0.0434432846808272,2020,0
0,0.0434432846808272,2020,0
0,0.0434432846808272,2020,0
0,0.0275010235747106,2020,0
0,0.0275010235747106,2020,0
0,0.0275010235747106,2020,0
0,0.0258759192260611,2020,0
0,0.0303289260804561,2020,0
0,0.0492947903412446,2020,0
0,0.0500560620316342,2020,0
0,0.0439977890340282,2020,0
0,0.0285956349421779,2020,0
0,0.0289169915455201,2020,0
0,0.0285956349421779,2020,0
0,0.0323238839466404,2020,0
0,0.0323238839466404,2020,0
0,0.028439647729975,2020,0
0,0.0299668808690548,2020,0
0,0.0418747648690746,2020,0
0,0.0418747648690746,2020,0
0,0.0418747648690746,2020,0
0,0.0418747648690746,2020,0
0,0.0418747648690746,2020,0
0,0.0418747648690746,2020,0
0,0.0418747648690746,2020,0
0,0.0418747648690746,2020,0
0,0.0580953329203082,2020,0
0,0.0418747648690746,2020,0
0,0.0418747648690746,2020,0
0,0.0445651265525469,2020,0
0,0.0348576222726808,2020,0
0,0.0418747648690746,2020,0
0,0.0418747648690746,2020,0
0,0.0418747648690746,2020,0
0,0.0418747648690746,2020,0
0,0.0348576222726808,2020,0
0,0.0418747648690746,2020,0
0,0.0418747648690746,2020,0
0,0.0418747648690746,2020,0
0,0.0418747648690746,2020,0
0,0.0418747648690746,2020,0
0,0.0418747648690746,2020,0
0,0.0524532083103034,2020,0
0,0.0418747648690746,2020,0
0,0.0418747648690746,2020,0
0,0.0418747648690746,2020,0
0,0.0418747648690746,2020,0
0,0.0418747648690746,2020,0
0,0.0418747648690746,2020,0
0,0.0418747648690746,2020,0
0,0.0418747648690746,2020,0
0,0.0418747648690746,2020,0
0,0.0418747648690746,2020,0
0,0.0418747648690746,2020,0
0,0.0418747648690746,2020,0
0,0.031019374530003,2020,0
0,0.031019374530003,2020,0
0,0.0288452533113458,2020,0
0,0.031019374530003,2020,0
0,0.0347976799320776,2020,0
0,0.0494245198866434,2020,0
0,0.0279802710123063,2020,0
0,0.0282538191774997,2020,0
0,0.0314223295197572,2020,0
0,0.0279802710123063,2020,0
0,0.0314223295197572,2020,0
0,0.0285137815623493,2020,0
0,0.0298746862864022,2020,0
0,0.0440195954082497,2020,0
0,0.0440195954082497,2020,0
0,0.0440195954082497,2020,0
0,0.0366028297833337,2020,0
0,0.0366028297833337,2020,0
0,0.0440195954082497,2020,0
0,0.0440195954082497,2020,0
0,0.0440195954082497,2020,0
0,0.0440195954082497,2020,0
0,0.0440195954082497,2020,0
0,0.0440195954082497,2020,0
0,0.0440195954082497,2020,0
0,0.0551669867135394,2020,0
0,0.0440195954082497,2020,0
0,0.0440195954082497,2020,0
0,0.0440195954082497,2020,0
0,0.0440195954082497,2020,0
0,0.0440195954082497,2020,0
0,0.0440195954082497,2020,0
0,0.0440195954082497,2020,0
0,0.0440195954082497,2020,0
0,0.0440195954082497,2020,0
0,0.0440195954082497,2020,0
0,0.0440195954082497,2020,0
0,0.0440195954082497,2020,0
0,0.0440195954082497,2020,0
0,0.0440195954082497,2020,0
0,0.0440195954082497,2020,0
0,0.0440195954082497,2020,0
0,0.0440195954082497,2020,0
0,0.0440195954082497,2020,0
0,0.0440195954082497,2020,0
0,0.0460649999011042,2020,0
0,0.0440195954082497,2020,0
0,0.0440195954082497,2020,0
0,0.0605973800384652,2020,0
0,0.0440195954082497,2020,0
0,0.0440195954082497,2020,0
0,0.0280006573897162,2020,0
0,0.0280006573897162,2020,0
0,0.0280006573897162,2020,0
0,0.0308925287784512,2020,0
0,0.0481301850071109,2020,0
0,0.0281470217725057,2020,0
0,0.0249569161174854,2020,0
0,0.025338296396844,2020,0
0,0.0249569161174854,2020,0
0,0.0281470217725057,2020,0
0,0.0251878681332099,2020,0
0,0.0270057382335327,2020,0
0,0.0410860690477669,2020,0
0,0.0410860690477669,2020,0
0,0.0410860690477669,2020,0
0,0.0410860690477669,2020,0
0,0.0410860690477669,2020,0
0,0.0474662183302247,2020,0
0,0.0410860690477669,2020,0
0,0.0410860690477669,2020,0
0,0.0410860690477669,2020,0
0,0.0587062518455653,2020,0
0,0.0410860690477669,2020,0
0,0.0410860690477669,2020,0
0,0.0410860690477669,2020,0
0,0.0410860690477669,2020,0
0,0.0410860690477669,2020,0
0,0.0410860690477669,2020,0
0,0.0410860690477669,2020,0
0,0.0410860690477669,2020,0
0,0.0410860690477669,2020,0
0,0.0410860690477669,2020,0
0,0.0410860690477669,2020,0
0,0.0349392295335594,2020,0
0,0.0349392295335594,2020,0
0,0.0410860690477669,2020,0
0,0.0410860690477669,2020,0
0,0.0410860690477669,2020,0
0,0.0410860690477669,2020,0
0,0.0410860690477669,2020,0
0,0.0410860690477669,2020,0
0,0.0410860690477669,2020,0
0,0.0410860690477669,2020,0
0,0.0410860690477669,2020,0
0,0.0218295571866105,2020,0
0,0.0218295571866105,2020,0
0,0.0218295571866105,2020,0
0,0.0251297314763634,2020,0
0,0.0453688116905944,2020,0
0,0.0295601098553078,2020,0
0,0.0261373299435147,2020,0
0,0.0295601098553078,2020,0
0,0.0261373299435147,2020,0
0,0.0265220596138698,2020,0
0,0.0275372537839598,2020,0
0,0.0256896939744955,2020,0
0,0.044227589200666,2020,0
0,0.044227589200666,2020,0
0,0.044227589200666,2020,0
0,0.044227589200666,2020,0
0,0.044227589200666,2020,0
0,0.044227589200666,2020,0
0,0.044227589200666,2020,0
0,0.044227589200666,2020,0
0,0.044227589200666,2020,0
0,0.044227589200666,2020,0
0,0.044227589200666,2020,0
0,0.044227589200666,2020,0
0,0.044227589200666,2020,0
0,0.044227589200666,2020,0
0,0.0372470948461965,2020,0
0,0.044227589200666,2020,0
0,0.0372470948461965,2020,0
0,0.044227589200666,2020,0
0,0.0491047122070173,2020,0
0,0.044227589200666,2020,0
0,0.044227589200666,2020,0
0,0.044227589200666,2020,0
0,0.044227589200666,2020,0
0,0.044227589200666,2020,0
0,0.044227589200666,2020,0
0,0.044227589200666,2020,0
0,0.0624999249636622,2020,0
0,0.044227589200666,2020,0
0,0.044227589200666,2020,0
0,0.044227589200666,2020,0
0,0.044227589200666,2020,0
0,0.0245591582131178,2020,0
0,0.0245591582131178,2020,0
0,0.0245591582131178,2020,0
0,0.0232758640290423,2020,0
0,0.031175707729282,2020,0
0,0.047087155717158,2020,0
0,0.030056667475583,2020,0
0,0.0339837744009821,2020,0
0,0.030056667475583,2020,0
0,0.0303585027073495,2020,0
0,0.0339837744009821,2020,0
0,0.0306409455243887,2020,0
0,0.0290234302968849,2020,0
0,0.0509591295036741,2020,0
0,0.0509591295036741,2020,0
0,0.0509591295036741,2020,0
0,0.0644939796626147,2020,0
0,0.0509591295036741,2020,0
0,0.0509591295036741,2020,0
0,0.0509591295036741,2020,0
0,0.0509591295036741,2020,0
0,0.0696867199571697,2020,0
0,0.0509591295036741,2020,0
0,0.0509591295036741,2020,0
0,0.0509591295036741,2020,0
0,0.0509591295036741,2020,0
0,0.0509591295036741,2020,0
0,0.0509591295036741,2020,0
0,0.0509591295036741,2020,0
0,0.0509591295036741,2020,0
0,0.0509591295036741,2020,0
0,0.0509591295036741,2020,0
0,0.0509591295036741,2020,0
0,0.0509591295036741,2020,0
0,0.0411072120961668,2020,0
0,0.0509591295036741,2020,0
0,0.0509591295036741,2020,0
0,0.0509591295036741,2020,0
0,0.0509591295036741,2020,0
0,0.0509591295036741,2020,0
0,0.0509591295036741,2020,0
0,0.0509591295036741,2020,0
0,0.0411072120961668,2020,0
0,0.0509591295036741,2020,0
0,0.0509591295036741,2020,0
0,0.0492418283009212,2020,0
0,0.0509591295036741,2020,0
0,0.0509591295036741,2020,0
0,0.0313006282059298,2020,0
0,0.0313006282059298,2020,0
0,0.0313006282059298,2020,0
0,0.0294896376024209,2020,0
0,0.0406388069036396,2020,0
0,0.0502875871924948,2020,0
0,0.0300633697338152,2020,0
0,0.0407849623473105,2020,0
0,0.0449652065237973,2020,0
0,0.0344339260737976,2020,0
0,0.0344339260737976,2020,0
0,0.0305312161301154,2020,0
0,0.0305312161301154,2020,0
0,0.0308082872229277,2020,0
0,0.0309534465913727,2020,0
0,0.0291731051735368,2020,0
0,0.050673987565176,2020,0
0,0.050673987565176,2020,0
0,0.050673987565176,2020,0
0,0.050673987565176,2020,0
0,0.050673987565176,2020,0
0,0.050673987565176,2020,0
0,0.050673987565176,2020,0
0,0.050673987565176,2020,0
0,0.0637964615977771,2020,0
0,0.050673987565176,2020,0
0,0.050673987565176,2020,0
0,0.050673987565176,2020,0
0,0.0469948225352378,2020,0
0,0.050673987565176,2020,0
0,0.050673987565176,2020,0
0,0.050673987565176,2020,0
0,0.050673987565176,2020,0
0,0.050673987565176,2020,0
0,0.068968339989145,2020,0
0,0.050673987565176,2020,0
0,0.050673987565176,2020,0
0,0.050673987565176,2020,0
0,0.050673987565176,2020,0
0,0.050673987565176,2020,0
0,0.050673987565176,2020,0
0,0.050673987565176,2020,0
0,0.050673987565176,2020,0
0,0.050673987565176,2020,0
0,0.050673987565176,2020,0
0,0.0401381251285477,2020,0
0,0.050673987565176,2020,0
0,0.050673987565176,2020,0
0,0.0401381251285477,2020,0
0,0.050673987565176,2020,0
0,0.050673987565176,2020,0
0,0.050673987565176,2020,0
0,0.0335204428054963,2020,0
0,0.0335204428054963,2020,0
0,0.0335204428054963,2020,0
0,0.0314545101288067,2020,0
0,0.0429596888657681,2020,0
0,0.0483129514044304,2020,0
0,0.0302191937728568,2020,0
0,0.0277938516977984,2020,0
0,0.0308412032048271,2020,0
0,0.0308412032048271,2020,0
0,0.0274929412980301,2020,0
0,0.0274929412980301,2020,0
0,0.026366737017689,2020,0
0,0.0282891773423417,2020,0
0,0.0429998571737779,2020,0
0,0.0429998571737779,2020,0
0,0.0429998571737779,2020,0
0,0.0429998571737779,2020,0
0,0.0429998571737779,2020,0
0,0.0429998571737779,2020,0
0,0.0429998571737779,2020,0
0,0.0429998571737779,2020,0
0,0.0429998571737779,2020,0
0,0.0429998571737779,2020,0
0,0.0429998571737779,2020,0
0,0.0429998571737779,2020,0
0,0.0350152370243234,2020,0
0,0.0429998571737779,2020,0
0,0.0429998571737779,2020,0
0,0.0350152370243234,2020,0
0,0.0429998571737779,2020,0
0,0.0429998571737779,2020,0
0,0.0429998571737779,2020,0
0,0.0430742408810183,2020,0
0,0.0429998571737779,2020,0
0,0.0429998571737779,2020,0
0,0.0429998571737779,2020,0
0,0.0429998571737779,2020,0
0,0.0429998571737779,2020,0
0,0.0535074678886845,2020,0
0,0.0429998571737779,2020,0
0,0.0429998571737779,2020,0
0,0.0429998571737779,2020,0
0,0.0589520847831808,2020,0
0,0.0429998571737779,2020,0
0,0.0429998571737779,2020,0
0,0.0429998571737779,2020,0
0,0.0429998571737779,2020,0
0,0.0429998571737779,2020,0
0,0.0429998571737779,2020,0
0,0.030951664305159,2020,0
0,0.030951664305159,2020,0
0,0.030951664305159,2020,0
0,0.029272850838622,2020,0
0,0.0400807857540357,2020,0
0,0.0453524446984206,2020,0
0,0.0532322515705275,2020,0
0,0.027196336138397,2020,0
0,0.0247563590852499,2020,0
0,0.0251015986317714,2020,0
0,0.0277551653836266,2020,0
0,0.0247563590852499,2020,0
0,0.0277551653836266,2020,0
0,0.0264386030013489,2020,0
0,0.02454467921042,2020,0
0,0.0447471338420337,2020,0
0,0.0397158010157161,2020,0
0,0.0397158010157161,2020,0
0,0.0397158010157161,2020,0
0,0.0397158010157161,2020,0
0,0.0397158010157161,2020,0
0,0.0397158010157161,2020,0
0,0.0397158010157161,2020,0
0,0.0397158010157161,2020,0
0,0.0397158010157161,2020,0
0,0.0335650830719388,2020,0
0,0.0397158010157161,2020,0
0,0.0397158010157161,2020,0
0,0.0397158010157161,2020,0
0,0.0397158010157161,2020,0
0,0.0397158010157161,2020,0
0,0.0335650830719388,2020,0
0,0.0397158010157161,2020,0
0,0.0397158010157161,2020,0
0,0.0397158010157161,2020,0
0,0.0397158010157161,2020,0
0,0.0397158010157161,2020,0
0,0.0397158010157161,2020,0
0,0.0397158010157161,2020,0
0,0.0397158010157161,2020,0
0,0.0397158010157161,2020,0
0,0.0397158010157161,2020,0
0,0.0397158010157161,2020,0
0,0.0397158010157161,2020,0
0,0.0397158010157161,2020,0
0,0.0397158010157161,2020,0
0,0.0397158010157161,2020,0
0,0.0560692525398167,2020,0
0,0.0397158010157161,2020,0
0,0.0397158010157161,2020,0
0,0.0253939502858266,2020,0
0,0.0253939502858266,2020,0
0,0.0241459854090822,2020,0
0,0.0253939502858266,2020,0
0,0.0328134306429042,2020,0
0,0.043461332980586,2020,0
0,0.0374040225273949,2020,0
0,0.0257236924257583,2020,0
0,0.0374575659100628,2020,0
0,0.0334771618978768,2020,0
0,0.0579814735375372,2020,0
0,0.0259300841619775,2020,0
0,0.0287735896550047,2020,0
0,0.0287735896550047,2020,0
0,0.0255878091208076,2020,0
0,0.0255878091208076,2020,0
0,0.0255916683759154,2020,0
0,0.0272398372202603,2020,0
0,0.0355173453033473,2020,0
0,0.0418047773071633,2020,0
0,0.0418047773071633,2020,0
0,0.0418047773071633,2020,0
0,0.0591732793921687,2020,0
0,0.0355173453033473,2020,0
0,0.0418047773071633,2020,0
0,0.0418047773071633,2020,0
0,0.0418047773071633,2020,0
0,0.0475359520463595,2020,0
0,0.0418047773071633,2020,0
0,0.0418047773071633,2020,0
0,0.0418047773071633,2020,0
0,0.0418047773071633,2020,0
0,0.0418047773071633,2020,0
0,0.0418047773071633,2020,0
0,0.0418047773071633,2020,0
0,0.0418047773071633,2020,0
0,0.0418047773071633,2020,0
0,0.0418047773071633,2020,0
0,0.0418047773071633,2020,0
0,0.0418047773071633,2020,0
0,0.0418047773071633,2020,0
0,0.0418047773071633,2020,0
0,0.0418047773071633,2020,0
0,0.0418047773071633,2020,0
0,0.0418047773071633,2020,0
0,0.0418047773071633,2020,0
0,0.0418047773071633,2020,0
0,0.0418047773071633,2020,0
0,0.0418047773071633,2020,0
0,0.0418047773071633,2020,0
0,0.0418047773071633,2020,0
0,0.0418047773071633,2020,0
0,0.0357059548211343,2020,0
0,0.0229380833982855,2020,0
0,0.0229380833982855,2020,0
0,0.0229380833982855,2020,0
0,0.029614265436512,2020,0
0,0.0336291009063386,2020,0
0,0.0262715715480477,2020,0
0,0.0262715715480477,2020,0
0,0.0436952491163317,2020,0
0,0.0348666693676964,2020,0
0,0.039211382114039,2020,0
0,0.0618173754825971,2020,0
0,0.029751286756063,2020,0
0,0.0264972947580918,2020,0
0,0.029751286756063,2020,0
0,0.0264972947580918,2020,0
0,0.0268045424648128,2020,0
0,0.0279050067911929,2020,0
0,0.0264418934109546,2020,0
0,0.048319601002861,2020,0
0,0.044591557582493,2020,0
0,0.044591557582493,2020,0
0,0.044591557582493,2020,0
0,0.037526104191557,2020,0
0,0.044591557582493,2020,0
0,0.044591557582493,2020,0
0,0.044591557582493,2020,0
0,0.044591557582493,2020,0
0,0.044591557582493,2020,0
0,0.044591557582493,2020,0
0,0.044591557582493,2020,0
0,0.044591557582493,2020,0
0,0.0619791198412321,2020,0
0,0.037526104191557,2020,0
0,0.044591557582493,2020,0
0,0.044591557582493,2020,0
0,0.044591557582493,2020,0
0,0.044591557582493,2020,0
0,0.044591557582493,2020,0
0,0.044591557582493,2020,0
0,0.044591557582493,2020,0
0,0.044591557582493,2020,0
0,0.044591557582493,2020,0
0,0.0407400329733069,2020,0
0,0.044591557582493,2020,0
0,0.044591557582493,2020,0
0,0.044591557582493,2020,0
0,0.044591557582493,2020,0
0,0.044591557582493,2020,0
0,0.044591557582493,2020,0
0,0.044591557582493,2020,0
0,0.044591557582493,2020,0
0,0.044591557582493,2020,0
0,0.044591557582493,2020,0
0,0.0399405674389673,2020,0
0,0.0212362189376672,2020,0
0,0.0212362189376672,2020,0
0,0.0212362189376672,2020,0
0,0.0272183484101101,2020,0
0,0.0272183484101101,2020,0
0,0.0272183484101101,2020,0
0,0.0354417372641171,2020,0
0,0.0428849009345261,2020,0
0,0.0464392922155283,2020,0
0,0.0342480016790342,2020,0
0,0.0282575241088408,2020,0
0,0.0447821871975523,2020,0
0,0.0491707549681736,2020,0
0,0.0427573442640094,2020,0
0,0.0385304463765277,2020,0
0,0.0306615941680821,2020,0
0,0.0274766763529637,2020,0
0,0.0306615941680821,2020,0
0,0.0274766763529637,2020,0
0,0.0277071311579677,2020,0
0,0.0278863980300665,2020,0
0,0.0291517844110661,2020,0
0,0.0489544966056752,2020,0
0,0.0489544966056752,2020,0
0,0.0490221514825648,2020,0
0,0.0489544966056752,2020,0
0,0.0489544966056752,2020,0
0,0.0489544966056752,2020,0
0,0.0402856658093192,2020,0
0,0.0489544966056752,2020,0
0,0.0489544966056752,2020,0
0,0.0489544966056752,2020,0
0,0.0489544966056752,2020,0
0,0.0489544966056752,2020,0
0,0.0489544966056752,2020,0
0,0.0615908276027601,2020,0
0,0.0489544966056752,2020,0
0,0.0489544966056752,2020,0
0,0.0489544966056752,2020,0
0,0.0489544966056752,2020,0
0,0.0666430904538062,2020,0
0,0.0489544966056752,2020,0
0,0.0489544966056752,2020,0
0,0.0489544966056752,2020,0
0,0.0489544966056752,2020,0
0,0.0489544966056752,2020,0
0,0.0489544966056752,2020,0
0,0.0489544966056752,2020,0
0,0.0489544966056752,2020,0
0,0.0489544966056752,2020,0
0,0.044912687604468,2020,0
0,0.0489544966056752,2020,0
0,0.0489544966056752,2020,0
0,0.0489544966056752,2020,0
0,0.0489544966056752,2020,0
0,0.0489544966056752,2020,0
0,0.0489544966056752,2020,0
0,0.0402856658093192,2020,0
0,0.0489544966056752,2020,0
0,0.0234463492393295,2020,0
0,0.0234463492393295,2020,0
0,0.0234463492393295,2020,0
0,0.0234463492393295,2020,0
0,0.0237006833281624,2020,0
0,0.0234463492393295,2020,0
0,0.0234463492393295,2020,0
0,0.0289124738861026,2020,0
0,0.0289124738861026,2020,0
0,0.0404974182499215,2020,0
0,0.0449148501887332,2020,0
0,0.0415734026860345,2020,0
0,0.0507013806979634,2020,0
0,0.0491908923254605,2020,0
0,0.032205975959517,2020,0
0,0.0300045333678023,2020,0
0,0.0331177713192653,2020,0
0,0.0504564676642381,2020,0
0,0.038634124009564,2020,0
0,0.0191894375572778,2020,0
0,0.0484513637070469,2020,0
0,0.0372133442981179,2020,0
0,0.0422167971072719,2020,0
0,0.0280474274365683,2020,0
0,0.0310023456539549,2020,0
0,0.0278406381758989,2020,0
0,0.0310023456539549,2020,0
0,0.0278406381758989,2020,0
0,0.0279829441301978,2020,0
0,0.0292249316506762,2020,0
0,0.0615602887401869,2020,0
0,0.0458672536678628,2020,0
0,0.0458672536678628,2020,0
0,0.0458672536678628,2020,0
0,0.0458672536678628,2020,0
0,0.0374708909004512,2020,0
0,0.0458672536678628,2020,0
0,0.0458672536678628,2020,0
0,0.0458672536678628,2020,0
0,0.0458672536678628,2020,0
0,0.0458672536678628,2020,0
0,0.0567103474008951,2020,0
0,0.0458672536678628,2020,0
0,0.0458672536678628,2020,0
0,0.0458672536678628,2020,0
0,0.0458672536678628,2020,0
0,0.0458672536678628,2020,0
0,0.0458672536678628,2020,0
0,0.0458672536678628,2020,0
0,0.0458672536678628,2020,0
0,0.0458672536678628,2020,0
0,0.0458672536678628,2020,0
0,0.0458672536678628,2020,0
0,0.0458672536678628,2020,0
0,0.0446811447478187,2020,0
0,0.0422906917134412,2020,0
0,0.0458672536678628,2020,0
0,0.0458672536678628,2020,0
0,0.0458672536678628,2020,0
0,0.0458672536678628,2020,0
0,0.0374708909004512,2020,0
0,0.0458672536678628,2020,0
0,0.0458672536678628,2020,0
0,0.0458672536678628,2020,0
0,0.0229500428798282,2020,0
0,0.0229500428798282,2020,0
0,0.0231731122551745,2020,0
0,0.0229500428798282,2020,0
0,0.0229500428798282,2020,0
0,0.0229500428798282,2020,0
0,0.0229500428798282,2020,0
0,0.0229500428798282,2020,0
0,0.063089402807599,2020,0
0,0.0253183004833193,2020,0
0,0.0253183004833193,2020,0
0,0.035262423814164,2020,0
0,0.043465255568773,2020,0
0,0.0440773006425972,2020,0
0,0.034575231442415,2020,0
0,0.0440731074911852,2020,0
0,0.0312274855815857,2020,0
0,0.02789384266792,2020,0
0,0.045100342393175,2020,0
0,0.0315506637767256,2020,0
0,0.0459384432407419,2020,0
0,0.0363431778935591,2020,0
0,0.0186313423248468,2020,0
0,0.0451039408202996,2020,0
0,0.0433040989333853,2020,0
0,0.0220470688922687,2020,0
0,0.0364761003068738,2020,0
0,0.041786512149205,2020,0
0,0.0276387806303797,2020,0
0,0.0273927849774894,2020,0
0,0.0306043104331779,2020,0
0,0.0273927849774894,2020,0
0,0.0306043104331779,2020,0
0,0.0275015637481456,2020,0
0,0.0288522522884771,2020,0
0,0.0442630696850442,2020,0
0,0.0442630696850442,2020,0
0,0.0442630696850442,2020,0
0,0.044915561181243,2020,0
0,0.0604290567898467,2020,0
0,0.0442630696850442,2020,0
0,0.0442630696850442,2020,0
0,0.0442630696850442,2020,0
0,0.0406476863375825,2020,0
0,0.0442630696850442,2020,0
0,0.0442630696850442,2020,0
0,0.0442630696850442,2020,0
0,0.0442630696850442,2020,0
0,0.0442630696850442,2020,0
0,0.0442630696850442,2020,0
0,0.0442630696850442,2020,0
0,0.0442630696850442,2020,0
0,0.0442630696850442,2020,0
0,0.0442630696850442,2020,0
0,0.0442630696850442,2020,0
0,0.0442630696850442,2020,0
0,0.0442630696850442,2020,0
0,0.0442630696850442,2020,0
0,0.0442630696850442,2020,0
0,0.0442630696850442,2020,0
0,0.0442630696850442,2020,0
0,0.0442630696850442,2020,0
0,0.0551580696363515,2020,0
0,0.0442630696850442,2020,0
0,0.0442630696850442,2020,0
0,0.0442630696850442,2020,0
0,0.0442630696850442,2020,0
0,0.0225936448253708,2020,0
0,0.0227970293455007,2020,0
0,0.0225936448253708,2020,0
0,0.0225936448253708,2020,0
0,0.0225936448253708,2020,0
0,0.0225936448253708,2020,0
0,0.0225936448253708,2020,0
0,0.0225936448253708,2020,0
0,0.0620836751654682,2020,0
0,0.026357574662581,2020,0
0,0.026357574662581,2020,0
0,0.026357574662581,2020,0
0,0.0348641248619524,2020,0
0,0.0461672374828967,2020,0
0,0.0419021286006562,2020,0
0,0.0354906700922758,2020,0
0,0.0439402173882629,2020,0
0,0.0475825994722858,2020,0
0,0.0488955385943503,2020,0
0,0.0326616260392326,2020,0
0,0.0272419868483387,2020,0
0,0.0308956617580644,2020,0
0,0.0448122712524294,2020,0
0,0.0407373108036204,2020,0
0,0.0369078261842827,2020,0
0,0.043262533001794,2020,0
0,0.0416072405603668,2020,0
0,0.0222406529204484,2020,0
0,0.0630431816910039,2020,0
0,0.0362594054189833,2020,0
0,0.0429209125655417,2020,0
0,0.0279686149730497,2020,0
0,0.0277777775797008,2020,0
0,0.030890637448074,2020,0
0,0.030890637448074,2020,0
0,0.0277777775797008,2020,0
0,0.0297659545954882,2020,0
0,0.0286131976563684,2020,0
0,0.0462872189057328,2020,0
0,0.0424859180395207,2020,0
0,0.0462872189057328,2020,0
0,0.0461940916097902,2020,0
0,0.0462872189057328,2020,0
0,0.0462872189057328,2020,0
0,0.0462872189057328,2020,0
0,0.0462872189057328,2020,0
0,0.0462872189057328,2020,0
0,0.0462872189057328,2020,0
0,0.0462872189057328,2020,0
0,0.0462872189057328,2020,0
0,0.0462872189057328,2020,0
0,0.0462872189057328,2020,0
0,0.0462872189057328,2020,0
0,0.0462872189057328,2020,0
0,0.0462872189057328,2020,0
0,0.0462872189057328,2020,0
0,0.0462872189057328,2020,0
0,0.0462872189057328,2020,0
0,0.0462872189057328,2020,0
0,0.0462872189057328,2020,0
0,0.0462872189057328,2020,0
0,0.0462872189057328,2020,0
0,0.0462872189057328,2020,0
0,0.0579143354311565,2020,0
0,0.0462872189057328,2020,0
0,0.0462872189057328,2020,0
0,0.0462872189057328,2020,0
0,0.0229239107085336,2020,0
0,0.0229239107085336,2020,0
0,0.0229239107085336,2020,0
0,0.0229239107085336,2020,0
0,0.0231739853136081,2020,0
0,0.0229239107085336,2020,0
0,0.0229239107085336,2020,0
0,0.0615261568198233,2020,0
0,0.0259027380865633,2020,0
0,0.0259027380865633,2020,0
0,0.0259027380865633,2020,0
0,0.0371619862929975,2020,0
0,0.0445041313544221,2020,0
0,0.0405383417382372,2020,0
0,0.050613792482123,2020,0
0,0.0384260379095188,2020,0
0,0.0527880635682044,2020,0
0,0.052408303769964,2020,0
0,0.0278711594542302,2020,0
0,0.0328636284404066,2020,0
0,0.0336325906160851,2020,0
0,0.0484022810192565,2020,0
0,0.0434345512168343,2020,0
0,0.0399958770413437,2020,0
0,0.0420602449814439,2020,0
0,0.0407868483431585,2020,0
0,0.0434146691594406,2020,0
0,0.0280464882759775,2020,0
0,0.0313601756521046,2020,0
0,0.0280464882759775,2020,0
0,0.0313601756521046,2020,0
0,0.0282870027874823,2020,0
0,0.0296354105106739,2020,0
0,0.0281208231577378,2020,0
0,0.0401627650983516,2020,0
0,0.0401627650983516,2020,0
0,0.0401627650983516,2020,0
0,0.0401627650983516,2020,0
0,0.0401627650983516,2020,0
0,0.0401627650983516,2020,0
0,0.0401627650983516,2020,0
0,0.0401627650983516,2020,0
0,0.0368892236625535,2020,0
0,0.0401627650983516,2020,0
0,0.0401627650983516,2020,0
0,0.0401627650983516,2020,0
0,0.0401627650983516,2020,0
0,0.0415968257455838,2020,0
0,0.0188138429241849,2020,0
0,0.0497842316575217,2020,0
0,0.0236911942711023,2020,0
0,0.0236911942711023,2020,0
0,0.0236911942711023,2020,0
0,0.0239360893674249,2020,0
0,0.0236911942711023,2020,0
0,0.0236911942711023,2020,0
0,0.0236911942711023,2020,0
0,0.0601869687025273,2020,0
0,0.027271926571174,2020,0
0,0.027271926571174,2020,0
0,0.027271926571174,2020,0
0,0.0380545691699268,2020,0
0,0.0385561668355107,2020,0
0,0.0585850052008492,2020,0
0,0.0584260134535168,2020,0
0,0.0293592392987573,2020,0
0,0.0301739951411547,2020,0
0,0.0349639831489647,2020,0
0,0.0352716740565584,2020,0
0,0.039958479861977,2020,0
0,0.0373150928059278,2020,0
0,0.0409588529644022,2020,0
0,0.0397540224023191,2020,0
0,0.0664437937258307,2020,0
0,0.0449772258211574,2020,0
0,0.0266964017314615,2020,0
0,0.0295797153424656,2020,0
0,0.0263874146136117,2020,0
0,0.0295797153424656,2020,0
0,0.0263874146136117,2020,0
0,0.0264884413120676,2020,0
0,0.0283295210302619,2020,0
0,0.0348692055404022,2020,0
0,0.0320987325850047,2020,0
0,0.0348692055404022,2020,0
0,0.0348692055404022,2020,0
0,0.0348692055404022,2020,0
0,0.0348692055404022,2020,0
0,0.0348692055404022,2020,0
0,0.0348692055404022,2020,0
0,0.0348692055404022,2020,0
0,0.0348692055404022,2020,0
0,0.0348692055404022,2020,0
0,0.0348692055404022,2020,0
0,0.038378463894364,2020,0
0,0.0348692055404022,2020,0
0,0.0348692055404022,2020,0
0,0.0185322451988323,2020,0
0,0.0227672158345313,2020,0
0,0.0227672158345313,2020,0
0,0.0229651724759423,2020,0
0,0.0227672158345313,2020,0
0,0.0227672158345313,2020,0
0,0.0227672158345313,2020,0
0,0.0581269422099461,2020,0
0,0.0228245201756763,2020,0
0,0.0228245201756763,2020,0
0,0.0228245201756763,2020,0
0,0.0305950971437196,2020,0
0,0.0386210878797193,2020,0
0,0.0568590506445137,2020,0
0,0.0569548578841481,2020,0
0,0.0260132133367665,2020,0
0,0.0304915400019154,2020,0
0,0.0335818551908791,2020,0
0,0.0341291226813617,2020,0
0,0.0329240417193741,2020,0
0,0.0362357368756903,2020,0
0,0.0352880556863453,2020,0
0,0.0626811197528414,2020,0
0,0.0427827794219567,2020,0
0,0.0275522256967031,2020,0
0,0.0250086641001251,2020,0
0,0.0345589163557639,2020,0
0,0.0345589163557639,2020,0
0,0.0345589163557639,2020,0
0,0.0345589163557639,2020,0
0,0.0345589163557639,2020,0
0,0.0316697007011678,2020,0
0,0.0345589163557639,2020,0
0,0.0345589163557639,2020,0
0,0.0345589163557639,2020,0
0,0.0345589163557639,2020,0
0,0.0345589163557639,2020,0
0,0.0173289738941806,2020,0
0,0.0223588360444346,2020,0
0,0.0221590121598968,2020,0
0,0.0221590121598968,2020,0
0,0.0221590121598968,2020,0
0,0.0221590121598968,2020,0
0,0.0549500561392303,2020,0
0,0.0175432238365231,2020,0
0,0.0175432238365231,2020,0
0,0.0175432238365231,2020,0
0,0.0254527878618195,2020,0
0,0.0449085745606961,2020,0
0,0.0365049608204967,2020,0
0,0.024384303649449,2020,0
0,0.0439116730372115,2020,0
0,0.0358860781844277,2020,0
0,0.050289362551856,2020,0
0,0.0488842990453421,2020,0
0,0.0267946172554019,2020,0
0,0.0280704167946364,2020,0
0,0.0310889149975153,2020,0
0,0.0318318611812364,2020,0
0,0.0463165377887362,2020,0
0,0.0292965019446307,2020,0
0,0.0298657457187916,2020,0
0,0.0403306971504629,2020,0
0,0.0363653198829436,2020,0
0,0.0363653198829436,2020,0
0,0.0363653198829436,2020,0
0,0.0363653198829436,2020,0
0,0.0363653198829436,2020,0
0,0.0363653198829436,2020,0
0,0.0363653198829436,2020,0
0,0.0363653198829436,2020,0
0,0.0305968902405232,2020,0
0,0.0363653198829436,2020,0
0,0.0333099429199426,2020,0
0,0.0363653198829436,2020,0
0,0.0305968902405232,2020,0
0,0.02181787079119,2020,0
0,0.02181787079119,2020,0
0,0.02181787079119,2020,0
0,0.0519965011466768,2020,0
0,0.0168146504315131,2020,0
0,0.0168146504315131,2020,0
0,0.0168146504315131,2020,0
0,0.0249722431631021,2020,0
0,0.0421546957584549,2020,0
0,0.0242990513808569,2020,0
0,0.0345892884549258,2020,0
0,0.0314687469369128,2020,0
0,0.0405827118265718,2020,0
0,0.0431949593204973,2020,0
0,0.0251639098634282,2020,0
0,0.0290619668517261,2020,0
0,0.0278381039504986,2020,0
0,0.0393344334894711,2020,0
0,0.0367194545211725,2020,0
0,0.0328986868096465,2020,0
0,0.0328986868096465,2020,0
0,0.0328986868096465,2020,0
0,0.0328986868096465,2020,0
0,0.0328986868096465,2020,0
0,0.0328986868096465,2020,0
0,0.0328986868096465,2020,0
0,0.0328986868096465,2020,0
0,0.0328986868096465,2020,0
0,0.0328986868096465,2020,0
0,0.0328986868096465,2020,0
0,0.0301340181300232,2020,0
0,0.0328986868096465,2020,0
0,0.0328986868096465,2020,0
0,0.0328986868096465,2020,0
0,0.0328986868096465,2020,0
0,0.027802013069321,2020,0
0,0.027802013069321,2020,0
0,0.0193270114718917,2020,0
0,0.0193270114718917,2020,0
0,0.0165175316056368,2020,0
0,0.0165175316056368,2020,0
0,0.0213681271275683,2020,0
0,0.0405823406705869,2020,0
0,0.0237472392742324,2020,0
0,0.0307539786822132,2020,0
0,0.0452940864021564,2020,0
0,0.044494098249647,2020,0
0,0.0258969387002209,2020,0
0,0.0280824926602536,2020,0
0,0.026017427306913,2020,0
0,0.0412377362319946,2020,0
0,0.0245068691778718,2020,0
0,0.0255080197295313,2020,0
0,0.0385393651912864,2020,0
0,0.0326979038232512,2020,0
0,0.0326979038232512,2020,0
0,0.0326979038232512,2020,0
0,0.0326979038232512,2020,0
0,0.0326979038232512,2020,0
0,0.0326979038232512,2020,0
0,0.0326979038232512,2020,0
0,0.0276817574918966,2020,0
0,0.0326979038232512,2020,0
0,0.0326979038232512,2020,0
0,0.0326979038232512,2020,0
0,0.0326979038232512,2020,0
0,0.0326979038232512,2020,0
0,0.0300767060431847,2020,0
0,0.0326979038232512,2020,0
0,0.0326979038232512,2020,0
0,0.0276817574918966,2020,0
0,0.0326979038232512,2020,0
0,0.0197722695659558,2020,0
0,0.0197722695659558,2020,0
0,0.0158564374562459,2020,0
0,0.0158564374562459,2020,0
0,0.021731251686486,2020,0
0,0.0393271021935916,2020,0
0,0.0240056521019474,2020,0
0,0.0301282363680642,2020,0
0,0.0445502369924133,2020,0
0,0.0462835517320814,2020,0
0,0.0219788148402612,2020,0
0,0.0256055570670365,2020,0
0,0.0392549910522499,2020,0
0,0.0258101162744509,2020,0
0,0.0276190230059802,2020,0
0,0.0374442972717127,2020,0
0,0.0289718415197606,2020,0
0,0.0309005814582269,2020,0
0,0.026822354143286,2020,0
0,0.026822354143286,2020,0
0,0.0309005814582269,2020,0
0,0.0309005814582269,2020,0
0,0.0309005814582269,2020,0
0,0.0309005814582269,2020,0
0,0.0309005814582269,2020,0
0,0.0309005814582269,2020,0
0,0.0309005814582269,2020,0
0,0.0309005814582269,2020,0
0,0.0309005814582269,2020,0
0,0.0309005814582269,2020,0
0,0.0309005814582269,2020,0
0,0.0309005814582269,2020,0
0,0.0309005814582269,2020,0
0,0.0309005814582269,2020,0
0,0.0194358508854901,2020,0
0,0.0513868114183871,2020,0
0,0.016540207649715,2020,0
0,0.016540207649715,2020,0
0,0.0233831066528702,2020,0
0,0.0374385302264318,2020,0
0,0.0214595992609194,2020,0
0,0.0275649736755352,2020,0
0,0.0238056631243382,2020,0
0,0.0434633266782142,2020,0
0,0.0402169180018455,2020,0
0,0.0234368449360052,2020,0
0,0.0262538302610831,2020,0
0,0.0248870134668659,2020,0
0,0.034236735634753,2020,0
0,0.0276210172149745,2020,0
0,0.0276210172149745,2020,0
0,0.0276210172149745,2020,0
0,0.0276210172149745,2020,0
0,0.0246912471129236,2020,0
0,0.0276210172149745,2020,0
0,0.0276210172149745,2020,0
0,0.0276210172149745,2020,0
0,0.0246912471129236,2020,0
0,0.0276210172149745,2020,0
0,0.0276210172149745,2020,0
0,0.0276210172149745,2020,0
0,0.0276210172149745,2020,0
0,0.0276210172149745,2020,0
0,0.0276210172149745,2020,0
0,0.0276210172149745,2020,0
0,0.0276210172149745,2020,0
0,0.0260405501697216,2020,0
0,0.0177907226312545,2020,0
0,0.0177907226312545,2020,0
0,0.0149594101650333,2020,0
0,0.0149594101650333,2020,0
0,0.0202966100560468,2020,0
0,0.0349579245364574,2020,0
1,0.0343079976705488,2020,0
1,0.0308609541442133,2020,0
1,0.0268607685947548,2020,0
1,0.0253413984547136,2020,0
1,0.0240646734219026,2020,0
1,0.0246596412715026,2020,0
1,0.0246596412715026,2020,0
1,0.0275522256967031,2020,0
1,0.0249820319457686,2020,0
1,0.0438869074111623,2020,0
1,0.0289124738861026,2020,0
1,0.0355195496073077,2020,0
1,0.0311160930259637,2020,0
1,0.0444311969436207,2020,0
1,0.0444311969436207,2020,0
1,0.0444311969436207,2020,0
1,0.0444311969436207,2020,0
1,0.0351326901405272,2020,0
1,0.0444311969436207,2020,0
1,0.0493536098591009,2020,0
1,0.0389702677742387,2020,0
1,0.0444311969436207,2020,0
1,0.0444311969436207,2020,0
1,0.0410782524880915,2020,0
1,0.0444311969436207,2020,0
1,0.0538076378408806,2020,0
1,0.0444311969436207,2020,0
1,0.0264189563650073,2020,0
1,0.0444311969436207,2020,0
1,0.0361482109183971,2020,0
1,0.0642812448765076,2020,0
1,0.0721243642882496,2020,0
1,0.103022100102334,2020,0
1,0.0405449430118451,2020,0
1,0.0700326239080619,2020,0
1,0.0221590121598968,2020,0
1,0.019459153009637,2020,0
1,0.0197722695659558,2020,0
1,0.0225971067446063,2020,0
1,0.0193270114718917,2020,0
1,0.0229500428798282,2020,0
1,0.0229239107085336,2020,0
1,0.0263929917467197,2020,0
1,0.0197722695659558,2020,0
1,0.0220145091138505,2020,0
1,0.0227672158345313,2020,0
1,0.0348816072157753,2020,0
1,0.0224998433267711,2020,0
1,0.02181787079119,2020,0
1,0.0390813098524208,2020,0
1,0.0268082201645277,2020,0
1,0.0355603280001339,2020,0
1,0.0383609941174118,2020,0
0,0.0401043319414007,2021,0
0,0.0396215901333067,2021,0
0,0.0261193260108445,2021,0
0,0.0297392465026982,2021,0
0,0.0273615862843883,2021,0
0,0.0271246611174187,2021,0
0,0.0266748716065758,2021,0
0,0.0247755043849937,2021,0
0,0.0259507625245473,2021,0
0,0.0329955155871726,2021,0
0,0.0305497380376171,2021,0
0,0.0305497380376171,2021,0
0,0.0305497380376171,2021,0
0,0.0305497380376171,2021,0
0,0.0305497380376171,2021,0
0,0.0305497380376171,2021,0
0,0.0305497380376171,2021,0
0,0.0303801057408554,2021,0
0,0.0305497380376171,2021,0
0,0.0305497380376171,2021,0
0,0.0942446306998455,2021,0
0,0.0942446306998455,2021,0
0,0.0942446306998455,2021,0
0,0.0157726526606742,2021,0
0,0.0157726526606742,2021,0
0,0.0228905069488546,2021,0
0,0.0373874642896156,2021,0
0,0.0427510370709378,2021,0
0,0.0322365416622235,2021,0
0,0.0291399794447162,2021,0
0,0.0637337540074885,2021,0
0,0.0283862501259515,2021,0
0,0.0283862501259515,2021,0
0,0.0292944820523004,2021,0
0,0.0302557878913332,2021,0
0,0.0221695131166483,2021,0
0,0.0351607327286312,2021,0
0,0.0312234463947083,2021,0
0,0.0340409931887081,2021,0
0,0.0308854502375275,2021,0
0,0.0308854502375275,2021,0
0,0.0308854502375275,2021,0
0,0.0333812357238108,2021,0
0,0.0308854502375275,2021,0
0,0.0308854502375275,2021,0
0,0.0308854502375275,2021,0
0,0.0308854502375275,2021,0
0,0.0308854502375275,2021,0
0,0.0308854502375275,2021,0
0,0.0308854502375275,2021,0
0,0.0308854502375275,2021,0
0,0.0308854502375275,2021,0
0,0.0308854502375275,2021,0
0,0.0308854502375275,2021,0
0,0.0308854502375275,2021,0
0,0.0308854502375275,2021,0
0,0.0308854502375275,2021,0
0,0.0318849998309908,2021,0
0,0.0308854502375275,2021,0
0,0.0308854502375275,2021,0
0,0.0309883641195731,2021,0
0,0.0308854502375275,2021,0
0,0.0308854502375275,2021,0
0,0.0308854502375275,2021,0
0,0.0308854502375275,2021,0
0,0.0372490737839795,2021,0
0,0.106923144393708,2021,0
0,0.106960056644114,2021,0
0,0.106331902261871,2021,0
0,0.103462074502757,2021,0
0,0.106923144393708,2021,0
0,0.106923144393708,2021,0
0,0.0991747266318507,2021,0
0,0.106960056644114,2021,0
0,0.106923144393708,2021,0
0,0.106923144393708,2021,0
0,0.114822023720885,2021,0
0,0.106923144393708,2021,0
0,0.106923144393708,2021,0
0,0.120216097450889,2021,0
0,0.106923144393708,2021,0
0,0.107694299231446,2021,0
0,0.106457892848408,2021,0
0,0.106960056644114,2021,0
0,0.0184011184486622,2021,0
0,0.0354261875415087,2021,0
0,0.0201793508113127,2021,0
0,0.0201793508113127,2021,0
0,0.0201793508113127,2021,0
0,0.0278551725662664,2021,0
0,0.0443219504574208,2021,0
0,0.0330026455000309,2021,0
0,0.0330026455000309,2021,0
0,0.0330026455000309,2021,0
0,0.0330026455000309,2021,0
0,0.0330026455000309,2021,0
0,0.0330026455000309,2021,0
0,0.0330026455000309,2021,0
0,0.0495399919841659,2021,0
0,0.0372631901203756,2021,0
0,0.0388480885670818,2021,0
0,0.0768379262475025,2021,0
0,0.0337870855373299,2021,0
0,0.0337870855373299,2021,0
0,0.0334403106947919,2021,0
0,0.0352854087774475,2021,0
0,0.0254590159262555,2021,0
0,0.0392307655957155,2021,0
0,0.0349294955346414,2021,0
0,0.0349294955346414,2021,0
0,0.0370301262247237,2021,0
0,0.0370301262247237,2021,0
0,0.0359509528615689,2021,0
0,0.0383912021987942,2021,0
0,0.0354796653413507,2021,0
0,0.0354796653413507,2021,0
0,0.0385062660610766,2021,0
0,0.0354796653413507,2021,0
0,0.0354796653413507,2021,0
0,0.0354796653413507,2021,0
0,0.0354796653413507,2021,0
0,0.0354796653413507,2021,0
0,0.0354796653413507,2021,0
0,0.0354796653413507,2021,0
0,0.0354796653413507,2021,0
0,0.0354796653413507,2021,0
0,0.0370985174017644,2021,0
0,0.0354796653413507,2021,0
0,0.0354796653413507,2021,0
0,0.0354796653413507,2021,0
0,0.0354796653413507,2021,0
0,0.0354796653413507,2021,0
0,0.0354796653413507,2021,0
0,0.0354796653413507,2021,0
0,0.0354796653413507,2021,0
0,0.0425256825873751,2021,0
0,0.119256516660536,2021,0
0,0.107587009565859,2021,0
0,0.121585039319942,2021,0
0,0.120269814182667,2021,0
0,0.120404103787547,2021,0
0,0.120269814182667,2021,0
0,0.120269814182667,2021,0
0,0.120269814182667,2021,0
0,0.14284737274407,2021,0
0,0.120269814182667,2021,0
0,0.119477606272035,2021,0
0,0.120269814182667,2021,0
0,0.120404103787547,2021,0
0,0.120269814182667,2021,0
0,0.114564563295754,2021,0
0,0.133555743496948,2021,0
0,0.120269814182667,2021,0
0,0.120269814182667,2021,0
0,0.120269814182667,2021,0
0,0.018688558385902,2021,0
0,0.0417762402475329,2021,0
0,0.0201743458007344,2021,0
0,0.0201743458007344,2021,0
0,0.0201743458007344,2021,0
0,0.0283392167729596,2021,0
0,0.100109714401313,2021,0
0,0.0475547516037743,2021,0
0,0.122683507206525,2021,0
0,0.0319145924806845,2021,0
0,0.0319145924806845,2021,0
0,0.0319145924806845,2021,0
0,0.0319145924806845,2021,0
0,0.0319145924806845,2021,0
0,0.0319145924806845,2021,0
0,0.0319145924806845,2021,0
0,0.0473026995651108,2021,0
0,0.0328789551262742,2021,0
0,0.0353317682800254,2021,0
0,0.0704389121695225,2021,0
0,0.0314740479494099,2021,0
0,0.0314740479494099,2021,0
0,0.0311818049895885,2021,0
0,0.0323419031467042,2021,0
0,0.0321335114561315,2021,0
0,0.0323399039053366,2021,0
0,0.0234065766005941,2021,0
0,0.0362215087175988,2021,0
0,0.0311390165773094,2021,0
0,0.0325338547520922,2021,0
0,0.0311390165773094,2021,0
0,0.0313973940610233,2021,0
0,0.0325338547520922,2021,0
0,0.0341337291923167,2021,0
0,0.0326865273327472,2021,0
0,0.0331610876941784,2021,0
0,0.0331610876941784,2021,0
0,0.0331610876941784,2021,0
0,0.0331610876941784,2021,0
0,0.0331610876941784,2021,0
0,0.0331610876941784,2021,0
0,0.0331610876941784,2021,0
0,0.0331610876941784,2021,0
0,0.0331610876941784,2021,0
0,0.0331610876941784,2021,0
0,0.0360455192683793,2021,0
0,0.0343308555313327,2021,0
0,0.0331610876941784,2021,0
0,0.0331610876941784,2021,0
0,0.0331610876941784,2021,0
0,0.0331610876941784,2021,0
0,0.0331610876941784,2021,0
0,0.0331610876941784,2021,0
0,0.0375631558299044,2021,0
0,0.106807926145073,2021,0
0,0.106291011775653,2021,0
0,0.1156674717098,2021,0
0,0.10607393807253,2021,0
0,0.106807926145073,2021,0
0,0.102958646076999,2021,0
0,0.106807926145073,2021,0
0,0.106807926145073,2021,0
0,0.121791668372192,2021,0
0,0.106807926145073,2021,0
0,0.107743838010759,2021,0
0,0.0981857409974863,2021,0
0,0.106807926145073,2021,0
0,0.106948688889896,2021,0
0,0.106807926145073,2021,0
0,0.106807926145073,2021,0
0,0.106807926145073,2021,0
0,0.106807926145073,2021,0
0,0.106807926145073,2021,0
0,0.106948688889896,2021,0
0,0.0210920126890859,2021,0
0,0.0358598076872713,2021,0
0,0.0152781586070269,2021,0
0,0.0152781586070269,2021,0
0,0.0152781586070269,2021,0
0,0.0174559706831885,2021,0
0,0.0230398389086827,2021,0
0,0.0405576227896961,2021,0
0,0.10210588399723,2021,0
0,0.0252823273691938,2021,0
0,0.0252823273691938,2021,0
0,0.0252823273691938,2021,0
0,0.0252823273691938,2021,0
0,0.0252823273691938,2021,0
0,0.0252823273691938,2021,0
0,0.0252823273691938,2021,0
0,0.0402693607412434,2021,0
0,0.0414768938251064,2021,0
0,0.0272707194470306,2021,0
0,0.0233486661618388,2021,0
0,0.0543418604652156,2021,0
0,0.0244490295709107,2021,0
0,0.0244490295709107,2021,0
0,0.0268188093051651,2021,0
0,0.020699150324768,2021,0
0,0.0224130067810006,2021,0
0,0.0183669262930936,2021,0
0,0.0295141688914217,2021,0
0,0.0243056492989446,2021,0
0,0.0246391601930824,2021,0
0,0.0243056492989446,2021,0
0,0.0246391601930824,2021,0
0,0.0243428155660578,2021,0
0,0.0266345947423769,2021,0
0,0.0267175081771128,2021,0
0,0.0260505194856362,2021,0
0,0.0249278021231125,2021,0
0,0.0260505194856362,2021,0
0,0.0280144788916373,2021,0
0,0.0260505194856362,2021,0
0,0.0260505194856362,2021,0
0,0.0260505194856362,2021,0
0,0.0260505194856362,2021,0
0,0.0260505194856362,2021,0
0,0.0260505194856362,2021,0
0,0.0260505194856362,2021,0
0,0.0260505194856362,2021,0
0,0.0260505194856362,2021,0
0,0.0260505194856362,2021,0
0,0.0260505194856362,2021,0
0,0.0260505194856362,2021,0
0,0.0260505194856362,2021,0
0,0.0260505194856362,2021,0
0,0.0260505194856362,2021,0
0,0.0260505194856362,2021,0
0,0.0260505194856362,2021,0
0,0.0295450519634042,2021,0
0,0.0870132165130438,2021,0
0,0.0870657668185238,2021,0
0,0.0861254708242588,2021,0
0,0.0870132165130438,2021,0
0,0.0859218670705954,2021,0
0,0.0870132165130438,2021,0
0,0.0870132165130438,2021,0
0,0.0870657668185238,2021,0
0,0.0870132165130438,2021,0
0,0.0870132165130438,2021,0
0,0.0870132165130438,2021,0
0,0.0870657668185238,2021,0
0,0.0872707405047989,2021,0
0,0.0870132165130438,2021,0
0,0.0903674611682717,2021,0
0,0.0849900206814699,2021,0
0,0.0870132165130438,2021,0
0,0.0870132165130438,2021,0
0,0.0870132165130438,2021,0
0,0.0869244269060048,2021,0
0,0.0868009809948449,2021,0
0,0.0870132165130438,2021,0
0,0.023161853743351,2021,0
0,0.0127236719158751,2021,0
0,0.0127236719158751,2021,0
0,0.0127236719158751,2021,0
0,0.0199302327579019,2021,0
0,0.0899608198642234,2021,0
0,0.0241223660070281,2021,0
0,0.0241223660070281,2021,0
0,0.0241223660070281,2021,0
0,0.0241223660070281,2021,0
0,0.0241223660070281,2021,0
0,0.0241223660070281,2021,0
0,0.0241223660070281,2021,0
0,0.038124787992586,2021,0
0,0.0386951914437902,2021,0
0,0.0257953239994337,2021,0
0,0.0219102468470715,2021,0
0,0.053605073465981,2021,0
0,0.0238319299920234,2021,0
0,0.0238319299920234,2021,0
0,0.0257034452258634,2021,0
0,0.0223064946581029,2021,0
0,0.020859964298582,2021,0
0,0.0173824589667593,2021,0
0,0.02818872442654,2021,0
0,0.022946194299718,2021,0
0,0.0232078224456798,2021,0
0,0.0229283457463619,2021,0
0,0.0232078224456798,2021,0
0,0.0229283457463619,2021,0
0,0.0251319265156592,2021,0
0,0.0250755551398155,2021,0
0,0.0238572380076751,2021,0
0,0.0238572380076751,2021,0
0,0.0238572380076751,2021,0
0,0.0238572380076751,2021,0
0,0.0238572380076751,2021,0
0,0.0238572380076751,2021,0
0,0.0255735388133051,2021,0
0,0.0238572380076751,2021,0
0,0.0238572380076751,2021,0
0,0.0238572380076751,2021,0
0,0.0238572380076751,2021,0
0,0.0238572380076751,2021,0
0,0.0238572380076751,2021,0
0,0.0238572380076751,2021,0
0,0.0238572380076751,2021,0
0,0.0238572380076751,2021,0
0,0.0238572380076751,2021,0
0,0.0238572380076751,2021,0
0,0.0238572380076751,2021,0
0,0.0268837853396135,2021,0
0,0.0795264868430187,2021,0
0,0.079173900102294,2021,0
0,0.0794739461063893,2021,0
0,0.0794739461063893,2021,0
0,0.0794739461063893,2021,0
0,0.0794739461063893,2021,0
0,0.0794739461063893,2021,0
0,0.0794739461063893,2021,0
0,0.0794739461063893,2021,0
0,0.0794739461063893,2021,0
0,0.0794739461063893,2021,0
0,0.0794739461063893,2021,0
0,0.0806723263394451,2021,0
0,0.0793498611822429,2021,0
0,0.0794739461063893,2021,0
0,0.0794704649157456,2021,0
0,0.0794739461063893,2021,0
0,0.0794739461063893,2021,0
0,0.0794739461063893,2021,0
0,0.0794739461063893,2021,0
0,0.0801807219151285,2021,0
0,0.0796132985547759,2021,0
0,0.0787789219648912,2021,0
0,0.0795264868430187,2021,0
0,0.0795264868430187,2021,0
0,0.0794739461063893,2021,0
0,0.0795264868430187,2021,0
0,0.0235959204070323,2021,0
0,0.0192866721302677,2021,0
0,0.0333060415433835,2021,0
0,0.0126563081551543,2021,0
0,0.0126563081551543,2021,0
0,0.0126563081551543,2021,0
0,0.0191823938370036,2021,0
0,0.0752618673205482,2021,0
0,0.0839359906261469,2021,0
0,0.0233141366440341,2021,0
0,0.0233141366440341,2021,0
0,0.0233141366440341,2021,0
0,0.0233141366440341,2021,0
0,0.0233141366440341,2021,0
0,0.0233141366440341,2021,0
0,0.0233141366440341,2021,0
0,0.034631869737763,2021,0
0,0.0352482289302763,2021,0
0,0.0238579901927233,2021,0
0,0.0198277809510179,2021,0
0,0.0519965901446787,2021,0
0,0.0230419023876639,2021,0
0,0.0230419023876639,2021,0
0,0.0240036462928843,2021,0
0,0.0213187452164851,2021,0
0,0.019855182631537,2021,0
0,0.0163320946424757,2021,0
0,0.0263050334635699,2021,0
0,0.0210762729193887,2021,0
0,0.0210523167822291,2021,0
0,0.0211038266142269,2021,0
0,0.0210762729193887,2021,0
0,0.0211038266142269,2021,0
0,0.0232981537718262,2021,0
0,0.0229746221410264,2021,0
0,0.0217208829762918,2021,0
0,0.0217208829762918,2021,0
0,0.0217208829762918,2021,0
0,0.0217208829762918,2021,0
0,0.0217208829762918,2021,0
0,0.0217208829762918,2021,0
0,0.0217208829762918,2021,0
0,0.0217208829762918,2021,0
0,0.0217208829762918,2021,0
0,0.0217208829762918,2021,0
0,0.0217208829762918,2021,0
0,0.0217208829762918,2021,0
0,0.0217208829762918,2021,0
0,0.0217208829762918,2021,0
0,0.023128390551945,2021,0
0,0.0217208829762918,2021,0
0,0.0217208829762918,2021,0
0,0.0217208829762918,2021,0
0,0.024202277437969,2021,0
0,0.0726883351394243,2021,0
0,0.0739064049711737,2021,0
0,0.0726883351394243,2021,0
0,0.0726883351394243,2021,0
0,0.0728015596835668,2021,0
0,0.0726883351394243,2021,0
0,0.0726883351394243,2021,0
0,0.0732213934211564,2021,0
0,0.0708933172710412,2021,0
0,0.0726883351394243,2021,0
0,0.0726941507618921,2021,0
0,0.0715835842921184,2021,0
0,0.0726883351394243,2021,0
0,0.0726941507618921,2021,0
0,0.0726941507618921,2021,0
0,0.0726232277302942,2021,0
0,0.0726883351394243,2021,0
0,0.0726883351394243,2021,0
0,0.0726883351394243,2021,0
0,0.0726883351394243,2021,0
0,0.0726941507618921,2021,0
0,0.0727268462772251,2021,0
0,0.0726883351394243,2021,0
0,0.0726883351394243,2021,0
0,0.0726883351394243,2021,0
0,0.0726883351394243,2021,0
0,0.0726883351394243,2021,0
0,0.0169767545430796,2021,0
0,0.0215809936157581,2021,0
0,0.0112502085231814,2021,0
0,0.0112502085231814,2021,0
0,0.0112502085231814,2021,0
0,0.0179118552936952,2021,0
0,0.0192289906578816,2021,0
0,0.0188992271321695,2021,0
0,0.0715302434195425,2021,0
0,0.0788222314233729,2021,0
0,0.0214457521609319,2021,0
0,0.0214457521609319,2021,0
0,0.0214457521609319,2021,0
0,0.0214457521609319,2021,0
0,0.0214457521609319,2021,0
0,0.0214457521609319,2021,0
0,0.0214457521609319,2021,0
0,0.0346086433303124,2021,0
0,0.0336129063727374,2021,0
0,0.02348265120484,2021,0
0,0.0194186253825856,2021,0
0,0.0213867833304363,2021,0
0,0.0213867833304363,2021,0
0,0.0236425168886177,2021,0
0,0.0219638861814036,2021,0
0,0.0206462191864373,2021,0
0,0.0158762791895624,2021,0
0,0.0212720716087606,2021,0
0,0.0212540571370412,2021,0
0,0.0212423460704754,2021,0
0,0.0212540571370412,2021,0
0,0.0212720716087606,2021,0
0,0.0233185200166934,2021,0
0,0.0230616062589332,2021,0
0,0.0222622194861895,2021,0
0,0.0222622194861895,2021,0
0,0.0222622194861895,2021,0
0,0.0222622194861895,2021,0
0,0.0222622194861895,2021,0
0,0.0222622194861895,2021,0
0,0.0222622194861895,2021,0
0,0.0222622194861895,2021,0
0,0.0222622194861895,2021,0
0,0.0238059982527859,2021,0
0,0.0222622194861895,2021,0
0,0.0222622194861895,2021,0
0,0.0222622194861895,2021,0
0,0.0222622194861895,2021,0
0,0.0222622194861895,2021,0
0,0.0241263677524309,2021,0
0,0.0741697544966294,2021,0
0,0.0741697544966294,2021,0
0,0.0741833900769659,2021,0
0,0.0741697544966294,2021,0
0,0.0741697544966294,2021,0
0,0.0741697544966294,2021,0
0,0.0744754771143362,2021,0
0,0.0741697544966294,2021,0
0,0.0741697544966294,2021,0
0,0.0741697544966294,2021,0
0,0.0741697544966294,2021,0
0,0.0748693892485468,2021,0
0,0.0741697544966294,2021,0
0,0.0745491688588204,2021,0
0,0.0741697544966294,2021,0
0,0.0741637564149357,2021,0
0,0.0741637564149357,2021,0
0,0.0741697544966294,2021,0
0,0.0741697544966294,2021,0
0,0.0741637564149357,2021,0
0,0.0742502649506852,2021,0
0,0.0741697544966294,2021,0
0,0.0731571950783312,2021,0
0,0.0735462989951658,2021,0
0,0.0741697544966294,2021,0
0,0.0741408282402547,2021,0
0,0.0741697544966294,2021,0
0,0.0741637564149357,2021,0
0,0.0156263113617358,2021,0
0,0.0197573705749459,2021,0
0,0.0122020033391476,2021,0
0,0.0122020033391476,2021,0
0,0.0122020033391476,2021,0
0,0.0193777274598855,2021,0
0,0.0215050100311108,2021,0
0,0.0217052847364071,2021,0
0,0.073710288650749,2021,0
0,0.0852069013894034,2021,0
0,0.0228355051640496,2021,0
0,0.0228355051640496,2021,0
0,0.0228355051640496,2021,0
0,0.0228355051640496,2021,0
0,0.0228355051640496,2021,0
0,0.0228355051640496,2021,0
0,0.0228355051640496,2021,0
0,0.0377703720948435,2021,0
0,0.0274165322774177,2021,0
0,0.0243999848970411,2021,0
0,0.0234265307758921,2021,0
0,0.0234265307758921,2021,0
0,0.0258540175833307,2021,0
0,0.0402992136902761,2021,0
0,0.0295171960703868,2021,0
0,0.0290485560962355,2021,0
0,0.0541893270411754,2021,0
0,0.0178576873812552,2021,0
0,0.0246664359792431,2021,0
0,0.0254444872443299,2021,0
0,0.0245559401429512,2021,0
0,0.0254444872443299,2021,0
0,0.0245559401429512,2021,0
0,0.0254177961647431,2021,0
0,0.0257217693777738,2021,0
0,0.0249964387762886,2021,0
0,0.0273196379200544,2021,0
0,0.0249964387762886,2021,0
0,0.0249964387762886,2021,0
0,0.0249964387762886,2021,0
0,0.0249964387762886,2021,0
0,0.0249964387762886,2021,0
0,0.0249964387762886,2021,0
0,0.0249964387762886,2021,0
0,0.0249964387762886,2021,0
0,0.0249964387762886,2021,0
0,0.0249964387762886,2021,0
0,0.0249964387762886,2021,0
0,0.0249964387762886,2021,0
0,0.0249964387762886,2021,0
0,0.0249964387762886,2021,0
0,0.0292087740995288,2021,0
0,0.0883242228673729,2021,0
0,0.0883242228673729,2021,0
0,0.0883242228673729,2021,0
0,0.0885300344761101,2021,0
0,0.0883242228673729,2021,0
0,0.0885300344761101,2021,0
0,0.0883242228673729,2021,0
0,0.0883242228673729,2021,0
0,0.081535836806883,2021,0
0,0.100170704108647,2021,0
0,0.0883242228673729,2021,0
0,0.0883242228673729,2021,0
0,0.0879357392472129,2021,0
0,0.0883242228673729,2021,0
0,0.0885300344761101,2021,0
0,0.0885300344761101,2021,0
0,0.0876610570606296,2021,0
0,0.0883242228673729,2021,0
0,0.0883242228673729,2021,0
0,0.0891468122933487,2021,0
0,0.0883242228673729,2021,0
0,0.0853053948295687,2021,0
0,0.0883242228673729,2021,0
0,0.0883242228673729,2021,0
0,0.0846284666119095,2021,0
0,0.0883242228673729,2021,0
0,0.0883242228673729,2021,0
0,0.0225299838326108,2021,0
0,0.0192069209136376,2021,0
0,0.0258619865191891,2021,0
0,0.0153040187216341,2021,0
0,0.0153040187216341,2021,0
0,0.0153040187216341,2021,0
0,0.0224754977494109,2021,0
0,0.031119648810719,2021,0
0,0.0316131312311324,2021,0
0,0.080305419955341,2021,0
0,0.0340691283701132,2021,0
0,0.0901487582016071,2021,0
0,0.0243911622183184,2021,0
0,0.0243911622183184,2021,0
0,0.0243911622183184,2021,0
0,0.0243911622183184,2021,0
0,0.0243911622183184,2021,0
0,0.0243911622183184,2021,0
0,0.0243911622183184,2021,0
0,0.0811058184037381,2021,0
0,0.0265154095202665,2021,0
0,0.0241928633267996,2021,0
0,0.0241928633267996,2021,0
0,0.0259074932026665,2021,0
0,0.0544179000734514,2021,0
0,0.017001116186208,2021,0
0,0.0228029424430873,2021,0
0,0.0222992437205226,2021,0
0,0.0223355334140425,2021,0
0,0.0222992437205226,2021,0
0,0.0238797855638907,2021,0
0,0.0238509786524327,2021,0
0,0.0237927875107935,2021,0
0,0.0260630384776438,2021,0
0,0.0237927875107935,2021,0
0,0.0237927875107935,2021,0
0,0.0237927875107935,2021,0
0,0.0237927875107935,2021,0
0,0.0237927875107935,2021,0
0,0.0237927875107935,2021,0
0,0.0237927875107935,2021,0
0,0.0237927875107935,2021,0
0,0.0237927875107935,2021,0
0,0.0237927875107935,2021,0
0,0.0237927875107935,2021,0
0,0.0237927875107935,2021,0
0,0.0237927875107935,2021,0
0,0.0237927875107935,2021,0
0,0.0288581290070283,2021,0
0,0.0851820400564768,2021,0
0,0.0854522240435427,2021,0
0,0.0977248120278197,2021,0
0,0.0851820400564768,2021,0
0,0.0847761726579814,2021,0
0,0.0844447242745314,2021,0
0,0.0851820400564768,2021,0
0,0.0851820400564768,2021,0
0,0.0851820400564768,2021,0
0,0.0851820400564768,2021,0
0,0.0780718896383736,2021,0
0,0.0854522240435427,2021,0
0,0.0860878647072556,2021,0
0,0.0851820400564768,2021,0
0,0.0851820400564768,2021,0
0,0.0851820400564768,2021,0
0,0.0854522240435427,2021,0
0,0.0851820400564768,2021,0
0,0.0851820400564768,2021,0
0,0.0851820400564768,2021,0
0,0.0851820400564768,2021,0
0,0.0851820400564768,2021,0
0,0.0813249641205985,2021,0
0,0.0851820400564768,2021,0
0,0.0854522240435427,2021,0
0,0.0851820400564768,2021,0
0,0.0820198036404219,2021,0
0,0.0217246141645324,2021,0
0,0.025335106514854,2021,0
0,0.0138101849109845,2021,0
0,0.0138101849109845,2021,0
0,0.0138101849109845,2021,0
0,0.020945071520045,2021,0
0,0.0279257075668946,2021,0
0,0.0282241185399988,2021,0
0,0.078302702748554,2021,0
0,0.0330541117368477,2021,0
0,0.0841631148537137,2021,0
0,0.0237072534232402,2021,0
0,0.0237072534232402,2021,0
0,0.0237072534232402,2021,0
0,0.0237072534232402,2021,0
0,0.0237072534232402,2021,0
0,0.0237072534232402,2021,0
0,0.0237072534232402,2021,0
0,0.0796082717668481,2021,0
0,0.0234743333779054,2021,0
0,0.0234743333779054,2021,0
0,0.0259755079527478,2021,0
0,0.0533830629339877,2021,0
0,0.0167423339610669,2021,0
0,0.0249271199305106,2021,0
0,0.0248162702335089,2021,0
0,0.0258178819800567,2021,0
0,0.0248162702335089,2021,0
0,0.0258178819800567,2021,0
0,0.0259748459378484,2021,0
0,0.0263124437776088,2021,0
0,0.0260170259512603,2021,0
0,0.0260170259512603,2021,0
0,0.0260170259512603,2021,0
0,0.0260170259512603,2021,0
0,0.0260170259512603,2021,0
0,0.0260170259512603,2021,0
0,0.0260170259512603,2021,0
0,0.0260170259512603,2021,0
0,0.0260170259512603,2021,0
0,0.0260170259512603,2021,0
0,0.0260170259512603,2021,0
0,0.0286573152562506,2021,0
0,0.0260170259512603,2021,0
0,0.0260170259512603,2021,0
0,0.0260170259512603,2021,0
0,0.0260170259512603,2021,0
0,0.0260170259512603,2021,0
0,0.0296849283921799,2021,0
0,0.088273761434539,2021,0
0,0.088273761434539,2021,0
0,0.088273761434539,2021,0
0,0.088273761434539,2021,0
0,0.0836031743531899,2021,0
0,0.088273761434539,2021,0
0,0.088273761434539,2021,0
0,0.0874138814701452,2021,0
0,0.0877718139820088,2021,0
0,0.103597060140526,2021,0
0,0.088273761434539,2021,0
0,0.088273761434539,2021,0
0,0.0972436781628118,2021,0
0,0.0885688605897603,2021,0
0,0.0885688605897603,2021,0
0,0.088273761434539,2021,0
0,0.0844484957082779,2021,0
0,0.0893388334083157,2021,0
0,0.0885688605897603,2021,0
0,0.0972436781628118,2021,0
0,0.088273761434539,2021,0
0,0.088273761434539,2021,0
0,0.088273761434539,2021,0
0,0.0306204383110998,2021,0
0,0.0246168554737001,2021,0
0,0.021355084893518,2021,0
0,0.0348960949865342,2021,0
0,0.0887906424406569,2021,0
0,0.0249200027152691,2021,0
0,0.0249200027152691,2021,0
0,0.0249200027152691,2021,0
0,0.0249200027152691,2021,0
0,0.0249200027152691,2021,0
0,0.0249200027152691,2021,0
0,0.0249200027152691,2021,0
0,0.0816099096580132,2021,0
0,0.0408331377263521,2021,0
0,0.0250106669862164,2021,0
0,0.0250106669862164,2021,0
0,0.0277724567363456,2021,0
0,0.033383832287677,2021,0
0,0.0313857569751489,2021,0
0,0.0575643125125137,2021,0
0,0.0180766021129328,2021,0
0,0.0249380081851001,2021,0
0,0.0250551512369305,2021,0
0,0.0249380081851001,2021,0
0,0.0259805333159079,2021,0
0,0.0259805333159079,2021,0
0,0.0260704637862194,2021,0
0,0.0264341777428043,2021,0
0,0.0272611163883504,2021,0
0,0.0272611163883504,2021,0
0,0.0272611163883504,2021,0
0,0.0272611163883504,2021,0
0,0.0272611163883504,2021,0
0,0.0272611163883504,2021,0
0,0.0272611163883504,2021,0
0,0.0272611163883504,2021,0
0,0.0272611163883504,2021,0
0,0.0272611163883504,2021,0
0,0.0272611163883504,2021,0
0,0.0272611163883504,2021,0
0,0.0272611163883504,2021,0
0,0.0303173248390529,2021,0
0,0.0272611163883504,2021,0
0,0.0272611163883504,2021,0
0,0.0317291813779,2021,0
0,0.0918802070300416,2021,0
0,0.0923107038804669,2021,0
0,0.0933440719292963,2021,0
0,0.0880360689912241,2021,0
0,0.0943343595665658,2021,0
0,0.0929731419331395,2021,0
0,0.0929731419331395,2021,0
0,0.0929731419331395,2021,0
0,0.104699181435773,2021,0
0,0.104699181435773,2021,0
0,0.113122200077289,2021,0
0,0.0929731419331395,2021,0
0,0.0929731419331395,2021,0
0,0.0933440719292963,2021,0
0,0.0929731419331395,2021,0
0,0.0254068582899237,2021,0
0,0.0359035229465797,2021,0
0,0.0911144127498715,2021,0
0,0.0868657930004971,2021,0
0,0.0461883810798839,2021,0
0,0.0280969693139889,2021,0
0,0.0361973182345476,2021,0
0,0.0337635523399604,2021,0
0,0.0191448154511008,2021,0
0,0.0277844403623532,2021,0
0,0.0293923041898308,2021,0
0,0.0293923041898308,2021,0
0,0.0275680419092721,2021,0
0,0.0275680419092721,2021,0
0,0.0277908093168932,2021,0
0,0.0285740021483816,2021,0
0,0.0298031594064421,2021,0
0,0.0298031594064421,2021,0
0,0.0336595150761179,2021,0
0,0.0298031594064421,2021,0
0,0.0298031594064421,2021,0
0,0.0298031594064421,2021,0
0,0.0298031594064421,2021,0
0,0.0298031594064421,2021,0
0,0.0298031594064421,2021,0
0,0.0298031594064421,2021,0
0,0.0298031594064421,2021,0
0,0.0298031594064421,2021,0
0,0.0298031594064421,2021,0
0,0.0298031594064421,2021,0
0,0.0298031594064421,2021,0
0,0.0361023608686866,2021,0
0,0.0997181595848804,2021,0
0,0.0933928157169845,2021,0
0,0.0997181595848804,2021,0
0,0.100184359855443,2021,0
0,0.0997181595848804,2021,0
0,0.0988538136946176,2021,0
0,0.11494637742731,2021,0
0,0.126043913204776,2021,0
0,0.101451250008196,2021,0
0,0.0401554133600465,2021,0
0,0.0366780830127406,2021,0
0,0.0376755575249563,2021,0
0,0.0968133237284257,2021,0
0,0.0899558568788443,2021,0
0,0.0287144957743012,2021,0
0,0.0365908421139806,2021,0
0,0.0342377696596103,2021,0
0,0.0193065433535528,2021,0
0,0.0299923116147873,2021,0
0,0.0282065070007524,2021,0
0,0.0299923116147873,2021,0
0,0.0279715284230746,2021,0
0,0.0279715284230746,2021,0
0,0.0280049038238793,2021,0
0,0.0288661913809361,2021,0
0,0.0295493555333682,2021,0
0,0.0295493555333682,2021,0
0,0.0334270799241686,2021,0
0,0.0295493555333682,2021,0
0,0.0295493555333682,2021,0
0,0.0295493555333682,2021,0
0,0.0295493555333682,2021,0
0,0.0295493555333682,2021,0
0,0.0295493555333682,2021,0
0,0.0295493555333682,2021,0
0,0.0295493555333682,2021,0
0,0.0295493555333682,2021,0
0,0.0295493555333682,2021,0
0,0.0368001947633236,2021,0
0,0.129254990764589,2021,0
0,0.0945736108893683,2021,0
0,0.0917476572055516,2021,0
0,0.0410729983613951,2021,0
0,0.0981046867068684,2021,0
0,0.0921556813331133,2021,0
0,0.0296489085054599,2021,0
0,0.0199134537762897,2021,0
0,0.0292590851984498,2021,0
0,0.0292590851984498,2021,0
0,0.0313270780596335,2021,0
0,0.0295220183260775,2021,0
0,0.0313270780596335,2021,0
0,0.0295215282806032,2021,0
0,0.0306607196472007,2021,0
0,0.0305108718843133,2021,0
0,0.0305108718843133,2021,0
0,0.0305108718843133,2021,0
0,0.0305108718843133,2021,0
0,0.0305108718843133,2021,0
0,0.0305108718843133,2021,0
0,0.0305108718843133,2021,0
0,0.0305108718843133,2021,0
0,0.0342127953302264,2021,0
0,0.0305108718843133,2021,0
0,0.0305108718843133,2021,0
0,0.0305108718843133,2021,0
0,0.0305108718843133,2021,0
0,0.0305108718843133,2021,0
0,0.0368015933323096,2021,0
0,0.096826685699235,2021,0
0,0.127800733830565,2021,0
0,0.102738194921328,2021,0
0,0.0960213781464831,2021,0
0,0.053753668315435,2021,0
0,0.0316426304507966,2021,0
0,0.0215610655270096,2021,0
0,0.0318569285287116,2021,0
0,0.0346483984200591,2021,0
0,0.032206175691972,2021,0
0,0.0346483984200591,2021,0
0,0.0318569285287116,2021,0
0,0.0311800781289386,2021,0
0,0.0326628578040738,2021,0
0,0.0321795949302016,2021,0
0,0.0321795949302016,2021,0
0,0.0321795949302016,2021,0
0,0.0321795949302016,2021,0
0,0.0321795949302016,2021,0
0,0.0321795949302016,2021,0
0,0.0321795949302016,2021,0
0,0.0321795949302016,2021,0
0,0.0321795949302016,2021,0
0,0.0362845115487423,2021,0
0,0.0321795949302016,2021,0
0,0.0321795949302016,2021,0
0,0.0321795949302016,2021,0
0,0.0321795949302016,2021,0
0,0.0395340097375027,2021,0
0,0.101480432951895,2021,0
0,0.137541812150931,2021,0
0,0.109939576382023,2021,0
0,0.0983885295642545,2021,0
0,0.0578133089532527,2021,0
0,0.0331292985766641,2021,0
0,0.0219540844782799,2021,0
0,0.0355377314271752,2021,0
0,0.03280427054917,2021,0
0,0.0355377314271752,2021,0
0,0.0324301486747674,2021,0
0,0.0324301486747674,2021,0
0,0.030925579076557,2021,0
0,0.032353518687922,2021,0
0,0.0321758199362568,2021,0
0,0.0321758199362568,2021,0
0,0.0321758199362568,2021,0
0,0.0408594508499824,2021,0
0,0.147852953250165,2021,0
0,0.104092899147842,2021,0
0,0.098598701740942,2021,0
0,0.0477915441854467,2021,0
0,0.112412740176007,2021,0
0,0.0994366480984294,2021,0
0,0.0365333615992212,2021,0
0,0.0337950874527624,2021,0
0,0.0333955790343006,2021,0
0,0.0333955790343006,2021,0
0,0.0365333615992212,2021,0
0,0.0319241675492509,2021,0
0,0.0335390644767061,2021,0
0,0.0265315932642288,2021,0
0,0.0327565725734835,2021,0
0,0.0327565725734835,2021,0
0,0.0327565725734835,2021,0
0,0.0496673792217225,2021,0
0,0.117828712964938,2021,0
0,0.103426772656981,2021,0
0,0.0524663787213746,2021,0
0,0.122147730249888,2021,0
0,0.0374593432595392,2021,0
0,0.0404775425648081,2021,0
0,0.036934442837872,2021,0
0,0.0404775425648081,2021,0
0,0.036934442837872,2021,0
0,0.0358334532047276,2021,0
0,0.0383974094658907,2021,0
0,0.0291367183594568,2021,0
0,0.0292885740038374,2021,0
0,0.0376208461319849,2021,0
0,0.0376208461319849,2021,0
0,0.0376208461319849,2021,0
0,0.129421249822501,2021,0
0,0.11050842967299,2021,0
0,0.0564026966146701,2021,0
0,0.132293196131861,2021,0
0,0.0387626493942048,2021,0
0,0.0387626493942048,2021,0
0,0.0426648199331848,2021,0
0,0.039357926372893,2021,0
0,0.0426648199331848,2021,0
0,0.0405676877968171,2021,0
0,0.0375603325286214,2021,0
0,0.0302016177403944,2021,0
0,0.0408687414481217,2021,0
0,0.0408687414481217,2021,0
0,0.11428734995394,2021,0
0,0.141270050532117,2021,0
0,0.113126393896715,2021,0
0,0.0534800203034167,2021,0
0,0.127941170268505,2021,0
0,0.0406408283374185,2021,0
0,0.0374605048972907,2021,0
0,0.0406408283374185,2021,0
0,0.03694271647623,2021,0
0,0.03694271647623,2021,0
0,0.0355189368455968,2021,0
0,0.0379260437542231,2021,0
0,0.0285419829375841,2021,0
0,0.0392815804070346,2021,0
0,0.108877812647994,2021,0
0,0.108011935212165,2021,0
0,0.0533117458480446,2021,0
0,0.0358183333782379,2021,0
0,0.0362831108933661,2021,0
0,0.0391301100415194,2021,0
0,0.0391301100415194,2021,0
0,0.0358183333782379,2021,0
0,0.0347720840931248,2021,0
0,0.0369388979113614,2021,0
0,0.0276751824088388,2021,0
0,0.038023500825428,2021,0
0,0.0263278251031553,2021,0
0,0.0263278251031553,2021,0
0,0.0263278251031553,2021,0
0,0.0256685246812615,2021,0
0,0.0321024561752893,2021,0
0,NA,2021,NA
0,0.0469902239408508,2021,0
0,0.127684304408275,2021,0
0,0.127684304408275,2021,0
0,0.127684304408275,2021,0
0,0.127684304408275,2021,0
0,0.127684304408275,2021,0
0,0.128158502672223,2021,0
0,0.127684304408275,2021,0
0,0.16495162830463,2021,0
0,0.149258530964006,2021,0
0,0.127684304408275,2021,0
0,0.127684304408275,2021,0
0,0.127684304408275,2021,0
0,0.128158502672223,2021,0
0,0.126425896035899,2021,0
0,0.118734253675263,2021,0
0,0.127684304408275,2021,0
0,0.127684304408275,2021,0
0,0.114781806978253,2021,0
0,0.127684304408275,2021,0
0,0.128158502672223,2021,0
0,0.128158502672223,2021,0
0,0.12589299095545,2021,0
0,0.127684304408275,2021,0
0,0.127684304408275,2021,0
0,0.107988371593865,2021,0
0,0.127684304408275,2021,0
0,0.129966418455652,2021,0
0,0.127684304408275,2021,0
0,0.116732108179827,2021,0
0,0.107988371593865,2021,0
0,0.127684304408275,2021,0
0,0.149258530964006,2021,0
0,0.0446175391166472,2021,0
0,0.0268907261523947,2021,0
0,0.0243814973563786,2021,0
0,0.107747647785435,2021,0
0,0.10648767454743,2021,0
0,0.138029634341721,2021,0
0,0.138029634341721,2021,0
0,0.1232592395495,2021,0
0,0.0353244199605998,2021,0
0,0.0357680530316783,2021,0
0,0.0353244199605998,2021,0
0,0.0385360728406645,2021,0
0,0.0385360728406645,2021,0
0,0.0361045053073377,2021,0
0,0.034129159060333,2021,0
0,0.0270058768487552,2021,0
0,0.0362684018843979,2021,0
0,0.0362684018843979,2021,0
0,0.0362684018843979,2021,0
0,0.026833924310415,2021,0
0,0.026833924310415,2021,0
0,0.026833924310415,2021,0
0,0.026282063880229,2021,0
0,0.0325415099245764,2021,0
0,NA,2021,NA
0,0.0479381380095615,2021,0
0,0.131157110377155,2021,0
0,0.129455481118726,2021,0
0,0.117586235242949,2021,0
0,0.130736033564548,2021,0
0,0.168395012173881,2021,0
0,0.152568185749637,2021,0
0,0.152568185749637,2021,0
0,0.131157110377155,2021,0
0,0.130736033564548,2021,0
0,0.121656815723152,2021,0
0,0.130736033564548,2021,0
0,0.130736033564548,2021,0
0,0.128968106864581,2021,0
0,0.130736033564548,2021,0
0,0.130736033564548,2021,0
0,0.132999914753378,2021,0
0,0.130736033564548,2021,0
0,0.130736033564548,2021,0
0,0.110757893004506,2021,0
0,0.130736033564548,2021,0
0,0.131157110377155,2021,0
0,0.11961086876982,2021,0
0,0.130736033564548,2021,0
0,0.130736033564548,2021,0
0,0.130736033564548,2021,0
0,0.130736033564548,2021,0
0,0.110757893004506,2021,0
0,0.130736033564548,2021,0
0,0.130736033564548,2021,0
0,0.130736033564548,2021,0
0,0.130736033564548,2021,0
0,0.131157110377155,2021,0
0,0.0450169108202079,2021,0
0,0.0244656261196437,2021,0
0,0.021619277881373,2021,0
0,0.111270126675968,2021,0
0,0.111367924226792,2021,0
0,0.13695706053858,2021,0
0,0.13695706053858,2021,0
0,0.129204855008413,2021,0
0,0.0410499452534723,2021,0
0,0.124985539956968,2021,0
0,0.0358425192621551,2021,0
0,0.0353970437832047,2021,0
0,0.0353970437832047,2021,0
0,0.0386709106117247,2021,0
0,0.0386709106117247,2021,0
0,0.0341617294592336,2021,0
0,0.036096482437735,2021,0
0,0.0270277650610564,2021,0
0,0.0359383497387587,2021,0
0,0.0359383497387587,2021,0
0,0.0359383497387587,2021,0
0,0.025362315625757,2021,0
0,0.025362315625757,2021,0
0,0.025362315625757,2021,0
0,0.0253411035650856,2021,0
0,0.0319672092906119,2021,0
0,NA,2021,NA
0,0.0473325646472554,2021,0
0,0.130623629070254,2021,0
0,0.130232712888612,2021,0
0,0.130232712888612,2021,0
0,0.130232712888612,2021,0
0,0.130232712888612,2021,0
0,0.121472789320205,2021,0
0,0.130232712888612,2021,0
0,0.128539157232858,2021,0
0,0.166398150826569,2021,0
0,0.130232712888612,2021,0
0,0.130232712888612,2021,0
0,0.151229495425361,2021,0
0,0.130232712888612,2021,0
0,0.110936000672121,2021,0
0,0.117526074096155,2021,0
0,0.130623629070254,2021,0
0,0.128998423406048,2021,0
0,0.130232712888612,2021,0
0,0.130232712888612,2021,0
0,0.130232712888612,2021,0
0,0.119492878306448,2021,0
0,0.151229495425361,2021,0
0,0.130623629070254,2021,0
0,0.110936000672121,2021,0
0,0.130232712888612,2021,0
0,0.130232712888612,2021,0
0,0.130232712888612,2021,0
0,0.130623629070254,2021,0
0,0.130232712888612,2021,0
0,0.132403225966579,2021,0
0,0.130232712888612,2021,0
0,0.130232712888612,2021,0
0,0.0443833762291565,2021,0
0,0.0249569515558362,2021,0
0,0.0220020632025594,2021,0
0,0.109580329372556,2021,0
0,0.133455801164057,2021,0
0,0.133455801164057,2021,0
0,0.125470372673444,2021,0
0,0.037050507939867,2021,0
0,0.0340733209604945,2021,0
0,0.0340733209604945,2021,0
0,0.037050507939867,2021,0
0,0.0344705208661896,2021,0
0,0.0348922721071876,2021,0
0,0.0332056668918573,2021,0
0,0.0263242556831331,2021,0
0,0.034681798545945,2021,0
0,0.034681798545945,2021,0
0,0.034681798545945,2021,0
0,0.0254335477589603,2021,0
0,0.0252387553456984,2021,0
0,0.0254335477589603,2021,0
0,0.0254335477589603,2021,0
0,0.0321725024190956,2021,0
0,NA,2021,NA
0,0.0448377990370343,2021,0
0,0.12538594569157,2021,0
0,0.125005314890198,2021,0
0,0.144010000006796,2021,0
0,0.125005314890198,2021,0
0,0.107437304909579,2021,0
0,0.107437304909579,2021,0
0,0.117047669644,2021,0
0,0.12538594569157,2021,0
0,0.115251852048804,2021,0
0,0.125005314890198,2021,0
0,0.125005314890198,2021,0
0,0.125005314890198,2021,0
0,0.157695866277488,2021,0
0,0.125005314890198,2021,0
0,0.125005314890198,2021,0
0,0.126998840830975,2021,0
0,0.125005314890198,2021,0
0,0.123890815657538,2021,0
0,0.125005314890198,2021,0
0,0.123443996505834,2021,0
0,0.144010000006796,2021,0
0,0.12538594569157,2021,0
0,0.125005314890198,2021,0
0,0.125005314890198,2021,0
0,0.125005314890198,2021,0
0,0.113483447951249,2021,0
0,0.125005314890198,2021,0
0,0.125005314890198,2021,0
0,0.12538594569157,2021,0
0,0.125005314890198,2021,0
0,0.125005314890198,2021,0
0,0.125005314890198,2021,0
0,0.0429998198491598,2021,0
0,0.0223229352201998,2021,0
0,0.0252836997154557,2021,0
0,0.103168698949096,2021,0
0,0.119040608747178,2021,0
0,0.0910101232839761,2021,0
0,0.116079729844316,2021,0
0,0.0326742322336251,2021,0
0,0.0323395170078198,2021,0
0,0.0349048469104929,2021,0
0,0.0323395170078198,2021,0
0,0.0349048469104929,2021,0
0,0.031792477820949,2021,0
0,0.0331834437022952,2021,0
0,0.0251512711701339,2021,0
0,0.0328793679277967,2021,0
0,0.0328793679277967,2021,0
0,0.0328793679277967,2021,0
0,0.0328793679277967,2021,0
0,0.0258130144399667,2021,0
0,0.0252994564931639,2021,0
0,0.0258130144399667,2021,0
0,0.0258130144399667,2021,0
0,0.0320261890402457,2021,0
0,NA,2021,NA
0,0.0426431538988438,2021,0
0,0.118805222102051,2021,0
0,0.108657288585032,2021,0
0,0.119172420593866,2021,0
0,0.118805222102051,2021,0
0,0.118805222102051,2021,0
0,0.111778009537427,2021,0
0,0.118805222102051,2021,0
0,0.118805222102051,2021,0
0,0.14749032831968,2021,0
0,0.118805222102051,2021,0
0,0.117398310107851,2021,0
0,0.118805222102051,2021,0
0,0.119172420593866,2021,0
0,0.118805222102051,2021,0
0,0.120592584970307,2021,0
0,0.118805222102051,2021,0
0,0.117829284022727,2021,0
0,0.118805222102051,2021,0
0,0.135510452639912,2021,0
0,0.135510452639912,2021,0
0,0.118805222102051,2021,0
0,0.10324722036021,2021,0
0,0.119172420593866,2021,0
0,0.110195873631209,2021,0
0,0.118805222102051,2021,0
0,0.118805222102051,2021,0
0,0.118805222102051,2021,0
0,0.10324722036021,2021,0
0,0.118805222102051,2021,0
0,0.118805222102051,2021,0
0,0.119172420593866,2021,0
0,0.118805222102051,2021,0
0,0.0411678225984336,2021,0
0,0.0221011735253833,2021,0
0,0.0250707906958241,2021,0
0,0.0389526815415355,2021,0
0,0.12040131175728,2021,0
0,0.0916891475722494,2021,0
0,0.0526852655921946,2021,0
0,0.0383730478452123,2021,0
0,0.125855821041704,2021,0
0,0.0359506711808218,2021,0
0,0.033722715049482,2021,0
0,0.0333538719180347,2021,0
0,0.0359506711808218,2021,0
0,0.0333538719180347,2021,0
0,0.0344591112558756,2021,0
0,0.0328028836768366,2021,0
0,0.0255755571737115,2021,0
0,0.0334451680224158,2021,0
0,0.0334451680224158,2021,0
0,0.0334451680224158,2021,0
0,0.0334451680224158,2021,0
0,0.0261202223284381,2021,0
0,0.0265465185196956,2021,0
0,0.0265465185196956,2021,0
0,0.0265465185196956,2021,0
0,0.0330597181288178,2021,0
0,NA,2021,NA
0,0.0451279966802594,2021,0
0,0.122869417223581,2021,0
0,0.123884807452007,2021,0
0,0.123884807452007,2021,0
0,0.122494056811906,2021,0
0,0.123884807452007,2021,0
0,0.123884807452007,2021,0
0,0.141105603041409,2021,0
0,0.113312308854884,2021,0
0,0.10780596340046,2021,0
0,0.123884807452007,2021,0
0,0.124187429508752,2021,0
0,0.123884807452007,2021,0
0,0.123884807452007,2021,0
0,0.123884807452007,2021,0
0,0.123884807452007,2021,0
0,0.123884807452007,2021,0
0,0.123884807452007,2021,0
0,0.123884807452007,2021,0
0,0.10780596340046,2021,0
0,0.123884807452007,2021,0
0,0.114963604777149,2021,0
0,0.123884807452007,2021,0
0,0.116618419886791,2021,0
0,0.124187429508752,2021,0
0,0.124187429508752,2021,0
0,0.141105603041409,2021,0
0,0.123884807452007,2021,0
0,0.123884807452007,2021,0
0,0.124187429508752,2021,0
0,0.125667035612528,2021,0
0,0.153399567373774,2021,0
0,0.123884807452007,2021,0
0,0.0433646625953776,2021,0
0,0.0190991155239204,2021,0
0,0.0222511752787945,2021,0
0,0.0434891880960535,2021,0
0,0.137450503013338,2021,0
0,0.137450503013338,2021,0
0,0.10555284560181,2021,0
0,0.0453969767084038,2021,0
0,0.0601602463881428,2021,0
0,0.042977060387732,2021,0
0,0.0488095078993905,2021,0
0,0.0456114003011473,2021,0
0,0.0400730160331417,2021,0
0,0.0351252016858781,2021,0
0,0.038060679622023,2021,0
0,0.0355606355856811,2021,0
0,0.0351252016858781,2021,0
0,0.038060679622023,2021,0
0,0.0342930434256845,2021,0
0,0.0362932838227879,2021,0
0,0.0268609111903327,2021,0
0,0.0351488139718041,2021,0
0,0.0351488139718041,2021,0
0,0.0351488139718041,2021,0
0,0.0351488139718041,2021,0
0,0.0720407246558598,2021,0
0,0.0720407246558598,2021,0
0,0.026303615058059,2021,0
0,0.0261739421398509,2021,0
0,0.0261739421398509,2021,0
0,0.033798989987781,2021,0
0,NA,2021,NA
0,0.0475043753856284,2021,0
0,0.129177633591232,2021,0
0,0.119038343238838,2021,0
0,0.130253677494807,2021,0
0,0.130253677494807,2021,0
0,0.130476343739709,2021,0
0,0.130253677494807,2021,0
0,0.130253677494807,2021,0
0,0.130253677494807,2021,0
0,0.130253677494807,2021,0
0,0.130253677494807,2021,0
0,0.130476343739709,2021,0
0,0.128870749209386,2021,0
0,0.130476343739709,2021,0
0,0.14831138559961,2021,0
0,0.130253677494807,2021,0
0,0.130253677494807,2021,0
0,0.11336172510481,2021,0
0,0.130253677494807,2021,0
0,0.130253677494807,2021,0
0,0.130253677494807,2021,0
0,0.130476343739709,2021,0
0,0.130253677494807,2021,0
0,0.120849344552957,2021,0
0,0.130253677494807,2021,0
0,0.130253677494807,2021,0
0,0.161144404856632,2021,0
0,0.132046299089593,2021,0
0,0.122612388859126,2021,0
0,0.14831138559961,2021,0
0,0.130253677494807,2021,0
0,0.11336172510481,2021,0
0,0.130253677494807,2021,0
0,0.0460192349477854,2021,0
0,0.0168619434788419,2021,0
0,0.0201590482119088,2021,0
0,0.0464784564229724,2021,0
0,0.146830354618916,2021,0
0,0.146830354618916,2021,0
0,0.111988188232374,2021,0
0,0.088820458298723,2021,0
0,0.130799354044527,2021,0
0,0.0634012405922098,2021,0
0,0.0462287355939643,2021,0
0,0.0476154770117187,2021,0
0,0.0508378892990629,2021,0
0,0.0411877687114326,2021,0
0,0.0440545651122355,2021,0
0,0.127230175047155,2021,0
0,0.0266509870355905,2021,0
0,0.035693073416487,2021,0
0,0.0361504155873718,2021,0
0,0.0387713100261122,2021,0
0,0.0387713100261122,2021,0
0,0.035693073416487,2021,0
0,0.0347870051207726,2021,0
0,0.0368877476206046,2021,0
0,0.0274393199224696,2021,0
0,0.0356974483172087,2021,0
0,0.0356974483172087,2021,0
0,0.0356974483172087,2021,0
0,0.0356974483172087,2021,0
0,0.0734617612384848,2021,0
0,0.0734617612384848,2021,0
0,0.0266607954667132,2021,0
0,0.0265635617850447,2021,0
0,0.0265635617850447,2021,0
0,0.0344002686650347,2021,0
0,NA,2021,NA
0,0.048257629287121,2021,0
0,0.133234234476026,2021,0
0,0.133424596669698,2021,0
0,0.13212278762118,2021,0
0,0.13184329459239,2021,0
0,0.133234234476026,2021,0
0,0.133234234476026,2021,0
0,0.151808639848719,2021,0
0,0.133234234476026,2021,0
0,0.133234234476026,2021,0
0,0.133234234476026,2021,0
0,0.121650786787436,2021,0
0,0.133234234476026,2021,0
0,0.133424596669698,2021,0
0,0.133234234476026,2021,0
0,0.133234234476026,2021,0
0,0.151808639848719,2021,0
0,0.133424596669698,2021,0
0,0.11585676526077,2021,0
0,0.133234234476026,2021,0
0,0.133234234476026,2021,0
0,0.133234234476026,2021,0
0,0.133424596669698,2021,0
0,0.123545054609007,2021,0
0,0.133234234476026,2021,0
0,0.133234234476026,2021,0
0,0.133234234476026,2021,0
0,0.164990766452783,2021,0
0,0.125368781531963,2021,0
0,0.133234234476026,2021,0
0,0.11585676526077,2021,0
0,0.135046259720936,2021,0
0,0.133234234476026,2021,0
0,0.0472505579479021,2021,0
0,0.0169378595301434,2021,0
0,0.0201927070612207,2021,0
0,0.0448928870762083,2021,0
0,0.134605796304485,2021,0
0,0.1045980759035,2021,0
0,0.0425783096733222,2021,0
0,0.0890176596767414,2021,0
0,0.057225123340961,2021,0
0,0.0427831277378961,2021,0
0,0.0455719468764606,2021,0
0,0.0488160008235423,2021,0
0,0.0400750632945038,2021,0
0,0.042019780277577,2021,0
0,0.125486847509096,2021,0
0,0.0374859307773818,2021,0
0,0.0350372470852736,2021,0
0,0.0346253408957049,2021,0
0,0.0374859307773818,2021,0
0,0.0346253408957049,2021,0
0,0.0339105704553525,2021,0
0,0.0357535343445623,2021,0
0,0.0268290988995171,2021,0
0,0.0346147557649561,2021,0
0,0.0346147557649561,2021,0
0,0.0346147557649561,2021,0
0,0.0346147557649561,2021,0
0,0.0346147557649561,2021,0
0,0.0346147557649561,2021,0
0,0.0385059368931853,2021,0
0,0.0346147557649561,2021,0
0,0.0346147557649561,2021,0
0,0.0346147557649561,2021,0
0,0.0346147557649561,2021,0
0,0.0346147557649561,2021,0
0,0.0346147557649561,2021,0
0,0.0346147557649561,2021,0
0,0.0346147557649561,2021,0
0,0.0346147557649561,2021,0
0,0.0346147557649561,2021,0
0,0.0346147557649561,2021,0
0,0.0346147557649561,2021,0
0,0.0346147557649561,2021,0
0,0.0673173791124424,2021,0
0,0.0673173791124424,2021,0
0,0.0249074400879275,2021,0
0,0.0249074400879275,2021,0
0,0.0250462415063477,2021,0
0,0.0325551878802927,2021,0
0,NA,2021,NA
0,0.0450438831177744,2021,0
0,0.157152835082439,2021,0
0,0.126216210216921,2021,0
0,0.116882534338818,2021,0
0,0.11514465619613,2021,0
0,0.126216210216921,2021,0
0,0.126216210216921,2021,0
0,0.109414502142503,2021,0
0,0.126216210216921,2021,0
0,0.126216210216921,2021,0
0,0.126518474989689,2021,0
0,0.118615491821565,2021,0
0,0.126518474989689,2021,0
0,0.126216210216921,2021,0
0,0.126216210216921,2021,0
0,0.126518474989689,2021,0
0,0.109414502142503,2021,0
0,0.126216210216921,2021,0
0,0.126216210216921,2021,0
0,0.12477419997037,2021,0
0,0.126216210216921,2021,0
0,0.126216210216921,2021,0
0,0.125150795514068,2021,0
0,0.144256698833647,2021,0
0,0.126216210216921,2021,0
0,0.126216210216921,2021,0
0,0.126216210216921,2021,0
0,0.126216210216921,2021,0
0,0.128068096824643,2021,0
0,0.126216210216921,2021,0
0,0.144256698833647,2021,0
0,0.126216210216921,2021,0
0,0.126518474989689,2021,0
0,0.0442127120868472,2021,0
0,0.0204681376045173,2021,0
0,0.0235809520467048,2021,0
0,0.0415877728063202,2021,0
0,0.120756067358873,2021,0
0,0.0951865608812247,2021,0
0,0.0388757525128313,2021,0
0,0.0386654887261895,2021,0
0,0.0409944492512648,2021,0
0,0.0435449309826895,2021,0
0,0.0375310821126196,2021,0
0,0.0583094180763205,2021,0
0,0.0336318423934519,2021,0
0,0.0340077862222453,2021,0
0,0.0362982495129349,2021,0
0,0.0362982495129349,2021,0
0,0.0336318423934519,2021,0
0,0.0330127673166015,2021,0
0,0.0346411314397072,2021,0
0,0.0260582453120306,2021,0
0,0.0334267865345877,2021,0
0,0.0334267865345877,2021,0
0,0.0334267865345877,2021,0
0,0.0334267865345877,2021,0
0,0.0334267865345877,2021,0
0,0.0334267865345877,2021,0
0,0.0334267865345877,2021,0
0,0.0334267865345877,2021,0
0,0.0334267865345877,2021,0
0,0.0334267865345877,2021,0
0,0.0334267865345877,2021,0
0,0.0334267865345877,2021,0
0,0.0334267865345877,2021,0
0,0.0334267865345877,2021,0
0,0.0334267865345877,2021,0
0,0.0334267865345877,2021,0
0,0.0334267865345877,2021,0
0,0.0334267865345877,2021,0
0,0.0334267865345877,2021,0
0,0.0371561042546142,2021,0
0,0.0233287614933568,2021,0
0,0.0233287614933568,2021,0
0,0.0233287614933568,2021,0
0,0.0307165364735093,2021,0
0,0.0429328185264066,2021,0
0,0.121812346723668,2021,0
0,0.121812346723668,2021,0
0,0.11137660383697,2021,0
0,0.122142948529327,2021,0
0,0.105890980192371,2021,0
0,0.121812346723668,2021,0
0,0.12040959971123,2021,0
0,0.121812346723668,2021,0
0,0.121812346723668,2021,0
0,0.121812346723668,2021,0
0,0.122142948529327,2021,0
0,0.121812346723668,2021,0
0,0.121812346723668,2021,0
0,0.105890980192371,2021,0
0,0.121812346723668,2021,0
0,0.121812346723668,2021,0
0,0.120809341493231,2021,0
0,0.121812346723668,2021,0
0,0.0419756303547083,2021,0
0,0.049726291635512,2021,0
0,0.0926075713458823,2021,0
0,0.0395955366353919,2021,0
0,0.0395955366353919,2021,0
0,0.123132352085466,2021,0
0,0.0385489860543114,2021,0
0,0.0439098235540712,2021,0
0,0.0415385866459385,2021,0
0,0.0377403203028034,2021,0
0,0.0572442379298838,2021,0
0,0.0614151747762242,2021,0
0,0.0396947737482766,2021,0
0,0.0374727814840128,2021,0
0,0.0374727814840128,2021,0
0,0.0346750473638211,2021,0
0,0.0346750473638211,2021,0
0,0.0350906541782689,2021,0
0,0.0357364556745334,2021,0
0,0.0338662565319921,2021,0
0,0.0265253245740032,2021,0
0,0.0337664349664779,2021,0
0,0.0337664349664779,2021,0
0,0.0337664349664779,2021,0
0,0.0337664349664779,2021,0
0,0.0337664349664779,2021,0
0,0.0337664349664779,2021,0
0,0.0337664349664779,2021,0
0,0.0337664349664779,2021,0
0,0.0337664349664779,2021,0
0,0.0374047186955574,2021,0
0,0.0337664349664779,2021,0
0,0.0337664349664779,2021,0
0,0.0337664349664779,2021,0
0,0.0337664349664779,2021,0
0,0.0337664349664779,2021,0
0,0.0337664349664779,2021,0
0,0.0337664349664779,2021,0
0,0.0337664349664779,2021,0
0,0.0337664349664779,2021,0
0,0.0337664349664779,2021,0
0,0.0337664349664779,2021,0
0,0.0246682897400092,2021,0
0,0.0246682897400092,2021,0
0,0.0246682897400092,2021,0
0,0.0316061456625727,2021,0
0,0.0470665289517878,2021,0
0,0.115166860581552,2021,0
0,0.131937889159816,2021,0
0,0.132121243878611,2021,0
0,0.131937889159816,2021,0
0,0.131937889159816,2021,0
0,0.131937889159816,2021,0
0,0.130867961835897,2021,0
0,0.131937889159816,2021,0
0,0.131937889159816,2021,0
0,0.115166860581552,2021,0
0,0.132121243878611,2021,0
0,0.131937889159816,2021,0
0,0.131937889159816,2021,0
0,0.120765567831327,2021,0
0,0.13059616664998,2021,0
0,0.131937889159816,2021,0
0,0.131937889159816,2021,0
0,0.131937889159816,2021,0
0,0.0449479201798519,2021,0
0,0.112822301802142,2021,0
0,0.0522231751004845,2021,0
0,0.0919541578475503,2021,0
0,0.0422481356271619,2021,0
0,0.0422481356271619,2021,0
0,0.0405255675534384,2021,0
0,0.0445032668197264,2021,0
0,0.0472805142777768,2021,0
0,0.0392976923673484,2021,0
0,0.0591065119924275,2021,0
0,0.126708664247503,2021,0
0,0.0626685546560434,2021,0
0,0.0397077213432634,2021,0
0,0.036962452628731,2021,0
0,0.036962452628731,2021,0
0,0.034762836294011,2021,0
0,0.03437020991399,2021,0
0,0.03437020991399,2021,0
0,0.0358957003765451,2021,0
0,0.0340289934152996,2021,0
0,0.0265503266406929,2021,0
0,0.0333481518919772,2021,0
0,0.0333481518919772,2021,0
0,0.0333481518919772,2021,0
0,0.0333481518919772,2021,0
0,0.0333481518919772,2021,0
0,0.0333481518919772,2021,0
0,0.0368596456770539,2021,0
0,0.0333481518919772,2021,0
0,0.0333481518919772,2021,0
0,0.0333481518919772,2021,0
0,0.0333481518919772,2021,0
0,0.0333481518919772,2021,0
0,0.0333481518919772,2021,0
0,0.0333481518919772,2021,0
0,0.0333481518919772,2021,0
0,0.0333481518919772,2021,0
0,0.0333481518919772,2021,0
0,0.0333481518919772,2021,0
0,0.0333481518919772,2021,0
0,0.0333481518919772,2021,0
0,0.0333481518919772,2021,0
0,0.0639647576146588,2021,0
0,0.0639647576146588,2021,0
0,0.0255801144068132,2021,0
0,0.0255801144068132,2021,0
0,0.0255801144068132,2021,0
0,0.0326800467921135,2021,0
0,0.0465356525608477,2021,0
0,0.129750613354242,2021,0
0,0.130777304346988,2021,0
0,0.130777304346988,2021,0
0,0.130777304346988,2021,0
0,0.130777304346988,2021,0
0,0.120030654259551,2021,0
0,0.130777304346988,2021,0
0,0.130777304346988,2021,0
0,0.130947008518364,2021,0
0,0.123487789115012,2021,0
0,0.130777304346988,2021,0
0,0.130777304346988,2021,0
0,0.114644611810068,2021,0
0,0.130777304346988,2021,0
0,0.130947008518364,2021,0
0,0.130777304346988,2021,0
0,0.130777304346988,2021,0
0,0.130777304346988,2021,0
0,0.114644611810068,2021,0
0,0.130777304346988,2021,0
0,0.130947008518364,2021,0
0,0.130777304346988,2021,0
0,0.129492356349459,2021,0
0,0.0454472645412583,2021,0
0,0.0197303228303266,2021,0
0,0.0163715861619094,2021,0
0,0.0494748479950648,2021,0
0,0.10983629196154,2021,0
0,0.0498822425242628,2021,0
0,0.0888512658199031,2021,0
0,0.0413675066194212,2021,0
0,0.0413675066194212,2021,0
0,0.0411815405524216,2021,0
0,0.0448958416073717,2021,0
0,0.047998650989081,2021,0
0,0.0569732325690223,2021,0
0,0.0628647997905454,2021,0
0,0.0392862080694622,2021,0
0,0.034112370588595,2021,0
0,0.0361168425549401,2021,0
0,0.0361168425549401,2021,0
0,0.0337465582770159,2021,0
0,0.0337465582770159,2021,0
0,0.0336867275093862,2021,0
0,0.035454507206307,2021,0
0,0.0259604899603673,2021,0
0,0.0322274705760624,2021,0
0,0.0322274705760624,2021,0
0,0.0322274705760624,2021,0
0,0.0322274705760624,2021,0
0,0.0322274705760624,2021,0
0,0.0322274705760624,2021,0
0,0.0322274705760624,2021,0
0,0.0355888001203695,2021,0
0,0.0322274705760624,2021,0
0,0.0322274705760624,2021,0
0,0.0322274705760624,2021,0
0,0.0322274705760624,2021,0
0,0.0322274705760624,2021,0
0,0.0322274705760624,2021,0
0,0.0322274705760624,2021,0
0,0.0322274705760624,2021,0
0,0.0322274705760624,2021,0
0,0.0322274705760624,2021,0
0,0.0322274705760624,2021,0
0,0.0322274705760624,2021,0
0,0.0322274705760624,2021,0
0,0.0681216804109526,2021,0
0,0.0782264551866415,2021,0
0,0.026299959929158,2021,0
0,0.026299959929158,2021,0
0,0.026299959929158,2021,0
0,0.0335789195436011,2021,0
0,0.0469138046513656,2021,0
0,0.131342566559659,2021,0
0,0.130296452142265,2021,0
0,0.114932781205166,2021,0
0,0.131342566559659,2021,0
0,0.131342566559659,2021,0
0,0.123923975461348,2021,0
0,0.131342566559659,2021,0
0,0.131342566559659,2021,0
0,0.161143350105133,2021,0
0,0.131342566559659,2021,0
0,0.131342566559659,2021,0
0,0.131506846648955,2021,0
0,0.131342566559659,2021,0
0,0.131342566559659,2021,0
0,0.131342566559659,2021,0
0,0.131506846648955,2021,0
0,0.120398556330855,2021,0
0,0.114932781205166,2021,0
0,0.131342566559659,2021,0
0,0.131342566559659,2021,0
0,0.13004179120764,2021,0
0,0.131506846648955,2021,0
0,0.131342566559659,2021,0
0,0.131342566559659,2021,0
0,0.0466149458552327,2021,0
0,0.0159841924514611,2021,0
0,0.019292922350222,2021,0
0,0.0507808523076494,2021,0
0,0.110900650070615,2021,0
0,0.0514382381284236,2021,0
0,0.0979618374502892,2021,0
0,0.0430469359609949,2021,0
0,0.0430469359609949,2021,0
0,0.0469944458461077,2021,0
0,0.0503570385726555,2021,0
0,0.0585796072599772,2021,0
0,0.0634133669585683,2021,0
0,0.0400092536583913,2021,0
0,0.0346694187558832,2021,0
0,0.0372558767167761,2021,0
0,0.0372558767167761,2021,0
0,0.0346694187558832,2021,0
0,0.0350708809019488,2021,0
0,0.0343905489776816,2021,0
0,0.0363290255130251,2021,0
0,0.0331449443779387,2021,0
0,0.0331449443779387,2021,0
0,0.0331449443779387,2021,0
0,0.0331449443779387,2021,0
0,0.0331449443779387,2021,0
0,0.0331449443779387,2021,0
0,0.0331449443779387,2021,0
0,0.0331449443779387,2021,0
0,0.0331449443779387,2021,0
0,0.0331449443779387,2021,0
0,0.0331449443779387,2021,0
0,0.0331449443779387,2021,0
0,0.0331449443779387,2021,0
0,0.0331449443779387,2021,0
0,0.0331449443779387,2021,0
0,0.0331449443779387,2021,0
0,0.0331449443779387,2021,0
0,0.0366144969767861,2021,0
0,0.0331449443779387,2021,0
0,0.0331449443779387,2021,0
0,0.0331449443779387,2021,0
0,0.0737304211402398,2021,0
0,0.0271310038809942,2021,0
0,0.0271310038809942,2021,0
0,0.034574217276356,2021,0
0,NA,2021,NA
0,0.0474842033397633,2021,0
0,0.133819158833144,2021,0
0,0.133819158833144,2021,0
0,0.133819158833144,2021,0
0,0.11700469044282,2021,0
0,0.133819158833144,2021,0
0,0.133819158833144,2021,0
0,0.133819158833144,2021,0
0,0.133957766763711,2021,0
0,0.133819158833144,2021,0
0,0.133819158833144,2021,0
0,0.124437595308017,2021,0
0,0.133957766763711,2021,0
0,0.133819158833144,2021,0
0,0.133819158833144,2021,0
0,0.133957766763711,2021,0
0,0.133819158833144,2021,0
0,0.133819158833144,2021,0
0,0.126213893173717,2021,0
0,0.133957766763711,2021,0
0,0.133819158833144,2021,0
0,0.133819158833144,2021,0
0,0.135532968420457,2021,0
0,0.132743613138606,2021,0
0,0.151707803154547,2021,0
0,0.132510779649638,2021,0
0,0.133819158833144,2021,0
0,0.122569663919285,2021,0
0,0.11700469044282,2021,0
0,0.151707803154547,2021,0
0,0.16434200348518,2021,0
0,0.133819158833144,2021,0
0,0.0478553683365946,2021,0
0,0.0188255055347919,2021,0
0,0.0155321551068287,2021,0
0,0.115506656598952,2021,0
0,0.0520809921592589,2021,0
0,0.10390036907131,2021,0
0,0.0434087596361401,2021,0
0,0.0434087596361401,2021,0
0,0.0500376390781124,2021,0
0,0.0532920198951101,2021,0
0,0.0623504568672506,2021,0
0,0.0389352210633909,2021,0
0,0.0344147645806363,2021,0
0,0.0340393060954386,2021,0
0,0.0366531701615492,2021,0
0,0.0366531701615492,2021,0
0,0.0340393060954386,2021,0
0,0.0338187014713342,2021,0
0,0.0355802917710892,2021,0
0,0.0329922557535777,2021,0
0,0.0329922557535777,2021,0
0,0.0329922557535777,2021,0
0,0.0329922557535777,2021,0
0,0.0329922557535777,2021,0
0,0.0329922557535777,2021,0
0,0.0329922557535777,2021,0
0,0.0329922557535777,2021,0
0,0.0329922557535777,2021,0
0,0.0329922557535777,2021,0
0,0.0329922557535777,2021,0
0,0.0329922557535777,2021,0
0,0.0329922557535777,2021,0
0,0.0329922557535777,2021,0
0,0.0329922557535777,2021,0
0,0.0329922557535777,2021,0
0,0.0329922557535777,2021,0
0,0.0365650850807318,2021,0
0,0.0329922557535777,2021,0
0,0.0696216408863691,2021,0
0,0.0263037481322979,2021,0
0,0.0263037481322979,2021,0
0,0.0338514870215884,2021,0
0,NA,2021,NA
0,0.0444889524304651,2021,0
0,0.127433218780229,2021,0
0,0.127433218780229,2021,0
0,0.127683402712419,2021,0
0,0.127433218780229,2021,0
0,0.127433218780229,2021,0
0,0.116650786950473,2021,0
0,0.127683402712419,2021,0
0,0.127683402712419,2021,0
0,0.129192209404108,2021,0
0,0.127683402712419,2021,0
0,0.127433218780229,2021,0
0,0.127433218780229,2021,0
0,0.127433218780229,2021,0
0,0.118370462636586,2021,0
0,0.127433218780229,2021,0
0,0.127433218780229,2021,0
0,0.111127198634489,2021,0
0,0.127433218780229,2021,0
0,0.127433218780229,2021,0
0,0.14485002172179,2021,0
0,0.127433218780229,2021,0
0,0.157235285788678,2021,0
0,0.126399234383601,2021,0
0,0.127433218780229,2021,0
0,0.120063198628491,2021,0
0,0.14485002172179,2021,0
0,0.111127198634489,2021,0
0,0.127433218780229,2021,0
0,0.126069735654472,2021,0
0,0.127433218780229,2021,0
0,0.127433218780229,2021,0
0,0.0452179769678108,2021,0
0,0.0226521680268546,2021,0
0,0.0194898278393353,2021,0
0,0.109999990134063,2021,0
0,0.0490889007798303,2021,0
0,0.0984084598457877,2021,0
0,0.041226597460823,2021,0
0,0.0497859908798692,2021,0
0,0.0399313485475346,2021,0
0,0.0600429408719317,2021,0
0,0.0377472687880291,2021,0
0,0.0365264739772571,2021,0
0,0.0337038067370011,2021,0
0,0.0337038067370011,2021,0
0,0.0340756312683606,2021,0
0,0.0365264739772571,2021,0
0,0.0345668121414671,2021,0
0,0.0329746128571522,2021,0
0,0.0322489715216295,2021,0
0,0.0322489715216295,2021,0
0,0.0322489715216295,2021,0
0,0.0322489715216295,2021,0
0,0.0322489715216295,2021,0
0,0.0322489715216295,2021,0
0,0.0322489715216295,2021,0
0,0.0322489715216295,2021,0
0,0.0322489715216295,2021,0
0,0.0359977596662114,2021,0
0,0.0322489715216295,2021,0
0,0.0322489715216295,2021,0
0,0.0322489715216295,2021,0
0,0.0322489715216295,2021,0
0,0.0322489715216295,2021,0
0,0.0322489715216295,2021,0
0,0.0322489715216295,2021,0
0,0.0322489715216295,2021,0
0,0.0322489715216295,2021,0
0,0.0629945205286449,2021,0
0,0.0629945205286449,2021,0
0,0.0257467858692093,2021,0
0,NA,2021,NA
0,0.0507391389706997,2021,0
0,0.044476081826053,2021,0
0,0.123600725764255,2021,0
0,0.123600725764255,2021,0
0,0.105922223752051,2021,0
0,0.113793711952089,2021,0
0,0.142779101650169,2021,0
0,0.123600725764255,2021,0
0,0.124023122389553,2021,0
0,0.124023122389553,2021,0
0,0.123600725764255,2021,0
0,0.124023122389553,2021,0
0,0.123600725764255,2021,0
0,0.122480632768291,2021,0
0,0.123600725764255,2021,0
0,0.123600725764255,2021,0
0,0.156635138049503,2021,0
0,0.123600725764255,2021,0
0,0.125640704004824,2021,0
0,0.123600725764255,2021,0
0,0.123600725764255,2021,0
0,0.112044319782012,2021,0
0,0.123600725764255,2021,0
0,0.142779101650169,2021,0
0,0.123600725764255,2021,0
0,0.123600725764255,2021,0
0,0.121997290494434,2021,0
0,0.124023122389553,2021,0
0,0.123600725764255,2021,0
0,0.123600725764255,2021,0
0,0.115590910922654,2021,0
0,0.105922223752051,2021,0
0,0.123600725764255,2021,0
0,0.0429438234127601,2021,0
0,0.0235984183208946,2021,0
0,0.0263639020789994,2021,0
0,0.103131951655325,2021,0
0,0.0492380643606637,2021,0
0,0.0914900924873831,2021,0
0,0.0395429392467012,2021,0
0,0.0473977797710251,2021,0
0,0.0357112411961875,2021,0
0,0.0462459015016237,2021,0
0,0.0428507500538636,2021,0
0,0.0571202468051317,2021,0
0,0.0366828580883496,2021,0
0,0.0362971400328318,2021,0
0,0.0362971400328318,2021,0
0,0.0333328470233208,2021,0
0,0.0337065758891003,2021,0
0,0.0333328470233208,2021,0
0,0.0335611439176447,2021,0
0,0.0320911713962157,2021,0
0,0.0310564701303338,2021,0
0,0.0310564701303338,2021,0
0,0.0310564701303338,2021,0
0,0.0310564701303338,2021,0
0,0.0310564701303338,2021,0
0,0.0310564701303338,2021,0
0,0.0310564701303338,2021,0
0,0.0310564701303338,2021,0
0,0.0310564701303338,2021,0
0,0.0310564701303338,2021,0
0,0.0310564701303338,2021,0
0,0.0310564701303338,2021,0
0,0.0310564701303338,2021,0
0,0.0310564701303338,2021,0
0,0.0310564701303338,2021,0
0,0.0310564701303338,2021,0
0,0.0310564701303338,2021,0
0,0.0310564701303338,2021,0
0,0.0310564701303338,2021,0
0,0.0579279373623358,2021,0
0,0.0579279373623358,2021,0
0,0.0254987753325849,2021,0
0,NA,2021,NA
0,0.0441538391979238,2021,0
0,0.121732341959575,2021,0
0,0.121732341959575,2021,0
0,0.121732341959575,2021,0
0,0.122209325485943,2021,0
0,0.141550261907116,2021,0
0,0.121732341959575,2021,0
0,0.103580815167904,2021,0
0,0.122209325485943,2021,0
0,0.121732341959575,2021,0
0,0.121732341959575,2021,0
0,0.121732341959575,2021,0
0,0.121732341959575,2021,0
0,0.121732341959575,2021,0
0,0.122209325485943,2021,0
0,0.122209325485943,2021,0
0,0.121732341959575,2021,0
0,0.120581610823549,2021,0
0,0.121732341959575,2021,0
0,0.121732341959575,2021,0
0,0.121732341959575,2021,0
0,0.121732341959575,2021,0
0,0.121732341959575,2021,0
0,0.103580815167904,2021,0
0,0.113497656708902,2021,0
0,0.120048780613268,2021,0
0,0.109899491722693,2021,0
0,0.121732341959575,2021,0
0,0.121732341959575,2021,0
0,0.123867383965689,2021,0
0,0.155953661903417,2021,0
0,0.111662979359845,2021,0
0,0.141550261907116,2021,0
0,0.0424692307778194,2021,0
0,0.0268003051810579,2021,0
0,0.0241639408305766,2021,0
0,0.0499221659635574,2021,0
0,0.0379119764555611,2021,0
0,0.0867970167911613,2021,0
0,0.0390491028654673,2021,0
0,0.0390491028654673,2021,0
0,0.0470867481049309,2021,0
0,0.0358654650767253,2021,0
0,0.041959522599678,2021,0
0,0.0448389692970228,2021,0
0,0.119620830447213,2021,0
0,0.0597680983805801,2021,0
0,0.0385124793886949,2021,0
0,0.0366884122132013,2021,0
0,0.0366884122132013,2021,0
0,0.0339931598316313,2021,0
0,0.0343803460226419,2021,0
0,0.0339931598316313,2021,0
0,0.0351853627868962,2021,0
0,0.033409586060527,2021,0
0,0.0334046828057061,2021,0
0,0.0334046828057061,2021,0
0,0.0334046828057061,2021,0
0,0.0334046828057061,2021,0
0,0.0334046828057061,2021,0
0,0.0334046828057061,2021,0
0,0.0334046828057061,2021,0
0,0.0334046828057061,2021,0
0,0.0334046828057061,2021,0
0,0.0334046828057061,2021,0
0,0.0334046828057061,2021,0
0,0.0334046828057061,2021,0
0,0.0334046828057061,2021,0
0,0.0334046828057061,2021,0
0,0.0334046828057061,2021,0
0,0.0334046828057061,2021,0
0,0.0334046828057061,2021,0
0,0.0334046828057061,2021,0
0,0.0334046828057061,2021,0
0,0.0588344604615305,2021,0
0,0.0588344604615305,2021,0
0,0.0248750386323251,2021,0
0,0.0250179055131715,2021,0
0,NA,2021,NA
0,0.044787691176102,2021,0
0,0.124690868484514,2021,0
0,0.124352356206644,2021,0
0,0.124352356206644,2021,0
0,0.124690868484514,2021,0
0,0.124352356206644,2021,0
0,0.124690868484514,2021,0
0,0.155615903179547,2021,0
0,0.124352356206644,2021,0
0,0.142557313690336,2021,0
0,0.124352356206644,2021,0
0,0.124352356206644,2021,0
0,0.124352356206644,2021,0
0,0.114969084003336,2021,0
0,0.122872861226289,2021,0
0,0.124352356206644,2021,0
0,0.116703585674926,2021,0
0,0.124352356206644,2021,0
0,0.124352356206644,2021,0
0,0.124352356206644,2021,0
0,0.123281909639229,2021,0
0,0.124352356206644,2021,0
0,0.142557313690336,2021,0
0,0.126245702895822,2021,0
0,0.107451202891182,2021,0
0,0.124352356206644,2021,0
0,0.124352356206644,2021,0
0,0.107451202891182,2021,0
0,0.124352356206644,2021,0
0,0.124352356206644,2021,0
0,0.113247839031112,2021,0
0,0.124352356206644,2021,0
0,0.0436851264745224,2021,0
0,0.020519380221923,2021,0
0,0.0235648506003692,2021,0
0,0.0504106797048184,2021,0
0,0.0402439712992135,2021,0
0,0.0908628868752573,2021,0
0,0.0408115046937381,2021,0
0,0.108477123990803,2021,0
0,0.0497748524633988,2021,0
0,0.039988599196531,2021,0
0,0.0452147527424367,2021,0
0,0.127927642083448,2021,0
0,0.0636953655951806,2021,0
0,0.0411101974704053,2021,0
0,0.0362954413651587,2021,0
0,0.0385799862242455,2021,0
0,0.0358520599808804,2021,0
0,0.0358520599808804,2021,0
0,0.0385799862242455,2021,0
0,0.0358427556424452,2021,0
0,0.0381799021612007,2021,0
0,0.0287959423328179,2021,0
0,0.028981018198908,2021,0
0,0.0372723968164179,2021,0
0,0.0372723968164179,2021,0
0,0.0372723968164179,2021,0
0,0.0372723968164179,2021,0
0,0.0372723968164179,2021,0
0,0.0372723968164179,2021,0
0,0.0372723968164179,2021,0
0,0.0372723968164179,2021,0
0,0.0372723968164179,2021,0
0,0.0372723968164179,2021,0
0,0.0413547137686114,2021,0
0,0.0372723968164179,2021,0
0,0.0372723968164179,2021,0
0,0.0372723968164179,2021,0
0,0.0372723968164179,2021,0
0,0.0372723968164179,2021,0
0,0.0372723968164179,2021,0
0,0.0372723968164179,2021,0
0,0.0372723968164179,2021,0
0,0.0372723968164179,2021,0
0,0.0372723968164179,2021,0
0,0.0666941069212021,2021,0
0,0.0666941069212021,2021,0
0,0.0267176837174464,2021,0
0,0.0263272907504223,2021,0
0,NA,2021,NA
0,0.0485852827232873,2021,0
0,0.120543219017309,2021,0
0,0.132508134731872,2021,0
0,0.151889463818882,2021,0
0,0.132508134731872,2021,0
0,0.132508134731872,2021,0
0,0.13276566585842,2021,0
0,0.122462941701106,2021,0
0,0.131015613459004,2021,0
0,0.134440286417561,2021,0
0,0.132508134731872,2021,0
0,0.132508134731872,2021,0
0,0.124340030013217,2021,0
0,0.132508134731872,2021,0
0,0.114476853651675,2021,0
0,0.165724283777845,2021,0
0,0.13276566585842,2021,0
0,0.114476853651675,2021,0
0,0.132508134731872,2021,0
0,0.132508134731872,2021,0
0,0.151889463818882,2021,0
0,0.132508134731872,2021,0
0,0.132508134731872,2021,0
0,0.132508134731872,2021,0
0,0.13276566585842,2021,0
0,0.132508134731872,2021,0
0,0.132508134731872,2021,0
0,0.132508134731872,2021,0
0,0.132508134731872,2021,0
0,0.131355140411461,2021,0
0,0.132508134731872,2021,0
0,0.04642531883818,2021,0
0,0.0167829391712362,2021,0
0,0.0200124316927272,2021,0
0,0.0533065170116391,2021,0
0,0.0439341943329121,2021,0
0,0.100869291692037,2021,0
0,0.0436275070357215,2021,0
0,0.042401545905792,2021,0
0,0.0481581321846466,2021,0
0,0.129433930895998,2021,0
0,0.065150545466479,2021,0
0,0.0423686706160856,2021,0
0,0.0395993873097991,2021,0
0,0.0366261680099308,2021,0
0,0.0395993873097991,2021,0
0,0.0371046402168157,2021,0
0,0.0366261680099308,2021,0
0,0.0388835063493306,2021,0
0,0.0363701256689942,2021,0
0,0.0295008043760439,2021,0
0,0.0293520627570511,2021,0
0,0.038581016808181,2021,0
0,0.038581016808181,2021,0
0,0.038581016808181,2021,0
0,0.038581016808181,2021,0
0,0.038581016808181,2021,0
0,0.038581016808181,2021,0
0,0.038581016808181,2021,0
0,0.038581016808181,2021,0
0,0.038581016808181,2021,0
0,0.038581016808181,2021,0
0,0.038581016808181,2021,0
0,0.038581016808181,2021,0
0,0.038581016808181,2021,0
0,0.038581016808181,2021,0
0,0.038581016808181,2021,0
0,0.038581016808181,2021,0
0,0.038581016808181,2021,0
0,0.0430212022207147,2021,0
0,0.038581016808181,2021,0
0,0.038581016808181,2021,0
0,0.038581016808181,2021,0
0,0.0727149357012204,2021,0
0,0.0727149357012204,2021,0
0,0.0806695077262885,2021,0
0,0.0272421691576457,2021,0
0,0.0275941363866345,2021,0
0,NA,2021,NA
0,0.0506892814504834,2021,0
0,0.136422291467529,2021,0
0,0.136422291467529,2021,0
0,0.12368033987492,2021,0
0,0.136422291467529,2021,0
0,0.136422291467529,2021,0
0,0.136422291467529,2021,0
0,0.157051708863305,2021,0
0,0.134861368881657,2021,0
0,0.136422291467529,2021,0
0,0.136422291467529,2021,0
0,0.157051708863305,2021,0
0,0.138450711005537,2021,0
0,0.136422291467529,2021,0
0,0.135191796377759,2021,0
0,0.127741797057658,2021,0
0,0.136666803395719,2021,0
0,0.136422291467529,2021,0
0,0.136422291467529,2021,0
0,0.171793474108233,2021,0
0,0.136666803395719,2021,0
0,0.136422291467529,2021,0
0,0.136422291467529,2021,0
0,0.125742003713904,2021,0
0,0.117284965217969,2021,0
0,0.136422291467529,2021,0
0,0.136422291467529,2021,0
0,0.136666803395719,2021,0
0,0.136422291467529,2021,0
0,0.117284965217969,2021,0
0,0.136422291467529,2021,0
0,0.0476778803737095,2021,0
0,0.0159399764106511,2021,0
0,0.0191615705260019,2021,0
0,0.0534937046549328,2021,0
0,0.0454803694109932,2021,0
0,0.105019255954151,2021,0
0,0.0448180013424179,2021,0
0,0.131424651240541,2021,0
0,0.0426502961554201,2021,0
0,0.0528237770783223,2021,0
0,0.0487169640030853,2021,0
0,0.0601690762053535,2021,0
0,0.127381807007833,2021,0
0,0.0633473390291218,2021,0
0,0.0416461301188322,2021,0
0,0.03475723066301,2021,0
0,0.035159747946763,2021,0
0,0.03475723066301,2021,0
0,0.0372631640924752,2021,0
0,0.0372631640924752,2021,0
0,0.0371242274485318,2021,0
0,0.0349913630089213,2021,0
0,0.0283742057343098,2021,0
0,0.0281481762449348,2021,0
0,0.0379469263158489,2021,0
0,0.0379469263158489,2021,0
0,0.0379469263158489,2021,0
0,0.0379469263158489,2021,0
0,0.0379469263158489,2021,0
0,0.0379469263158489,2021,0
0,0.0379469263158489,2021,0
0,0.0379469263158489,2021,0
0,0.0379469263158489,2021,0
0,0.0379469263158489,2021,0
0,0.0379469263158489,2021,0
0,0.0379469263158489,2021,0
0,0.0379469263158489,2021,0
0,0.0379469263158489,2021,0
0,0.0379469263158489,2021,0
0,0.0379469263158489,2021,0
0,0.0379469263158489,2021,0
0,0.0379469263158489,2021,0
0,0.0379469263158489,2021,0
0,0.0423924188440173,2021,0
0,0.0379469263158489,2021,0
0,0.0691278515280696,2021,0
0,0.0691278515280696,2021,0
0,0.0265353366873279,2021,0
0,0.0266834699736825,2021,0
0,NA,2021,NA
0,0.0477430699402322,2021,0
0,0.129760922385225,2021,0
0,0.129525227159067,2021,0
0,0.129760922385225,2021,0
0,0.129525227159067,2021,0
0,0.129525227159067,2021,0
0,0.129525227159067,2021,0
0,0.112688337391685,2021,0
0,0.129525227159067,2021,0
0,0.129525227159067,2021,0
0,0.131323553227985,2021,0
0,0.129525227159067,2021,0
0,0.129760922385225,2021,0
0,0.120155622171526,2021,0
0,0.128453725950561,2021,0
0,0.129525227159067,2021,0
0,0.129525227159067,2021,0
0,0.118361387195355,2021,0
0,0.129760922385225,2021,0
0,0.129525227159067,2021,0
0,0.129525227159067,2021,0
0,0.129525227159067,2021,0
0,0.160340947879913,2021,0
0,0.129525227159067,2021,0
0,0.14753299744441,2021,0
0,0.129525227159067,2021,0
0,0.129525227159067,2021,0
0,0.121909382952322,2021,0
0,0.129525227159067,2021,0
0,0.129525227159067,2021,0
0,0.128135561290593,2021,0
0,0.14753299744441,2021,0
0,0.112688337391685,2021,0
0,0.0453502464174044,2021,0
0,0.0175469588700361,2021,0
0,0.0207768202354821,2021,0
0,0.0512565785911629,2021,0
0,0.0419476608728808,2021,0
0,0.126228560682311,2021,0
0,0.0976412238194052,2021,0
0,0.0420901140749192,2021,0
0,0.0500199025741819,2021,0
0,0.128983610585476,2021,0
0,0.0399541044273608,2021,0
0,0.0502098714700038,2021,0
0,0.0464594331983525,2021,0
0,0.0573872119692506,2021,0
0,0.122940466349441,2021,0
0,0.0368522555915672,2021,0
0,0.0609907357071616,2021,0
0,0.0411492833634474,2021,0
0,0.0344279525014327,2021,0
0,0.0366732822285555,2021,0
0,0.0344279525014327,2021,0
0,0.0366732822285555,2021,0
0,0.0348133093203745,2021,0
0,0.0352018444688694,2021,0
0,0.0373606196460485,2021,0
0,0.0279415753154683,2021,0
0,0.0281874026875364,2021,0
0,0.0377367549243341,2021,0
0,0.0377367549243341,2021,0
0,0.0377367549243341,2021,0
0,0.0377367549243341,2021,0
0,0.0417441127515669,2021,0
0,0.0377367549243341,2021,0
0,0.0377367549243341,2021,0
0,0.0377367549243341,2021,0
0,0.0377367549243341,2021,0
0,0.0377367549243341,2021,0
0,0.0377367549243341,2021,0
0,0.0377367549243341,2021,0
0,0.0377367549243341,2021,0
0,0.0377367549243341,2021,0
0,0.0377367549243341,2021,0
0,0.0377367549243341,2021,0
0,0.0377367549243341,2021,0
0,0.0377367549243341,2021,0
0,0.0377367549243341,2021,0
0,0.0377367549243341,2021,0
0,0.0377367549243341,2021,0
0,0.0622425108297758,2021,0
0,0.0622425108297758,2021,0
0,0.0257811039681431,2021,0
0,0.0257999260181713,2021,0
0,0.0341261230519153,2021,0
0,NA,2021,NA
0,0.0464507623452145,2021,0
0,0.120103780590424,2021,0
0,0.127107922919264,2021,0
0,0.127107922919264,2021,0
0,0.127107922919264,2021,0
0,0.127107922919264,2021,0
0,0.127107922919264,2021,0
0,0.127107922919264,2021,0
0,0.126125494036649,2021,0
0,0.127302267587036,2021,0
0,0.127107922919264,2021,0
0,0.111596483139425,2021,0
0,0.127302267587036,2021,0
0,0.127107922919264,2021,0
0,0.116813924744261,2021,0
0,0.127107922919264,2021,0
0,0.128743610504699,2021,0
0,0.111596483139425,2021,0
0,0.12584624570312,2021,0
0,0.127107922919264,2021,0
0,0.127107922919264,2021,0
0,0.127107922919264,2021,0
0,0.155235786794811,2021,0
0,0.127107922919264,2021,0
0,0.127107922919264,2021,0
0,0.127302267587036,2021,0
0,0.127302267587036,2021,0
0,0.127107922919264,2021,0
0,0.127107922919264,2021,0
0,0.143584026558835,2021,0
0,0.127107922919264,2021,0
0,0.143584026558835,2021,0
0,0.11848244175033,2021,0
0,0.0448028239293284,2021,0
0,0.0202438602145811,2021,0
0,0.0170128641816603,2021,0
0,0.0519232117155922,2021,0
0,0.0420723326318257,2021,0
0,0.120317902164143,2021,0
0,0.094841898869158,2021,0
0,0.0495380767221549,2021,0
0,0.04881678857507,2021,0
0,0.0457515612379432,2021,0
0,0.058832502497923,2021,0
0,0.123370857784249,2021,0
0,0.0652322096113878,2021,0
0,0.0436781634544089,2021,0
0,0.0390150291615179,2021,0
0,0.0364718737837401,2021,0
0,0.0369405308479967,2021,0
0,0.0390150291615179,2021,0
0,0.0364718737837401,2021,0
0,0.0405592670224781,2021,0
0,0.0376848736738151,2021,0
0,0.0298418280709437,2021,0
0,0.0297106886393579,2021,0
0,0.0406134858675821,2021,0
0,0.0406134858675821,2021,0
0,0.0406134858675821,2021,0
0,0.0406134858675821,2021,0
0,0.0406134858675821,2021,0
0,0.0448679751857417,2021,0
0,0.0406134858675821,2021,0
0,0.0406134858675821,2021,0
0,0.0406134858675821,2021,0
0,0.0406134858675821,2021,0
0,0.0406134858675821,2021,0
0,0.0406134858675821,2021,0
0,0.0406134858675821,2021,0
0,0.0406134858675821,2021,0
0,0.0406134858675821,2021,0
0,0.0406134858675821,2021,0
0,0.0406134858675821,2021,0
0,0.0406134858675821,2021,0
0,0.0406134858675821,2021,0
0,0.0263191026010033,2021,0
0,0.0258060523884478,2021,0
0,0.0347867479654832,2021,0
0,0.133846833487879,2021,0
0,0.0521376544373542,2021,0
0,0.043686473545159,2021,0
0,0.132190556917203,2021,0
0,0.0704700195724089,2021,0
0,0.0435865677278816,2021,0
0,0.0511481092419201,2021,0
0,0.0479914794195754,2021,0
0,0.085821863348423,2021,0
0,0.061938754561037,2021,0
0,0.0386470755431292,2021,0
0,0.0652044900798978,2021,0
0,0.0424868592603713,2021,0
0,0.0351536154192287,2021,0
0,0.0374296120478325,2021,0
0,0.0351536154192287,2021,0
0,0.0374296120478325,2021,0
0,0.0355662586774465,2021,0
0,0.0387914686352417,2021,0
0,0.0363180299347601,2021,0
0,0.0291818560188564,2021,0
0,0.0290104694564073,2021,0
0,0.0406125820841651,2021,0
0,0.0406125820841651,2021,0
0,0.0406125820841651,2021,0
0,0.0406125820841651,2021,0
0,0.0406125820841651,2021,0
0,0.0406125820841651,2021,0
0,0.0406125820841651,2021,0
0,0.0406125820841651,2021,0
0,0.0406125820841651,2021,0
0,0.0406125820841651,2021,0
0,0.0406125820841651,2021,0
0,0.0452853504628404,2021,0
0,0.0406125820841651,2021,0
0,0.0406125820841651,2021,0
0,0.0406125820841651,2021,0
0,0.0406125820841651,2021,0
0,0.0406125820841651,2021,0
0,0.0406125820841651,2021,0
0,0.0406125820841651,2021,0
0,0.0406125820841651,2021,0
0,0.0406125820841651,2021,0
0,0.0778051395300893,2021,0
0,0.0251788027304923,2021,0
0,0.0256957608622239,2021,0
0,0.0338323138294961,2021,0
0,0.110873032913341,2021,0
0,0.129689241719904,2021,0
0,0.0482361044822604,2021,0
0,0.0431259164615873,2021,0
0,0.110351369599013,2021,0
0,0.0122941697826314,2021,0
0,0.0408342973671516,2021,0
0,0.0632979068456171,2021,0
0,0.0415777788778689,2021,0
0,0.0340567770768495,2021,0
0,0.0340567770768495,2021,0
0,0.0344152089963098,2021,0
0,0.0358545308561796,2021,0
0,0.0358545308561796,2021,0
0,0.035744070356795,2021,0
0,0.0379850539286464,2021,0
0,0.0282793783198036,2021,0
0,0.0285086254875138,2021,0
0,0.0388706930494194,2021,0
0,0.0388706930494194,2021,0
0,0.0388706930494194,2021,0
0,0.0426862729323287,2021,0
0,0.0388706930494194,2021,0
0,0.0388706930494194,2021,0
0,0.0388706930494194,2021,0
0,0.0388706930494194,2021,0
0,0.0388706930494194,2021,0
0,0.0388706930494194,2021,0
0,0.0388706930494194,2021,0
0,0.0388706930494194,2021,0
0,0.0388706930494194,2021,0
0,0.0388706930494194,2021,0
0,0.0388706930494194,2021,0
0,0.0388706930494194,2021,0
0,0.0388706930494194,2021,0
0,0.0388706930494194,2021,0
0,0.0388706930494194,2021,0
0,0.075838138170725,2021,0
0,0.0241054415922389,2021,0
0,0.0241054415922389,2021,0
0,0.02480094201485,2021,0
0,0.0326378879417712,2021,0
0,0.109868621573322,2021,0
0,0.129221121802842,2021,0
0,0.11539755075674,2021,0
0,0.128197784061834,2021,0
0,0.129221121802842,2021,0
0,0.0408563787946275,2021,0
0,0.048163934958107,2021,0
0,0.0408980636432536,2021,0
0,0.0368193221204459,2021,0
0,0.0582057837804519,2021,0
0,0.0531884968384329,2021,0
0,0.0409796629690422,2021,0
0,0.0344395705759323,2021,0
0,0.036380840084901,2021,0
0,0.036380840084901,2021,0
0,0.0344395705759323,2021,0
0,0.0348180776023897,2021,0
0,0.0357967722868831,2021,0
0,0.0380739958987523,2021,0
0,0.0284700972687678,2021,0
0,0.0286909000741925,2021,0
0,0.0376478938868246,2021,0
0,0.0376478938868246,2021,0
0,0.0376478938868246,2021,0
0,0.0376478938868246,2021,0
0,0.0376478938868246,2021,0
0,0.0376478938868246,2021,0
0,0.0376478938868246,2021,0
0,0.0376478938868246,2021,0
0,0.0376478938868246,2021,0
0,0.0376478938868246,2021,0
0,0.0376478938868246,2021,0
0,0.0376478938868246,2021,0
0,0.0376478938868246,2021,0
0,0.0376478938868246,2021,0
0,0.0376478938868246,2021,0
0,0.0376478938868246,2021,0
0,0.0376478938868246,2021,0
0,0.0410530361613751,2021,0
0,0.0376478938868246,2021,0
0,0.023838958451982,2021,0
0,0.023838958451982,2021,0
0,0.0244544537083987,2021,0
0,0.032455574438895,2021,0
0,0.0478090507098954,2021,0
0,0.102824231031756,2021,0
0,0.0387850705370277,2021,0
0,0.10004696470083,2021,0
0,0.1155059271533,2021,0
0,0.0341926087784784,2021,0
0,0.0355166216543317,2021,0
0,0.114813771862031,2021,0
0,0.0347581781863282,2021,0
0,0.0521860081757928,2021,0
0,0.0489690421439553,2021,0
0,0.0337173824786249,2021,0
0,0.0337173824786249,2021,0
0,0.0321513477891149,2021,0
0,0.0318545887248678,2021,0
0,0.0318545887248678,2021,0
0,0.0326907575101655,2021,0
0,0.0342307090333876,2021,0
0,0.0272824700734761,2021,0
0,0.0265005287531437,2021,0
0,0.026146283145073,2021,0
0,0.0327563218978444,2021,0
0,0.0327563218978444,2021,0
0,0.0327563218978444,2021,0
0,0.0327563218978444,2021,0
0,0.0327563218978444,2021,0
0,0.0327563218978444,2021,0
0,0.0327563218978444,2021,0
0,0.0327563218978444,2021,0
0,0.0327563218978444,2021,0
0,0.0327563218978444,2021,0
0,0.0327563218978444,2021,0
0,0.0327563218978444,2021,0
0,0.0327563218978444,2021,0
0,0.0327563218978444,2021,0
0,0.0327563218978444,2021,0
0,0.0327563218978444,2021,0
0,0.0327563218978444,2021,0
0,0.0358073916493911,2021,0
0,0.0327563218978444,2021,0
0,0.0327563218978444,2021,0
0,0.0507924912590572,2021,0
0,0.0220424657954521,2021,0
0,0.0210842328346577,2021,0
0,0.0210842328346577,2021,0
0,0.0294216190628295,2021,0
0,0.0424909975492944,2021,0
0,0.0939691904103422,2021,0
0,0.0350442586517678,2021,0
0,0.0875055189013363,2021,0
0,0.0381601411494229,2021,0
0,0.105707730608776,2021,0
0,0.0306560904023848,2021,0
0,0.0309368976306204,2021,0
0,0.10381475801578,2021,0
0,0.0319011138006892,2021,0
0,0.0639009072156995,2021,0
0,0.0484515975503227,2021,0
0,0.0300667912841167,2021,0
0,0.0287520317956915,2021,0
0,0.0289524591046384,2021,0
0,0.0300667912841167,2021,0
0,0.0287520317956915,2021,0
0,0.0300754666496124,2021,0
0,0.0310926315415691,2021,0
0,0.0231725571349344,2021,0
0,0.0238223672588727,2021,0
0,0.0242927930570952,2021,0
0,0.0293061012705798,2021,0
0,0.0293061012705798,2021,0
0,0.0293061012705798,2021,0
0,0.0293061012705798,2021,0
0,0.0293061012705798,2021,0
0,0.0293061012705798,2021,0
0,0.0293061012705798,2021,0
0,0.0293061012705798,2021,0
0,0.0293061012705798,2021,0
0,0.0293061012705798,2021,0
0,0.0319188670565193,2021,0
0,0.0293061012705798,2021,0
0,0.0293061012705798,2021,0
0,0.0293061012705798,2021,0
0,0.0293061012705798,2021,0
0,0.0293061012705798,2021,0
0,0.0293061012705798,2021,0
0,0.0293061012705798,2021,0
0,0.0293061012705798,2021,0
0,0.0293061012705798,2021,0
0,0.0438068059688971,2021,0
0,0.0170962392063413,2021,0
0,0.0170962392063413,2021,0
0,0.0170962392063413,2021,0
0,0.0188279058909632,2021,0
0,0.0248304860807267,2021,0
0,0.0396453486600717,2021,0
0,0.0856844420674056,2021,0
0,0.0315197366439643,2021,0
0,0.0527624479661701,2021,0
0,0.095090024150174,2021,0
0,0.0272327745674687,2021,0
0,0.0241607589218662,2021,0
0,0.0226050132874164,2021,0
0,0.0258676021346293,2021,0
0,0.0930063624488964,2021,0
0,0.0543907448899527,2021,0
0,0.0416746672838989,2021,0
0,0.0240698522211603,2021,0
0,0.0243459871938323,2021,0
0,0.0243459871938323,2021,0
0,0.0240181239182755,2021,0
0,0.0240181239182755,2021,0
0,0.0263431200036386,2021,0
0,0.0265867035582722,2021,0
0,0.0168855868650953,2021,0
0,0.0208225521154836,2021,0
0,0.0214226834505695,2021,0
0,0.0252717841100197,2021,0
0,0.0252717841100197,2021,0
0,0.0252717841100197,2021,0
0,0.0252717841100197,2021,0
0,0.0252717841100197,2021,0
0,0.0252717841100197,2021,0
0,0.0252717841100197,2021,0
0,0.0252717841100197,2021,0
0,0.0252717841100197,2021,0
0,0.0252717841100197,2021,0
0,0.0252717841100197,2021,0
0,0.0252717841100197,2021,0
0,0.0252717841100197,2021,0
0,0.0252717841100197,2021,0
0,0.0252717841100197,2021,0
0,0.0252717841100197,2021,0
0,0.0252717841100197,2021,0
0,0.0252717841100197,2021,0
0,0.0271867748732874,2021,0
0,0.012493999260651,2021,0
0,0.0150298454338747,2021,0
0,0.012493999260651,2021,0
0,0.012493999260651,2021,0
0,0.0198512593495377,2021,0
0,0.0331196363473497,2021,0
0,0.0767328066245462,2021,0
0,0.0286309879946636,2021,0
1,0.0477359878488303,2021,0
1,0.0366417610305292,2021,0
1,0.03663140604527,2021,0
1,0.0414957018209679,2021,0
1,0.0271310038809942,2021,0
1,0.032703775358069,2021,0
1,0.0257467858692093,2021,0
1,0.0364905177857257,2021,0
1,0.0394074834485731,2021,0
1,0.0327565725734835,2021,0
1,0.0295493555333682,2021,0
1,0.0321758199362568,2021,0
1,0.0272611163883504,2021,0
1,0.0408687414481217,2021,0
1,0.0252717841100197,2021,0
1,0.0392815804070346,2021,0
1,0.0321758199362568,2021,0
1,0.0298031594064421,2021,0
1,0.0321795949302016,2021,0
1,0.0354796653413507,2021,0
1,0.0321758199362568,2021,0
1,0.0329922557535777,2021,0
1,0.0321758199362568,2021,0
1,0.0295493555333682,2021,0
1,0.0329922557535777,2021,0
1,0.0236126436829793,2021,0
1,0.0272611163883504,2021,0
1,0.0392815804070346,2021,0
1,0.0351488139718041,2021,0
1,0.111125887813379,2021,0
1,0.116899005317512,2021,0
1,0.10269875619019,2021,0
1,0.0360542942125881,2021,0
1,0.114617820329379,2021,0
1,0.122142948529327,2021,0
1,0.151106376136085,2021,0
1,0.130777304346988,2021,0
1,0.117547883842425,2021,0
1,0.123603559995431,2021,0
1,0.0890182232020019,2021,0
1,0.138889114271152,2021,0
1,0.095306395490988,2021,0
1,0.138889114271152,2021,0
1,0.0253334409843416,2021,0
1,0.0223311191650421,2021,0
1,0.121812346723668,2021,0
1,0.11298713195159,2021,0
1,0.121812346723668,2021,0
1,0.122142948529327,2021,0
1,0.121812346723668,2021,0
1,0.130777304346988,2021,0
1,0.121812346723668,2021,0
1,0.121812346723668,2021,0
1,0.121812346723668,2021,0
1,0.126602245013567,2021,0
1,0.0430141299696084,2021,0
1,0.0400369334614982,2021,0
1,0.134605796304485,2021,0
1,NA,2021,NA
1,0.0625926802835115,2021,0
1,0.0625926802835115,2021,0
1,0.0425783096733222,2021,0
1,0.041226597460823,2021,0
1,0.0599987190499626,2021,0
1,0.0688411486935211,2021,0
1,0.0408115046937381,2021,0
1,0.0465919729417716,2021,0
1,0.105040634805035,2021,0
1,0.0374411149815869,2021,0
1,0.0324113224525966,2021,0
1,0.132678303034886,2021,0
0,0.0231305298564003,2022,0
0,0.0175219063762673,2022,0
0,0.0183246512467228,2022,0
0,0.0221920035504728,2022,0
0,0.0211728324180193,2022,0
0,0.0273345654289385,2022,0
0,0.016796425975346,2022,0
0,0.016762984434612,2022,0
0,0.017214107228714,2022,0
0,0.016762984434612,2022,0
0,0.017214107228714,2022,0
0,0.0199640962787349,2022,0
0,0.0199288051780868,2022,0
0,0.0156829097891503,2022,0
0,0.018111423649319,2022,0
0,0.0177086021403604,2022,0
0,0.0199023559013013,2022,0
0,0.0199023559013013,2022,0
0,0.0199023559013013,2022,0
0,0.0199023559013013,2022,0
0,0.0199023559013013,2022,0
0,0.0199023559013013,2022,0
0,0.0199023559013013,2022,0
0,0.0199023559013013,2022,0
0,0.0199023559013013,2022,0
0,0.0199023559013013,2022,0
0,0.0199023559013013,2022,0
0,0.0199023559013013,2022,0
0,0.0199023559013013,2022,0
0,0.0199023559013013,2022,0
0,0.0199023559013013,2022,0
0,0.0199023559013013,2022,0
0,0.0229513118491629,2022,0
0,0.0199023559013013,2022,0
0,0.0199023559013013,2022,0
0,0.0602658951049479,2022,0
0,0.0136195409772788,2022,0
0,0.0136195409772788,2022,0
0,0.0150019949847333,2022,0
0,0.0136195409772788,2022,0
0,0.0182972405582543,2022,0
0,0.0314508152704963,2022,0
0,0.0249654698477593,2022,0
0,0.0234425765534277,2022,0
0,0.0208334823537496,2022,0
0,0.0204627267915855,2022,0
0,0.0239639737350981,2022,0
0,0.0208143258476495,2022,0
0,0.0290162752490366,2022,0
0,0.0181285334692904,2022,0
0,0.0180208503482059,2022,0
0,0.0180208503482059,2022,0
0,0.0187602369215119,2022,0
0,0.0187602369215119,2022,0
0,0.0212702577170795,2022,0
0,0.0207575191450241,2022,0
0,0.0165792582617248,2022,0
0,0.0178682007983455,2022,0
0,0.0183057373678793,2022,0
0,0.0187286148828174,2022,0
0,0.0207220558904323,2022,0
0,0.0207220558904323,2022,0
0,0.0207220558904323,2022,0
0,0.0207220558904323,2022,0
0,0.0207220558904323,2022,0
0,0.0207220558904323,2022,0
0,0.0207220558904323,2022,0
0,0.0207220558904323,2022,0
0,0.0207220558904323,2022,0
0,0.0207220558904323,2022,0
0,0.0207220558904323,2022,0
0,0.0207220558904323,2022,0
0,0.0207220558904323,2022,0
0,0.0207220558904323,2022,0
0,0.0207220558904323,2022,0
0,0.0618030494118908,2022,0
0,0.0155167037785789,2022,0
0,0.0165333487715072,2022,0
0,0.0155167037785789,2022,0
0,0.0155167037785789,2022,0
0,0.0192436957262,2022,0
0,0.0330405255738594,2022,0
0,0.0706139072812752,2022,0
0,0.0716255751241798,2022,0
0,0.0321237730331479,2022,0
0,0.0321237730331479,2022,0
0,0.0619677832832261,2022,0
0,0.0237219308823078,2022,0
0,0.02259868355246,2022,0
0,0.022667469381194,2022,0
0,0.026682331734528,2022,0
0,0.0247787821357617,2022,0
0,0.0221858694474821,2022,0
0,0.0287443237712536,2022,0
0,0.0184459238989769,2022,0
0,0.019244266769511,2022,0
0,0.019244266769511,2022,0
0,0.0184459238989769,2022,0
0,0.018555786808903,2022,0
0,0.0217125119881739,2022,0
0,0.0211948073221278,2022,0
0,0.0174599134354329,2022,0
0,0.0189352780246988,2022,0
0,0.0184808051770205,2022,0
0,0.0194254394624782,2022,0
0,0.0216684726883823,2022,0
0,0.0216684726883823,2022,0
0,0.0216684726883823,2022,0
0,0.0216684726883823,2022,0
0,0.0216684726883823,2022,0
0,0.0216684726883823,2022,0
0,0.0216684726883823,2022,0
0,0.0216684726883823,2022,0
0,0.0216684726883823,2022,0
0,0.0216684726883823,2022,0
0,0.0216684726883823,2022,0
0,0.0216684726883823,2022,0
0,0.0216684726883823,2022,0
0,0.0216684726883823,2022,0
0,0.0216684726883823,2022,0
0,0.0607619651066459,2022,0
0,0.0149763571243908,2022,0
0,0.0149763571243908,2022,0
0,0.0149763571243908,2022,0
0,0.0161058247462614,2022,0
0,0.0196051472066493,2022,0
0,0.0327980771943946,2022,0
0,0.0678690288909771,2022,0
0,0.0690409637759943,2022,0
0,0.053556533351273,2022,0
0,0.0620942434967221,2022,0
0,0.0223995823898749,2022,0
0,0.0281988807475645,2022,0
0,0.026458509934821,2022,0
0,0.02136935559082,2022,0
0,0.0490299371354707,2022,0
0,0.0220841900339007,2022,0
0,0.0220287092820088,2022,0
0,0.0526626993478651,2022,0
0,0.0280642243721557,2022,0
0,0.0180604445336858,2022,0
0,0.0187621581715175,2022,0
0,0.0180604445336858,2022,0
0,0.0181496762843938,2022,0
0,0.0187621581715175,2022,0
0,0.0210675292132011,2022,0
0,0.0214798678062724,2022,0
0,0.0172095134691038,2022,0
0,0.0188981010512625,2022,0
0,0.0193664904597826,2022,0
0,0.0198804322348431,2022,0
0,0.0225632400111072,2022,0
0,0.0225632400111072,2022,0
0,0.0225632400111072,2022,0
0,0.0225632400111072,2022,0
0,0.0225632400111072,2022,0
0,0.0225632400111072,2022,0
0,0.0225632400111072,2022,0
0,0.0225632400111072,2022,0
0,0.0225632400111072,2022,0
0,0.0225632400111072,2022,0
0,0.0225632400111072,2022,0
0,0.0225632400111072,2022,0
0,0.0225632400111072,2022,0
0,0.0225632400111072,2022,0
0,0.0225632400111072,2022,0
0,0.0590436268652141,2022,0
0,0.0145394465964048,2022,0
0,0.0145394465964048,2022,0
0,0.0157573451586079,2022,0
0,0.0145394465964048,2022,0
0,0.019528236573566,2022,0
0,0.0310867633595749,2022,0
0,0.0266416690795055,2022,0
0,0.0325102820615604,2022,0
0,0.0570630686125042,2022,0
0,0.0222867781581808,2022,0
0,0.0221077989872179,2022,0
0,0.0283540881613372,2022,0
0,0.047487424642786,2022,0
0,0.0213274532075369,2022,0
0,0.0212858205565831,2022,0
0,0.0277187085051201,2022,0
0,0.0178646803598398,2022,0
0,0.0172852464698299,2022,0
0,0.0172852464698299,2022,0
0,0.0178646803598398,2022,0
0,0.0173707460355952,2022,0
0,0.0209559858927107,2022,0
0,0.0205112842745627,2022,0
0,0.0157473683764549,2022,0
0,0.0191826816515859,2022,0
0,0.018248045400576,2022,0
0,0.0187321910570237,2022,0
0,0.0232028581042823,2022,0
0,0.0232028581042823,2022,0
0,0.0232028581042823,2022,0
0,0.0232028581042823,2022,0
0,0.0232028581042823,2022,0
0,0.0232028581042823,2022,0
0,0.0232028581042823,2022,0
0,0.0232028581042823,2022,0
0,0.0232028581042823,2022,0
0,0.0232028581042823,2022,0
0,0.0232028581042823,2022,0
0,0.0232028581042823,2022,0
0,0.0232028581042823,2022,0
0,0.0594444046284412,2022,0
0,0.0145715425858813,2022,0
0,0.0145715425858813,2022,0
0,0.0145715425858813,2022,0
0,0.0157247561027657,2022,0
0,0.0189544630693576,2022,0
0,0.0309185056764639,2022,0
0,0.0275087457154028,2022,0
0,0.0334368520847657,2022,0
0,0.0224946349768659,2022,0
0,0.0227778791177684,2022,0
0,0.024763267622183,2022,0
0,0.0245286410319556,2022,0
0,0.0292771584052457,2022,0
0,0.021976910152308,2022,0
0,0.0213511555552647,2022,0
0,0.0275497751243509,2022,0
0,0.0164570203908051,2022,0
0,0.0185473664510228,2022,0
0,0.0190408943586281,2022,0
0,0.0195089195956612,2022,0
0,0.0230561581450462,2022,0
0,0.0230561581450462,2022,0
0,0.0230561581450462,2022,0
0,0.0230561581450462,2022,0
0,0.0230561581450462,2022,0
0,0.0230561581450462,2022,0
0,0.0230561581450462,2022,0
0,0.0230561581450462,2022,0
0,0.0230561581450462,2022,0
0,0.0230561581450462,2022,0
0,0.0230561581450462,2022,0
0,0.0230561581450462,2022,0
0,0.0230561581450462,2022,0
0,0.0602377270751774,2022,0
0,0.0146523011771149,2022,0
0,0.0158302004043334,2022,0
0,0.0146523011771149,2022,0
0,0.0146523011771149,2022,0
0,0.0193502206115654,2022,0
0,0.0316577953655554,2022,0
0,0.027839191456809,2022,0
0,0.0447640517105785,2022,0
0,0.0306231458137084,2022,0
0,0.0339981770508706,2022,0
0,0.0230374372592647,2022,0
0,0.024762652117322,2022,0
0,0.0251431517405134,2022,0
0,0.0248547508760947,2022,0
0,0.0289124315215555,2022,0
0,0.0270493625756804,2022,0
0,0.0221693894016238,2022,0
0,0.0535254657041528,2022,0
0,0.0281152264124966,2022,0
0,0.0178239148501147,2022,0
0,0.0177245915373582,2022,0
0,0.0183903670731776,2022,0
0,0.0177245915373582,2022,0
0,0.0183903670731776,2022,0
0,0.0209576488982073,2022,0
0,0.0179405855593595,2022,0
0,0.0199198207179691,2022,0
0,0.0189034707500854,2022,0
0,0.0193700659872451,2022,0
0,0.021854723859514,2022,0
0,0.021854723859514,2022,0
0,0.021854723859514,2022,0
0,0.021854723859514,2022,0
0,0.021854723859514,2022,0
0,0.021854723859514,2022,0
0,0.021854723859514,2022,0
0,0.021854723859514,2022,0
0,0.021854723859514,2022,0
0,0.021854723859514,2022,0
0,0.021854723859514,2022,0
0,0.021854723859514,2022,0
0,0.021854723859514,2022,0
0,0.0636400160349778,2022,0
0,0.0151186857029326,2022,0
0,0.0151186857029326,2022,0
0,0.0162784234843306,2022,0
0,0.0151186857029326,2022,0
0,0.0198124103093699,2022,0
0,0.0212913852392318,2022,0
0,0.0336054572132653,2022,0
0,0.0492675943442799,2022,0
0,0.0315739256955395,2022,0
0,0.0239768532197747,2022,0
0,0.0265683662106881,2022,0
0,0.0255391245103276,2022,0
0,0.0251679525641834,2022,0
0,0.0286803828267256,2022,0
0,0.0268338029983725,2022,0
0,0.0485372837320456,2022,0
0,0.0225760643216867,2022,0
0,0.0575298461465714,2022,0
0,0.0292740710631775,2022,0
0,0.0199435384192149,2022,0
0,0.0190179995423134,2022,0
0,0.0199435384192149,2022,0
0,0.0191476791166635,2022,0
0,0.0190179995423134,2022,0
0,0.021912948448686,2022,0
0,0.0224777414427525,2022,0
0,0.01943635654592,2022,0
0,0.0202484271998955,2022,0
0,0.0209219908131838,2022,0
0,0.0198773503514398,2022,0
0,0.0230166468993541,2022,0
0,0.0230166468993541,2022,0
0,0.0230166468993541,2022,0
0,0.0230166468993541,2022,0
0,0.0230166468993541,2022,0
0,0.0230166468993541,2022,0
0,0.0230166468993541,2022,0
0,0.0230166468993541,2022,0
0,0.0230166468993541,2022,0
0,0.069687079797534,2022,0
0,0.017290507005778,2022,0
0,0.0163321580868797,2022,0
0,0.0163321580868797,2022,0
0,0.0163321580868797,2022,0
0,0.0208637162204977,2022,0
0,0.0374091222754215,2022,0
0,0.0585560742762581,2022,0
0,0.0245715613299428,2022,0
0,0.0266897431895746,2022,0
0,0.0262650521781402,2022,0
0,0.0304803593419775,2022,0
0,0.0600136928705217,2022,0
0,0.0305269869199003,2022,0
0,0.0204231192364237,2022,0
0,0.0214053446949017,2022,0
0,0.0214053446949017,2022,0
0,0.0203303605595617,2022,0
0,0.0203303605595617,2022,0
0,0.0230980247851732,2022,0
0,0.020929840941095,2022,0
0,0.0215868479736323,2022,0
0,0.0219173015179153,2022,0
0,0.0226904089345148,2022,0
0,0.0250750608026527,2022,0
0,0.0250750608026527,2022,0
0,0.0250750608026527,2022,0
0,0.0250750608026527,2022,0
0,0.0250750608026527,2022,0
0,0.0250750608026527,2022,0
0,0.0250750608026527,2022,0
0,0.0720539484261642,2022,0
0,0.0184632877193924,2022,0
0,0.0175170665957164,2022,0
0,0.0383102926980735,2022,0
0,0.0249864327326097,2022,0
0,0.0536464445030168,2022,0
0,0.0366842676599921,2022,0
0,0.0250981703766101,2022,0
0,0.0253703588307754,2022,0
0,0.0252893041551306,2022,0
0,0.0303470389067897,2022,0
0,0.0168057402729014,2022,0
0,0.0168057402729014,2022,0
0,0.0230612034605519,2022,0
0,0.0570699577424577,2022,0
0,0.029933489119421,2022,0
0,0.0200283480997636,2022,0
0,0.0192661918551279,2022,0
0,0.0192140531084268,2022,0
0,0.0200283480997636,2022,0
0,0.0192140531084268,2022,0
0,0.0191967272289752,2022,0
0,0.0210238615802319,2022,0
0,0.0216274422335053,2022,0
0,0.0206035042022439,2022,0
0,0.0239111622276791,2022,0
0,0.0239111622276791,2022,0
0,0.0239111622276791,2022,0
0,0.0239111622276791,2022,0
0,0.0239111622276791,2022,0
0,0.0239111622276791,2022,0
0,0.0239111622276791,2022,0
0,0.0239111622276791,2022,0
0,0.0239111622276791,2022,0
0,0.0675900993517493,2022,0
0,0.0168152354728862,2022,0
0,0.0179712445168555,2022,0
0,0.0365274489466789,2022,0
0,0.037224555165137,2022,0
0,0.0270534543602556,2022,0
0,0.026385345175401,2022,0
0,0.0282533796946437,2022,0
0,0.0288525042706879,2022,0
0,0.0341830585642469,2022,0
0,0.0232282147709323,2022,0
0,0.0211198474947551,2022,0
0,0.0211198474947551,2022,0
0,0.0272100659307417,2022,0
0,0.0335006522883453,2022,0
0,0.0222305579208774,2022,0
0,0.0222305579208774,2022,0
0,0.0210424430759797,2022,0
0,0.0210424430759797,2022,0
0,0.0211416466067008,2022,0
0,0.0238049721122412,2022,0
0,0.0226612024765555,2022,0
0,0.0230553552166039,2022,0
0,0.0226353374370684,2022,0
0,0.0239770053066896,2022,0
0,0.0278675679422594,2022,0
0,0.0278675679422594,2022,0
0,0.0278675679422594,2022,0
0,0.0278675679422594,2022,0
0,0.0278675679422594,2022,0
0,0.0278675679422594,2022,0
0,0.0278675679422594,2022,0
0,0.0278675679422594,2022,0
0,0.0278675679422594,2022,0
0,0.0278675679422594,2022,0
0,0.0343855495631551,2022,0
0,0.0216836381530568,2022,0
0,0.0213820993863369,2022,0
0,0.0666887943802974,2022,0
0,0.0408169363255147,2022,0
0,0.0373912846368057,2022,0
0,0.0310903251993173,2022,0
0,0.0322910290557404,2022,0
0,0.0376487434446456,2022,0
0,0.0350715034443604,2022,0
0,0.0382320482976596,2022,0
0,0.0236665031430658,2022,0
0,0.0236665031430658,2022,0
0,0.0292284140501727,2022,0
0,0.0357919093657066,2022,0
0,0.024986967755877,2022,0
0,0.024986967755877,2022,0
0,0.0232455876899846,2022,0
0,0.0232455876899846,2022,0
0,0.0234379443131781,2022,0
0,0.0259029492857834,2022,0
0,0.0258369094767235,2022,0
0,0.0258052602098575,2022,0
0,0.0241871807185789,2022,0
0,0.0305306469343716,2022,0
0,0.0305306469343716,2022,0
0,0.0305306469343716,2022,0
0,0.0305306469343716,2022,0
0,0.0305306469343716,2022,0
0,0.0305306469343716,2022,0
0,0.0305306469343716,2022,0
0,0.0305306469343716,2022,0
0,0.0305306469343716,2022,0
0,0.0305306469343716,2022,0
0,0.0305306469343716,2022,0
0,0.0392345437029769,2022,0
0,0.0237471828088905,2022,0
0,0.0243760275186219,2022,0
0,0.0695647805686431,2022,0
0,0.0439390825778306,2022,0
0,0.0386446881191479,2022,0
0,0.0339034532294082,2022,0
0,0.0398234293736472,2022,0
0,0.0366589113715253,2022,0
0,0.0380479195110555,2022,0
0,0.0252546016419842,2022,0
0,0.0252546016419842,2022,0
0,0.030400393502373,2022,0
0,0.0381723042772995,2022,0
0,0.0232141436071409,2022,0
0,0.0248856152414296,2022,0
0,0.0298437061212202,2022,0
0,0.0298437061212202,2022,0
0,0.0298437061212202,2022,0
0,0.0298437061212202,2022,0
0,0.0298437061212202,2022,0
0,0.0298437061212202,2022,0
0,0.0298437061212202,2022,0
0,0.0298437061212202,2022,0
0,0.0298437061212202,2022,0
0,0.0298437061212202,2022,0
0,0.0298437061212202,2022,0
0,0.0298437061212202,2022,0
0,0.0244289204368319,2022,0
0,0.0253180879568676,2022,0
0,0.0434683676484323,2022,0
0,0.0382220366518322,2022,0
0,0.0533764499093248,2022,0
0,0.0349543720207072,2022,0
0,0.0365543841317256,2022,0
0,0.0395482125691005,2022,0
0,0.0379723798321129,2022,0
0,0.0380700474037686,2022,0
0,0.0248998910549981,2022,0
0,0.0248998910549981,2022,0
0,0.0307919687776748,2022,0
0,0.0390441767968604,2022,0
0,0.0230943336614551,2022,0
0,0.0250794405551264,2022,0
0,0.0296989218234856,2022,0
0,0.0296989218234856,2022,0
0,0.0296989218234856,2022,0
0,0.0296989218234856,2022,0
0,0.0296989218234856,2022,0
0,0.0296989218234856,2022,0
0,0.0296989218234856,2022,0
0,0.0296989218234856,2022,0
0,0.0296989218234856,2022,0
0,0.0296989218234856,2022,0
0,0.0296989218234856,2022,0
0,0.0296989218234856,2022,0
0,0.0236995862362602,2022,0
0,0.0416853436949112,2022,0
0,0.0708313983723479,2022,0
0,0.0350265986062386,2022,0
0,0.0353442203169674,2022,0
0,0.0353871343626511,2022,0
0,0.0381536770376479,2022,0
0,0.0372862340723287,2022,0
0,0.037675576818719,2022,0
0,0.0240645059520721,2022,0
0,0.0240645059520721,2022,0
0,0.0240645059520721,2022,0
0,0.0296630882374805,2022,0
0,0.0393100977846491,2022,0
0,0.0251953663553404,2022,0
0,0.0271791651212544,2022,0
0,0.0271791651212544,2022,0
0,0.0249634981011694,2022,0
0,0.0249634981011694,2022,0
0,0.0265712117068752,2022,0
0,0.0316357675843077,2022,0
0,0.0316357675843077,2022,0
0,0.0316357675843077,2022,0
0,0.0316357675843077,2022,0
0,0.0316357675843077,2022,0
0,0.0316357675843077,2022,0
0,0.0316357675843077,2022,0
0,0.0316357675843077,2022,0
0,0.0316357675843077,2022,0
0,0.0316357675843077,2022,0
0,0.0830960410313408,2022,0
0,0.0236660715412695,2022,0
0,0.0477568121458977,2022,0
0,0.075291826130695,2022,0
0,0.0395134851737181,2022,0
0,0.0374723290084539,2022,0
0,0.0401137787323019,2022,0
0,0.0431466558039318,2022,0
0,0.0418310503873716,2022,0
0,0.0283143279790041,2022,0
0,0.0283143279790041,2022,0
0,0.0328966434479985,2022,0
0,0.0310085735226897,2022,0
0,0.0280800562439373,2022,0
0,0.0280800562439373,2022,0
0,0.0310085735226897,2022,0
0,0.0283347241808503,2022,0
0,0.0289230993038395,2022,0
0,0.0346500769541354,2022,0
0,0.0346500769541354,2022,0
0,0.0346500769541354,2022,0
0,0.0346500769541354,2022,0
0,0.0346500769541354,2022,0
0,0.0346500769541354,2022,0
0,0.0346500769541354,2022,0
0,0.0346500769541354,2022,0
0,0.0346500769541354,2022,0
0,0.0277190248315297,2022,0
0,0.0497122333449407,2022,0
0,0.0582926445323526,2022,0
1,0.0849404352964286,2022,0
1,0.0210735984419107,2022,0
1,0.024968010503498,2022,0
1,0.0232141436071409,2022,0
1,0.024968010503498,2022,0
1,0.0234127443163342,2022,0
1,0.044001008024519,2022,0
1,0.0250750608026527,2022,0
1,0.0316357675843077,2022,0
1,0.0316357675843077,2022,0
1,0.0230166468993541,2022,0
1,0.0230166468993541,2022,0
1,0.0230166468993541,2022,0
1,0.0278675679422594,2022,0
1,0.0434375088852447,2022,0
1,0.0234353086579115,2022,0
